cip2020_title,score,band,employment_weighted_openings,employment_weighted_growth_pct,completions_latest_year,pct_completions_latest_year,pct_employment_weighted_openings,pct_completions_trend_pct,pct_employment_weighted_growth_pct,pct_bls_top30_flag,in_bls_top30_flag,is_finalist,proposed_name
Management Science,95.1,Go,246.89,5.32,23761.0,99.8,99.7,96.9,71.3,100.0,t,f,
"Data Science, General",93.9,Go,91.29,17.32,4322.0,96.4,85.7,97.9,97.2,100.0,t,t,MSc. in Data Science
Family Practice Nurse/Nursing,93.4,Go,171.31,8.15,12710.0,99.1,97.3,83.9,79.4,100.0,t,f,
Psychiatric/Mental Health Nurse/Nursing,92.7,Go,171.31,8.15,1779.0,91.9,97.3,93.4,79.4,100.0,t,f,
Nursing Administration,92.5,Go,159.20,10.11,6133.0,97.6,96.8,77.5,83.8,100.0,t,f,
Informatics,92.3,Go,98.36,14.66,1358.0,90.5,89.2,97.5,91.8,100.0,t,t,MSc. in Applied Informatics
Econometrics and Quantitative Economics,92.0,Go,91.51,8.90,4198.0,96.3,85.9,99.6,82.6,100.0,t,t,MSc. in Quantitative Economics
Business Analytics,91.6,Go,85.45,10.61,6456.0,97.6,83.3,97.7,84.2,100.0,t,t,MSc. in Business Analytics
Information Technology,91.4,Go,86.76,14.38,10351.0,98.5,83.8,87.4,90.9,100.0,t,f,
Information Science/Studies,90.3,Go,87.19,14.39,10368.0,98.6,84.2,78.4,91.0,100.0,t,t,MSc. in Information Science
Adult Health Nurse/Nursing,89.7,Go,171.31,8.15,1814.0,92.0,97.3,73.6,79.4,100.0,t,f,
Computer Software Engineering,89.1,Go,95.37,14.04,2852.0,94.3,86.3,76.3,89.6,100.0,t,f,
Health/Health Care Administration/Management,88.9,Go,62.10,23.20,12880.0,99.1,77.4,73.7,99.5,100.0,t,f,
Research Methodology and Quantitative Methods,88.6,Go,101.30,4.41,1549.0,91.0,90.9,99.9,60.4,100.0,t,f,
"Computer Engineering, General",88.6,Go,95.37,14.04,3575.0,95.3,86.3,71.0,89.6,100.0,t,f,
Digital Communication and Media/Multimedia,88.6,Go,95.82,4.66,2968.0,94.5,87.0,94.7,66.3,100.0,t,f,
Information Technology Project Management,88.5,Go,85.73,7.22,1607.0,91.5,83.4,95.5,78.2,100.0,t,f,
Data Modeling/Warehousing and Database Administration,88.3,Go,42.43,17.84,2822.0,94.2,68.7,98.9,97.6,100.0,t,f,
Geriatric Nurse/Nursing,87.8,Go,171.31,8.15,446.0,79.6,97.3,85.5,79.4,100.0,t,f,
Financial Analytics,87.4,Go,77.64,10.56,965.0,87.8,80.8,95.1,84.0,100.0,t,f,
"Data Analytics, General",87.3,Go,75.58,11.98,931.0,87.1,80.3,94.8,86.0,100.0,t,f,
Anesthesiologist Assistant,87.3,Go,112.30,12.50,360.0,76.7,94.8,85.2,87.1,100.0,t,f,
Critical Care Nursing,87.1,Go,171.31,8.15,431.0,79.2,97.3,81.3,79.4,100.0,t,f,
Industrial and Physical Pharmacy and Cosmetic Sciences,87.1,Go,82.77,6.15,954.0,87.5,82.7,99.2,74.4,100.0,t,f,
Computer and Information Systems Security/Auditing/Information Assurance,86.9,Go,37.88,11.81,8513.0,98.2,67.8,95.3,85.5,100.0,t,f,
"Computer Programming/Programmer, General",86.3,Go,97.36,14.19,352.0,76.2,87.7,90.6,90.3,100.0,t,f,
"Computer and Information Sciences, General",86.3,Go,41.97,11.17,21233.0,99.7,68.5,87.8,84.5,100.0,t,f,
Mathematics and Computer Science,86.2,Go,87.19,14.39,375.0,77.6,84.2,93.7,91.0,100.0,t,f,
"Research and Experimental Psychology, Other",86.2,Go,99.02,4.46,670.0,83.6,89.6,99.7,62.2,100.0,t,f,
Educational Evaluation and Research,85.5,Go,89.03,8.02,473.0,80.1,85.0,94.3,79.0,100.0,t,f,
Industrial and Organizational Psychology,85.3,Go,96.93,6.36,1990.0,92.6,87.3,67.0,74.9,100.0,t,f,
"Psychology, Other",85.3,Go,99.02,4.46,2060.0,93.0,89.6,74.8,62.2,100.0,t,f,
"Public Health, General",85.3,Go,47.84,20.08,11934.0,98.8,70.0,66.4,98.1,100.0,t,f,
"Registered Nursing, Nursing Administration, Nursing Research and Clinical Nursing, Other",85.2,Go,171.31,8.15,1213.0,89.9,97.3,47.3,79.4,100.0,t,f,
Geographic Information Science and Cartography,85.1,Go,101.51,4.52,694.0,83.9,91.2,85.5,65.1,100.0,t,f,
Clinical Nurse Leader,85.0,Go,159.20,10.11,413.0,78.7,96.8,65.0,83.8,100.0,t,f,
Human Computer Interaction,85.0,Go,41.83,11.76,1261.0,90.3,68.3,97.0,85.5,100.0,t,f,
"Modeling, Virtual Environments and Simulation",84.8,Go,97.80,16.63,195.0,68.4,88.7,89.6,95.0,100.0,t,f,
Project Management,84.7,Go,90.60,5.01,1405.0,90.8,85.6,75.1,70.1,100.0,t,f,
Financial Mathematics,84.7,Go,21.84,14.32,4608.0,96.8,58.5,96.8,90.8,100.0,t,f,
"Business Administration and Management, General",84.7,Go,226.95,4.15,97150.0,100.0,98.9,42.6,57.7,100.0,t,f,
Forensic Psychology,84.6,Go,99.02,4.46,1587.0,91.3,89.6,73.0,62.2,100.0,t,f,
Applied Psychology,84.4,Go,99.02,4.46,1258.0,90.2,89.6,74.1,62.2,100.0,t,f,
Health Services Administration,84.3,Go,62.10,23.20,1112.0,89.0,77.4,63.1,99.5,100.0,t,f,
"Business/Commerce, General",84.2,Go,227.71,5.19,8023.0,98.0,99.0,30.1,70.6,100.0,t,f,
Computational Science,84.2,Go,25.52,13.80,1682.0,91.7,61.5,99.3,89.0,100.0,t,f,
Counseling Psychology,84.2,Go,96.80,5.22,10254.0,98.4,87.2,52.8,70.9,100.0,t,f,
Public Administration,84.0,Go,241.85,4.42,10493.0,98.7,99.2,36.4,60.9,100.0,t,f,
Developmental and Child Psychology,83.9,Go,86.58,4.54,1007.0,88.0,83.6,83.8,65.5,100.0,t,f,
Women's Health Nurse/Nursing,83.8,Go,171.31,8.15,300.0,73.8,97.3,70.7,79.4,100.0,t,f,
Non-Profit/Public/Organizational Management,83.7,Go,234.29,6.47,1297.0,90.4,99.1,37.1,75.4,100.0,t,f,
"International Relations and National Security Studies, Other",83.6,Go,104.51,4.42,354.0,76.4,92.5,91.7,60.9,100.0,t,f,
Clinical Psychology,83.5,Go,97.70,4.82,3156.0,94.9,88.5,54.8,68.2,100.0,t,f,
Entrepreneurship/Entrepreneurial Studies,83.5,Go,241.85,4.42,1031.0,88.2,99.2,54.6,60.9,100.0,t,f,
"Psychology, General",83.4,Go,97.51,4.84,6999.0,97.9,88.1,49.1,68.3,100.0,t,f,
Business Statistics,83.4,Go,16.79,21.97,3993.0,96.1,49.4,99.0,99.3,100.0,t,f,
Accounting,83.4,Go,111.64,4.66,12504.0,99.0,94.5,35.8,66.3,100.0,t,f,
Physician Assistant,83.2,Go,21.86,18.42,12020.0,98.9,58.6,74.9,97.8,100.0,t,f,
"Human Resources Management/Personnel Administration, General",83.2,Go,61.18,6.61,5218.0,97.1,77.0,64.2,75.9,100.0,t,f,
Athletic Training/Trainer,83.2,Go,24.78,16.65,2008.0,92.7,61.1,85.1,95.1,100.0,t,f,
Crisis/Emergency/Disaster Management,83.1,Go,95.56,4.32,825.0,85.9,86.6,83.6,59.0,100.0,t,f,
Pediatric Nurse/Nursing,82.8,Go,171.31,8.15,353.0,76.3,97.3,58.5,79.4,100.0,t,f,
"Applied Statistics, General",82.8,Go,78.66,12.69,369.0,77.2,81.3,80.5,87.6,100.0,t,f,
Research and Development Management,82.8,Go,88.34,10.07,210.0,69.2,85.0,93.3,83.7,100.0,t,f,
"Finance, General",82.7,Go,246.51,6.32,3153.0,94.8,99.5,21.6,74.7,100.0,t,f,
Homeland Security,82.4,Go,95.56,4.32,855.0,86.2,86.6,78.1,59.0,100.0,t,f,
Speech-Language Pathology/Pathologist,82.2,Go,21.86,16.40,5463.0,97.2,58.6,74.5,94.9,100.0,t,f,
Information Resources Management,82.1,Go,52.32,14.58,916.0,87.0,70.9,73.1,91.5,100.0,t,f,
Health Information/Medical Records Administration/Administrator,81.8,Go,48.27,19.11,523.0,81.4,70.2,77.3,98.0,100.0,t,f,
International Relations and Affairs,81.5,Go,104.51,4.42,3988.0,96.0,92.5,38.5,60.9,100.0,t,f,
"Management Sciences and Quantitative Methods, Other",81.4,Go,,,16905.0,99.4,,99.5,,0.0,f,f,
School Psychology,81.0,Go,86.78,4.14,2408.0,93.5,83.9,61.3,57.5,100.0,t,f,
Criminal Justice/Law Enforcement Administration,80.9,Go,95.37,4.30,2605.0,93.8,86.3,54.0,58.7,100.0,t,f,
Perioperative/Operating Room and Surgical Nurse/Nursing,80.7,Go,171.31,8.15,109.0,59.0,97.3,79.3,79.4,100.0,t,f,
Cybersecurity Defense Strategy/Policy,80.5,Go,95.06,4.29,300.0,73.8,86.2,92.0,58.3,100.0,t,f,
Hospital and Health Care Facilities Administration/Management,80.3,Go,47.20,17.75,1042.0,88.2,69.8,55.3,97.5,100.0,t,f,
Experimental Psychology,80.2,Go,99.02,4.46,334.0,75.5,89.6,75.4,62.2,100.0,t,f,
National Security Policy Studies,80.0,Go,104.51,4.42,466.0,80.0,92.5,60.8,60.9,100.0,t,f,
Accounting and Finance,79.9,Go,95.94,7.89,541.0,81.8,87.1,49.2,78.7,100.0,t,f,
Community Health and Preventive Medicine,79.9,Go,48.11,20.64,320.0,74.8,70.1,77.9,98.2,100.0,t,f,
Digital Marketing,79.9,Go,65.82,6.70,357.0,76.6,78.5,,76.1,100.0,t,f,
Bioinformatics,79.7,Go,26.58,15.49,749.0,84.9,62.0,77.7,92.9,100.0,t,f,
Educational Statistics and Research Methods,79.6,Go,89.03,8.02,169.0,66.4,85.0,82.2,79.0,100.0,t,f,
Epidemiology,79.5,Go,20.40,14.23,2195.0,93.2,55.0,76.8,90.4,100.0,t,f,
Educational Psychology,79.4,Go,98.05,4.32,1372.0,90.6,89.0,44.5,59.0,100.0,t,f,
Library and Information Science,79.4,Go,97.39,4.23,5606.0,97.4,87.8,33.9,58.1,100.0,t,f,
"Public Health, Other",79.3,Go,51.01,21.31,911.0,86.7,70.7,48.3,98.6,100.0,t,f,
Systems Science and Theory,79.2,Go,95.43,4.17,423.0,78.9,86.6,72.6,57.8,100.0,t,f,
"Arts, Entertainment, and Media Management, Other",79.2,Go,97.07,4.33,146.0,63.4,87.5,99.8,59.5,100.0,t,f,
Infectious Disease and Global Health,79.1,Go,47.51,18.71,146.0,63.4,69.9,96.0,97.9,100.0,t,f,
Clinical Nurse Specialist,79.0,Go,171.31,8.15,252.0,71.7,97.3,42.7,79.4,100.0,t,f,
International Marketing,78.8,Go,66.75,6.60,288.0,72.9,78.6,79.8,75.6,100.0,t,f,
"Marketing/Marketing Management, General",78.8,Go,64.24,6.05,1929.0,92.3,78.1,43.9,73.8,100.0,t,f,
"Anthropology, General",78.8,Go,105.50,4.49,912.0,86.8,93.4,33.7,64.3,100.0,t,f,
"Sociology, General",78.7,Go,102.56,4.47,1199.0,89.7,91.9,30.9,63.6,100.0,t,f,
Criminology,78.5,Go,97.41,4.44,792.0,85.5,87.9,48.0,61.9,100.0,t,f,
Mathematics and Statistics,78.5,Go,16.87,21.41,549.0,81.9,49.6,94.7,98.7,100.0,t,f,
Public Health/Community Nurse/Nursing,78.4,Go,171.31,8.15,204.0,68.9,97.3,44.0,79.4,100.0,t,f,
Occupational Therapy/Therapist,78.4,Go,21.28,16.05,5737.0,97.5,57.5,52.6,93.7,100.0,t,f,
Clinical Laboratory Science/Medical Technology/Technologist,78.3,Go,27.40,17.30,377.0,77.8,63.2,76.7,96.4,100.0,t,f,
Nutrition Sciences,78.3,Go,19.36,12.16,1727.0,91.8,53.3,78.4,86.5,100.0,t,f,
"Computer/Information Technology Services Administration and Management, Other",78.2,Go,,,3329.0,95.0,,96.6,,0.0,f,f,
Pharmacoeconomics/Pharmaceutical Economics,78.2,Go,50.05,20.93,105.0,58.5,70.3,98.8,98.3,100.0,t,f,
International Business/Trade/Commerce,78.0,Go,245.50,4.07,1249.0,90.1,99.4,17.6,56.6,100.0,t,f,
Taxation,77.7,Go,113.81,5.12,850.0,86.1,95.0,19.0,70.3,100.0,t,f,
International Public Health/International Health,77.6,Go,56.44,21.25,419.0,78.8,74.0,46.8,98.5,100.0,t,f,
"Computer Programming, Specific Applications",77.6,Go,98.49,13.91,54.0,47.5,89.2,88.1,89.2,100.0,t,f,
"Educational Assessment, Testing, and Measurement",77.6,Go,89.03,8.02,139.0,63.0,85.0,75.4,79.0,100.0,t,f,
Pharmaceutical Sciences,77.4,Go,20.93,14.17,487.0,80.5,55.8,86.8,89.7,100.0,t,f,
"Statistics, General",77.3,Go,16.87,21.41,2725.0,94.0,49.6,62.6,98.7,100.0,t,f,
Orthotist/Prosthetist,77.2,Go,25.54,16.65,233.0,70.7,61.6,88.0,95.1,100.0,t,f,
Biostatistics,77.1,Go,18.61,12.22,1091.0,88.7,51.6,79.8,86.6,100.0,t,f,
Audiology/Audiologist and Speech-Language Pathology/Pathologist,77.1,Go,21.18,16.18,2893.0,94.4,57.2,50.0,93.8,100.0,t,f,
"Marketing, Other",77.1,Go,66.75,6.60,299.0,73.6,78.6,67.0,75.6,100.0,t,f,
Computational and Applied Mathematics,76.9,Go,16.87,21.41,377.0,77.8,49.6,92.7,98.7,100.0,t,f,
Clinical Research Coordinator,76.8,Go,84.54,9.50,132.0,62.3,83.1,70.9,83.3,100.0,t,f,
"Arts, Entertainment, and Media Management, General",76.8,Go,97.07,4.33,268.0,72.4,87.5,66.2,59.5,100.0,t,f,
"Logistics, Materials, and Supply Chain Management",76.7,Go,20.74,8.30,1223.0,90.0,55.5,72.7,81.0,100.0,t,f,
Fire Services Administration,76.7,Go,92.73,4.13,154.0,64.6,86.1,85.8,57.4,100.0,t,f,
"Communication Sciences and Disorders, General",76.5,Go,21.18,16.18,2034.0,92.8,57.2,49.4,93.8,100.0,t,f,
Healthcare Innovation,76.4,Go,62.10,23.20,93.0,55.9,77.4,,99.5,100.0,t,f,
Accounting and Business/Management,76.3,Go,95.94,7.89,289.0,73.1,87.1,42.9,78.7,100.0,t,f,
Mental Health Counseling/Counselor,76.2,Go,,,9776.0,98.3,,82.8,,0.0,f,f,
Health Policy Analysis,75.5,Go,48.95,20.32,105.0,58.5,70.3,81.0,98.2,100.0,t,f,
Substance Abuse/Addiction Counseling,75.4,Go,27.40,17.30,525.0,81.5,63.2,50.0,96.4,100.0,t,f,
"Mental and Social Health Services and Allied Professions, Other",75.3,Go,,,1290.0,90.4,,95.4,,0.0,f,f,
"Mathematics, General",75.2,Test,54.75,4.76,2233.0,93.3,73.4,33.8,67.6,100.0,t,f,
"Geography, Other",75.2,Test,106.26,4.49,64.0,49.6,93.9,83.1,64.3,100.0,t,f,
Computer Systems Networking and Telecommunications,75.2,Test,42.19,14.50,488.0,80.7,68.7,44.3,91.3,100.0,t,f,
"Parks, Recreation, and Leisure Facilities Management, General",75.1,Test,293.90,4.41,283.0,72.8,99.9,28.2,60.4,100.0,t,f,
Cyber/Computer Forensics and Counterterrorism,74.9,Test,24.09,11.64,747.0,84.8,60.8,56.3,85.3,100.0,t,f,
Financial Forensics and Fraud Investigation,74.9,Test,112.04,4.76,149.0,63.9,94.7,47.9,67.6,100.0,t,f,
Cloud Computing,74.8,Test,98.04,14.40,43.0,43.4,88.9,76.1,91.3,100.0,t,f,
Cognitive Psychology and Psycholinguistics,74.6,Test,99.02,4.46,61.0,48.9,89.6,91.2,62.2,100.0,t,f,
Art Therapy/Therapist,74.6,Test,23.62,16.36,514.0,81.1,60.2,53.8,94.2,100.0,t,f,
"Pharmacy, Pharmaceutical Sciences, and Administration, Other",74.5,Test,27.40,17.30,364.0,77.0,63.2,53.5,96.4,100.0,t,f,
Retail Management,74.4,Test,252.68,1.86,81.0,53.2,99.7,93.5,30.1,100.0,t,f,
Health/Medical  Physics,74.4,Test,24.14,15.55,201.0,68.6,60.9,77.1,93.4,100.0,t,f,
"System, Networking, and LAN/WAN Management/Manager",74.1,Test,41.37,15.58,73.0,51.9,68.2,93.6,93.4,100.0,t,f,
"Applied Mathematics, General",74.1,Test,16.87,21.41,949.0,87.5,49.6,54.3,98.7,100.0,t,f,
Natural Products Chemistry and Pharmacognosy,73.8,Test,20.93,14.17,137.0,62.7,55.8,98.5,89.7,100.0,t,f,
American  History (United States),73.8,Test,87.57,1.73,229.0,70.1,84.5,87.6,28.2,100.0,t,f,
"Management Information Systems, General",73.8,Test,44.46,11.69,1162.0,89.4,69.2,22.9,85.4,100.0,t,f,
Medical Microbiology and Bacteriology,73.6,Test,18.61,12.22,373.0,77.3,51.6,79.7,86.6,100.0,t,f,
Critical Infrastructure Protection,73.6,Test,95.56,4.32,169.0,66.4,86.6,59.2,59.0,100.0,t,f,
"History, General",73.5,Test,87.57,1.73,3009.0,94.6,84.5,37.0,28.2,100.0,t,f,
Behavioral Aspects of Health,73.5,Test,21.13,14.23,120.0,60.5,57.0,98.1,90.4,100.0,t,f,
Auditing,73.4,Test,112.94,5.18,54.0,47.5,94.9,67.4,70.5,100.0,t,f,
Fine and Studio Arts Management,73.4,Test,97.07,4.33,365.0,77.1,87.5,34.2,59.5,100.0,t,f,
Perfusion Technology/Perfusionist,73.4,Test,23.09,14.69,151.0,64.2,59.8,82.6,91.8,100.0,t,f,
Maternal/Child Health and Neonatal Nurse/Nursing,73.3,Test,171.31,8.15,125.0,61.5,97.3,24.8,79.4,100.0,t,f,
"Data Analytics, Other",73.3,Test,75.58,11.98,70.0,51.1,80.3,,86.0,100.0,t,f,
Behavioral Neuroscience,73.2,Test,98.32,4.35,55.0,47.8,89.1,87.3,60.0,100.0,t,f,
Forensic Nursing,73.2,Test,171.31,8.15,19.0,32.3,97.3,82.9,79.4,100.0,t,f,
Archives/Archival Administration,73.2,Test,105.97,4.50,121.0,60.9,93.9,46.6,64.8,100.0,t,f,
Sport and Fitness Administration/Management,73.1,Test,56.28,9.31,4581.0,96.6,73.9,63.4,83.1,0.0,f,f,
Environmental Health,73.1,Test,19.58,13.80,706.0,84.1,53.4,56.8,89.0,100.0,t,f,
Urban Studies/Affairs,73.1,Test,101.84,4.42,315.0,74.6,91.3,28.0,60.9,100.0,t,f,
Community Psychology,73.0,Test,99.02,4.46,229.0,70.1,89.6,38.2,62.2,100.0,t,f,
"Clinical, Counseling and Applied Psychology, Other",72.6,Test,99.02,4.46,347.0,76.0,89.6,23.6,62.2,100.0,t,f,
Organizational Behavior Studies,72.6,Test,64.64,5.95,914.0,86.9,78.2,14.2,73.0,100.0,t,f,
Operations Management and Supervision,72.6,Test,58.87,6.50,608.0,82.8,74.5,27.5,75.5,100.0,t,f,
Pharmaceutics and Drug Design,72.6,Test,19.62,13.57,239.0,71.1,53.7,79.1,88.7,100.0,t,f,
Computational Biology,72.5,Test,26.05,15.20,82.0,53.4,61.9,94.0,92.3,100.0,t,f,
Public Health Education and Promotion,72.4,Test,21.13,14.23,747.0,84.8,57.0,42.2,90.4,100.0,t,f,
"Public Administration, Other",72.4,Test,106.70,4.50,25.0,36.0,94.0,91.4,64.8,100.0,t,f,
Geography,72.3,Test,102.18,4.50,349.0,76.1,91.5,15.5,64.8,100.0,t,f,
Respiratory Care Therapy/Therapist,72.1,Test,19.07,12.55,151.0,64.2,52.9,92.8,87.3,100.0,t,f,
Music Therapy/Therapist,72.1,Test,23.62,16.36,154.0,64.6,60.2,70.4,94.2,100.0,t,f,
Regulatory Science/Affairs,72.1,Test,50.46,15.04,47.0,44.6,70.5,91.8,92.2,100.0,t,f,
"Political Science and Government, General",72.0,Test,87.08,1.79,1659.0,91.6,84.0,32.6,29.2,100.0,t,f,
Pharmacology and Toxicology,72.0,Test,20.93,14.17,160.0,65.5,55.8,81.2,89.7,100.0,t,f,
Economics and Computer Science,72.0,Test,101.37,11.61,42.0,42.9,91.1,60.3,85.2,100.0,t,f,
"History, Other",71.9,Test,104.54,4.41,138.0,62.9,92.8,40.8,60.4,100.0,t,f,
Science/Technology Management,71.9,Test,87.58,8.73,97.0,56.7,84.7,47.1,82.5,100.0,t,f,
Psychopharmacology,71.9,Test,84.89,6.96,67.0,50.4,83.2,67.8,77.6,100.0,t,f,
Cytotechnology/Cytotechnologist,71.7,Test,27.40,17.30,54.0,47.5,63.2,93.8,96.4,100.0,t,f,
"Social Sciences, Other",71.6,Test,102.11,4.28,280.0,72.8,91.3,24.5,58.2,100.0,t,f,
"Human Resources Management and Services, Other",71.5,Test,75.13,4.98,570.0,82.1,80.3,15.2,69.9,100.0,t,f,
"Dental Clinical Sciences, General",71.5,Test,26.79,16.92,278.0,72.7,62.3,44.4,95.6,100.0,t,f,
"Educational Assessment, Evaluation, and Research, Other",71.4,Test,89.03,8.02,125.0,61.5,85.0,37.6,79.0,100.0,t,f,
Applied/Public Sociology,71.4,Test,102.56,4.47,24.0,35.7,91.9,90.7,63.6,100.0,t,f,
Computer Systems Analysis/Analyst,71.2,Test,25.11,9.63,1206.0,89.8,61.3,89.0,83.5,0.0,f,f,
Audiology/Audiologist,71.2,Test,26.02,16.90,151.0,64.2,61.8,60.2,95.5,100.0,t,f,
Psychometrics and Quantitative Psychology,71.1,Test,99.02,4.46,42.0,42.9,89.6,80.0,62.2,100.0,t,f,
Nursing Education,71.1,Test,13.23,6.05,3449.0,95.3,45.5,52.0,73.8,100.0,t,f,
"Clinical/Medical Laboratory Science and Allied Professions, Other",70.9,Test,27.40,17.30,75.0,52.2,63.2,78.8,96.4,100.0,t,f,
Vocational Rehabilitation Counseling/Counselor,70.7,Test,23.21,13.47,700.0,84.1,60.1,27.7,88.6,100.0,t,f,
Cultural Resource Management and Policy Analysis,70.7,Test,104.85,4.47,47.0,44.6,93.3,65.2,63.6,100.0,t,f,
Orthodontics/Orthodontology,70.7,Test,26.86,17.04,120.0,60.5,62.9,61.7,96.2,100.0,t,f,
Network and System Administration/Administrator,70.3,Test,37.88,11.81,47.0,44.6,67.8,91.8,85.5,100.0,t,f,
"Veterinary Sciences/Veterinary Clinical Sciences, General",70.3,Test,21.79,15.53,175.0,67.2,58.2,58.5,93.0,100.0,t,f,
Cyber/Electronic Operations and Warfare,70.0,Test,,,424.0,79.0,,98.6,,0.0,f,f,
Medical Anthropology,70.0,Test,105.50,4.49,21.0,33.6,93.4,81.4,64.3,100.0,t,f,
Military History,69.9,Test,104.54,4.41,121.0,60.9,92.8,31.3,60.4,100.0,t,f,
Health/Medical Psychology,69.8,Test,97.51,4.84,67.0,50.4,88.1,53.1,68.3,100.0,t,f,
Radiologic Technology/Science - Radiographer,69.8,Test,21.01,11.57,145.0,63.2,56.5,74.4,85.0,100.0,t,f,
Pharmaceutical Marketing and Management,69.7,Test,50.27,12.11,28.0,37.3,70.4,96.3,86.3,100.0,t,f,
Data Processing and Data Processing Technology/Technician,69.6,Test,31.30,8.20,331.0,75.3,66.3,100.0,80.8,0.0,f,f,
Religious Institution Administration and Management,69.5,Test,97.71,4.37,39.0,42.4,88.7,74.0,60.3,100.0,t,f,
Social Psychology,69.5,Test,99.02,4.46,55.0,47.8,89.6,59.7,62.2,100.0,t,f,
Telecommunications Management,69.4,Test,85.67,7.95,16.0,30.1,83.4,89.8,78.9,100.0,t,f,
"Advanced/Graduate Dentistry and Oral Sciences, Other",69.4,Test,26.79,16.92,85.0,54.1,62.3,67.7,95.6,100.0,t,f,
Pharmacology,69.4,Test,18.61,12.22,211.0,69.4,51.6,67.7,86.6,100.0,t,f,
Mathematical Statistics and Probability,69.3,Test,18.01,26.91,171.0,66.9,50.8,59.9,100.0,100.0,t,f,
"Multi-/Interdisciplinary Studies, General",69.1,Test,,,412.0,78.6,,96.1,,0.0,f,f,
"Finance and Financial Management Services, Other",69.1,Test,74.60,14.80,109.0,59.0,80.2,23.8,92.0,100.0,t,f,
Development Economics and International Development,69.1,Test,102.40,4.46,164.0,65.7,91.6,17.2,62.2,100.0,t,f,
Archeology,69.0,Test,105.50,4.49,51.0,46.3,93.4,49.7,64.3,100.0,t,f,
Theatre/Theatre Arts Management,68.9,Test,89.65,4.33,70.0,51.1,85.4,60.3,59.5,100.0,t,f,
Construction Engineering Technology/Technician,68.9,Test,35.68,4.77,711.0,84.4,67.6,87.6,68.0,0.0,f,f,
Social Work,68.8,Test,26.67,5.23,34458.0,99.9,62.1,63.7,71.1,0.0,f,f,
"Anthropology, Other",68.6,Test,105.50,4.49,43.0,43.4,93.4,52.9,64.3,100.0,t,f,
Public/Applied History,68.4,Test,103.62,4.43,109.0,59.0,92.2,25.4,61.6,100.0,t,f,
Nurse Midwife/Nursing Midwifery,68.3,Test,7.90,16.31,481.0,80.3,29.3,75.2,94.1,100.0,t,f,
"Advanced Legal Research/Studies, General",68.3,Test,30.53,4.04,3668.0,95.5,64.7,80.2,55.0,0.0,f,f,
Anatomy,68.2,Test,18.61,12.22,168.0,66.3,51.6,65.3,86.6,100.0,t,f,
Cardiovascular Technology/Technologist,68.2,Test,23.09,14.69,31.0,39.1,59.8,98.2,91.8,100.0,t,f,
Applied Economics,68.2,Test,96.99,5.39,123.0,61.3,87.4,19.3,71.6,100.0,t,f,
Clinical/Medical Social Work,68.1,Test,15.63,8.22,2402.0,93.4,48.7,89.0,80.9,0.0,f,f,
Apparel and Accessories Marketing Operations,68.1,Test,103.26,2.98,30.0,38.4,92.1,84.9,41.3,100.0,t,f,
Operations Research,68.0,Test,8.13,12.01,1047.0,88.3,29.7,64.2,86.2,100.0,t,f,
Family Psychology,67.8,Test,97.51,4.84,46.0,44.4,88.1,52.2,68.3,100.0,t,f,
Emergency Room/Trauma Nursing,67.7,Test,171.31,8.15,24.0,35.7,97.3,39.5,79.4,100.0,t,f,
"Teacher Education and Professional Development, Specific Levels and Methods, Other",67.6,Test,,,4671.0,96.8,,54.1,,0.0,f,f,
Dental Hygiene/Hygienist,67.6,Test,22.15,12.84,104.0,58.3,59.2,61.5,87.8,100.0,t,f,
Demography and Population Studies,67.5,Test,102.49,4.29,80.0,53.0,91.8,35.3,58.3,100.0,t,f,
Occupational Health and Industrial Hygiene,67.5,Test,22.08,15.28,119.0,60.5,58.9,52.1,92.4,100.0,t,f,
Long Term Care Administration/Management,67.4,Test,62.10,23.20,17.0,30.9,77.4,66.5,99.5,100.0,t,f,
Behavioral Sciences,67.4,Test,14.88,5.56,1862.0,92.2,47.5,97.4,72.4,0.0,f,f,
Engineering/Industrial Management,67.3,Test,19.94,6.37,5539.0,97.3,54.1,70.8,75.0,0.0,f,f,
Executive/Career Coaching,67.3,Test,61.35,6.80,29.0,37.7,77.1,76.2,76.3,100.0,t,f,
"Hospitality Administration/Management, General",67.2,Test,34.23,6.18,784.0,85.4,67.1,68.3,74.5,0.0,f,f,
Medical Science/Scientist,67.2,Test,8.81,7.18,689.0,83.8,33.3,69.3,78.0,100.0,t,f,
"Computer Software and Media Applications, Other",67.1,Test,,,374.0,77.4,,91.3,,0.0,f,f,
Political Economy,67.1,Test,102.11,4.46,8.0,21.5,91.3,92.9,62.2,100.0,t,f,
Terrorism and Counterterrorism Operations,67.0,Test,87.33,4.05,46.0,44.4,84.5,65.6,56.4,100.0,t,f,
"Social Sciences, General",67.0,Test,87.04,1.69,400.0,78.5,83.9,28.4,26.9,100.0,t,f,
"Allied Health Diagnostic, Intervention, and Treatment Professions, Other",66.9,Test,22.13,12.68,48.0,45.3,59.0,83.1,87.5,100.0,t,f,
"Public Relations, Advertising, and Applied Communication",66.8,Test,19.94,4.71,802.0,85.6,54.1,98.9,66.8,0.0,f,f,
"Sales, Distribution, and Marketing Operations, General",66.6,Test,107.02,0.69,503.0,80.9,94.1,76.0,18.2,0.0,f,f,
Computer Software Technology/Technician,66.6,Test,98.49,13.91,10.0,24.2,89.2,61.2,89.2,100.0,t,f,
Clinical and Industrial Drug Development,66.4,Test,20.38,9.21,166.0,66.1,55.0,51.2,82.9,100.0,t,f,
Programs for Foreign Lawyers,66.3,Test,31.50,4.10,1560.0,91.1,66.4,70.6,56.6,0.0,f,f,
"Sports, Kinesiology, and Physical Education/Fitness, General",66.2,Test,57.95,9.30,936.0,87.2,74.5,35.2,82.9,0.0,f,f,
Data Visualization,66.2,Test,75.58,11.98,17.0,30.9,80.3,66.5,86.0,100.0,t,f,
"Organizational Communication, General",66.1,Test,33.31,8.69,336.0,75.5,66.9,73.8,82.2,0.0,f,f,
Knowledge Management,66.1,Test,52.32,14.58,59.0,48.5,70.9,43.6,91.5,100.0,t,f,
Medical/Health Management and Clinical Assistant/Specialist,66.0,Test,120.92,4.11,12.0,26.9,95.5,71.2,57.0,100.0,t,f,
Dance Therapy/Therapist,65.9,Test,23.62,16.36,44.0,43.9,60.2,70.1,94.2,100.0,t,f,
Epidemiology and Biostatistics,65.7,Test,19.95,11.96,91.0,55.4,54.5,,85.9,100.0,t,f,
Medical Radiologic Technology/Science - Radiation Therapist,65.7,Test,19.11,9.94,94.0,56.0,52.9,70.2,83.6,100.0,t,f,
Linguistics and Computer Science,65.6,Test,100.03,17.40,7.0,20.2,90.7,51.5,97.3,100.0,t,f,
Gerontology,65.4,Test,19.47,12.87,266.0,72.2,53.4,30.3,87.9,100.0,t,f,
"Computer and Information Sciences,  Other",65.3,Test,3.36,12.12,680.0,83.7,11.0,92.9,86.4,100.0,t,f,
Pharmacy Administration and Pharmacy Policy and Regulatory Affairs,65.2,Test,51.01,21.31,105.0,58.5,70.7,11.0,98.6,100.0,t,f,
Risk Management,65.1,Test,257.41,6.13,3.0,14.1,99.8,,74.2,100.0,t,f,
Occupational and Environmental Health Nursing,65.1,Test,171.31,8.15,8.0,21.5,97.3,50.6,79.4,100.0,t,f,
"Aeronautics/Aviation/Aerospace Science and Technology, General",65.0,Test,18.50,6.10,707.0,84.2,51.2,88.9,73.9,0.0,f,f,
"Rehabilitation and Therapeutic Professions, Other",65.0,Test,23.62,16.36,165.0,65.9,60.2,20.3,94.2,100.0,t,f,
Health Occupations Teacher Education,65.0,Test,33.17,3.66,75.0,52.2,66.8,79.9,48.9,100.0,t,f,
American/U.S. Law/Legal Studies/Jurisprudence,64.9,Test,30.53,4.04,699.0,84.0,64.7,80.5,55.0,0.0,f,f,
Architectural and Building Sciences/Technology,64.8,Test,12.54,3.84,4482.0,96.4,44.5,99.1,51.2,0.0,f,f,
"Biomathematics, Bioinformatics, and Computational Biology, Other",64.8,Test,16.81,21.88,47.0,44.6,49.5,78.0,99.2,100.0,t,f,
Industrial Engineering,64.6,Test,19.94,6.37,2811.0,94.2,54.1,58.8,75.0,0.0,f,f,
"Communication Disorders Sciences and Services, Other",64.6,Test,21.18,16.18,95.0,56.1,57.2,43.5,93.8,100.0,t,f,
"Political Science and Government, Other",64.6,Test,87.67,1.75,113.0,59.9,84.8,46.2,28.5,100.0,t,f,
Foodservice Systems Administration/Management,64.5,Test,133.12,5.15,6.0,18.9,96.1,62.7,70.4,100.0,t,f,
"Economics, General",64.4,Test,87.08,1.79,400.0,78.5,84.0,8.4,29.2,100.0,t,f,
Public Finance,64.4,Test,55.87,11.60,20.0,32.9,73.7,,85.0,100.0,t,f,
Dental Public Health and Education,64.2,Test,23.11,14.50,16.0,30.1,60.0,89.8,91.3,100.0,t,f,
Molecular Pharmacology,64.2,Test,20.93,14.17,29.0,37.7,55.8,84.7,89.7,100.0,t,f,
Human Resources Development,64.1,Test,43.90,10.80,819.0,85.6,69.1,33.7,84.4,0.0,f,f,
"Economics, Other",64.1,Test,104.12,4.43,49.0,45.7,92.4,22.7,61.6,100.0,t,f,
Neuropharmacology,64.1,Test,20.93,14.17,35.0,40.2,55.8,79.0,89.7,100.0,t,f,
Endodontics/Endodontology,64.0,Test,26.79,16.92,36.0,41.0,62.3,57.5,95.6,100.0,t,f,
History and Philosophy of Science and Technology,64.0,Test,97.93,4.36,35.0,40.2,88.8,42.1,60.2,100.0,t,f,
"Engineering/Engineering-Related Technologies/Technicians, Other",64.0,Test,,,336.0,75.5,,83.5,,0.0,f,f,
Blood Bank Technology Specialist,64.0,Test,27.40,17.30,10.0,24.2,63.2,89.1,96.4,100.0,t,f,
Tourism and Travel Services Management,63.9,Test,104.77,4.54,54.0,47.5,93.0,12.5,65.5,100.0,t,f,
Marketing Research,63.9,Test,66.75,6.60,66.0,50.1,78.6,26.2,75.6,100.0,t,f,
Clinical Child Psychology,63.8,Test,97.51,4.84,26.0,36.4,88.1,41.1,68.3,100.0,t,f,
Histologic Technology/Histotechnologist,63.8,Test,27.40,17.30,11.0,25.5,63.2,84.8,96.4,100.0,t,f,
Advanced General Dentistry,63.8,Test,20.13,13.21,27.0,36.6,54.7,88.1,88.1,100.0,t,f,
"Health Services/Allied Health/Health Sciences, General",63.8,Test,,,902.0,86.6,,60.6,,0.0,f,f,
Therapeutic Recreation/Recreational Therapy,63.7,Test,26.03,16.56,58.0,48.3,61.8,42.9,95.0,100.0,t,f,
"Health/Medical Preparatory Programs, Other",63.7,Test,,,258.0,71.8,,90.1,,0.0,f,f,
Environmental Studies,63.6,Test,28.40,3.24,1527.0,90.9,64.2,70.6,43.4,0.0,f,f,
Patient Safety and Healthcare Quality,63.5,Test,45.42,15.53,45.0,44.3,69.5,35.9,93.0,100.0,t,f,
Pharmacy,63.5,Test,41.07,16.80,27.0,36.6,68.0,52.1,95.4,100.0,t,f,
Forensic Anthropology,63.5,Test,94.72,5.07,10.0,24.2,86.1,66.0,70.2,100.0,t,f,
"Biomedical Sciences, General",63.4,Test,8.59,7.04,4033.0,96.2,33.1,85.9,77.9,0.0,f,f,
Electrical and Computer Engineering,63.4,Test,12.08,4.48,1053.0,88.4,43.3,94.9,64.2,0.0,f,f,
"Construction Management, General",63.4,Test,46.80,8.70,310.0,74.3,69.7,52.6,82.3,0.0,f,f,
Surgical Technology/Technologist,63.3,Test,20.41,13.15,32.0,39.4,55.1,78.5,88.0,100.0,t,f,
Performance and Sport Psychology,63.3,Test,31.95,5.76,179.0,67.4,66.6,81.2,72.9,0.0,f,f,
Early Childhood Education and Teaching,63.3,Test,79.87,-0.36,3437.0,95.2,82.4,52.4,14.2,0.0,f,f,
Comparative Psychology,63.2,Test,99.02,4.46,9.0,22.9,89.6,67.4,62.2,100.0,t,f,
"Health Professions and Related Clinical Sciences, Other",63.2,Test,,,954.0,87.5,,56.9,,0.0,f,f,
Occupational Safety and Health Technology/Technician,63.0,Test,14.90,12.50,737.0,84.7,47.6,68.2,87.1,0.0,f,f,
"Mathematics and Statistics, Other",62.7,Test,16.87,21.41,61.0,48.9,49.6,55.7,98.7,100.0,t,f,
Medicinal and Pharmaceutical Chemistry,62.7,Test,18.59,12.69,72.0,51.7,51.5,57.5,87.6,100.0,t,f,
"Legal Research and Advanced Professional Studies, Other",62.6,Test,30.53,4.04,822.0,85.8,64.7,61.4,55.0,0.0,f,f,
Social Entrepreneurship,62.5,Test,241.85,4.42,3.0,14.1,99.2,,60.9,100.0,t,f,
Biomechanics,62.4,Test,18.96,13.30,19.0,32.3,52.4,91.5,88.3,100.0,t,f,
"Restaurant, Culinary, and Catering Management/Manager",62.4,Test,137.71,6.20,1.0,10.0,96.3,,74.5,100.0,t,f,
Real Estate,62.3,Test,34.72,3.36,1079.0,88.6,67.2,59.6,43.9,0.0,f,f,
"Physiology, Pathology, and Related Sciences, Other",62.2,Test,20.93,14.17,27.0,36.6,55.8,73.3,89.7,100.0,t,f,
Comparative and Laboratory Animal Medicine,62.1,Test,21.79,15.53,49.0,45.7,58.2,46.3,93.0,100.0,t,f,
Bioengineering and Biomedical Engineering,62.1,Test,11.64,4.67,3716.0,95.6,41.7,72.7,66.6,0.0,f,f,
Systems Engineering,62.0,Test,18.56,6.93,2163.0,93.1,51.4,46.9,77.6,0.0,f,f,
Occupational Therapist Assistant,61.9,Test,24.47,17.58,32.0,39.4,61.0,48.1,97.4,100.0,t,f,
Counselor Education/School Counseling and Guidance Services,61.9,Test,31.00,3.50,11025.0,98.7,66.2,37.2,45.7,0.0,f,f,
"Clinical, Hospital, and Managed Care Pharmacy",61.9,Test,41.07,16.80,10.0,24.2,68.0,66.0,95.4,100.0,t,f,
Business/Managerial Economics,61.8,Test,91.72,8.56,37.0,41.8,86.0,7.5,82.0,100.0,t,f,
Culinary Arts/Chef Training,61.5,Test,206.90,10.60,0.0,0.0,98.8,,84.1,100.0,t,f,
Physical and Biological Anthropology,61.4,Test,105.50,4.49,11.0,25.5,93.4,40.5,64.3,100.0,t,f,
Consumer Merchandising/Retailing Management,61.3,Test,97.43,0.69,18.0,31.6,88.0,84.4,18.2,100.0,t,f,
"Veterinary Preventive Medicine, Epidemiology, and Public Health",61.3,Test,21.63,15.46,25.0,36.0,57.6,62.1,92.4,100.0,t,f,
Exercise Physiology and Kinesiology,61.2,Test,7.77,8.41,1164.0,89.5,28.5,90.3,81.8,0.0,f,f,
Child Development,61.2,Test,121.99,-0.23,296.0,73.3,95.6,55.9,14.4,0.0,f,f,
"Criminal Justice and Corrections, General",61.2,Test,79.13,2.13,27.0,36.6,82.3,70.5,33.2,100.0,t,f,
"Civil Engineering, General",61.0,Test,18.99,4.84,4565.0,96.5,52.5,40.4,68.3,0.0,f,f,
"Rehabilitation and Therapeutic Professions, General",61.0,Test,23.62,16.36,19.0,32.3,60.2,,94.2,100.0,t,f,
Environmental Science,60.9,Test,27.18,3.30,1238.0,90.1,63.0,56.0,43.6,0.0,f,f,
Hematology Technology/Technician,60.6,Test,27.40,17.30,8.0,21.5,63.2,71.2,96.4,100.0,t,f,
Cytogenetics/Genetics/Clinical Genetics Technology/Technologist,60.6,Test,27.40,17.30,12.0,26.9,63.2,,96.4,100.0,t,f,
Adult and Continuing Education and Teaching,60.5,Test,45.54,6.44,642.0,83.3,69.6,22.5,75.3,0.0,f,f,
"Computer Engineering, Other",60.5,Test,11.98,7.57,243.0,71.3,43.1,96.1,78.4,0.0,f,f,
"International Business, Trade, and Tax Law",60.5,Test,30.53,4.04,288.0,72.9,64.7,73.2,55.0,0.0,f,f,
International Economics,60.4,Test,104.12,4.43,35.0,40.2,92.4,9.1,61.6,100.0,t,f,
Survey Research/Methodology,60.3,Test,100.80,4.32,5.0,17.3,90.8,,59.0,100.0,t,f,
"Mechatronics, Robotics, and Automation Engineering",60.3,Test,11.30,3.67,1016.0,88.1,39.2,98.2,49.2,0.0,f,f,
"Family Resource Management Studies, General",60.3,Test,23.04,9.10,157.0,65.4,59.7,68.9,82.8,0.0,f,f,
Periodontics/Periodontology,60.2,Test,26.79,16.92,35.0,40.2,62.3,34.3,95.6,100.0,t,f,
Health Law,60.2,Test,30.53,4.04,301.0,74.0,64.7,69.2,55.0,0.0,f,f,
Speech Communication and Rhetoric,60.2,Test,20.73,4.53,1960.0,92.5,55.5,40.1,65.3,0.0,f,f,
"Biology/Biological Sciences, General",60.2,Test,57.82,-0.84,3727.0,95.7,74.4,47.8,13.3,0.0,f,f,
"Human Services, General",60.1,Test,36.01,6.13,842.0,86.0,67.6,19.5,74.2,0.0,f,f,
"Multi-/Interdisciplinary Studies, Other",60.1,Test,,,2025.0,92.7,,35.1,,0.0,f,f,
Veterinary Pathology and Pathobiology,60.0,Test,21.63,15.46,18.0,31.6,57.6,62.7,92.4,100.0,t,f,
Pediatric Dentistry/Pedodontics,60.0,Test,20.13,13.21,30.0,38.4,54.7,59.2,88.1,100.0,t,f,
"Business Administration, Management and Operations, Other",60.0,Test,,,3392.0,95.1,,29.9,,0.0,f,f,
Restaurant/Food Services Management,59.9,Test,37.30,6.01,51.0,46.3,67.7,97.8,73.6,0.0,f,f,
Construction Engineering,59.8,Test,19.34,2.15,632.0,83.1,53.2,92.6,33.3,0.0,f,f,
"Hospitality Administration/Management, Other",59.7,Test,90.54,4.85,34.0,39.9,85.5,11.1,69.1,100.0,t,f,
Real Estate Development,59.7,Test,34.72,3.36,298.0,73.5,67.2,72.9,43.9,0.0,f,f,
Cultural Anthropology,59.7,Test,104.88,4.47,12.0,26.9,93.4,26.9,63.6,100.0,t,f,
"Aerospace, Aeronautical, and Astronautical/Space Engineering, General",59.7,Test,10.79,4.94,2504.0,93.6,37.8,65.9,69.3,0.0,f,f,
"Intelligence, General",59.6,Test,,,439.0,79.5,,,,0.0,f,f,
History and Political Science,59.5,Test,100.80,4.32,5.0,17.3,90.8,55.0,59.0,100.0,t,f,
Rural Sociology,59.5,Test,103.92,4.43,2.0,12.2,92.3,,61.6,100.0,t,f,
Elementary Education and Teaching,59.5,Test,86.73,-1.79,9057.0,98.3,83.7,29.7,3.0,0.0,f,f,
Child Care and Support Services Management,59.4,Test,65.13,4.10,91.0,55.4,78.2,72.5,56.6,0.0,f,f,
"Communication, General",59.4,Test,20.32,4.41,665.0,83.4,54.9,59.0,60.4,0.0,f,f,
"Physics, General",59.4,Test,59.98,-1.04,1938.0,92.4,74.9,50.6,10.5,0.0,f,f,
Toxicology,59.4,Test,18.61,12.22,48.0,45.3,51.6,48.8,86.6,100.0,t,f,
Sustainability Studies,59.3,Test,10.93,2.95,1850.0,92.1,38.1,94.0,41.2,0.0,f,f,
"Chemistry, General",59.3,Test,57.47,-0.73,2389.0,93.4,74.3,46.6,13.4,0.0,f,f,
Health Professions Education,59.1,Test,19.92,9.39,30.0,38.4,54.0,,83.2,100.0,t,f,
Mechanical Engineering,59.1,Test,16.68,3.50,7288.0,97.9,49.0,54.7,45.7,0.0,f,f,
American Government and Politics (United States),59.0,Test,87.67,1.75,84.0,54.0,84.8,20.5,28.5,100.0,t,f,
"Statistics, Other",59.0,Test,6.23,6.37,115.0,60.1,18.6,94.5,75.0,100.0,t,f,
"Computer Programming, Specific Platforms",59.0,Test,98.49,13.91,0.0,0.0,89.2,,89.2,100.0,t,f,
Electrical and Electronics Engineering,58.9,Test,11.74,5.56,8356.0,98.1,42.4,39.4,72.4,0.0,f,f,
Nuclear Medical Technology/Technologist,58.8,Test,25.69,16.38,10.0,24.2,61.7,,94.8,100.0,t,f,
"Teacher Education, Multiple Levels",58.8,Test,72.23,-1.86,4013.0,96.1,79.2,39.3,2.1,0.0,f,f,
International Law and Legal Studies,58.8,Test,30.53,4.04,387.0,78.1,64.7,51.4,55.0,0.0,f,f,
Hotel/Motel Administration/Management,58.8,Test,86.13,3.77,125.0,61.5,83.5,51.1,50.8,0.0,f,f,
Human Resources Law,58.7,Test,30.53,4.04,95.0,56.1,64.7,94.4,55.0,0.0,f,f,
"Electrical, Electronics, and Communications Engineering, Other",58.6,Test,11.74,5.56,257.0,71.7,42.4,90.0,72.4,0.0,f,f,
"Legal Professions and Studies, Other",58.6,Test,,,1115.0,89.2,,36.6,,0.0,f,f,
Tax Law/Taxation,58.6,Test,30.53,4.04,636.0,83.2,64.7,40.1,55.0,0.0,f,f,
"Parks, Recreation, and Leisure Facilities Management, Other",58.0,Test,305.21,4.44,0.0,0.0,100.0,,61.9,100.0,t,f,
"Animal Sciences, General",57.9,Test,78.36,-0.92,452.0,79.8,81.1,52.4,11.9,0.0,f,f,
Biological and Physical Sciences,57.9,Test,54.85,-0.75,546.0,81.8,73.4,62.2,13.4,0.0,f,f,
Agroecology and Sustainable Agriculture,57.8,Test,77.54,-0.89,120.0,60.5,80.7,90.7,12.2,0.0,f,f,
Secondary Education and Teaching,57.7,Test,62.32,-1.36,5395.0,97.2,77.8,28.4,6.2,0.0,f,f,
"Theology and Religious Vocations, Other",57.7,Test,,,573.0,82.2,,47.0,,0.0,f,f,
Yoga Teacher Training/Yoga Therapy,57.6,Test,74.20,11.90,35.0,40.2,80.1,,85.8,0.0,f,f,
Maternal and Child Health,57.6,Test,21.13,14.23,52.0,46.9,57.0,18.8,90.4,100.0,t,f,
Outdoor Education,57.6,Test,53.15,4.70,64.0,49.6,71.2,75.8,66.6,0.0,f,f,
"Management Information Systems and Services, Other",57.4,Test,52.32,14.58,27.0,36.6,70.9,9.8,91.5,100.0,t,f,
"Engineering-Related Fields, Other",57.4,Test,,,96.0,56.4,,97.6,,0.0,f,f,
Physical Education Teaching and Coaching,57.3,Test,59.85,0.66,1613.0,91.6,74.6,31.6,18.0,0.0,f,f,
"Banking, Corporate, Finance, and Securities Law",57.2,Test,30.53,4.04,274.0,72.6,64.7,51.4,55.0,0.0,f,f,
"Engineering, Other",57.2,Test,11.30,3.67,1922.0,92.3,39.2,69.4,49.2,0.0,f,f,
Veterinary Infectious Diseases,57.2,Test,21.63,15.46,19.0,32.3,57.6,42.4,92.4,100.0,t,f,
"Student Counseling and Personnel Services, Other",57.1,Test,28.35,3.56,311.0,74.4,64.0,56.2,47.4,0.0,f,f,
"English Language and Literature, General",57.1,Test,61.80,-1.49,3663.0,95.4,77.3,29.1,5.9,0.0,f,f,
Prosthodontics/Prosthodontology,57.0,Test,27.32,17.26,20.0,32.9,63.1,24.9,96.3,100.0,t,f,
Chemical Engineering,57.0,Test,11.64,4.47,1567.0,91.2,41.7,50.7,63.6,0.0,f,f,
Cell/Cellular Biology and Histology,57.0,Test,18.61,12.22,41.0,42.5,51.6,38.7,86.6,100.0,t,f,
Youth Services/Administration,56.9,Test,29.25,4.46,63.0,49.3,64.4,89.7,62.2,0.0,f,f,
"Business, Management, Marketing, and Related Support Services, Other",56.9,Test,,,946.0,87.4,,34.0,,0.0,f,f,
Financial Planning and Services,56.9,Test,29.99,5.74,234.0,70.8,64.5,35.9,72.9,0.0,f,f,
"Science, Technology, Engineering, and Mathematics (STEM) Educational Methods",56.9,Test,72.23,-1.86,327.0,75.1,79.2,68.9,2.1,0.0,f,f,
Environmental/Natural Resource Economics,56.8,Test,102.40,4.46,9.0,22.9,91.6,20.7,62.2,100.0,t,f,
Learning Sciences,56.8,Test,8.87,2.47,937.0,87.3,33.4,98.7,38.3,0.0,f,f,
College Student Counseling and Personnel Services,56.7,Test,28.35,3.56,770.0,85.2,64.0,32.3,47.4,0.0,f,f,
"Agricultural/Animal/Plant/Veterinary Science and Related Fields, Other",56.7,Test,,,122.0,61.2,,85.6,,0.0,f,f,
"Music, General",56.6,Test,59.91,-1.24,1579.0,91.2,74.7,36.5,9.3,0.0,f,f,
"Civil Engineering, Other",56.5,Test,18.99,4.84,103.0,58.2,52.5,87.0,68.3,0.0,f,f,
Apparel and Textile Marketing Management,56.5,Test,71.24,6.67,16.0,30.1,79.1,15.7,76.0,100.0,t,f,
Marriage and Family Therapy/Counseling,56.4,Test,6.21,8.97,3976.0,95.9,18.4,64.9,82.7,0.0,f,f,
Special Products Marketing Operations,56.4,Test,111.75,-0.12,14.0,28.4,94.6,48.5,14.6,100.0,t,f,
Manufacturing Engineering,56.3,Test,19.96,4.76,343.0,75.8,54.6,47.1,67.6,0.0,f,f,
Clinical/Medical Laboratory Technician,56.1,Test,27.40,17.30,3.0,14.1,63.2,,96.4,100.0,t,f,
Horticultural Science,56.0,Test,82.30,-1.16,167.0,66.2,82.5,66.3,9.9,0.0,f,f,
Packaging Science,55.9,Test,19.28,6.69,87.0,54.7,53.1,80.7,76.1,0.0,f,f,
"Web Page, Digital/Multimedia and Information Resources Design",55.9,Test,14.64,2.99,488.0,80.7,47.2,75.3,41.4,0.0,f,f,
Curriculum and Instruction,55.9,Test,17.93,1.49,18417.0,99.5,50.8,46.5,25.4,0.0,f,f,
Pre-Medicine/Pre-Medical Studies,55.7,Test,,,148.0,63.7,,77.0,,0.0,f,f,
"Design and Applied Arts, Other",55.7,Test,,,339.0,75.7,,52.9,,0.0,f,f,
Diagnostic Medical Sonography/Sonographer and Ultrasound Technician,55.6,Test,22.28,16.28,11.0,25.5,59.2,40.5,94.0,100.0,t,f,
Emergency Medical Technology/Technician (EMT Paramedic),55.5,Test,19.19,11.25,14.0,28.4,53.0,55.7,84.7,100.0,t,f,
Digital Humanities,55.5,Test,91.33,3.98,2.0,12.2,85.8,,51.8,100.0,t,f,
Child Care Provider/Assistant,55.4,Test,160.20,-2.90,32.0,39.4,97.1,95.0,1.4,0.0,f,f,
Personality Psychology,55.3,Test,99.02,4.46,4.0,15.9,89.6,28.6,62.2,100.0,t,f,
Health Information/Medical Records Technology/Technician,55.2,Test,12.25,8.45,30.0,38.4,43.8,,81.9,100.0,t,f,
Fashion Merchandising,55.2,Test,114.80,0.30,27.0,36.6,95.1,88.1,16.3,0.0,f,f,
Meeting and Event Planning,55.1,Test,15.50,4.80,71.0,51.5,48.5,99.4,68.1,0.0,f,f,
Clinical Nutrition/Nutritionist,55.1,Test,6.20,5.50,711.0,84.4,18.2,90.4,72.0,0.0,f,f,
"Human Development, Family Studies, and Related Services, Other",55.1,Test,,,125.0,61.5,,79.2,,0.0,f,f,
Reading Teacher Education,55.1,Test,54.65,-1.59,4871.0,96.9,71.8,26.0,3.8,0.0,f,f,
Political Communication,55.1,Test,19.94,4.71,83.0,53.7,54.1,85.0,66.8,0.0,f,f,
"Corrections and Criminal Justice, Other",55.1,Test,28.94,-7.41,482.0,80.4,64.3,77.3,0.8,0.0,f,f,
Rehabilitation Science,55.1,Test,22.75,13.27,35.0,40.2,59.6,13.0,88.2,100.0,t,f,
Transportation/Mobility Management,54.9,Test,18.50,6.10,101.0,57.8,51.2,74.3,73.9,0.0,f,f,
Human/Medical Genetics,54.9,Test,8.26,8.32,267.0,72.3,29.9,79.5,81.8,0.0,f,f,
Mathematics Teacher Education,54.9,Test,54.65,-1.59,1592.0,91.4,71.8,35.9,3.8,0.0,f,f,
Public Relations/Image Management,54.9,Test,19.94,4.71,399.0,78.4,54.1,34.5,66.8,0.0,f,f,
Customer Service Management,54.8,Test,126.52,0.43,18.0,31.6,95.7,93.8,16.8,0.0,f,f,
Theology/Theological Studies,54.7,Test,21.02,0.97,3719.0,95.7,56.6,40.3,19.7,0.0,f,f,
History Teacher Education,54.7,Test,54.65,-1.59,237.0,71.0,71.8,75.0,3.8,0.0,f,f,
Higher Education/Higher Education Administration,54.7,Test,12.79,1.87,2983.0,94.6,44.9,55.6,30.2,0.0,f,f,
"Physiology, General",54.6,Test,8.40,8.30,572.0,82.2,30.1,58.4,81.0,0.0,f,f,
Agronomy and Crop Science,54.5,Test,78.16,-0.88,223.0,69.8,80.9,49.5,12.3,0.0,f,f,
Neuroscience,54.5,Test,7.89,4.57,432.0,79.2,29.0,81.4,65.8,0.0,f,f,
"Health and Medical Administrative Services, Other",54.5,Test,14.40,3.50,515.0,81.2,46.8,61.9,45.7,0.0,f,f,
Veterinary Microbiology and Immunobiology,54.5,Test,21.63,15.46,4.0,15.9,57.6,57.5,92.4,100.0,t,f,
Music Teacher Education,54.5,Test,53.61,-1.52,1075.0,88.5,71.3,37.9,5.5,0.0,f,f,
English/Language Arts Teacher Education,54.5,Test,54.65,-1.59,967.0,87.8,71.8,40.2,3.8,0.0,f,f,
Oral/Maxillofacial Surgery,54.4,Test,26.84,17.03,1.0,10.0,62.8,,96.1,100.0,t,f,
Physical Fitness Technician,54.2,Test,68.18,11.83,16.0,30.1,78.8,57.5,85.7,0.0,f,f,
Criminal Justice/Police Science,54.1,Test,44.89,2.73,109.0,59.0,69.4,63.6,40.0,0.0,f,f,
Sports Communication,54.1,Test,22.49,3.49,86.0,54.5,59.3,87.5,45.5,0.0,f,f,
Environmental/Environmental Health Engineering,54.0,Test,11.27,4.53,757.0,85.0,39.2,46.4,65.3,0.0,f,f,
Forensic Science and Technology,53.9,Test,8.00,4.90,895.0,86.4,29.4,58.8,69.2,0.0,f,f,
Physical Therapy/Therapist,53.8,Test,20.59,14.23,37.0,41.8,55.4,7.4,90.4,100.0,t,f,
Labor and Industrial Relations,53.8,Test,25.20,3.97,446.0,79.6,61.4,25.2,51.7,0.0,f,f,
Nurse Anesthetist,53.7,Test,6.42,13.77,362.0,76.9,19.2,9.9,88.9,100.0,t,f,
Clinical Pastoral Counseling/Patient Counseling,53.7,Test,17.84,3.20,164.0,65.7,50.5,82.6,43.0,0.0,f,f,
"Pharmacology and Toxicology, Other",53.4,Test,20.93,14.17,5.0,17.3,55.8,,89.7,100.0,t,f,
"Public Relations, Advertising, and Applied Communication, Other",53.2,Test,,,234.0,70.8,,53.6,,0.0,f,f,
Film/Cinema/Media Studies,53.1,Test,11.19,3.54,586.0,82.6,39.1,63.5,47.1,0.0,f,f,
Cell/Cellular and Molecular Biology,53.1,Test,9.16,6.00,310.0,74.3,34.2,63.7,73.3,0.0,f,f,
"Energy, Environment, and Natural Resources Law",53.1,Test,30.53,4.04,111.0,59.6,64.7,50.3,55.0,0.0,f,f,
Creative Writing,53.0,Test,12.48,2.04,3274.0,94.9,44.1,43.3,31.8,0.0,f,f,
Computer/Computer Systems Technology/Technician,53.0,Test,11.01,5.99,84.0,54.0,38.4,95.6,73.1,0.0,f,f,
"Agricultural Business and Management, General",53.0,Test,78.99,-0.96,97.0,56.7,81.9,65.1,11.3,0.0,f,f,
Lay Ministry,53.0,Test,12.75,1.52,317.0,74.7,44.6,88.6,26.2,0.0,f,f,
Dietetics/Dietitian,52.9,Test,5.64,4.74,960.0,87.7,16.8,76.2,67.6,0.0,f,f,
Microbiology and Immunology,52.9,Test,9.16,6.00,129.0,62.0,34.2,87.2,73.3,0.0,f,f,
"Theological and Ministerial Studies, Other",52.9,Test,18.70,0.88,778.0,85.3,52.1,58.3,19.5,0.0,f,f,
"Communication and Media Studies, Other",52.9,Test,,,480.0,80.3,,33.3,,0.0,f,f,
Community Health Services/Liaison/Counseling,52.7,Test,7.85,7.73,356.0,76.5,28.8,62.4,78.6,0.0,f,f,
Materials Engineering,52.7,Test,14.52,0.59,1101.0,89.0,47.1,61.6,17.2,0.0,f,f,
Cinematography and Film/Video Production,52.6,Test,10.20,3.60,999.0,87.9,36.3,54.4,47.8,0.0,f,f,
Sociology and Anthropology,52.6,Test,104.82,4.47,2.0,12.2,93.2,9.6,63.6,100.0,t,f,
Community Organization and Advocacy,52.5,Test,15.79,4.20,472.0,80.0,48.7,34.4,58.0,0.0,f,f,
"Art/Art Studies, General",52.4,Test,55.16,-0.93,525.0,81.5,73.5,27.6,11.8,0.0,f,f,
Materials Science,52.3,Test,12.05,4.35,250.0,71.5,43.2,59.4,60.0,0.0,f,f,
"Biological and Biomedical Sciences, Other",52.2,Test,6.62,4.03,1810.0,91.9,20.3,71.0,52.8,0.0,f,f,
Health Teacher Education,52.2,Test,54.65,-1.59,487.0,80.5,71.8,39.8,3.8,0.0,f,f,
Molecular Medicine,52.2,Test,8.43,6.87,97.0,56.7,31.0,95.9,76.4,0.0,f,f,
International and Intercultural Communication,52.2,Test,21.12,3.88,92.0,55.7,56.9,71.2,51.3,0.0,f,f,
Early Childhood and Family Studies,52.2,Test,137.75,-1.79,17.0,30.9,96.4,90.4,3.0,0.0,f,f,
Strategic Intelligence,52.1,Test,,,85.0,54.1,,82.7,,0.0,f,f,
Biotechnology,52.1,Test,6.62,4.03,2055.0,92.9,20.3,68.1,52.8,0.0,f,f,
Bible/Biblical Studies,51.9,Test,11.86,1.87,730.0,84.6,42.8,60.9,30.2,0.0,f,f,
Marine Biology and Biological Oceanography,51.9,Test,7.89,4.57,349.0,76.1,29.0,70.2,65.8,0.0,f,f,
Building/Construction Site Management/Manager,51.8,Test,65.58,5.09,0.0,0.0,78.4,,70.3,100.0,t,f,
Spanish Language and Literature,51.8,Test,61.05,-1.36,576.0,82.3,75.0,24.5,6.2,0.0,f,f,
Biochemistry,51.8,Test,9.16,6.00,325.0,74.9,34.2,53.9,73.3,0.0,f,f,
"Plant Sciences, General",51.7,Test,78.16,-0.88,96.0,56.4,80.9,57.5,12.3,0.0,f,f,
"Health and Wellness, General",51.6,Test,7.85,7.73,395.0,78.2,28.8,,78.6,0.0,f,f,
"Dietetics and Clinical Nutrition Services, Other",51.6,Test,6.20,5.50,229.0,70.1,18.2,95.2,72.0,0.0,f,f,
Montessori Teacher Education,51.6,Test,72.23,-1.86,193.0,68.2,79.2,47.4,2.1,0.0,f,f,
Engineering Design,51.6,Test,11.30,3.67,150.0,63.9,39.2,88.8,49.2,0.0,f,f,
Bilingual and Multilingual Education,51.5,Test,72.23,-1.86,447.0,79.7,79.2,23.2,2.1,0.0,f,f,
Medical Office Management/Administration,51.5,Test,144.50,-0.30,8.0,21.5,96.5,92.9,14.3,0.0,f,f,
Law Enforcement Investigation and Interviewing,51.5,Test,46.18,2.54,97.0,56.7,69.7,,39.1,0.0,f,f,
Exercise Science and Kinesiology,51.5,Test,1.70,9.50,2684.0,93.9,6.5,59.5,83.3,0.0,f,f,
"Natural Resources Conservation and Research, Other",51.3,Test,,,97.0,56.7,,74.7,,0.0,f,f,
European History,51.3,Test,104.54,4.41,1.0,10.0,92.8,9.6,60.4,100.0,t,f,
Human-Centered Technology Design,51.3,Test,9.10,7.00,271.0,72.5,33.9,,77.8,0.0,f,f,
Science Teacher Education/General Science Teacher Education,51.2,Test,54.65,-1.59,586.0,82.6,71.8,28.8,3.8,0.0,f,f,
Palliative Care Nursing,51.1,Test,171.31,8.15,0.0,0.0,97.3,0.0,79.4,100.0,t,f,
"Social Work, Other",51.1,Test,26.67,5.23,81.0,53.2,62.1,39.2,71.1,0.0,f,f,
Financial Risk Management,51.1,Test,246.51,6.32,0.0,0.0,99.5,0.0,74.7,100.0,t,f,
Junior High/Intermediate/Middle School Education and Teaching,51.0,Test,54.65,-1.59,600.0,82.7,71.8,27.1,3.8,0.0,f,f,
Accounting and Computer Science,51.0,Test,110.12,11.32,0.0,0.0,94.3,0.0,84.8,100.0,t,f,
Animal Health,51.0,Test,84.15,-1.21,32.0,39.4,82.9,86.0,9.6,0.0,f,f,
"Educational, Instructional, and Curriculum Supervision",51.0,Test,16.69,-0.52,1112.0,89.0,49.1,49.9,13.7,0.0,f,f,
Biology Teacher Education,51.0,Test,54.65,-1.59,326.0,75.0,71.8,42.8,3.8,0.0,f,f,
Art Teacher Education,51.0,Test,53.61,-1.52,666.0,83.5,71.3,25.0,5.5,0.0,f,f,
Environmental Toxicology,50.9,Test,19.58,13.80,15.0,29.2,53.4,18.5,89.0,100.0,t,f,
Criminal Justice/Safety Studies,50.9,Test,9.57,1.98,3043.0,94.7,35.3,48.6,30.8,0.0,f,f,
"City/Urban, Community, and Regional Planning",50.9,Test,11.75,3.58,1433.0,90.8,42.5,24.7,47.7,0.0,f,f,
Human Nutrition,50.8,Test,6.00,5.43,514.0,81.1,18.0,68.4,71.8,0.0,f,f,
"Entrepreneurial and Small Business Operations, Other",50.8,Test,,,103.0,58.2,,69.9,,0.0,f,f,
"Music Performance, General",50.8,Test,13.54,1.12,2115.0,93.1,46.0,40.0,20.4,0.0,f,f,
Dental Assisting/Assistant,50.8,Test,41.90,11.10,0.0,0.0,68.4,,84.5,100.0,t,f,
Social Studies Teacher Education,50.8,Test,56.78,-1.75,477.0,80.2,74.1,27.1,3.2,0.0,f,f,
"Public Policy Analysis, Other",50.7,Test,,,45.0,44.3,,97.3,,0.0,f,f,
Intellectual Property Law,50.6,Test,30.53,4.04,101.0,57.8,64.7,37.5,55.0,0.0,f,f,
Digital Dentistry,50.6,Test,26.79,16.92,0.0,0.0,62.3,,95.6,100.0,t,f,
Mass Communication/Media Studies,50.6,Test,10.46,2.91,1100.0,88.9,37.1,44.1,41.0,0.0,f,f,
Clinical and Translational Science,50.5,Test,9.60,8.70,43.0,43.4,35.4,96.5,82.3,0.0,f,f,
"Purchasing, Procurement/Acquisitions and Contracts Management",50.4,Test,17.36,4.59,296.0,73.3,50.3,23.0,66.1,0.0,f,f,
Pastoral Studies/Counseling,50.4,Test,18.27,2.12,612.0,82.9,51.0,35.0,33.1,0.0,f,f,
Museology/Museum Studies,50.4,Test,11.82,2.43,506.0,81.0,42.7,50.7,38.2,0.0,f,f,
Nuclear Engineering,50.3,Test,11.86,4.31,311.0,74.4,42.8,42.0,58.9,0.0,f,f,
Playwriting and Screenwriting,50.3,Test,11.31,2.70,304.0,74.1,40.7,65.8,39.9,0.0,f,f,
Kinesiotherapy/Kinesiotherapist,50.2,Test,12.26,10.79,34.0,39.9,43.9,82.5,84.3,0.0,f,f,
School Librarian/School Library Media Specialist,50.1,Test,13.50,1.70,305.0,74.2,45.6,67.2,27.0,0.0,f,f,
Communication Management and Strategic Communications,50.1,Test,5.54,4.72,343.0,75.8,14.8,85.3,67.5,0.0,f,f,
Bioethics/Medical Ethics,50.1,Test,10.00,2.22,432.0,79.2,36.0,69.8,33.5,0.0,f,f,
Transportation and Highway Engineering,50.1,Test,18.99,4.84,82.0,53.4,52.5,53.6,68.3,0.0,f,f,
Education/Teaching of Individuals in Secondary Special Education Programs,50.1,Test,9.38,-0.44,621.0,83.0,35.1,83.7,14.0,0.0,f,f,
Computer Game Programming,50.1,Test,98.49,13.91,0.0,0.0,89.2,0.0,89.2,100.0,t,f,
Criminalistics and Criminal Science,50.0,Test,43.70,2.64,63.0,49.3,69.0,57.1,39.7,0.0,f,f,
Engineering Science,50.0,Test,11.30,3.67,362.0,76.9,39.2,51.9,49.2,0.0,f,f,
Molecular Biology,49.9,Test,9.16,6.00,231.0,70.3,34.2,50.2,73.3,0.0,f,f,
Structural Engineering,49.9,Test,18.99,4.84,147.0,63.5,52.5,32.2,68.3,0.0,f,f,
Computational Mathematics,49.8,Test,18.70,24.33,9.0,22.9,52.1,15.3,99.9,100.0,t,f,
"Classics and Classical Languages, Literatures, and Linguistics, Other",49.7,Test,61.05,-1.36,49.0,45.7,75.0,84.0,6.2,0.0,f,f,
International Finance,49.6,Test,55.87,11.60,2.0,12.2,73.7,7.1,85.0,100.0,t,f,
Play Therapy/Therapist,49.6,Test,23.62,16.36,0.0,0.0,60.2,,94.2,100.0,t,f,
Chemistry Teacher Education,49.5,Test,54.65,-1.59,120.0,60.5,71.8,61.7,3.8,0.0,f,f,
Earth Science Teacher Education,49.5,Test,54.65,-1.59,98.0,57.2,71.8,68.0,3.8,0.0,f,f,
Small/Companion Animal Surgery and Medicine,49.5,Test,21.79,15.53,3.0,14.1,58.2,25.5,93.0,100.0,t,f,
Music Pedagogy,49.5,Test,15.04,1.35,151.0,64.2,47.6,82.3,24.2,0.0,f,f,
Biological/Biosystems Engineering,49.4,Test,11.30,3.67,87.0,54.7,39.2,92.5,49.2,0.0,f,f,
"Pastoral Counseling and Specialized Ministries, Other",49.4,Test,12.87,2.58,212.0,69.5,45.0,61.0,39.2,0.0,f,f,
Community College Administration,49.3,Test,15.10,1.70,121.0,60.9,48.2,83.4,27.0,0.0,f,f,
"Design and Visual Communications, General",49.3,Test,14.68,3.23,396.0,78.3,47.3,34.1,43.3,0.0,f,f,
Drama and Dance Teacher Education,49.2,Test,53.61,-1.52,106.0,58.7,71.3,62.2,5.5,0.0,f,f,
Keyboard Instruments,49.2,Test,15.04,1.35,250.0,71.5,47.6,65.6,24.2,0.0,f,f,
Tribal/Indigenous Law,49.2,Test,30.53,4.04,23.0,35.2,64.7,73.4,55.0,0.0,f,f,
Plant Protection and Integrated Pest Management,49.0,Test,82.30,-1.16,36.0,41.0,82.5,69.8,9.9,0.0,f,f,
Medical/Clinical Assistant,49.0,Test,89.96,13.76,0.0,0.0,85.5,0.0,88.8,100.0,t,f,
Education/Teaching of Individuals in Elementary Special Education Programs,49.0,Test,5.60,2.10,1381.0,90.7,14.9,83.0,32.6,0.0,f,f,
Turf and Turfgrass Management,48.9,Test,134.08,3.40,4.0,15.9,96.1,57.5,44.6,0.0,f,f,
Arabic Language and Literature,48.9,Test,61.05,-1.36,36.0,41.0,75.0,88.1,6.2,0.0,f,f,
Stringed Instruments,48.8,Test,15.04,1.35,273.0,72.5,47.6,60.7,24.2,0.0,f,f,
Mining and Mineral Engineering,48.8,Test,12.20,4.52,85.0,54.1,43.7,64.8,65.1,0.0,f,f,
Engineering Physics/Applied Physics,48.8,Test,11.45,3.21,186.0,67.7,40.9,64.7,43.2,0.0,f,f,
Chemical and Biomolecular Engineering,48.8,Test,11.30,3.67,80.0,53.0,39.2,91.6,49.2,0.0,f,f,
Geography and Environmental Studies,48.7,Test,7.58,3.03,186.0,67.7,27.2,92.6,42.0,0.0,f,f,
Architectural Engineering,48.7,Test,11.30,3.67,197.0,68.5,39.2,60.1,49.2,0.0,f,f,
Agricultural Engineering,48.6,Test,12.43,4.63,202.0,68.7,44.0,32.3,66.2,0.0,f,f,
Foreign Language Teacher  Education,48.6,Test,54.65,-1.59,206.0,69.1,71.8,38.3,3.8,0.0,f,f,
Education/Teaching of Individuals with Multiple Disabilities,48.5,Test,8.50,-0.86,1078.0,88.6,32.3,69.1,12.4,0.0,f,f,
Health Communication,48.5,Test,21.63,5.69,85.0,54.1,57.6,27.3,72.7,0.0,f,f,
"Microbiology, General",48.5,Test,7.89,4.57,232.0,70.4,29.0,59.0,65.8,0.0,f,f,
Veterinary/Animal Health Technology/Technician and Veterinary Assistant,48.5,Test,23.02,13.40,0.0,0.0,59.7,,88.5,100.0,t,f,
"Veterinary Biomedical and Clinical Sciences, Other",48.4,Test,21.63,15.46,0.0,0.0,57.6,,92.4,100.0,t,f,
Magnetic Resonance Imaging (MRI) Technology/Technician,48.3,Test,24.12,15.95,2.0,12.2,60.8,16.0,93.6,100.0,t,f,
Physical Therapy Assistant,48.3,Test,19.80,22.00,0.0,0.0,53.9,,99.4,100.0,t,f,
Golf Course Operation and Grounds Management,48.3,Test,132.91,3.52,5.0,17.3,96.0,,47.0,0.0,f,f,
Pathology/Pathologist Assistant,48.2,Test,7.00,4.50,153.0,64.6,24.2,78.9,64.8,0.0,f,f,
Health Unit Manager/Ward Supervisor,48.1,Test,62.10,23.20,0.0,0.0,77.4,0.0,99.5,100.0,t,f,
"Foreign Languages and Literatures, General",48.0,Test,61.05,-1.36,170.0,66.7,75.0,30.6,6.2,0.0,f,f,
Missions/Missionary Studies,48.0,Test,11.86,1.87,343.0,75.8,42.8,52.8,30.2,0.0,f,f,
Labor Studies,48.0,Test,13.17,4.33,52.0,46.9,45.4,75.9,59.5,0.0,f,f,
Genetic Counseling/Counselor,48.0,Test,0.30,9.30,375.0,77.6,0.3,81.4,82.9,0.0,f,f,
Electroneurodiagnostic/Electroencephalographic Technology/Technologist,48.0,Test,22.13,12.68,0.0,0.0,59.0,,87.5,100.0,t,f,
Animal Training,47.9,Test,5.94,4.92,101.0,57.8,17.6,99.6,69.2,0.0,f,f,
Voice and Opera,47.9,Test,13.54,1.12,293.0,73.2,46.0,60.6,20.4,0.0,f,f,
Anthrozoology,47.9,Test,73.12,2.82,23.0,35.2,80.0,,40.8,0.0,f,f,
Applied Engineering,47.8,Test,9.30,2.10,213.0,69.5,34.7,77.6,32.6,0.0,f,f,
Small Business Administration/Management,47.7,Test,104.77,4.54,0.0,0.0,93.0,0.0,65.5,100.0,t,f,
General Studies,47.5,Test,13.50,1.80,214.0,69.6,45.6,57.1,29.4,0.0,f,f,
American Sign Language (ASL),47.5,Test,61.05,-1.36,20.0,32.9,75.0,94.6,6.2,0.0,f,f,
Environmental Education,47.5,Test,72.23,-1.86,29.0,37.7,79.2,80.7,2.1,0.0,f,f,
Pathology/Experimental Pathology,47.4,Test,8.43,6.87,118.0,60.3,31.0,57.3,76.4,0.0,f,f,
"Special Education and Teaching, General",47.4,Test,8.46,-1.33,13894.0,99.3,32.2,44.3,8.4,0.0,f,f,
"Drama and Dramatics/Theatre Arts, General",47.4,Test,10.39,3.01,820.0,85.7,36.9,29.3,41.7,0.0,f,f,
"Energy Systems Engineering, General",47.4,Test,11.30,3.67,74.0,51.9,39.2,84.3,49.2,0.0,f,f,
Building/Property Maintenance,47.3,Test,119.77,4.17,0.0,0.0,95.5,0.0,57.8,100.0,t,f,
Aviation/Airway Management and Operations,47.3,Test,18.50,6.10,110.0,59.4,51.2,19.9,73.9,0.0,f,f,
Developmental Biology and Embryology,47.2,Test,18.96,13.30,8.0,21.5,52.4,11.9,88.3,100.0,t,f,
Computer Graphics,47.2,Test,13.86,-0.16,259.0,71.9,46.3,63.5,14.5,0.0,f,f,
Office Management and Supervision,47.1,Test,126.52,0.43,60.0,48.6,95.7,8.9,16.8,0.0,f,f,
Cell Biology and Anatomy,47.0,Test,7.62,6.77,51.0,46.3,27.5,89.4,76.2,0.0,f,f,
"Family and Consumer Sciences/Human Sciences, General",46.9,Test,65.28,-1.60,202.0,68.7,78.3,14.8,3.7,0.0,f,f,
"Homeland Security, Law Enforcement, Firefighting and Related Protective Services, Other",46.9,Test,,,329.0,75.1,,21.8,,0.0,f,f,
French Language and Literature,46.9,Test,61.05,-1.36,178.0,67.3,75.0,22.0,6.2,0.0,f,f,
Cardiovascular Science,46.8,Test,8.40,8.30,48.0,45.3,30.1,80.4,81.0,0.0,f,f,
Humanities/Humanistic Studies,46.8,Test,13.50,1.80,457.0,79.9,45.6,31.4,29.4,0.0,f,f,
Geropsychology,46.8,Test,97.70,4.82,0.0,0.0,88.5,0.0,68.2,100.0,t,f,
Security and Loss Prevention Services,46.7,Test,150.88,0.54,20.0,32.9,96.6,35.3,17.1,0.0,f,f,
Conservation Biology,46.6,Test,4.64,4.14,238.0,71.0,12.8,85.4,57.5,0.0,f,f,
E-Commerce/Electronic Commerce,46.6,Test,127.45,-0.96,58.0,48.3,95.9,11.2,11.3,0.0,f,f,
"Data Science, Other",46.6,Test,17.08,16.78,6.0,18.9,50.2,10.3,95.3,100.0,t,f,
"Geology/Earth Science, General",46.5,Test,6.63,3.51,1173.0,89.6,22.4,39.4,46.5,0.0,f,f,
Architecture,46.5,Test,11.66,3.78,661.0,83.3,41.9,8.8,50.8,0.0,f,f,
Kindergarten/Preschool Education and Teaching,46.5,Test,51.23,3.01,100.0,57.7,70.8,11.6,41.7,0.0,f,f,
Genome Sciences/Genomics,46.5,Test,6.62,4.03,109.0,59.0,20.3,98.3,52.8,0.0,f,f,
Liberal Arts and Sciences/Liberal Studies,46.4,Test,13.50,1.80,874.0,86.3,45.6,16.0,29.4,0.0,f,f,
Marine Sciences,46.4,Test,10.93,2.95,98.0,57.2,38.1,77.7,41.2,0.0,f,f,
Graphic Design,46.3,Test,15.39,3.83,169.0,66.4,48.3,28.0,51.1,0.0,f,f,
Landscape Architecture,46.3,Test,12.72,3.69,329.0,75.1,44.5,18.8,50.6,0.0,f,f,
Applied Demography,46.3,Test,102.49,4.29,0.0,0.0,91.8,0.0,58.3,100.0,t,f,
"Classics and Classical Languages, Literatures, and Linguistics, General",46.2,Test,61.05,-1.36,142.0,63.1,75.0,25.9,6.2,0.0,f,f,
Environmental Psychology,46.2,Test,99.02,4.46,0.0,0.0,89.6,0.0,62.2,100.0,t,f,
Poultry Science,46.2,Test,78.36,-0.92,25.0,36.0,81.1,62.1,11.9,0.0,f,f,
Agribusiness/Agricultural Business Operations,46.1,Test,84.43,-1.23,35.0,40.2,83.0,51.5,9.4,0.0,f,f,
"Specialized Merchandising, Sales, and Marketing Operations, Other",46.0,Test,,,66.0,50.1,,68.5,,0.0,f,f,
Digital Arts,46.0,Test,16.12,2.53,114.0,60.0,48.9,49.6,39.0,0.0,f,f,
"Professional, Technical, Business, and Scientific Writing",46.0,Test,12.48,2.04,299.0,73.6,44.1,39.7,31.8,0.0,f,f,
Legal Assistant/Paralegal,45.9,Test,31.63,0.26,102.0,58.0,66.5,40.7,16.2,0.0,f,f,
"Health Professions Education, Ethics, and Humanities, Other",45.8,Test,50.95,18.29,0.0,0.0,70.6,0.0,97.7,100.0,t,f,
Vision Science/Physiological Optics,45.8,Test,8.40,8.30,44.0,43.9,30.1,76.5,81.0,0.0,f,f,
Technology Teacher Education/Industrial Arts Teacher Education,45.7,Test,53.61,-1.59,184.0,67.6,71.3,23.2,3.8,0.0,f,f,
Psychiatric/Mental Health Services Technician,45.7,Test,13.67,15.71,6.0,18.9,46.2,14.3,93.5,100.0,t,f,
International and Comparative Education,45.6,Pass,,,193.0,68.2,,30.8,,0.0,f,f,
Molecular Toxicology,45.6,Pass,18.87,12.56,0.0,0.0,52.3,,87.4,100.0,t,f,
"Foods, Nutrition, and Wellness Studies, General",45.6,Pass,5.50,4.70,582.0,82.5,14.5,43.1,66.6,0.0,f,f,
Biochemical Engineering,45.5,Pass,11.30,3.67,32.0,39.4,39.2,96.8,49.2,0.0,f,f,
Biochemistry and Molecular Biology,45.5,Pass,6.62,4.03,170.0,66.7,20.3,76.4,52.8,0.0,f,f,
Education/Teaching of the Gifted and Talented,45.4,Pass,,,210.0,69.2,,28.1,,0.0,f,f,
Physics Teacher Education,45.4,Pass,61.44,-1.31,57.0,48.1,77.2,43.6,8.6,0.0,f,f,
"Teacher Education and Professional Development, Specific Subject Areas, Other",45.4,Pass,13.94,0.62,918.0,87.1,46.5,17.6,17.6,0.0,f,f,
Juvenile Corrections,45.4,Pass,32.01,-2.03,30.0,38.4,66.6,90.7,2.0,0.0,f,f,
"Romance Languages, Literatures, and Linguistics, General",45.4,Pass,61.05,-1.36,77.0,52.7,75.0,41.0,6.2,0.0,f,f,
Religious Education,45.4,Pass,11.86,1.87,416.0,78.8,42.8,29.5,30.2,0.0,f,f,
"Education, Other",45.3,Pass,13.94,0.62,1148.0,89.3,46.5,12.7,17.6,0.0,f,f,
"Art History, Criticism and Conservation",45.3,Pass,7.57,2.60,768.0,85.2,27.1,37.6,39.5,0.0,f,f,
Environmental/Natural Resource Recreation and Tourism,45.3,Pass,5.50,7.70,66.0,50.1,14.5,94.2,78.5,0.0,f,f,
"Atmospheric Sciences and Meteorology, General",45.2,Pass,8.85,3.54,227.0,70.0,33.4,47.2,47.1,0.0,f,f,
Quality Control Technology/Technician,45.2,Pass,69.90,0.00,52.0,46.9,79.0,34.9,14.9,0.0,f,f,
Energy and Environmental Policy,45.1,Pass,30.62,2.58,8.0,21.5,66.1,86.0,39.2,0.0,f,f,
"Historic Preservation and Conservation, General",45.0,Pass,13.03,2.73,173.0,67.1,45.1,35.7,40.0,0.0,f,f,
Developmental Services Worker,44.9,Pass,42.74,6.02,8.0,21.5,68.8,,73.7,0.0,f,f,
Pre-Law Studies,44.8,Pass,,,42.0,42.9,,78.3,,0.0,f,f,
Social Science Teacher Education,44.8,Pass,54.65,-1.59,111.0,59.6,71.8,31.9,3.8,0.0,f,f,
Food Science,44.8,Pass,1.99,5.20,438.0,79.4,7.1,54.9,70.7,0.0,f,f,
Woodwind Instruments,44.7,Pass,15.04,1.35,88.0,55.0,47.6,68.5,24.2,0.0,f,f,
Illustration,44.6,Pass,6.82,1.85,291.0,73.2,23.2,74.2,30.0,0.0,f,f,
Spanish Language Teacher Education,44.6,Pass,54.65,-1.59,118.0,60.3,71.8,29.2,3.8,0.0,f,f,
Geological/Geophysical Engineering,44.6,Pass,11.30,3.67,125.0,61.5,39.2,46.5,49.2,0.0,f,f,
Architectural Drafting and Architectural CAD/CADD,44.6,Pass,10.00,4.10,64.0,49.6,36.0,69.6,56.6,0.0,f,f,
"Public Policy Analysis, General",44.6,Pass,3.41,3.51,2551.0,93.8,11.1,41.3,46.5,0.0,f,f,
"Agricultural Business and Management, Other",44.5,Pass,78.99,-0.96,9.0,22.9,81.9,75.5,11.3,0.0,f,f,
"Communication, Journalism, and Related Programs, Other",44.5,Pass,10.61,2.20,382.0,78.0,37.4,32.7,33.4,0.0,f,f,
"East Asian Languages, Literatures, and Linguistics, General",44.5,Pass,61.05,-1.36,76.0,52.6,75.0,35.1,6.2,0.0,f,f,
Polymer/Plastics Engineering,44.5,Pass,11.62,4.71,79.0,52.8,41.3,41.8,66.8,0.0,f,f,
Industrial Technology/Technician,44.3,Pass,6.30,1.70,625.0,83.0,18.9,64.4,27.0,0.0,f,f,
"Sports, Kinesiology, and Physical Education/Fitness, Other",44.3,Pass,,,62.0,49.1,,64.4,,0.0,f,f,
Assistive/Augmentative Technology and Rehabilitation Engineering,44.3,Pass,9.19,1.93,71.0,51.5,34.5,92.3,30.8,0.0,f,f,
Jazz/Jazz Studies,44.2,Pass,15.04,1.35,154.0,64.6,47.6,46.1,24.2,0.0,f,f,
Biophysics,44.1,Pass,8.43,6.87,62.0,49.1,31.0,57.2,76.4,0.0,f,f,
Reproductive Biology,44.0,Pass,8.40,8.30,20.0,32.9,30.1,86.0,81.0,0.0,f,f,
Ceramic Sciences and Engineering,44.0,Pass,11.62,4.71,19.0,32.3,41.3,79.1,66.8,0.0,f,f,
Oncology and Cancer Biology,43.9,Pass,8.40,8.30,47.0,44.6,30.1,62.0,81.0,0.0,f,f,
Criminal Law and Procedure,43.9,Pass,30.53,4.04,19.0,32.3,64.7,,55.0,0.0,f,f,
Cell Physiology,43.9,Pass,8.40,8.30,18.0,31.6,30.1,88.1,81.0,0.0,f,f,
Aquaculture,43.8,Pass,78.99,-0.96,29.0,37.7,81.9,41.5,11.3,0.0,f,f,
"Business/Corporate Communications, General",43.8,Pass,20.57,3.66,90.0,55.3,55.2,22.3,48.9,0.0,f,f,
Molecular Biochemistry,43.7,Pass,8.43,6.87,75.0,52.2,31.0,48.7,76.4,0.0,f,f,
"Applied Mathematics, Other",43.7,Pass,16.87,21.41,1.0,10.0,49.6,6.8,98.7,100.0,t,f,
"Agriculture, General",43.3,Pass,1.97,5.33,360.0,76.7,6.8,50.5,71.4,0.0,f,f,
Secondary School Administration/Principalship,43.3,Pass,20.80,-1.50,301.0,74.0,55.6,23.8,5.7,0.0,f,f,
"Fine/Studio Arts, General",43.3,Pass,7.23,1.15,1195.0,89.7,25.5,37.2,21.0,0.0,f,f,
"Regional Studies (U.S., Canadian, Foreign)",43.3,Pass,1.10,2.40,371.0,77.3,1.7,96.2,34.4,0.0,f,f,
Biometry/Biometrics,43.3,Pass,6.62,4.03,83.0,53.7,20.3,87.7,52.8,0.0,f,f,
Music Technology,43.2,Pass,7.11,0.89,137.0,62.7,25.0,93.3,19.6,0.0,f,f,
Automotive Engineering Technology/Technician,43.2,Pass,63.89,3.50,12.0,26.9,78.0,32.8,45.7,0.0,f,f,
Radiologist Assistant,43.2,Pass,13.90,4.55,13.0,27.9,46.4,74.0,65.7,0.0,f,f,
Engineering Mechanics,43.1,Pass,14.85,5.73,62.0,49.1,47.4,21.8,72.8,0.0,f,f,
Petroleum Engineering,43.0,Pass,11.72,4.39,150.0,63.9,42.3,14.1,60.3,0.0,f,f,
Dental Materials,43.0,Pass,26.79,16.92,0.0,0.0,62.3,0.0,95.6,100.0,t,f,
Documentary Production,43.0,Pass,10.20,3.60,36.0,41.0,36.3,84.4,47.8,0.0,f,f,
Maritime Studies,42.9,Pass,13.26,1.81,22.0,34.2,45.5,97.1,29.7,0.0,f,f,
Facilities Planning and Management,42.9,Pass,12.92,4.06,22.0,34.2,45.0,71.2,56.5,0.0,f,f,
"Animation, Interactive Technology, Video Graphics, and Special Effects",42.9,Pass,5.00,1.60,519.0,81.3,13.4,70.0,26.5,0.0,f,f,
Education/Teaching of Individuals with Autism,42.8,Pass,8.50,-0.86,261.0,72.1,32.3,63.9,12.4,0.0,f,f,
Elementary and Middle School Administration/Principalship,42.8,Pass,20.80,-1.50,375.0,77.6,55.6,13.1,5.7,0.0,f,f,
"Oceanography, Chemical and Physical",42.8,Pass,6.63,3.51,204.0,68.9,22.4,56.0,46.5,0.0,f,f,
Chemical Technology/Technician,42.7,Pass,11.11,2.58,36.0,41.0,38.8,86.0,39.2,0.0,f,f,
Hawaiian Language and Literature,42.7,Pass,61.05,-1.36,6.0,18.9,75.0,90.7,6.2,0.0,f,f,
"Physics, Other",42.6,Pass,6.51,3.61,154.0,64.6,19.4,67.9,48.1,0.0,f,f,
Brewery/Brewpub Operations/Management,42.5,Pass,42.00,6.40,3.0,14.1,68.6,,75.2,0.0,f,f,
Adult and Continuing Education Administration,42.5,Pass,3.97,3.94,249.0,71.4,11.8,65.5,51.5,0.0,f,f,
Energy Systems Installation and Repair Technology/Technician,42.5,Pass,44.75,7.45,0.0,0.0,69.2,0.0,78.3,100.0,t,f,
Peace Studies and Conflict Resolution,42.5,Pass,11.18,1.29,374.0,77.4,38.9,26.8,23.8,0.0,f,f,
Livestock Management,42.4,Pass,78.84,-1.04,3.0,14.1,81.4,81.4,10.5,0.0,f,f,
Cultural Studies/Critical Theory and Analysis,42.3,Pass,10.99,1.24,42.0,42.9,38.3,96.3,23.3,0.0,f,f,
Journalism,42.2,Pass,10.49,1.21,708.0,84.3,37.2,17.0,21.4,0.0,f,f,
Animal-Assisted Therapy,42.2,Pass,23.62,16.36,0.0,0.0,60.2,0.0,94.2,100.0,t,f,
Dental Laboratory Technology/Technician,42.2,Pass,24.85,14.92,0.0,0.0,61.2,0.0,92.1,100.0,t,f,
"Education, General",42.2,Pass,5.60,2.10,13021.0,99.2,14.9,20.6,32.6,0.0,f,f,
Astronomy,42.1,Pass,7.50,3.55,128.0,61.9,27.0,55.4,47.2,0.0,f,f,
"Water, Wetlands, and Marine Resources Management",42.1,Pass,2.37,3.43,187.0,68.0,8.7,82.1,45.1,0.0,f,f,
Space Systems Operations,41.9,Pass,,,93.0,55.9,,,,0.0,f,f,
Climate Science,41.9,Pass,7.10,3.36,91.0,55.4,24.6,75.7,43.9,0.0,f,f,
Textile Sciences and Engineering,41.7,Pass,11.62,4.71,49.0,45.7,41.3,37.2,66.8,0.0,f,f,
Ocean Engineering,41.7,Pass,11.30,3.67,69.0,50.8,39.2,48.6,49.2,0.0,f,f,
Brass Instruments,41.7,Pass,15.04,1.35,47.0,44.6,47.6,69.5,24.2,0.0,f,f,
Human Biology,41.5,Pass,6.62,4.03,40.0,42.5,20.3,98.4,52.8,0.0,f,f,
"Physical Sciences, Other",41.5,Pass,10.72,2.30,132.0,62.3,37.5,43.0,33.9,0.0,f,f,
Nanotechnology,41.5,Pass,9.30,2.10,41.0,42.5,34.7,89.5,32.6,0.0,f,f,
German Language and Literature,41.3,Pass,61.05,-1.36,64.0,49.6,75.0,20.2,6.2,0.0,f,f,
Entomology,41.2,Pass,6.62,4.03,147.0,63.5,20.3,54.3,52.8,0.0,f,f,
"Library Science, Other",41.2,Pass,,,135.0,62.6,,25.8,,0.0,f,f,
Publishing,41.2,Pass,9.80,0.60,189.0,68.1,35.8,49.3,17.3,0.0,f,f,
Photography,41.2,Pass,11.04,1.76,188.0,68.0,38.6,32.3,29.1,0.0,f,f,
"Drafting and Design Technology/Technician, General",41.2,Pass,7.33,0.30,145.0,63.2,26.4,79.4,16.3,0.0,f,f,
Large Animal/Food Animal and Equine Surgery and Medicine,41.1,Pass,21.63,15.46,0.0,0.0,57.6,0.0,92.4,100.0,t,f,
Hydrology and Water Resources Science,41.1,Pass,7.25,3.38,99.0,57.5,25.8,62.7,44.5,0.0,f,f,
Compliance Law,41.1,Pass,30.53,4.04,10.0,24.2,64.7,,55.0,0.0,f,f,
Polymer Chemistry,41.1,Pass,6.84,4.01,49.0,45.7,23.4,83.3,52.3,0.0,f,f,
"Cognitive Science, General",41.1,Pass,11.69,2.49,82.0,53.4,42.1,44.6,38.4,0.0,f,f,
Telecommunications Engineering,41.0,Pass,10.93,3.71,111.0,59.6,38.1,27.3,50.7,0.0,f,f,
"Environmental/Natural Resources Management and Policy, General",41.0,Pass,1.97,2.73,684.0,83.7,6.8,52.2,40.0,0.0,f,f,
Family and Consumer Sciences/Home Economics Teacher Education,41.0,Pass,53.92,-1.75,59.0,48.5,71.6,29.9,3.2,0.0,f,f,
Acoustics,41.0,Pass,6.51,3.61,67.0,50.4,19.4,85.7,48.1,0.0,f,f,
"Dramatic/Theatre Arts and Stagecraft, Other",41.0,Pass,10.39,3.01,61.0,48.9,36.9,60.0,41.7,0.0,f,f,
Rabbinical Studies,40.9,Pass,21.02,0.97,91.0,55.4,56.6,28.7,19.7,0.0,f,f,
"Zoology/Animal Biology, Other",40.9,Pass,6.73,4.76,22.0,34.2,23.1,90.2,67.6,0.0,f,f,
Neurobiology and Anatomy,40.9,Pass,8.43,6.87,27.0,36.6,31.0,61.1,76.4,0.0,f,f,
Ecology,40.9,Pass,6.62,4.03,186.0,67.7,20.3,43.8,52.8,0.0,f,f,
"Computer and Information Sciences and Support Services, Other",40.8,Pass,,,162.0,65.6,,18.3,,0.0,f,f,
Music Theory and Composition,40.8,Pass,7.69,1.14,298.0,73.5,27.8,49.0,20.7,0.0,f,f,
"Music, Other",40.7,Pass,13.54,1.12,172.0,66.9,46.0,25.1,20.4,0.0,f,f,
"Biochemistry, Biophysics and Molecular Biology, Other",40.7,Pass,6.62,4.03,36.0,41.0,20.3,95.6,52.8,0.0,f,f,
Optics/Optical Sciences,40.7,Pass,6.51,3.61,120.0,60.5,19.4,63.3,48.1,0.0,f,f,
"Physical Sciences, General",40.6,Pass,61.18,-1.14,36.0,41.0,77.0,24.3,10.1,0.0,f,f,
Real Estate and Land Development Law,40.6,Pass,30.53,4.04,9.0,22.9,64.7,,55.0,0.0,f,f,
Ecology and Evolutionary Biology,40.5,Pass,6.62,4.03,71.0,51.5,20.3,73.4,52.8,0.0,f,f,
Dispute Resolution,40.4,Pass,6.23,3.26,232.0,70.4,18.6,47.8,43.5,0.0,f,f,
Interior Architecture,40.4,Pass,12.12,3.56,96.0,56.4,43.4,22.0,47.4,0.0,f,f,
Radio and Television,40.3,Pass,9.61,3.08,141.0,63.1,35.5,29.0,42.3,0.0,f,f,
Animal/Livestock Husbandry and Production,40.3,Pass,78.84,-1.04,2.0,12.2,81.4,71.2,10.5,0.0,f,f,
"Science Technologies/Technicians, Other",40.2,Pass,8.40,3.50,51.0,46.3,30.1,69.7,45.7,0.0,f,f,
Laser and Optical Engineering,40.2,Pass,11.30,3.67,42.0,42.9,39.2,54.5,49.2,0.0,f,f,
Education/Teaching of Individuals in Early Childhood Special Education Programs,40.2,Pass,4.62,1.90,900.0,86.5,12.7,39.0,30.6,0.0,f,f,
Forensic Chemistry,40.1,Pass,6.84,4.01,23.0,35.2,23.4,97.5,52.3,0.0,f,f,
Comparative Law,40.1,Pass,30.53,4.04,22.0,34.2,64.7,14.5,55.0,0.0,f,f,
Online Educator/Online Teaching,40.1,Pass,72.23,-1.86,24.0,35.7,79.2,35.3,2.1,0.0,f,f,
Urban Education and Leadership,40.0,Pass,4.10,2.50,384.0,78.1,12.1,47.5,38.6,0.0,f,f,
Radiation Protection/Health Physics Technician,40.0,Pass,20.94,12.41,0.0,0.0,56.4,0.0,87.1,100.0,t,f,
"Dance, General",40.0,Pass,8.09,2.09,202.0,68.7,29.5,37.9,32.4,0.0,f,f,
"Administrative Assistant and Secretarial Science, General",39.6,Pass,160.93,-1.09,1.0,10.0,97.1,,10.3,0.0,f,f,
Industrial and Product Design,39.6,Pass,15.50,2.06,95.0,56.1,48.5,22.6,32.3,0.0,f,f,
Administration of Special Education,39.6,Pass,4.10,2.50,110.0,59.4,12.1,82.4,38.6,0.0,f,f,
Mathematical Biology,39.6,Pass,16.78,21.02,0.0,0.0,49.3,0.0,98.4,100.0,t,f,
Sign Language Interpretation and Translation,39.6,Pass,6.90,1.70,70.0,51.1,23.8,86.9,27.0,0.0,f,f,
Executive Assistant/Executive Secretary,39.6,Pass,160.93,-1.09,1.0,10.0,97.1,,10.3,0.0,f,f,
Astrophysics,39.6,Pass,6.59,3.64,49.0,45.7,20.3,83.3,48.8,0.0,f,f,
"American Indian/Native American Languages, Literatures, and Linguistics",39.5,Pass,61.05,-1.36,7.0,20.2,75.0,66.8,6.2,0.0,f,f,
Investments and Securities,39.5,Pass,30.11,4.45,19.0,32.3,64.5,7.6,62.1,0.0,f,f,
Italian Language and Literature,39.4,Pass,61.05,-1.36,38.0,42.1,75.0,22.3,6.2,0.0,f,f,
"Natural Resources/Conservation, General",39.4,Pass,2.87,0.07,765.0,85.1,10.1,56.7,15.5,0.0,f,f,
Linguistics of ASL and Other Sign Languages,39.3,Pass,55.76,-0.96,10.0,24.2,73.6,55.0,11.3,0.0,f,f,
"Educational Administration and Supervision, Other",39.3,Pass,4.10,2.50,911.0,86.7,12.1,25.5,38.6,0.0,f,f,
Fire Science/Fire-fighting,39.3,Pass,21.89,3.41,16.0,30.1,58.7,,45.0,0.0,f,f,
Immunology,39.2,Pass,8.43,6.87,26.0,36.4,31.0,50.1,76.4,0.0,f,f,
"Journalism, Other",39.2,Pass,3.51,-1.38,427.0,79.1,11.3,74.6,6.0,0.0,f,f,
"Agricultural Production Operations, General",39.1,Pass,78.99,-0.96,11.0,25.5,81.9,34.6,11.3,0.0,f,f,
Technical Theatre/Theatre Design and Technology,39.1,Pass,7.68,1.82,150.0,63.9,27.7,47.6,29.9,0.0,f,f,
Earth Systems Science,39.1,Pass,59.97,-1.05,8.0,21.5,74.8,57.5,10.4,0.0,f,f,
Acupuncture and Oriental Medicine,39.0,Pass,1.99,3.30,878.0,86.3,7.1,29.4,43.6,0.0,f,f,
"Special Education and Teaching, Other",39.0,Pass,4.64,1.75,529.0,81.7,12.8,42.4,28.5,0.0,f,f,
Naval Architecture and Marine Engineering,38.9,Pass,12.14,4.66,35.0,40.2,43.6,25.1,66.3,0.0,f,f,
"Wildlife, Fish and Wildlands Science and Management",38.9,Pass,2.01,2.74,226.0,69.9,8.3,62.5,40.5,0.0,f,f,
Computer Hardware Engineering,38.9,Pass,10.74,5.23,57.0,48.1,37.6,16.7,71.1,0.0,f,f,
Superintendency and Educational System Administration,38.9,Pass,15.87,-1.19,232.0,70.4,48.8,11.2,9.8,0.0,f,f,
Agricultural Teacher Education,38.9,Pass,7.11,0.19,318.0,74.7,25.0,44.1,15.7,0.0,f,f,
"Writing, General",38.9,Pass,12.48,2.04,79.0,52.8,44.1,33.5,31.8,0.0,f,f,
"Bilingual, Multilingual, and Multicultural Education, Other",38.8,Pass,5.00,-3.48,169.0,66.4,13.4,98.0,1.3,0.0,f,f,
Insurance,38.7,Pass,33.55,-0.04,48.0,45.3,67.0,18.4,14.8,0.0,f,f,
Rhetoric and Composition,38.6,Pass,12.48,2.04,124.0,61.4,44.1,14.5,31.8,0.0,f,f,
Medical Insurance Specialist/Medical Biller,38.6,Pass,77.73,4.12,0.0,0.0,80.8,,57.1,0.0,f,f,
International Policy Analysis,38.6,Pass,3.62,2.93,102.0,58.0,11.6,77.2,41.1,0.0,f,f,
Chinese Language and Literature,38.5,Pass,61.05,-1.36,28.0,37.3,75.0,25.9,6.2,0.0,f,f,
Metallurgical Engineering,38.4,Pass,11.62,4.71,29.0,37.7,41.3,31.2,66.8,0.0,f,f,
Actuarial Science,38.4,Pass,7.46,2.24,232.0,70.4,26.9,27.8,33.8,0.0,f,f,
"Science, Technology and Society",38.4,Pass,11.69,2.49,82.0,53.4,42.1,26.4,38.4,0.0,f,f,
Recording Arts Technology/Technician,38.4,Pass,5.76,2.68,69.0,50.8,17.4,79.6,39.8,0.0,f,f,
"Foods, Nutrition, and Related Services, Other",38.4,Pass,6.00,5.43,38.0,42.1,18.0,64.3,71.8,0.0,f,f,
"Geological and Earth Sciences/Geosciences, Other",38.2,Pass,6.63,3.51,134.0,62.5,22.4,38.5,46.5,0.0,f,f,
"Genetics, General",38.1,Pass,6.66,3.99,79.0,52.8,22.8,51.3,51.8,0.0,f,f,
Applied Linguistics,38.1,Pass,5.60,1.21,98.0,57.2,14.9,88.7,21.4,0.0,f,f,
Wildlife Biology,38.1,Pass,7.71,3.16,28.0,37.3,28.2,80.0,42.9,0.0,f,f,
"Rhetoric and Composition/Writing Studies, Other",38.0,Pass,10.26,1.72,17.0,30.9,36.5,90.4,27.9,0.0,f,f,
Astronautical Engineering,37.9,Pass,10.79,4.94,8.0,21.5,37.8,64.6,69.3,0.0,f,f,
Planetary Astronomy and Science,37.9,Pass,7.50,3.55,21.0,33.6,27.0,84.0,47.2,0.0,f,f,
"Public Administration and Social Service Professions, Other",37.8,Pass,,,155.0,65.1,,8.3,,0.0,f,f,
Percussion Instruments,37.8,Pass,15.04,1.35,15.0,29.2,47.6,73.9,24.2,0.0,f,f,
Interior Design,37.8,Pass,6.99,3.06,225.0,69.9,24.1,21.5,42.2,0.0,f,f,
Chaplain/Chaplaincy Studies,37.8,Pass,18.24,1.24,30.0,38.4,50.9,49.8,23.3,0.0,f,f,
Accounting Technology/Technician and Bookkeeping,37.8,Pass,148.69,-6.24,1.0,10.0,96.6,,0.8,0.0,f,f,
Zoology/Animal Biology,37.8,Pass,7.89,4.57,75.0,52.2,29.0,24.1,65.8,0.0,f,f,
"Fire Protection, Other",37.8,Pass,22.57,3.40,11.0,25.5,59.4,,44.6,0.0,f,f,
Trade and Industrial Teacher Education,37.8,Pass,7.11,0.19,263.0,72.1,25.0,41.9,15.7,0.0,f,f,
"Microbiological Sciences and Immunology, Other",37.7,Pass,6.69,4.99,33.0,39.9,22.9,55.5,70.0,0.0,f,f,
Dairy Science,37.7,Pass,78.36,-0.92,10.0,24.2,81.1,28.6,11.9,0.0,f,f,
Talmudic Studies,37.7,Pass,2.00,0.70,579.0,82.4,7.4,53.5,18.3,0.0,f,f,
"Business/Corporate Communications, Other",37.6,Pass,20.57,3.66,12.0,26.9,55.2,,48.9,0.0,f,f,
"Heating, Ventilation, Air Conditioning and Refrigeration Engineering Technology/Technician",37.6,Pass,35.40,7.20,0.0,0.0,67.5,,78.1,0.0,f,f,
Architectural Technology/Technician,37.5,Pass,10.00,4.10,9.0,22.9,36.0,75.5,56.6,0.0,f,f,
"Homeland Security, Other",37.5,Pass,5.18,2.38,60.0,48.6,14.0,90.7,34.1,0.0,f,f,
"Human Development and Family Studies, General",37.5,Pass,0.20,3.40,566.0,82.0,0.2,40.8,44.6,0.0,f,f,
"Visual and Performing Arts, Other",37.5,Pass,9.00,1.70,206.0,69.1,33.5,18.1,27.0,0.0,f,f,
Agricultural Animal Breeding,37.4,Pass,83.23,-1.25,8.0,21.5,82.8,31.7,9.2,0.0,f,f,
"Materials Sciences, Other",37.4,Pass,11.36,2.56,6.0,18.9,40.8,90.7,39.2,0.0,f,f,
Evolutionary Biology,37.4,Pass,6.62,4.03,29.0,37.7,20.3,80.7,52.8,0.0,f,f,
Brewing Science,37.3,Pass,18.36,4.27,11.0,25.5,51.1,,58.2,0.0,f,f,
Water Resources Engineering,37.3,Pass,17.92,4.03,29.0,37.7,50.6,19.1,52.8,0.0,f,f,
Food Technology and Processing,37.3,Pass,2.35,5.53,21.0,33.6,8.6,92.1,72.3,0.0,f,f,
Environmental/Natural Resources Law Enforcement and Protective Services,37.2,Pass,41.59,3.14,4.0,15.9,68.2,,42.5,0.0,f,f,
Geotechnical and Geoenvironmental Engineering,37.2,Pass,17.92,4.03,14.0,28.4,50.6,,52.8,0.0,f,f,
CAD/CADD Drafting and/or Design Technology/Technician,37.2,Pass,7.33,0.30,43.0,43.4,26.4,92.4,16.3,0.0,f,f,
General Literature,37.1,Pass,10.26,1.72,31.0,39.1,36.5,68.4,27.9,0.0,f,f,
Range Science and Management,37.1,Pass,80.87,-0.99,15.0,29.2,82.4,13.2,11.2,0.0,f,f,
Signal/Geospatial Intelligence,37.1,Pass,9.19,1.61,20.0,32.9,34.5,86.0,26.6,0.0,f,f,
Directing and Theatrical Production,37.1,Pass,10.39,3.01,63.0,49.3,36.9,33.4,41.7,0.0,f,f,
Automobile/Automotive Mechanics Technology/Technician,37.0,Pass,68.54,3.99,0.0,0.0,78.9,,51.8,0.0,f,f,
Animal Behavior and Ethology,37.0,Pass,7.71,3.16,18.0,31.6,28.2,84.4,42.9,0.0,f,f,
Sports Studies,36.9,Pass,1.10,2.40,172.0,66.9,1.7,74.7,34.4,0.0,f,f,
Surveying Engineering,36.9,Pass,11.18,3.25,12.0,26.9,38.9,71.2,43.4,0.0,f,f,
Plant Pathology/Phytopathology,36.8,Pass,6.62,4.03,72.0,51.7,20.3,48.4,52.8,0.0,f,f,
Acting,36.6,Pass,8.14,1.26,151.0,64.2,29.8,32.0,23.7,0.0,f,f,
Botany/Plant Biology,36.6,Pass,6.62,4.03,88.0,55.0,20.3,40.9,52.8,0.0,f,f,
Music Management,36.5,Pass,7.69,1.14,156.0,65.4,27.8,,20.7,0.0,f,f,
Education Policy Analysis,36.4,Pass,4.87,1.71,67.0,50.4,13.2,87.9,27.8,0.0,f,f,
"Liberal Arts and Sciences, General Studies and Humanities, Other",36.3,Pass,,,131.0,62.1,,9.0,,0.0,f,f,
Computer Teacher Education,36.2,Pass,54.65,-1.59,43.0,43.4,71.8,7.2,3.8,0.0,f,f,
Philosophy,36.2,Pass,2.00,0.70,722.0,84.5,7.4,39.5,18.3,0.0,f,f,
Multicultural Education,36.2,Pass,12.42,-1.55,87.0,54.7,43.9,38.5,5.4,0.0,f,f,
Linguistics,36.1,Pass,5.60,1.21,499.0,80.8,14.9,27.9,21.4,0.0,f,f,
"Foreign Languages, Literatures, and Linguistics, Other",36.1,Pass,61.05,-1.36,23.0,35.2,75.0,13.9,6.2,0.0,f,f,
Children and Youth Library Services,36.0,Pass,13.05,1.75,20.0,32.9,45.3,55.0,28.5,0.0,f,f,
"Medical Clinical Sciences/Graduate Medical Studies, Other",36.0,Pass,9.60,8.70,11.0,25.5,35.4,,82.3,0.0,f,f,
Hebrew Language and Literature,35.9,Pass,61.05,-1.36,15.0,29.2,75.0,24.6,6.2,0.0,f,f,
Language Interpretation and Translation,35.8,Pass,5.60,1.21,195.0,68.4,14.9,50.9,21.4,0.0,f,f,
"East Asian Languages, Literatures, and Linguistics, Other",35.7,Pass,61.05,-1.36,16.0,30.1,75.0,21.6,6.2,0.0,f,f,
"Plant Sciences, Other",35.7,Pass,1.39,4.96,64.0,49.6,6.0,57.5,69.6,0.0,f,f,
Healthcare Environment Design/Architecture,35.6,Pass,12.12,3.56,4.0,15.9,43.4,71.2,47.4,0.0,f,f,
Paper Science and Engineering,35.6,Pass,11.30,3.67,3.0,14.1,39.2,81.4,49.2,0.0,f,f,
Law Enforcement Intelligence Analysis,35.5,Pass,7.00,-0.37,51.0,46.3,24.2,81.4,14.1,0.0,f,f,
Landscaping and Groundskeeping,35.5,Pass,134.08,3.40,0.0,0.0,96.1,0.0,44.6,0.0,f,f,
"Chemistry, Other",35.5,Pass,6.84,4.01,56.0,48.1,23.4,41.3,52.3,0.0,f,f,
"Visual and Performing Arts, General",35.4,Pass,10.26,1.49,92.0,55.7,36.5,26.5,25.4,0.0,f,f,
Forest Sciences and Biology,35.4,Pass,1.97,2.73,135.0,62.6,6.8,57.0,40.0,0.0,f,f,
Technical and Scientific Communication,35.4,Pass,7.14,0.94,51.0,46.3,25.4,72.8,19.7,0.0,f,f,
"Engineering Technologies/Technicians, General",35.3,Pass,6.70,1.20,221.0,69.7,23.0,28.8,21.3,0.0,f,f,
Conducting,35.3,Pass,7.69,1.14,107.0,58.9,27.8,41.2,20.7,0.0,f,f,
"Food Science and Technology, Other",35.3,Pass,1.99,5.20,52.0,46.9,7.1,56.6,70.7,0.0,f,f,
"Romance Languages, Literatures, and Linguistics, Other",35.2,Pass,61.05,-1.36,20.0,32.9,75.0,12.4,6.2,0.0,f,f,
"Soil Science and Agronomy, General",35.0,Pass,1.95,4.71,104.0,58.3,6.7,36.3,66.8,0.0,f,f,
Environmental Chemistry,35.0,Pass,7.82,4.29,4.0,15.9,28.6,86.0,58.3,0.0,f,f,
International/Globalization Studies,34.7,Pass,1.26,0.55,827.0,86.0,5.6,31.0,17.1,0.0,f,f,
Biomedical Technology/Technician,34.7,Pass,5.97,6.96,4.0,15.9,17.8,86.0,77.6,0.0,f,f,
Engineering Chemistry,34.7,Pass,11.30,3.67,23.0,35.2,39.2,33.6,49.2,0.0,f,f,
Retailing and Retail Operations,34.7,Pass,119.37,-1.04,1.0,10.0,95.4,10.3,10.5,0.0,f,f,
Natural Sciences,34.6,Pass,10.72,2.30,69.0,50.8,37.5,20.2,33.9,0.0,f,f,
Selling Skills and Sales Operations,34.5,Pass,113.46,-1.13,1.0,10.0,95.0,9.6,10.2,0.0,f,f,
"Business Operations Support and Secretarial Services, Other",34.5,Pass,108.20,3.00,0.0,0.0,94.2,0.0,41.6,0.0,f,f,
"Cell/Cellular Biology and Anatomical Sciences, Other",34.4,Pass,6.62,4.03,82.0,53.4,20.3,29.4,52.8,0.0,f,f,
Architectural Engineering Technologies/Technicians,34.4,Pass,7.60,2.84,64.0,49.6,27.3,,40.9,0.0,f,f,
Japanese Language and Literature,34.3,Pass,61.05,-1.36,14.0,28.4,75.0,15.8,6.2,0.0,f,f,
Medical/Health Humanities,34.3,Pass,10.77,1.21,38.0,42.1,37.7,47.6,21.4,0.0,f,f,
Parasitology,34.2,Pass,8.43,6.87,4.0,15.9,31.0,57.5,76.4,0.0,f,f,
"Parts, Warehousing, and Inventory Management Operations",34.2,Pass,34.10,-1.80,6.0,18.9,67.1,53.2,2.9,0.0,f,f,
"Practical Nursing, Vocational Nursing and Nursing Assistants, Other",34.2,Pass,157.51,2.39,0.0,0.0,96.7,0.0,34.3,0.0,f,f,
Youth Ministry,34.2,Pass,19.81,1.38,30.0,38.4,53.9,18.5,24.8,0.0,f,f,
"Accounting and Related Services, Other",34.0,Pass,,,97.0,56.7,,11.2,,0.0,f,f,
Manufacturing Engineering Technology/Technician,33.9,Pass,6.30,1.70,89.0,55.2,18.9,51.0,27.0,0.0,f,f,
Thanatology,33.9,Pass,16.97,5.41,1.0,10.0,50.1,,71.7,0.0,f,f,
"Germanic Languages, Literatures, and Linguistics, General",33.9,Pass,61.05,-1.36,12.0,26.9,75.0,16.0,6.2,0.0,f,f,
Education/Teaching of Individuals with Specific Learning Disabilities,33.9,Pass,8.50,-0.86,154.0,64.6,32.3,20.0,12.4,0.0,f,f,
"Mathematics, Other",33.8,Pass,6.92,3.14,31.0,39.1,23.9,56.5,42.5,0.0,f,f,
"Astronomy and Astrophysics, Other",33.8,Pass,6.82,3.43,13.0,27.9,23.2,77.8,45.1,0.0,f,f,
"General Merchandising, Sales, and Related Marketing Operations, Other",33.7,Pass,110.22,-2.21,0.0,0.0,94.4,,1.9,0.0,f,f,
Photojournalism,33.7,Pass,9.34,1.04,18.0,31.6,35.0,71.2,20.1,0.0,f,f,
International School Administration/Leadership,33.5,Pass,16.69,-0.52,5.0,17.3,49.1,76.9,13.7,0.0,f,f,
"Chemical Engineering, Other",33.5,Pass,11.64,4.47,8.0,21.5,41.7,,63.6,0.0,f,f,
Social and Philosophical Foundations of Education,33.5,Pass,5.60,2.10,259.0,71.9,14.9,16.8,32.6,0.0,f,f,
"Computer Programming, Other",33.5,Pass,5.50,-6.00,74.0,51.9,14.5,89.7,0.9,0.0,f,f,
Transportation and Infrastructure Planning/Studies,33.3,Pass,15.47,5.58,4.0,15.9,48.4,20.7,72.6,0.0,f,f,
Intercultural/Multicultural and Diversity Studies,33.3,Pass,2.65,-0.62,133.0,62.4,9.9,64.0,13.5,0.0,f,f,
Costume Design,33.3,Pass,7.84,1.75,11.0,25.5,28.7,84.8,28.5,0.0,f,f,
Solar Energy Technology/Technician,33.3,Pass,5.22,13.61,3.0,14.1,14.2,10.3,88.7,100.0,t,f,
"Historic Preservation and Conservation, Other",33.3,Pass,13.03,2.73,7.0,20.2,45.1,51.5,40.0,0.0,f,f,
"Fine Arts and Art Studies, Other",33.2,Pass,7.23,1.15,154.0,64.6,25.5,19.8,21.0,0.0,f,f,
Painting,33.1,Pass,7.02,1.30,130.0,62.0,24.4,23.9,23.9,0.0,f,f,
Speech Teacher Education,33.1,Pass,54.65,-1.59,17.0,30.9,71.8,11.5,3.8,0.0,f,f,
Oral Biology and Oral and Maxillofacial Pathology,33.1,Pass,0.20,0.30,155.0,65.1,0.2,73.5,16.3,0.0,f,f,
East Asian Studies,33.1,Pass,1.10,2.40,166.0,66.1,1.7,50.4,34.4,0.0,f,f,
Game and Interactive Media Design,33.0,Pass,11.48,1.75,50.0,46.2,41.0,17.4,28.5,0.0,f,f,
Agricultural and Extension Education Services,33.0,Pass,1.10,-2.50,177.0,67.2,1.7,80.3,1.7,0.0,f,f,
Geophysics and Seismology,32.9,Pass,6.63,3.51,67.0,50.4,22.4,27.3,46.5,0.0,f,f,
Environmental Geosciences,32.9,Pass,53.97,-0.07,3.0,14.1,71.7,,14.7,0.0,f,f,
"Architectural Sciences and Technology, Other",32.9,Pass,9.14,3.90,15.0,29.2,34.1,41.5,51.4,0.0,f,f,
Fashion/Apparel Design,32.9,Pass,7.84,1.75,96.0,56.4,28.7,20.3,28.5,0.0,f,f,
Industrial Safety Technology/Technician,32.9,Pass,11.79,8.60,7.0,20.2,42.6,11.7,82.1,0.0,f,f,
Christian Studies,32.8,Pass,2.00,0.70,245.0,71.3,7.4,43.1,18.3,0.0,f,f,
Russian Language and Literature,32.8,Pass,61.05,-1.36,8.0,21.5,75.0,19.5,6.2,0.0,f,f,
Education/Teaching of Individuals with Vision Impairments Including Blindness,32.7,Pass,8.50,-0.86,88.0,55.0,32.3,30.7,12.4,0.0,f,f,
Intermedia/Multimedia,32.6,Pass,9.69,2.75,26.0,36.4,35.7,32.3,40.6,0.0,f,f,
Education/Teaching of Individuals with Hearing Impairments Including Deafness,32.6,Pass,8.79,-0.94,96.0,56.4,33.2,26.6,11.8,0.0,f,f,
"Applied Horticulture/Horticulture Operations, General",32.6,Pass,117.76,1.65,0.0,0.0,95.2,0.0,26.6,0.0,f,f,
Ornamental Horticulture,32.6,Pass,117.76,1.65,0.0,0.0,95.2,0.0,26.6,0.0,f,f,
Farm/Farm and Ranch Management,32.5,Pass,78.84,-1.04,3.0,14.1,81.4,15.3,10.5,0.0,f,f,
Jewish/Judaic Studies,32.5,Pass,1.10,2.40,99.0,57.5,1.7,64.0,34.4,0.0,f,f,
French Language Teacher Education,32.4,Pass,54.65,-1.59,13.0,27.9,71.8,13.1,3.8,0.0,f,f,
Women's Studies,32.4,Pass,1.10,2.40,180.0,67.5,1.7,43.4,34.4,0.0,f,f,
"Dance, Other",32.4,Pass,8.09,2.09,7.0,20.2,29.5,84.0,32.4,0.0,f,f,
Molecular Genetics,32.4,Pass,6.62,4.03,22.0,34.2,20.3,54.2,52.8,0.0,f,f,
Holistic/Integrative Health,32.3,Pass,2.40,2.00,28.0,37.3,8.9,92.1,30.9,0.0,f,f,
Licensed Practical/Vocational Nurse Training,32.3,Pass,54.40,2.60,0.0,0.0,71.8,,39.5,0.0,f,f,
"Music History, Literature, and Theory",32.2,Pass,9.00,1.70,38.0,42.1,33.5,36.5,27.0,0.0,f,f,
"Botany/Plant Biology, Other",32.2,Pass,6.62,4.03,15.0,29.2,20.3,62.7,52.8,0.0,f,f,
"Atmospheric Sciences and Meteorology, Other",32.2,Pass,7.10,3.36,8.0,21.5,24.6,78.5,43.9,0.0,f,f,
Trauma Counseling,32.1,Pass,,,4.0,15.9,,86.0,,0.0,f,f,
Movement Therapy and Movement Education,32.1,Pass,4.10,11.50,16.0,30.1,12.1,44.6,84.9,0.0,f,f,
Education/Teaching of Individuals with Traumatic Brain Injuries,32.1,Pass,8.50,-0.86,31.0,39.1,32.3,58.6,12.4,0.0,f,f,
Mathematical Economics,31.9,Pass,6.27,4.42,8.0,21.5,18.7,71.2,60.9,0.0,f,f,
Education/Teaching of Individuals with Speech or Language Impairments,31.7,Pass,8.50,-0.86,106.0,58.7,32.3,17.0,12.4,0.0,f,f,
"Philosophy and Religious Studies, General",31.6,Pass,2.00,0.70,36.0,41.0,7.4,95.6,18.3,0.0,f,f,
Aquatic Biology/Limnology,31.6,Pass,6.66,3.99,9.0,22.9,22.8,67.4,51.8,0.0,f,f,
Environmental Design/Architecture,31.5,Pass,11.41,3.82,22.0,34.2,40.8,8.9,51.0,0.0,f,f,
Environmental Biology,31.5,Pass,4.64,4.14,47.0,44.6,12.8,38.0,57.5,0.0,f,f,
Systematic Biology/Biological Systematics,31.5,Pass,5.11,4.30,5.0,17.3,13.9,89.1,58.7,0.0,f,f,
Musicology and Ethnomusicology,31.4,Pass,7.69,1.14,53.0,47.3,27.8,38.3,20.7,0.0,f,f,
Business and Innovation/Entrepreneurship Teacher Education,31.4,Pass,7.76,1.48,86.0,54.5,28.3,18.5,25.2,0.0,f,f,
"Forestry, General",31.3,Pass,5.94,1.19,155.0,65.1,17.6,22.2,21.3,0.0,f,f,
Advertising,31.1,Pass,2.44,0.25,242.0,71.2,9.7,29.5,16.1,0.0,f,f,
Catholic Studies,31.1,Pass,1.10,2.40,35.0,40.2,1.7,89.1,34.4,0.0,f,f,
Legal Administrative Assistant/Secretary,31.0,Pass,19.60,-5.80,21.0,33.6,53.6,,1.0,0.0,f,f,
"Alternative and Complementary Medicine and Medical Systems, General",31.0,Pass,2.40,2.00,34.0,39.9,8.9,78.1,30.9,0.0,f,f,
"Animal Sciences, Other",31.0,Pass,78.84,-1.04,1.0,10.0,81.4,13.2,10.5,0.0,f,f,
Religion/Religious Studies,30.9,Pass,2.00,0.70,331.0,75.3,7.4,22.3,18.3,0.0,f,f,
Public Horticulture,30.8,Pass,84.27,-1.32,0.0,0.0,82.9,,8.5,0.0,f,f,
Sculpture,30.8,Pass,7.30,1.25,55.0,47.8,25.9,34.6,23.4,0.0,f,f,
Adult Development and Aging,30.7,Pass,3.49,1.81,41.0,42.5,11.3,67.1,29.7,0.0,f,f,
Technical Teacher Education,30.7,Pass,7.11,0.19,111.0,59.6,25.0,19.6,15.7,0.0,f,f,
"Ancient Near Eastern and Biblical Languages, Literatures, and Linguistics",30.6,Pass,5.60,1.21,37.0,41.8,14.9,69.1,21.4,0.0,f,f,
Pre-Theology/Pre-Ministerial Studies,30.6,Pass,21.02,0.97,7.0,20.2,56.6,,19.7,0.0,f,f,
Securities Services Administration/Management,30.6,Pass,5.18,2.38,117.0,60.1,14.0,21.7,34.1,0.0,f,f,
Neurobiology and Behavior,30.5,Pass,8.43,6.87,11.0,25.5,31.0,14.0,76.4,0.0,f,f,
Latin Language and Literature,30.4,Pass,61.05,-1.36,5.0,17.3,75.0,11.7,6.2,0.0,f,f,
French Studies,30.4,Pass,1.10,2.40,27.0,36.6,1.7,91.9,34.4,0.0,f,f,
Commercial and Advertising Art,30.4,Pass,17.43,2.15,16.0,30.1,50.3,8.5,33.3,0.0,f,f,
"English Language and Literature/Letters, Other",30.3,Pass,5.10,0.00,131.0,62.1,13.5,35.8,14.9,0.0,f,f,
Wildland/Forest Firefighting and Investigation,30.2,Pass,26.88,3.49,0.0,0.0,62.9,,45.5,0.0,f,f,
Comparative Literature,30.2,Pass,5.10,0.00,122.0,61.2,13.5,36.9,14.9,0.0,f,f,
Culinary Science/Culinology,30.2,Pass,30.14,5.44,0.0,0.0,64.6,0.0,71.9,0.0,f,f,
"Allied Health and Medical Assisting Services, Other",30.2,Pass,14.40,3.50,12.0,26.9,46.8,8.1,45.7,0.0,f,f,
Paleontology,30.1,Pass,6.63,3.51,3.0,14.1,22.4,81.4,46.5,0.0,f,f,
Viticulture and Enology,30.1,Pass,75.67,-1.21,0.0,0.0,80.6,,9.6,0.0,f,f,
"Teaching English or French as a Second or Foreign Language, Other",30.1,Pass,72.23,-1.86,2.0,12.2,79.2,16.0,2.1,0.0,f,f,
American/United States Studies/Civilization,30.0,Pass,1.10,2.40,165.0,65.9,1.7,30.5,34.4,0.0,f,f,
Meteorology,29.8,Pass,7.10,3.36,32.0,39.4,24.6,26.7,43.9,0.0,f,f,
"Hispanic and Latin American Languages, Literatures, and Linguistics, General",29.8,Pass,5.60,1.21,35.0,40.2,14.9,66.8,21.4,0.0,f,f,
Robotics Technology/Technician,29.7,Pass,1.30,1.10,41.0,42.5,5.7,81.1,20.3,0.0,f,f,
Applied and Professional Ethics,29.6,Pass,2.00,0.70,44.0,43.9,7.4,76.5,18.3,0.0,f,f,
Musical Theatre,29.5,Pass,14.22,2.64,7.0,20.2,46.7,23.0,39.7,0.0,f,f,
Women's Ministry,29.4,Pass,12.75,1.52,11.0,25.5,44.6,,26.2,0.0,f,f,
Religious/Sacred Music,29.3,Pass,3.46,0.07,107.0,58.9,11.2,39.9,15.5,0.0,f,f,
Agricultural Business Technology/Technician,29.3,Pass,111.44,-1.38,0.0,0.0,94.5,0.0,6.0,0.0,f,f,
Plant Genetics,29.3,Pass,6.62,4.03,9.0,22.9,20.3,56.3,52.8,0.0,f,f,
American Indian/Native American Studies,29.3,Pass,1.10,2.40,65.0,50.0,1.7,57.4,34.4,0.0,f,f,
Printmaking,29.1,Pass,7.30,1.25,42.0,42.9,25.9,32.8,23.4,0.0,f,f,
Disability Studies,29.1,Pass,1.10,2.40,53.0,47.3,1.7,61.3,34.4,0.0,f,f,
Environmental/Environmental Engineering Technology/Technician,29.0,Pass,4.51,3.32,51.0,46.3,12.6,31.8,43.8,0.0,f,f,
Business Family and Consumer Sciences/Human Sciences,29.0,Pass,0.92,-1.29,47.0,44.6,0.8,94.1,8.7,0.0,f,f,
Transpersonal/Spiritual Psychology,28.9,Pass,3.95,3.96,15.0,29.2,11.8,59.2,51.6,0.0,f,f,
"Parks, Recreation, and Leisure Studies",28.8,Pass,1.10,2.40,164.0,65.7,1.7,23.1,34.4,0.0,f,f,
"Neurobiology and Neurosciences, Other",28.7,Pass,8.43,6.87,2.0,12.2,31.0,,76.4,0.0,f,f,
Aerospace Physiology and Medicine,28.7,Pass,8.43,6.87,2.0,12.2,31.0,,76.4,0.0,f,f,
Psychology Teacher Education,28.6,Pass,63.35,-1.36,0.0,0.0,77.9,,6.2,0.0,f,f,
Korean Language and Literature,28.6,Pass,61.05,-1.36,2.0,12.2,75.0,10.3,6.2,0.0,f,f,
Herbalism/Herbalist,28.6,Pass,2.50,2.80,28.0,37.3,9.7,55.7,40.7,0.0,f,f,
"Architectural History and Criticism, General",28.6,Pass,7.60,3.85,19.0,32.3,27.3,20.0,51.3,0.0,f,f,
Fishing and Fisheries Sciences and Management,28.5,Pass,7.07,0.72,48.0,45.3,24.5,31.0,19.2,0.0,f,f,
Aeronautical/Aerospace Engineering Technology/Technician,28.5,Pass,2.87,-3.90,74.0,51.9,10.1,64.9,1.2,0.0,f,f,
"Soil Sciences, Other",28.5,Pass,1.39,4.96,14.0,28.4,6.0,51.5,69.6,0.0,f,f,
Agricultural Economics,28.4,Pass,0.98,2.23,184.0,67.6,1.3,17.8,33.6,0.0,f,f,
Latin American Studies,28.2,Pass,1.10,2.40,148.0,63.7,1.7,22.8,34.4,0.0,f,f,
Ceramic Arts and Ceramics,28.1,Pass,7.30,1.25,36.0,41.0,25.9,30.2,23.4,0.0,f,f,
Virology,28.0,Pass,8.43,6.87,1.0,10.0,31.0,,76.4,0.0,f,f,
Architectural Design,28.0,Pass,11.66,3.78,5.0,17.3,41.9,17.5,50.8,0.0,f,f,
Ayurvedic Medicine/Ayurveda,27.9,Pass,2.40,2.00,87.0,54.7,8.9,,30.9,0.0,f,f,
Aircraft Powerplant Technology/Technician,27.9,Pass,9.65,0.41,23.0,35.2,35.6,,16.7,0.0,f,f,
Latin Teacher Education,27.9,Pass,55.95,-1.72,2.0,12.2,73.9,10.3,3.4,0.0,f,f,
Analytical Chemistry,27.7,Pass,7.32,4.12,15.0,29.2,26.1,16.9,57.1,0.0,f,f,
Education/Teaching of Individuals Who are Developmentally Delayed,27.7,Pass,8.50,-0.86,53.0,47.3,32.3,12.8,12.4,0.0,f,f,
Patent Law,27.7,Pass,30.53,4.04,0.0,0.0,64.7,0.0,55.0,0.0,f,f,
Indian/Native American Education,27.6,Pass,13.94,0.62,9.0,22.9,46.5,,17.6,0.0,f,f,
Traditional Chinese Medicine and Chinese Herbology,27.6,Pass,2.60,3.60,70.0,51.1,9.8,14.5,47.8,0.0,f,f,
Ethics,27.6,Pass,2.00,0.70,50.0,46.2,7.4,58.7,18.3,0.0,f,f,
Chemical Process Technology,27.5,Pass,11.59,3.45,3.0,14.1,41.2,,45.4,0.0,f,f,
Ancient/Classical Greek Language and Literature,27.5,Pass,61.05,-1.36,1.0,10.0,75.0,7.3,6.2,0.0,f,f,
Automation Engineer Technology/Technician,27.4,Pass,7.42,0.67,5.0,17.3,26.6,76.9,18.1,0.0,f,f,
Holocaust and Related Studies,27.4,Pass,2.36,-0.45,21.0,33.6,8.7,84.0,13.9,0.0,f,f,
Molecular Physiology,27.2,Pass,8.40,8.30,3.0,14.1,30.1,12.0,81.0,0.0,f,f,
Banking and Financial Support Services,27.2,Pass,21.68,-9.60,14.0,28.4,58.2,7.8,0.5,0.0,f,f,
Engineering Acoustics,27.2,Pass,5.70,1.50,8.0,21.5,16.9,78.5,25.7,0.0,f,f,
Critical Incident Response/Special Police Operations,27.1,Pass,44.87,3.04,0.0,0.0,69.3,0.0,42.1,0.0,f,f,
Protective Services Operations,27.1,Pass,43.68,3.20,0.0,0.0,68.9,0.0,43.0,0.0,f,f,
Broadcast Journalism,27.0,Pass,10.49,1.21,25.0,36.0,37.2,12.2,21.4,0.0,f,f,
"Religious Music and Worship, Other",27.0,Pass,12.75,1.52,1.0,10.0,44.6,44.6,26.2,0.0,f,f,
Early Childhood Program Administration,27.0,Pass,17.54,-1.71,6.0,18.9,50.4,38.1,3.5,0.0,f,f,
Medical Illustration/Medical Illustrator,26.8,Pass,2.20,-1.20,47.0,44.6,8.4,63.2,9.7,0.0,f,f,
"Housing and Human Environments, General",26.8,Pass,0.92,-1.29,60.0,48.6,0.8,71.2,8.7,0.0,f,f,
International Agriculture,26.8,Pass,1.03,5.51,22.0,34.2,1.6,34.6,72.2,0.0,f,f,
"Literature, Other",26.8,Pass,10.26,1.72,11.0,25.5,36.5,,27.9,0.0,f,f,
Organic Chemistry,26.7,Pass,7.32,4.12,2.0,12.2,26.1,44.6,57.1,0.0,f,f,
Web/Multimedia Management and Webmaster,26.7,Pass,7.62,7.20,4.0,15.9,27.5,13.2,78.1,0.0,f,f,
African-American/Black Studies,26.7,Pass,1.10,2.40,76.0,52.6,1.7,35.3,34.4,0.0,f,f,
Children's and Adolescent Literature,26.5,Pass,10.26,1.72,14.0,28.4,36.5,18.8,27.9,0.0,f,f,
Near and Middle Eastern Studies,26.5,Pass,1.10,2.40,98.0,57.2,1.7,24.2,34.4,0.0,f,f,
Computer Engineering Technology/Technician,26.5,Pass,11.01,5.99,0.0,0.0,38.4,,73.1,0.0,f,f,
Education/Teaching of Individuals in Junior High/Middle School Special Education Programs,26.3,Pass,5.99,-0.13,83.0,53.7,17.9,17.4,14.5,0.0,f,f,
Materials Chemistry,26.3,Pass,8.44,4.02,5.0,17.3,32.1,23.7,52.7,0.0,f,f,
"Ecology, Evolution, Systematics and Population Biology, Other",26.3,Pass,6.62,4.03,13.0,27.9,20.3,26.3,52.8,0.0,f,f,
Endocrinology,26.2,Pass,8.40,8.30,1.0,10.0,30.1,13.2,81.0,0.0,f,f,
"Apparel and Textiles, Other",26.1,Pass,,,2.0,12.2,,71.2,,0.0,f,f,
Education/Teaching of Individuals with Emotional Disturbances,26.1,Pass,8.50,-0.86,36.0,41.0,32.3,15.2,12.4,0.0,f,f,
Agricultural Communication/Journalism,26.1,Pass,6.19,0.79,30.0,38.4,18.2,41.5,19.4,0.0,f,f,
Crop Production,26.0,Pass,78.84,-1.04,0.0,0.0,81.4,0.0,10.5,0.0,f,f,
"Electrical/Electronic Engineering Technologies/Technicians, Other",26.0,Pass,8.40,0.60,2.0,12.2,30.1,71.2,17.3,0.0,f,f,
"Russian, Central European, East European and Eurasian Studies",26.0,Pass,1.10,2.40,36.0,41.0,1.7,53.2,34.4,0.0,f,f,
Horse Husbandry/Equine Science and Management,26.0,Pass,78.84,-1.04,0.0,0.0,81.4,0.0,10.5,0.0,f,f,
Undersea Warfare,25.9,Pass,5.70,1.50,15.0,29.2,16.9,55.0,25.7,0.0,f,f,
"Slavic Languages, Literatures, and Linguistics, General",25.9,Pass,5.60,1.21,43.0,43.4,14.9,34.4,21.4,0.0,f,f,
"Film/Video and Photographic Arts, Other",25.9,Pass,9.00,1.70,22.0,34.2,33.5,10.2,27.0,0.0,f,f,
"Philosophy and Religious Studies, Other",25.9,Pass,2.00,0.70,86.0,54.5,7.4,30.8,18.3,0.0,f,f,
Islamic Studies,25.9,Pass,1.10,2.40,22.0,34.2,1.7,66.3,34.4,0.0,f,f,
Energy Systems Technology/Technician,25.8,Pass,4.70,2.03,44.0,43.9,13.0,26.1,31.8,0.0,f,f,
Worship Ministry,25.7,Pass,10.19,1.39,10.0,24.2,36.2,,24.9,0.0,f,f,
"Teaching Assistants/Aides, Other",25.7,Pass,19.69,2.45,0.0,0.0,53.8,,38.2,0.0,f,f,
"Aerospace, Aeronautical, and Astronautical/Space Engineering, Other",25.6,Pass,10.79,4.94,0.0,0.0,37.8,,69.3,0.0,f,f,
"Celtic Languages, Literatures, and Linguistics",25.4,Pass,5.60,1.21,4.0,15.9,14.9,86.0,21.4,0.0,f,f,
Mechanical/Mechanical Engineering Technology/Technician,25.4,Pass,2.95,-2.73,20.0,32.9,10.6,80.6,1.6,0.0,f,f,
Ancient Studies/Civilization,25.4,Pass,1.35,1.30,9.0,22.9,5.9,88.1,23.9,0.0,f,f,
"Energy Systems Engineering, Other",25.2,Pass,11.30,3.67,2.0,12.2,39.2,16.0,49.2,0.0,f,f,
Asian Studies/Civilization,25.1,Pass,1.10,2.40,69.0,50.8,1.7,28.2,34.4,0.0,f,f,
"Ethnic, Cultural Minority, Gender, and Group Studies, Other",25.0,Pass,1.10,2.40,74.0,51.9,1.7,25.2,34.4,0.0,f,f,
Folklore Studies,24.9,Pass,1.10,2.40,22.0,34.2,1.7,59.7,34.4,0.0,f,f,
Physics and Astronomy,24.8,Pass,6.51,3.61,16.0,30.1,19.4,18.1,48.1,0.0,f,f,
"Fiber, Textile and Weaving Arts",24.8,Pass,8.31,1.73,17.0,30.9,30.0,15.0,28.2,0.0,f,f,
Urban Ministry,24.8,Pass,11.60,1.43,10.0,24.2,41.3,9.5,25.1,0.0,f,f,
Church Planting,24.8,Pass,11.10,0.60,9.0,22.9,38.7,,17.3,0.0,f,f,
Information/Psychological Warfare and Military Media Relations,24.7,Pass,,,9.0,22.9,,44.6,,0.0,f,f,
Commercial Photography,24.7,Pass,11.04,1.76,6.0,18.9,38.6,20.7,29.1,0.0,f,f,
Geochemistry,24.6,Pass,6.36,3.37,11.0,25.5,19.2,30.1,44.5,0.0,f,f,
Speech-Language Pathology Assistant,24.6,Pass,14.40,3.50,0.0,0.0,46.8,,45.7,0.0,f,f,
Fire Prevention and Safety Technology/Technician,24.4,Pass,21.89,3.41,0.0,0.0,58.7,0.0,45.0,0.0,f,f,
Plant Physiology,24.4,Pass,6.62,4.03,2.0,12.2,20.3,44.6,52.8,0.0,f,f,
Neuroanatomy,24.4,Pass,8.43,6.87,0.0,0.0,31.0,,76.4,0.0,f,f,
Biology/Biotechnology Technology/Technician,24.3,Pass,9.10,3.50,2.0,12.2,33.9,,45.7,0.0,f,f,
"Linguistic, Comparative, and Related Language Studies and Services, Other",24.3,Pass,3.20,-1.70,22.0,34.2,10.8,68.5,3.6,0.0,f,f,
Animal Genetics,24.2,Pass,6.62,4.03,10.0,24.2,20.3,19.6,52.8,0.0,f,f,
Teaching French as a Second or Foreign Language,24.1,Pass,72.23,-1.86,0.0,0.0,79.2,0.0,2.1,0.0,f,f,
Waldorf/Steiner Teacher Education,24.1,Pass,72.23,-1.86,0.0,0.0,79.2,0.0,2.1,0.0,f,f,
Forest Resources Production and Management,24.0,Pass,6.22,0.64,18.0,31.6,18.5,42.2,17.9,0.0,f,f,
Agricultural and Horticultural Plant Breeding,24.0,Pass,1.39,4.96,16.0,30.1,6.0,18.1,69.6,0.0,f,f,
Animal Physiology,23.9,Pass,6.62,4.03,14.0,28.4,20.3,9.3,52.8,0.0,f,f,
Sustainable Design/Architecture,23.8,Pass,2.88,3.11,2.0,12.2,10.3,71.2,42.4,0.0,f,f,
Atmospheric Chemistry and Climatology,23.7,Pass,7.10,3.36,1.0,10.0,24.6,44.6,43.9,0.0,f,f,
Driver and Safety Teacher Education,23.7,Pass,57.17,-1.22,0.0,0.0,74.2,0.0,9.5,0.0,f,f,
English Literature (British and Commonwealth),23.7,Pass,5.10,0.00,67.0,50.4,13.5,15.6,14.9,0.0,f,f,
Latin American and Caribbean Studies,23.6,Pass,1.10,2.40,11.0,25.5,1.7,68.5,34.4,0.0,f,f,
Western European Studies,23.6,Pass,1.10,2.40,44.0,43.9,1.7,32.0,34.4,0.0,f,f,
Education/Teaching of Individuals with Intellectual Disabilities,23.5,Pass,8.50,-0.86,25.0,36.0,32.3,7.7,12.4,0.0,f,f,
"Hispanic-American, Puerto Rican, and Mexican-American/Chicano Studies",23.5,Pass,1.10,2.40,42.0,42.9,1.7,32.8,34.4,0.0,f,f,
"Theatre Literature, History and Criticism",23.3,Pass,9.00,1.70,5.0,17.3,33.5,26.6,27.0,0.0,f,f,
Apparel and Textile Manufacture,22.9,Pass,1.91,1.06,6.0,18.9,6.6,81.4,20.3,0.0,f,f,
"Natural Resources and Conservation, Other",22.9,Pass,0.10,4.00,11.0,25.5,0.0,49.3,52.1,0.0,f,f,
Nuclear Physics,22.7,Pass,6.51,3.61,1.0,10.0,19.4,44.6,48.1,0.0,f,f,
"Military Technologies and Applied Sciences, Other",22.6,Pass,,,22.0,34.2,,14.5,,0.0,f,f,
"Industrial Production Technologies/Technicians, Other",22.5,Pass,6.30,1.70,13.0,27.9,18.9,29.7,27.0,0.0,f,f,
Electromechanical/Electromechanical Engineering Technology/Technician,22.5,Pass,1.54,-2.85,8.0,21.5,6.4,92.9,1.5,0.0,f,f,
Information Operations/Joint Information Operations,22.3,Pass,,,9.0,22.9,,35.9,,0.0,f,f,
South Asian Studies,22.3,Pass,1.10,2.40,11.0,25.5,1.7,59.7,34.4,0.0,f,f,
Psychoanalysis and Psychotherapy,22.2,Pass,4.80,11.20,3.0,14.1,13.1,9.2,84.6,0.0,f,f,
German Language Teacher Education,22.1,Pass,54.65,-1.59,0.0,0.0,71.8,0.0,3.8,0.0,f,f,
Geography Teacher Education,22.1,Pass,54.65,-1.59,0.0,0.0,71.8,0.0,3.8,0.0,f,f,
Fire/Arson Investigation and Prevention,22.0,Pass,5.84,3.45,5.0,17.3,17.5,31.5,45.4,0.0,f,f,
"Agricultural Public Services, Other",21.9,Pass,,,15.0,29.2,,,,0.0,f,f,
"Alternative and Complementary Medical Support Services, Other",21.9,Pass,2.40,2.00,29.0,37.7,8.9,,30.9,0.0,f,f,
"Religion/Religious Studies, Other",21.8,Pass,,,21.0,33.6,,12.6,,0.0,f,f,
"Culinary Arts and Related Services, Other",21.7,Pass,,,17.0,30.9,,17.9,,0.0,f,f,
Ethnic Studies,21.7,Pass,1.10,2.40,12.0,26.9,1.7,53.2,34.4,0.0,f,f,
Chemical Physics,21.6,Pass,6.84,4.01,2.0,12.2,23.4,20.7,52.3,0.0,f,f,
"Dental Services and Allied Professions, Other",21.6,Pass,,,7.0,20.2,,38.8,,0.0,f,f,
"Scandinavian Languages, Literatures, and Linguistics",21.3,Pass,5.60,1.21,3.0,14.1,14.9,62.7,21.4,0.0,f,f,
Forest Management/Forest Resources Management,21.2,Pass,1.97,2.73,22.0,34.2,6.8,19.4,40.0,0.0,f,f,
"Science Technologies/Technicians, General",21.2,Pass,9.32,3.12,1.0,10.0,35.0,8.6,42.4,0.0,f,f,
Family and Community Services,21.2,Pass,1.10,-2.50,117.0,60.1,1.7,16.0,1.7,0.0,f,f,
Civil Engineering Technologies/Technicians,21.0,Pass,4.99,2.27,5.0,17.3,13.3,44.6,33.9,0.0,f,f,
"Mechanical Engineering Related Technologies/Technicians, Other",20.9,Pass,3.20,0.00,12.0,26.9,10.8,48.8,14.9,0.0,f,f,
Lactation Consultant,20.9,Pass,14.40,3.50,0.0,0.0,46.8,0.0,45.7,0.0,f,f,
Biopsychology,20.8,Pass,8.43,6.87,0.0,0.0,31.0,0.0,76.4,0.0,f,f,
Asian-American Studies,20.6,Pass,1.10,2.40,17.0,30.9,1.7,37.6,34.4,0.0,f,f,
Jewelry Arts,20.6,Pass,7.42,0.24,12.0,26.9,26.6,14.3,16.0,0.0,f,f,
"Communications Technologies/Technicians and Support Services, Other",20.5,Pass,,,18.0,31.6,,11.8,,0.0,f,f,
Telecommunications Technology/Technician,20.5,Pass,8.40,0.60,11.0,25.5,30.1,8.2,17.3,0.0,f,f,
Combat Systems Engineering,20.5,Pass,,,13.0,27.9,,19.2,,0.0,f,f,
Ballet,20.5,Pass,8.09,2.09,2.0,12.2,29.5,20.7,32.4,0.0,f,f,
Family Systems,20.3,Pass,0.92,-1.29,30.0,38.4,0.8,48.2,8.7,0.0,f,f,
"Philosophy, Other",20.3,Pass,2.00,0.70,9.0,22.9,7.4,56.3,18.3,0.0,f,f,
Russian Studies,20.2,Pass,1.10,2.40,27.0,36.6,1.7,23.5,34.4,0.0,f,f,
Radiation Biology/Radiobiology,20.2,Pass,6.62,4.03,3.0,14.1,20.3,13.2,52.8,0.0,f,f,
"Apparel and Textiles, General",20.2,Pass,0.92,-1.29,52.0,46.9,0.8,30.3,8.7,0.0,f,f,
Architectural Conservation,20.1,Pass,0.76,2.05,7.0,20.2,0.5,60.3,32.2,0.0,f,f,
Drawing,20.1,Pass,7.02,1.30,10.0,24.2,24.4,12.8,23.9,0.0,f,f,
Atomic/Molecular Physics,20.1,Pass,6.51,3.61,4.0,15.9,19.4,15.1,48.1,0.0,f,f,
"Environmental/Natural Resources Management and Policy, Other",19.9,Pass,0.10,4.00,14.0,28.4,0.0,23.9,52.1,0.0,f,f,
Portuguese Language and Literature,19.7,Pass,5.60,1.21,10.0,24.2,14.9,31.5,21.4,0.0,f,f,
Airline/Commercial/Professional Pilot and Flight Crew,19.7,Pass,9.88,4.33,0.0,0.0,35.9,0.0,59.5,0.0,f,f,
Population Biology,19.7,Pass,5.11,4.30,4.0,15.9,13.9,13.2,58.7,0.0,f,f,
Urban Forestry,19.7,Pass,1.00,1.49,4.0,15.9,1.4,71.2,25.4,0.0,f,f,
Logic,19.6,Pass,6.92,3.14,3.0,14.1,23.9,12.0,42.5,0.0,f,f,
Plastics and Polymer Engineering Technology/Technician,19.6,Pass,5.70,1.50,5.0,17.3,16.9,36.6,25.7,0.0,f,f,
"Middle/Near Eastern and Semitic Languages, Literatures, and Linguistics, Other",19.4,Pass,5.60,1.21,18.0,31.6,14.9,14.8,21.4,0.0,f,f,
"South Asian Languages, Literatures, and Linguistics, Other",19.3,Pass,5.60,1.21,15.0,29.2,14.9,,21.4,0.0,f,f,
Metal Arts,19.3,Pass,7.42,0.24,7.0,20.2,26.6,,16.0,0.0,f,f,
"Parks, Recreation, Leisure, Fitness, and Kinesiology, Other",19.3,Pass,,,6.0,18.9,,32.8,,0.0,f,f,
Architectural Studies,19.2,Pass,0.90,2.00,2.0,12.2,0.6,71.2,30.9,0.0,f,f,
Medieval and Renaissance Studies,19.2,Pass,1.53,0.09,15.0,29.2,6.3,41.5,15.6,0.0,f,f,
Forest Engineering,19.1,Pass,11.30,3.67,0.0,0.0,39.2,0.0,49.2,0.0,f,f,
African Studies,18.9,Pass,1.10,2.40,21.0,33.6,1.7,20.7,34.4,0.0,f,f,
"Military Applied Sciences, Other",18.8,Pass,,,2.0,12.2,,44.6,,0.0,f,f,
"Agricultural Mechanization, General",18.5,Pass,3.08,9.51,0.0,0.0,10.8,,83.4,0.0,f,f,
"Area Studies, Other",18.5,Pass,1.10,2.40,24.0,35.7,1.7,13.8,34.4,0.0,f,f,
Soil Chemistry and Physics,18.3,Pass,1.39,4.96,2.0,12.2,6.0,16.0,69.6,0.0,f,f,
Plant Molecular Biology,18.3,Pass,4.04,2.23,1.0,10.0,12.0,44.6,33.6,0.0,f,f,
Pre-Pharmacy Studies,18.2,Pass,,,10.0,24.2,,,,0.0,f,f,
Deaf Studies,18.2,Pass,5.96,1.81,4.0,15.9,17.7,24.3,29.7,0.0,f,f,
Pacific Area/Pacific Rim Studies,18.0,Pass,1.10,2.40,6.0,18.9,1.7,44.6,34.4,0.0,f,f,
Direct Entry Midwifery,18.0,Pass,2.40,2.00,5.0,17.3,8.9,36.6,30.9,0.0,f,f,
Corrections,18.0,Pass,22.57,-4.49,0.0,0.0,59.4,0.0,1.1,0.0,f,f,
Land Use Planning and Management/Development,17.9,Pass,2.37,3.43,10.0,24.2,8.7,8.2,45.1,0.0,f,f,
Business/Office Automation/Technology/Data Entry,17.9,Pass,9.30,-18.34,4.0,15.9,34.7,,0.1,0.0,f,f,
"Ophthalmic and Optometric Support Services and Allied Professions, Other",17.7,Pass,,,14.0,28.4,,8.0,,0.0,f,f,
College/Postsecondary/University Teaching,17.7,Pass,5.60,2.10,6.0,18.9,14.9,,32.6,0.0,f,f,
Resort Management,17.7,Pass,5.45,5.35,0.0,0.0,14.5,,71.5,0.0,f,f,
"Graphic Communications, Other",17.6,Pass,11.56,-8.68,2.0,12.2,41.1,10.3,0.7,0.0,f,f,
"African Languages, Literatures, and Linguistics",17.4,Pass,5.60,1.21,1.0,10.0,14.9,44.6,21.4,0.0,f,f,
"Architecture and Related Services, Other",17.3,Pass,,,13.0,27.9,,7.8,,0.0,f,f,
3-D Modeling and Design Technology/Technician,17.2,Pass,7.33,0.30,3.0,14.1,26.4,,16.3,0.0,f,f,
Naturopathic Medicine/Naturopathy,17.1,Pass,2.40,2.00,10.0,24.2,8.9,,30.9,0.0,f,f,
Molecular Biophysics,16.7,Pass,6.54,5.22,0.0,0.0,20.2,0.0,70.9,0.0,f,f,
Audio Engineering Technology/Technician,16.7,Pass,4.29,1.31,9.0,22.9,12.5,,24.1,0.0,f,f,
Furniture Design and Manufacturing,16.5,Pass,1.91,-3.81,11.0,25.5,6.6,44.6,1.3,0.0,f,f,
Atmospheric Physics and Dynamics,16.4,Pass,7.10,3.36,0.0,0.0,24.6,,43.9,0.0,f,f,
Inorganic Chemistry,16.4,Pass,7.32,4.12,0.0,0.0,26.1,0.0,57.1,0.0,f,f,
Geospatial Intelligence,16.4,Pass,9.13,1.41,0.0,0.0,34.0,,25.0,0.0,f,f,
German Studies,16.3,Pass,1.10,2.40,6.0,18.9,1.7,32.8,34.4,0.0,f,f,
Aromatherapy,16.2,Pass,2.40,2.00,8.0,21.5,8.9,,30.9,0.0,f,f,
Wood Science and Wood Products/Pulp and Paper Technology/Technician,16.1,Pass,1.00,1.49,12.0,26.9,1.4,25.5,25.4,0.0,f,f,
"Middle/Near Eastern and Semitic Languages, Literatures, and Linguistics, General",16.0,Pass,5.60,1.21,5.0,17.3,14.9,20.7,21.4,0.0,f,f,
Corrections Administration,15.8,Pass,3.61,-1.74,7.0,20.2,11.5,38.8,3.4,0.0,f,f,
Ural-Altaic and Central Asian Studies,15.8,Pass,1.10,2.40,7.0,20.2,1.7,27.0,34.4,0.0,f,f,
"Classical, Ancient Mediterranean, and Near Eastern Studies and Archaeology",15.7,Pass,1.34,1.04,3.0,14.1,5.8,44.6,20.1,0.0,f,f,
Communications Technology/Technician,15.4,Pass,2.96,1.92,7.0,20.2,10.7,10.0,30.7,0.0,f,f,
"Electrical, Electronic, and Communications Engineering Technology/Technician",15.4,Pass,6.28,0.46,6.0,18.9,18.8,10.1,17.0,0.0,f,f,
Comparative Group Studies,15.4,Pass,1.10,2.40,1.0,10.0,1.7,44.6,34.4,0.0,f,f,
Theoretical and Mathematical Physics,15.3,Pass,6.51,3.61,0.0,0.0,19.4,,48.1,0.0,f,f,
European Studies/Civilization,15.2,Pass,1.10,2.40,11.0,25.5,1.7,12.3,34.4,0.0,f,f,
Physical Chemistry,14.9,Pass,6.84,4.01,0.0,0.0,23.4,0.0,52.3,0.0,f,f,
Korean Studies,14.8,Pass,1.10,2.40,3.0,14.1,1.7,32.8,34.4,0.0,f,f,
"Area, Ethnic, Cultural, Gender, and Group Studies, Other",14.8,Pass,1.10,2.40,7.0,20.2,1.7,20.7,34.4,0.0,f,f,
Surveying Technology/Surveying,14.6,Pass,5.22,2.99,1.0,10.0,14.2,7.3,41.4,0.0,f,f,
Southeast Asian Studies,14.3,Pass,1.10,2.40,7.0,20.2,1.7,17.2,34.4,0.0,f,f,
Air and Space Operations Technology,14.2,Pass,0.90,8.10,0.0,0.0,0.6,,79.3,0.0,f,f,
Chinese Studies,14.1,Pass,1.10,2.40,7.0,20.2,1.7,15.8,34.4,0.0,f,f,
"Alternative and Complementary Medicine and Medical Systems, Other",14.0,Pass,2.40,2.00,5.0,17.3,8.9,10.3,30.9,0.0,f,f,
"Genetics, Other",14.0,Pass,6.62,4.03,0.0,0.0,20.3,0.0,52.8,0.0,f,f,
Structural Biology,14.0,Pass,6.62,4.03,0.0,0.0,20.3,0.0,52.8,0.0,f,f,
Buddhist Studies,13.9,Pass,2.00,0.70,9.0,22.9,7.4,,18.3,0.0,f,f,
"South Asian Languages, Literatures, and Linguistics, General",13.8,Pass,5.60,1.21,1.0,10.0,14.9,20.7,21.4,0.0,f,f,
Italian Studies,13.7,Pass,1.10,2.40,6.0,18.9,1.7,16.0,34.4,0.0,f,f,
Analysis and Functional Analysis,13.5,Pass,6.92,3.14,0.0,0.0,23.9,0.0,42.5,0.0,f,f,
English as a Second Language,13.3,Pass,,,6.0,18.9,,11.0,,0.0,f,f,
Science/Health/Environmental Journalism,13.1,Pass,3.51,-1.38,9.0,22.9,11.3,,6.0,0.0,f,f,
Printing Management,13.1,Pass,12.08,-9.07,0.0,0.0,43.3,0.0,0.6,0.0,f,f,
Radio and Television Broadcasting Technology/Technician,13.1,Pass,2.93,1.42,5.0,17.3,10.4,7.0,25.0,0.0,f,f,
Condensed Matter and Materials Physics,13.0,Pass,6.51,3.61,0.0,0.0,19.4,0.0,48.1,0.0,f,f,
Elementary Particle Physics,13.0,Pass,6.51,3.61,0.0,0.0,19.4,0.0,48.1,0.0,f,f,
"Environmental Control Technologies/Technicians, Other",13.0,Pass,5.70,1.50,1.0,10.0,16.9,6.9,25.7,0.0,f,f,
Irish Studies,12.8,Pass,1.10,2.40,5.0,17.3,1.7,,34.4,0.0,f,f,
Japanese Studies,12.6,Pass,1.10,2.40,3.0,14.1,1.7,18.0,34.4,0.0,f,f,
"Family and Consumer Economics and Related Services, Other",12.5,Pass,0.92,-1.29,3.0,14.1,0.8,44.6,8.7,0.0,f,f,
Sales and Marketing Operations/Marketing and Distribution   Teacher Education,12.3,Pass,7.76,1.48,0.0,0.0,28.3,0.0,25.2,0.0,f,f,
"Crafts/Craft Design, Folk Art and Artisanry",12.3,Pass,7.64,1.65,0.0,0.0,27.6,0.0,26.6,0.0,f,f,
Adult Literacy Tutor/Instructor,11.9,Pass,3.90,-13.70,8.0,21.5,11.7,12.4,0.3,0.0,f,f,
Agricultural and Food Products Processing,11.9,Pass,6.50,2.82,0.0,0.0,19.3,0.0,40.8,0.0,f,f,
"Family and Consumer Sciences/Human Sciences, Other",11.8,Pass,,,5.0,17.3,,8.6,,0.0,f,f,
Appalachian Studies,11.7,Pass,1.10,2.40,2.0,12.2,1.7,16.0,34.4,0.0,f,f,
Education/Teaching of Individuals with Orthopedic and Other Physical Health Impairments,11.6,Pass,8.50,-0.86,0.0,0.0,32.3,0.0,12.4,0.0,f,f,
Integrated Circuit Design Technology/Technician,11.4,Pass,7.14,-0.56,0.0,0.0,25.4,,13.6,0.0,f,f,
Education Entrepreneurship,11.1,Pass,4.10,2.50,0.0,0.0,12.1,,38.6,0.0,f,f,
Community/Environmental/Socially-Engaged Art,10.8,Pass,7.23,1.15,0.0,0.0,25.5,0.0,21.0,0.0,f,f,
Scandinavian Studies,10.7,Pass,1.10,2.40,1.0,10.0,1.7,13.2,34.4,0.0,f,f,
"Command & Control (C3, C4I) Systems and Operations",10.6,Pass,,,3.0,14.1,,,,0.0,f,f,
"Data Entry/Microcomputer Applications, General",10.6,Pass,9.50,-25.90,0.0,0.0,35.2,0.0,0.0,0.0,f,f,
"Forestry, Other",10.0,Pass,2.89,-2.44,5.0,17.3,10.3,9.4,1.8,0.0,f,f,
Dietetic Technician,9.4,Pass,4.00,2.50,0.0,0.0,11.9,0.0,38.6,0.0,f,f,
Modern Greek Language and Literature,9.0,Pass,5.60,1.21,0.0,0.0,14.9,,21.4,0.0,f,f,
"Slavic, Baltic, and Albanian Languages, Literatures, and Linguistics, Other",9.0,Pass,5.60,1.21,0.0,0.0,14.9,,21.4,0.0,f,f,
Turkish Language and Literature,9.0,Pass,5.60,1.21,0.0,0.0,14.9,,21.4,0.0,f,f,
"Iranian Languages, Literatures, and Linguistics",9.0,Pass,5.60,1.21,0.0,0.0,14.9,,21.4,0.0,f,f,
"Computer Engineering Technologies/Technicians, Other",8.9,Pass,5.70,1.50,0.0,0.0,16.9,0.0,25.7,0.0,f,f,
Operational Oceanography,8.9,Pass,5.70,1.50,0.0,0.0,16.9,0.0,25.7,0.0,f,f,
Fashion and Fabric Consultant,8.5,Pass,2.30,2.00,0.0,0.0,8.5,,30.9,0.0,f,f,
Nuclear Engineering Technology/Technician,8.5,Pass,5.29,0.75,0.0,0.0,14.4,,19.3,0.0,f,f,
"Medical Illustration and Informatics, Other",8.3,Pass,,,1.0,10.0,,10.3,,0.0,f,f,
Casino Management,7.7,Pass,2.93,1.89,0.0,0.0,10.4,0.0,30.5,0.0,f,f,
"Sanskrit and Classical Indian Languages, Literatures, and Linguistics",7.7,Pass,5.60,1.21,0.0,0.0,14.9,0.0,21.4,0.0,f,f,
Spanish and Iberian Studies,6.7,Pass,1.10,2.40,0.0,0.0,1.7,,34.4,0.0,f,f,
American Literature (United States),6.3,Pass,5.10,0.00,0.0,0.0,13.5,0.0,14.9,0.0,f,f,
Slavic Studies,5.7,Pass,1.10,2.40,0.0,0.0,1.7,0.0,34.4,0.0,f,f,
Canadian Studies,5.7,Pass,1.10,2.40,0.0,0.0,1.7,0.0,34.4,0.0,f,f,
Consumer Services and Advocacy,5.3,Pass,0.92,-1.29,1.0,10.0,0.8,,8.7,0.0,f,f,
Hindu Studies,5.0,Pass,2.00,0.70,0.0,0.0,7.4,0.0,18.3,0.0,f,f,
"Graphic Communications, General",3.6,Pass,2.80,-14.60,0.0,0.0,10.0,,0.2,0.0,f,f,
Prepress/Desktop Publishing and Digital Imaging Design,2.9,Pass,2.42,-14.25,0.0,0.0,9.6,0.0,0.3,0.0,f,f,
Consumer Economics,1.8,Pass,0.92,-1.29,0.0,0.0,0.8,,8.7,0.0,f,f,
Nuclear/Nuclear Power Technology/Technician,0.2,Pass,0.55,-11.40,0.0,0.0,0.4,0.0,0.4,0.0,f,f,
"Vehicle Maintenance and Repair Technologies/Technicians, Other",0.0,Pass,,,0.0,0.0,,,,0.0,f,f,
Merchandising and Buying Operations,0.0,Pass,,,0.0,0.0,,0.0,,0.0,f,f,
"Air Transportation, Other",0.0,Pass,,,0.0,0.0,,0.0,,0.0,f,f,
"Quality Control and Safety Technologies/Technicians, Other",0.0,Pass,,,0.0,0.0,,0.0,,0.0,f,f,
"Non-Professional Legal Studies, Other",0.0,Pass,,,0.0,0.0,,0.0,,0.0,f,f,
"Joint Command/Task Force (C3, C4I) Systems",0.0,Pass,,,0.0,0.0,,0.0,,0.0,f,f,
Pre-Nursing Studies,0.0,Pass,,,0.0,0.0,,,,0.0,f,f,
Pre-Occupational Therapy Studies,0.0,Pass,,,0.0,0.0,,0.0,,0.0,f,f,
"Intelligence, Command Control and Information Operations, Other",0.0,Pass,,,0.0,0.0,,0.0,,0.0,f,f,
"Radio, Television, and Digital Communication, Other",0.0,Pass,,,0.0,0.0,,0.0,,0.0,f,f,
"Engineering-Related Technologies/Technicians, Other",0.0,Pass,,,0.0,0.0,,,,0.0,f,f,
"Transportation and Materials Moving, Other",0.0,Pass,,,0.0,0.0,,,,0.0,f,f,
"Construction Trades, Other",0.0,Pass,,,0.0,0.0,,,,0.0,f,f,
"Legal Support Services, Other",0.0,Pass,,,0.0,0.0,,0.0,,0.0,f,f,
Teacher Assistant/Aide,0.0,Pass,,,0.0,0.0,,0.0,,0.0,f,f,
Pre-Veterinary Studies,0.0,Pass,,,0.0,0.0,,,,0.0,f,f,
