cip2020_code,cip2020_title,already_offered_by_vanderbilt,pct_completions_latest_year,pct_completions_trend_pct,pct_employment_weighted_openings,pct_employment_weighted_growth_pct,pct_bls_top30_flag,n_metrics_used,score,band
52.1301,Management Science,f,99.8,96.9,99.7,71.3,100.0,5,95.1,Go
30.7001,"Data Science, General",f,96.4,97.9,85.7,97.2,100.0,5,93.9,Go
51.3805,Family Practice Nurse/Nursing,f,99.1,83.9,97.3,79.4,100.0,5,93.4,Go
11.0102,Artificial Intelligence,t,89.3,96.7,90.9,97.6,100.0,5,93.2,
51.3810,Psychiatric/Mental Health Nurse/Nursing,f,91.9,93.4,97.3,79.4,100.0,5,92.7,Go
51.3802,Nursing Administration,f,97.6,77.5,96.8,83.8,100.0,5,92.5,Go
11.0104,Informatics,f,90.5,97.5,89.2,91.8,100.0,5,92.3,Go
45.0603,Econometrics and Quantitative Economics,f,96.3,99.6,85.9,82.6,100.0,5,92.0,Go
11.0701,Computer Science,t,99.8,87.1,84.2,91.0,100.0,5,91.9,
30.7102,Business Analytics,f,97.6,97.7,83.3,84.2,100.0,5,91.6,Go
11.0103,Information Technology,f,98.5,87.4,83.8,90.9,100.0,5,91.4,Go
11.0401,Information Science/Studies,f,98.6,78.4,84.2,91.0,100.0,5,90.3,Go
42.2814,Applied Behavior Analysis,t,96.7,97.2,88.1,68.3,100.0,5,90.3,
51.3801,Registered Nursing/Registered Nurse,t,99.6,66.7,98.7,70.8,100.0,5,90.1,
51.3803,Adult Health Nurse/Nursing,f,92.0,73.6,97.3,79.4,100.0,5,89.7,Go
52.0213,Organizational Leadership,t,97.7,86.9,86.9,74.6,100.0,5,89.6,
14.0903,Computer Software Engineering,f,94.3,76.3,86.3,89.6,100.0,5,89.1,Go
51.0701,Health/Health Care Administration/Management,f,99.1,73.7,77.4,99.5,100.0,5,88.9,Go
9.0702,Digital Communication and Media/Multimedia,f,94.5,94.7,87.0,66.3,100.0,5,88.6,Go
14.0901,"Computer Engineering, General",f,95.3,71.0,86.3,89.6,100.0,5,88.6,Go
45.0102,Research Methodology and Quantitative Methods,f,91.0,99.9,90.9,60.4,100.0,5,88.6,Go
11.1005,Information Technology Project Management,f,91.5,95.5,83.4,78.2,100.0,5,88.5,Go
11.0802,Data Modeling/Warehousing and Database Administration,f,94.2,98.9,68.7,97.6,100.0,5,88.3,Go
51.3821,Geriatric Nurse/Nursing,f,79.6,85.5,97.3,79.4,100.0,5,87.8,Go
30.7104,Financial Analytics,f,87.8,95.1,80.8,84.0,100.0,5,87.4,Go
30.7101,"Data Analytics, General",f,87.1,94.8,80.3,86.0,100.0,5,87.3,Go
51.0809,Anesthesiologist Assistant,f,76.7,85.2,94.8,87.1,100.0,5,87.3,Go
51.2009,Industrial and Physical Pharmacy and Cosmetic Sciences,f,87.5,99.2,82.7,74.4,100.0,5,87.1,Go
51.3814,Critical Care Nursing,f,79.2,81.3,97.3,79.4,100.0,5,87.1,Go
11.1003,Computer and Information Systems Security/Auditing/Information Assurance,f,98.2,95.3,67.8,85.5,100.0,5,86.9,Go
11.0101,"Computer and Information Sciences, General",f,99.7,87.8,68.5,84.5,100.0,5,86.3,Go
11.0201,"Computer Programming/Programmer, General",f,76.2,90.6,87.7,90.3,100.0,5,86.3,Go
30.0801,Mathematics and Computer Science,f,77.6,93.7,84.2,91.0,100.0,5,86.2,Go
42.2799,"Research and Experimental Psychology, Other",f,83.6,99.7,89.6,62.2,100.0,5,86.2,Go
51.3818,Nursing Practice,t,81.6,65.4,96.8,83.8,100.0,5,85.9,
13.0601,Educational Evaluation and Research,f,80.1,94.3,85.0,79.0,100.0,5,85.5,Go
42.2804,Industrial and Organizational Psychology,f,92.6,67.0,87.3,74.9,100.0,5,85.3,Go
42.9999,"Psychology, Other",f,93.0,74.8,89.6,62.2,100.0,5,85.3,Go
51.2201,"Public Health, General",f,98.8,66.4,70.0,98.1,100.0,5,85.3,Go
51.3899,"Registered Nursing, Nursing Administration, Nursing Research and Clinical Nursing, Other",f,89.9,47.3,97.3,79.4,100.0,5,85.2,Go
45.0702,Geographic Information Science and Cartography,f,83.9,85.5,91.2,65.1,100.0,5,85.1,Go
30.3101,Human Computer Interaction,f,90.3,97.0,68.3,85.5,100.0,5,85.0,Go
51.3820,Clinical Nurse Leader,f,78.7,65.0,96.8,83.8,100.0,5,85.0,Go
11.0804,"Modeling, Virtual Environments and Simulation",f,68.4,89.6,88.7,95.0,100.0,5,84.8,Go
27.0305,Financial Mathematics,f,96.8,96.8,58.5,90.8,100.0,5,84.7,Go
52.0201,"Business Administration and Management, General",f,100.0,42.6,98.9,57.7,100.0,5,84.7,Go
52.0211,Project Management,f,90.8,75.1,85.6,70.1,100.0,5,84.7,Go
42.2812,Forensic Psychology,f,91.3,73.0,89.6,62.2,100.0,5,84.6,Go
42.2813,Applied Psychology,f,90.2,74.1,89.6,62.2,100.0,5,84.4,Go
51.2211,Health Services Administration,f,89.0,63.1,77.4,99.5,100.0,5,84.3,Go
30.3001,Computational Science,f,91.7,99.3,61.5,89.0,100.0,5,84.2,Go
42.2803,Counseling Psychology,f,98.4,52.8,87.2,70.9,100.0,5,84.2,Go
52.0101,"Business/Commerce, General",f,98.0,30.1,99.0,70.6,100.0,5,84.2,Go
44.0401,Public Administration,f,98.7,36.4,99.2,60.9,100.0,5,84.0,Go
42.2703,Developmental and Child Psychology,f,88.0,83.8,83.6,65.5,100.0,5,83.9,Go
51.3822,Women's Health Nurse/Nursing,f,73.8,70.7,97.3,79.4,100.0,5,83.8,Go
52.0206,Non-Profit/Public/Organizational Management,f,90.4,37.1,99.1,75.4,100.0,5,83.7,Go
45.0999,"International Relations and National Security Studies, Other",f,76.4,91.7,92.5,60.9,100.0,5,83.6,Go
42.2801,Clinical Psychology,f,94.9,54.8,88.5,68.2,100.0,5,83.5,Go
52.0701,Entrepreneurship/Entrepreneurial Studies,f,88.2,54.6,99.2,60.9,100.0,5,83.5,Go
42.0101,"Psychology, General",f,97.9,49.1,88.1,68.3,100.0,5,83.4,Go
52.0301,Accounting,f,99.0,35.8,94.5,66.3,100.0,5,83.4,Go
52.1302,Business Statistics,f,96.1,99.0,49.4,99.3,100.0,5,83.4,Go
51.0912,Physician Assistant,f,98.9,74.9,58.6,97.8,100.0,5,83.2,Go
51.0913,Athletic Training/Trainer,f,92.7,85.1,61.1,95.1,100.0,5,83.2,Go
52.1001,"Human Resources Management/Personnel Administration, General",f,97.1,64.2,77.0,75.9,100.0,5,83.2,Go
43.0302,Crisis/Emergency/Disaster Management,f,85.9,83.6,86.6,59.0,100.0,5,83.1,Go
27.0601,"Applied Statistics, General",f,77.2,80.5,81.3,87.6,100.0,5,82.8,Go
51.3809,Pediatric Nurse/Nursing,f,76.3,58.5,97.3,79.4,100.0,5,82.8,Go
52.0210,Research and Development Management,f,69.2,93.3,85.0,83.7,100.0,5,82.8,Go
52.0801,"Finance, General",f,94.8,21.6,99.5,74.7,100.0,5,82.7,Go
43.0301,Homeland Security,f,86.2,78.1,86.6,59.0,100.0,5,82.4,Go
51.2706,Medical Informatics,t,93.7,95.4,61.3,77.5,100.0,5,82.4,
51.0203,Speech-Language Pathology/Pathologist,f,97.2,74.5,58.6,94.9,100.0,5,82.2,Go
52.1206,Information Resources Management,f,87.0,73.1,70.9,91.5,100.0,5,82.1,Go
51.0706,Health Information/Medical Records Administration/Administrator,f,81.4,77.3,70.2,98.0,100.0,5,81.8,Go
45.0901,International Relations and Affairs,f,96.0,38.5,92.5,60.9,100.0,5,81.5,Go
52.1399,"Management Sciences and Quantitative Methods, Other",f,99.4,99.5,,,0.0,3,81.4,Go
51.3808,Nursing Science,t,88.8,23.4,97.3,79.4,100.0,5,81.3,
42.2805,School Psychology,f,93.5,61.3,83.9,57.5,100.0,5,81.0,Go
43.0103,Criminal Justice/Law Enforcement Administration,f,93.8,54.0,86.3,58.7,100.0,5,80.9,Go
51.3812,Perioperative/Operating Room and Surgical Nurse/Nursing,f,59.0,79.3,97.3,79.4,100.0,5,80.7,Go
43.0404,Cybersecurity Defense Strategy/Policy,f,73.8,92.0,86.2,58.3,100.0,5,80.5,Go
51.0702,Hospital and Health Care Facilities Administration/Management,f,88.2,55.3,69.8,97.5,100.0,5,80.3,Go
42.2704,Experimental Psychology,f,75.5,75.4,89.6,62.2,100.0,5,80.2,Go
45.0902,National Security Policy Studies,f,80.0,60.8,92.5,60.9,100.0,5,80.0,Go
51.2208,Community Health and Preventive Medicine,f,74.8,77.9,70.1,98.2,100.0,5,79.9,Go
52.0304,Accounting and Finance,f,81.8,49.2,87.1,78.7,100.0,5,79.9,Go
52.1404,Digital Marketing,f,76.6,,78.5,76.1,100.0,4,79.9,Go
26.1103,Bioinformatics,f,84.9,77.7,62.0,92.9,100.0,5,79.7,Go
13.0603,Educational Statistics and Research Methods,f,66.4,82.2,85.0,79.0,100.0,5,79.6,Go
26.1309,Epidemiology,f,93.2,76.8,55.0,90.4,100.0,5,79.5,Go
25.0101,Library and Information Science,f,97.4,33.9,87.8,58.1,100.0,5,79.4,Go
42.2806,Educational Psychology,f,90.6,44.5,89.0,59.0,100.0,5,79.4,Go
51.2299,"Public Health, Other",f,86.7,48.3,70.7,98.6,100.0,5,79.3,Go
30.0601,Systems Science and Theory,f,78.9,72.6,86.6,57.8,100.0,5,79.2,Go
50.1099,"Arts, Entertainment, and Media Management, Other",f,63.4,99.8,87.5,59.5,100.0,5,79.2,Go
26.0509,Infectious Disease and Global Health,f,63.4,96.0,69.9,97.9,100.0,5,79.1,Go
51.3813,Clinical Nurse Specialist,f,71.7,42.7,97.3,79.4,100.0,5,79.0,Go
45.0201,"Anthropology, General",f,86.8,33.7,93.4,64.3,100.0,5,78.8,Go
52.1401,"Marketing/Marketing Management, General",f,92.3,43.9,78.1,73.8,100.0,5,78.8,Go
52.1403,International Marketing,f,72.9,79.8,78.6,75.6,100.0,5,78.8,Go
45.1101,"Sociology, General",f,89.7,30.9,91.9,63.6,100.0,5,78.7,Go
27.0503,Mathematics and Statistics,f,81.9,94.7,49.6,98.7,100.0,5,78.5,Go
45.0401,Criminology,f,85.5,48.0,87.9,61.9,100.0,5,78.5,Go
51.2306,Occupational Therapy/Therapist,f,97.5,52.6,57.5,93.7,100.0,5,78.4,Go
51.3811,Public Health/Community Nurse/Nursing,f,68.9,44.0,97.3,79.4,100.0,5,78.4,Go
30.1901,Nutrition Sciences,f,91.8,78.4,53.3,86.5,100.0,5,78.3,Go
51.1005,Clinical Laboratory Science/Medical Technology/Technologist,f,77.8,76.7,63.2,96.4,100.0,5,78.3,Go
11.1099,"Computer/Information Technology Services Administration and Management, Other",f,95.0,96.6,,,0.0,3,78.2,Go
51.2007,Pharmacoeconomics/Pharmaceutical Economics,f,58.5,98.8,70.3,98.3,100.0,5,78.2,Go
52.1101,International Business/Trade/Commerce,f,90.1,17.6,99.4,56.6,100.0,5,78.0,Go
52.1601,Taxation,f,86.1,19.0,95.0,70.3,100.0,5,77.7,Go
11.0202,"Computer Programming, Specific Applications",f,47.5,88.1,89.2,89.2,100.0,5,77.6,Go
13.0604,"Educational Assessment, Testing, and Measurement",f,63.0,75.4,85.0,79.0,100.0,5,77.6,Go
51.2210,International Public Health/International Health,f,78.8,46.8,74.0,98.5,100.0,5,77.6,Go
51.2010,Pharmaceutical Sciences,f,80.5,86.8,55.8,89.7,100.0,5,77.4,Go
27.0501,"Statistics, General",f,94.0,62.6,49.6,98.7,100.0,5,77.3,Go
51.2307,Orthotist/Prosthetist,f,70.7,88.0,61.6,95.1,100.0,5,77.2,Go
26.1102,Biostatistics,f,88.7,79.8,51.6,86.6,100.0,5,77.1,Go
51.0204,Audiology/Audiologist and Speech-Language Pathology/Pathologist,f,94.4,50.0,57.2,93.8,100.0,5,77.1,Go
52.1499,"Marketing, Other",f,73.6,67.0,78.6,75.6,100.0,5,77.1,Go
27.0304,Computational and Applied Mathematics,f,77.8,92.7,49.6,98.7,100.0,5,76.9,Go
50.1001,"Arts, Entertainment, and Media Management, General",f,72.4,66.2,87.5,59.5,100.0,5,76.8,Go
51.0719,Clinical Research Coordinator,f,62.3,70.9,83.1,83.3,100.0,5,76.8,Go
43.0202,Fire Services Administration,f,64.6,85.8,86.1,57.4,100.0,5,76.7,Go
52.0203,"Logistics, Materials, and Supply Chain Management",f,90.0,72.7,55.5,81.0,100.0,5,76.7,Go
51.0201,"Communication Sciences and Disorders, General",f,92.8,49.4,57.2,93.8,100.0,5,76.5,Go
51.0722,Healthcare Innovation,f,55.9,,77.4,99.5,100.0,4,76.4,Go
52.0305,Accounting and Business/Management,f,73.1,42.9,87.1,78.7,100.0,5,76.3,Go
51.1508,Mental Health Counseling/Counselor,f,98.3,82.8,,,0.0,3,76.2,Go
44.0503,Health Policy Analysis,f,58.5,81.0,70.3,98.2,100.0,5,75.5,Go
51.1501,Substance Abuse/Addiction Counseling,f,81.5,50.0,63.2,96.4,100.0,5,75.4,Go
51.1599,"Mental and Social Health Services and Allied Professions, Other",f,90.4,95.4,,,0.0,3,75.3,Go
11.0901,Computer Systems Networking and Telecommunications,f,80.7,44.3,68.7,91.3,100.0,5,75.2,Test
27.0101,"Mathematics, General",f,93.3,33.8,73.4,67.6,100.0,5,75.2,Test
45.0799,"Geography, Other",f,49.6,83.1,93.9,64.3,100.0,5,75.2,Test
31.0301,"Parks, Recreation, and Leisure Facilities Management, General",f,72.8,28.2,99.9,60.4,100.0,5,75.1,Test
43.0403,Cyber/Computer Forensics and Counterterrorism,f,84.8,56.3,60.8,85.3,100.0,5,74.9,Test
43.0405,Financial Forensics and Fraud Investigation,f,63.9,47.9,94.7,67.6,100.0,5,74.9,Test
11.0902,Cloud Computing,f,43.4,76.1,88.9,91.3,100.0,5,74.8,Test
42.2701,Cognitive Psychology and Psycholinguistics,f,48.9,91.2,89.6,62.2,100.0,5,74.6,Test
51.2301,Art Therapy/Therapist,f,81.1,53.8,60.2,94.2,100.0,5,74.6,Test
51.2099,"Pharmacy, Pharmaceutical Sciences, and Administration, Other",f,77.0,53.5,63.2,96.4,100.0,5,74.5,Test
51.2205,Health/Medical  Physics,f,68.6,77.1,60.9,93.4,100.0,5,74.4,Test
52.0212,Retail Management,f,53.2,93.5,99.7,30.1,100.0,5,74.4,Test
11.1002,"System, Networking, and LAN/WAN Management/Manager",f,51.9,93.6,68.2,93.4,100.0,5,74.1,Test
27.0301,"Applied Mathematics, General",f,87.5,54.3,49.6,98.7,100.0,5,74.1,Test
51.2005,Natural Products Chemistry and Pharmacognosy,f,62.7,98.5,55.8,89.7,100.0,5,73.8,Test
52.1201,"Management Information Systems, General",f,89.4,22.9,69.2,85.4,100.0,5,73.8,Test
54.0102,American  History (United States),f,70.1,87.6,84.5,28.2,100.0,5,73.8,Test
26.0503,Medical Microbiology and Bacteriology,f,77.3,79.7,51.6,86.6,100.0,5,73.6,Test
43.0303,Critical Infrastructure Protection,f,66.4,59.2,86.6,59.0,100.0,5,73.6,Test
51.2212,Behavioral Aspects of Health,f,60.5,98.1,57.0,90.4,100.0,5,73.5,Test
54.0101,"History, General",f,94.6,37.0,84.5,28.2,100.0,5,73.5,Test
50.1002,Fine and Studio Arts Management,f,77.1,34.2,87.5,59.5,100.0,5,73.4,Test
51.0906,Perfusion Technology/Perfusionist,f,64.2,82.6,59.8,91.8,100.0,5,73.4,Test
52.0303,Auditing,f,47.5,67.4,94.9,70.5,100.0,5,73.4,Test
30.7199,"Data Analytics, Other",f,51.1,,80.3,86.0,100.0,4,73.3,Test
51.3806,Maternal/Child Health and Neonatal Nurse/Nursing,f,61.5,24.8,97.3,79.4,100.0,5,73.3,Test
25.0103,Archives/Archival Administration,f,60.9,46.6,93.9,64.8,100.0,5,73.2,Test
42.2706,Behavioral Neuroscience,f,47.8,87.3,89.1,60.0,100.0,5,73.2,Test
51.3824,Forensic Nursing,f,32.3,82.9,97.3,79.4,100.0,5,73.2,Test
31.0504,Sport and Fitness Administration/Management,f,96.6,63.4,73.9,83.1,0.0,5,73.1,Test
45.1201,Urban Studies/Affairs,f,74.6,28.0,91.3,60.9,100.0,5,73.1,Test
51.2202,Environmental Health,f,84.1,56.8,53.4,89.0,100.0,5,73.1,Test
42.2802,Community Psychology,f,70.1,38.2,89.6,62.2,100.0,5,73.0,Test
42.2899,"Clinical, Counseling and Applied Psychology, Other",f,76.0,23.6,89.6,62.2,100.0,5,72.6,Test
51.2003,Pharmaceutics and Drug Design,f,71.1,79.1,53.7,88.7,100.0,5,72.6,Test
52.0205,Operations Management and Supervision,f,82.8,27.5,74.5,75.5,100.0,5,72.6,Test
52.1003,Organizational Behavior Studies,f,86.9,14.2,78.2,73.0,100.0,5,72.6,Test
26.1104,Computational Biology,f,53.4,94.0,61.9,92.3,100.0,5,72.5,Test
44.0499,"Public Administration, Other",f,36.0,91.4,94.0,64.8,100.0,5,72.4,Test
51.2207,Public Health Education and Promotion,f,84.8,42.2,57.0,90.4,100.0,5,72.4,Test
45.0701,Geography,f,76.1,15.5,91.5,64.8,100.0,5,72.3,Test
51.0720,Regulatory Science/Affairs,f,44.6,91.8,70.5,92.2,100.0,5,72.1,Test
51.0908,Respiratory Care Therapy/Therapist,f,64.2,92.8,52.9,87.3,100.0,5,72.1,Test
51.2305,Music Therapy/Therapist,f,64.6,70.4,60.2,94.2,100.0,5,72.1,Test
26.1007,Pharmacology and Toxicology,f,65.5,81.2,55.8,89.7,100.0,5,72.0,Test
30.3901,Economics and Computer Science,f,42.9,60.3,91.1,85.2,100.0,5,72.0,Test
45.1001,"Political Science and Government, General",f,91.6,32.6,84.0,29.2,100.0,5,72.0,Test
42.2709,Psychopharmacology,f,50.4,67.8,83.2,77.6,100.0,5,71.9,Test
52.0216,Science/Technology Management,f,56.7,47.1,84.7,82.5,100.0,5,71.9,Test
54.0199,"History, Other",f,62.9,40.8,92.8,60.4,100.0,5,71.9,Test
51.1002,Cytotechnology/Cytotechnologist,f,47.5,93.8,63.2,96.4,100.0,5,71.7,Test
45.9999,"Social Sciences, Other",f,72.8,24.5,91.3,58.2,100.0,5,71.6,Test
51.0501,"Dental Clinical Sciences, General",f,72.7,44.4,62.3,95.6,100.0,5,71.5,Test
52.1099,"Human Resources Management and Services, Other",f,82.1,15.2,80.3,69.9,100.0,5,71.5,Test
13.0699,"Educational Assessment, Evaluation, and Research, Other",f,61.5,37.6,85.0,79.0,100.0,5,71.4,Test
45.1102,Applied/Public Sociology,f,35.7,90.7,91.9,63.6,100.0,5,71.4,Test
11.0501,Computer Systems Analysis/Analyst,f,89.8,89.0,61.3,83.5,0.0,5,71.2,Test
51.0202,Audiology/Audiologist,f,64.2,60.2,61.8,95.5,100.0,5,71.2,Test
42.2708,Psychometrics and Quantitative Psychology,f,42.9,80.0,89.6,62.2,100.0,5,71.1,Test
51.3203,Nursing Education,f,95.3,52.0,45.5,73.8,100.0,5,71.1,Test
51.1099,"Clinical/Medical Laboratory Science and Allied Professions, Other",f,52.2,78.8,63.2,96.4,100.0,5,70.9,Test
30.1202,Cultural Resource Management and Policy Analysis,f,44.6,65.2,93.3,63.6,100.0,5,70.7,Test
51.0508,Orthodontics/Orthodontology,f,60.5,61.7,62.9,96.2,100.0,5,70.7,Test
51.2310,Vocational Rehabilitation Counseling/Counselor,f,84.1,27.7,60.1,88.6,100.0,5,70.7,Test
13.0501,Educational/Instructional Technology,t,97.8,65.6,66.7,75.5,0.0,5,70.5,
1.8101,"Veterinary Sciences/Veterinary Clinical Sciences, General",f,67.2,58.5,58.2,93.0,100.0,5,70.3,Test
11.1001,Network and System Administration/Administrator,f,44.6,91.8,67.8,85.5,100.0,5,70.3,Test
29.0207,Cyber/Electronic Operations and Warfare,f,79.0,98.6,,,0.0,3,70.0,Test
45.0203,Medical Anthropology,f,33.6,81.4,93.4,64.3,100.0,5,70.0,Test
54.0108,Military History,f,60.9,31.3,92.8,60.4,100.0,5,69.9,Test
42.2810,Health/Medical Psychology,f,50.4,53.1,88.1,68.3,100.0,5,69.8,Test
51.0911,Radiologic Technology/Science - Radiographer,f,63.2,74.4,56.5,85.0,100.0,5,69.8,Test
51.2011,Pharmaceutical Marketing and Management,f,37.3,96.3,70.4,86.3,100.0,5,69.7,Test
11.0301,Data Processing and Data Processing Technology/Technician,f,75.3,100.0,66.3,80.8,0.0,5,69.6,Test
39.0801,Religious Institution Administration and Management,f,42.4,74.0,88.7,60.3,100.0,5,69.5,Test
42.2707,Social Psychology,f,47.8,59.7,89.6,62.2,100.0,5,69.5,Test
26.1001,Pharmacology,f,69.4,67.7,51.6,86.6,100.0,5,69.4,Test
51.0599,"Advanced/Graduate Dentistry and Oral Sciences, Other",f,54.1,67.7,62.3,95.6,100.0,5,69.4,Test
52.2101,Telecommunications Management,f,30.1,89.8,83.4,78.9,100.0,5,69.4,Test
27.0502,Mathematical Statistics and Probability,f,66.9,59.9,50.8,100.0,100.0,5,69.3,Test
30.0000,"Multi-/Interdisciplinary Studies, General",f,78.6,96.1,,,0.0,3,69.1,Test
45.0604,Development Economics and International Development,f,65.7,17.2,91.6,62.2,100.0,5,69.1,Test
52.0899,"Finance and Financial Management Services, Other",f,59.0,23.8,80.2,92.0,100.0,5,69.1,Test
45.0301,Archeology,f,46.3,49.7,93.4,64.3,100.0,5,69.0,Test
15.1001,Construction Engineering Technology/Technician,f,84.4,87.6,67.6,68.0,0.0,5,68.9,Test
50.1004,Theatre/Theatre Arts Management,f,51.1,60.3,85.4,59.5,100.0,5,68.9,Test
44.0701,Social Work,f,99.9,63.7,62.1,71.1,0.0,5,68.8,Test
45.0299,"Anthropology, Other",f,43.4,52.9,93.4,64.3,100.0,5,68.6,Test
54.0105,Public/Applied History,f,59.0,25.4,92.2,61.6,100.0,5,68.4,Test
22.0201,"Advanced Legal Research/Studies, General",f,95.5,80.2,64.7,55.0,0.0,5,68.3,Test
51.3807,Nurse Midwife/Nursing Midwifery,f,80.3,75.2,29.3,94.1,100.0,5,68.3,Test
26.0403,Anatomy,f,66.3,65.3,51.6,86.6,100.0,5,68.2,Test
45.0602,Applied Economics,f,61.3,19.3,87.4,71.6,100.0,5,68.2,Test
51.0901,Cardiovascular Technology/Technologist,f,39.1,98.2,59.8,91.8,100.0,5,68.2,Test
51.1503,Clinical/Medical Social Work,f,93.4,89.0,48.7,80.9,0.0,5,68.1,Test
52.1904,Apparel and Accessories Marketing Operations,f,38.4,84.9,92.1,41.3,100.0,5,68.1,Test
14.3701,Operations Research,f,88.3,64.2,29.7,86.2,100.0,5,68.0,Test
42.2811,Family Psychology,f,44.4,52.2,88.1,68.3,100.0,5,67.8,Test
51.3816,Emergency Room/Trauma Nursing,f,35.7,39.5,97.3,79.4,100.0,5,67.7,Test
13.1299,"Teacher Education and Professional Development, Specific Levels and Methods, Other",f,96.8,54.1,,,0.0,3,67.6,Test
51.0602,Dental Hygiene/Hygienist,f,58.3,61.5,59.2,87.8,100.0,5,67.6,Test
45.0501,Demography and Population Studies,f,53.0,35.3,91.8,58.3,100.0,5,67.5,Test
51.2206,Occupational Health and Industrial Hygiene,f,60.5,52.1,58.9,92.4,100.0,5,67.5,Test
30.1701,Behavioral Sciences,f,92.2,97.4,47.5,72.4,0.0,5,67.4,Test
51.0718,Long Term Care Administration/Management,f,30.9,66.5,77.4,99.5,100.0,5,67.4,Test
15.1501,Engineering/Industrial Management,f,97.3,70.8,54.1,75.0,0.0,5,67.3,Test
52.1006,Executive/Career Coaching,f,37.7,76.2,77.1,76.3,100.0,5,67.3,Test
51.1401,Medical Science/Scientist,f,83.8,69.3,33.3,78.0,100.0,5,67.2,Test
52.0901,"Hospitality Administration/Management, General",f,85.4,68.3,67.1,74.5,0.0,5,67.2,Test
11.0899,"Computer Software and Media Applications, Other",f,77.4,91.3,,,0.0,3,67.1,Test
45.1004,Political Economy,f,21.5,92.9,91.3,62.2,100.0,5,67.1,Test
43.0304,Terrorism and Counterterrorism Operations,f,44.4,65.6,84.5,56.4,100.0,5,67.0,Test
45.0101,"Social Sciences, General",f,78.5,28.4,83.9,26.9,100.0,5,67.0,Test
51.0999,"Allied Health Diagnostic, Intervention, and Treatment Professions, Other",f,45.3,83.1,59.0,87.5,100.0,5,66.9,Test
9.0900,"Public Relations, Advertising, and Applied Communication",f,85.6,98.9,54.1,66.8,0.0,5,66.8,Test
15.1204,Computer Software Technology/Technician,f,24.2,61.2,89.2,89.2,100.0,5,66.6,Test
52.1801,"Sales, Distribution, and Marketing Operations, General",f,80.9,76.0,94.1,18.2,0.0,5,66.6,Test
51.2006,Clinical and Industrial Drug Development,f,66.1,51.2,55.0,82.9,100.0,5,66.4,Test
22.0202,Programs for Foreign Lawyers,f,91.1,70.6,66.4,56.6,0.0,5,66.3,Test
30.7103,Data Visualization,f,30.9,66.5,80.3,86.0,100.0,5,66.2,Test
31.0501,"Sports, Kinesiology, and Physical Education/Fitness, General",f,87.2,35.2,74.5,82.9,0.0,5,66.2,Test
9.0901,"Organizational Communication, General",f,75.5,73.8,66.9,82.2,0.0,5,66.1,Test
52.1207,Knowledge Management,f,48.5,43.6,70.9,91.5,100.0,5,66.1,Test
51.0711,Medical/Health Management and Clinical Assistant/Specialist,f,26.9,71.2,95.5,57.0,100.0,5,66.0,Test
51.2302,Dance Therapy/Therapist,f,43.9,70.1,60.2,94.2,100.0,5,65.9,Test
26.1311,Epidemiology and Biostatistics,f,55.4,,54.5,85.9,100.0,4,65.7,Test
51.0907,Medical Radiologic Technology/Science - Radiation Therapist,f,56.0,70.2,52.9,83.6,100.0,5,65.7,Test
30.4801,Linguistics and Computer Science,f,20.2,51.5,90.7,97.3,100.0,5,65.6,Test
30.1101,Gerontology,f,72.2,30.3,53.4,87.9,100.0,5,65.4,Test
11.0199,"Computer and Information Sciences,  Other",f,83.7,92.9,11.0,86.4,100.0,5,65.3,Test
51.2002,Pharmacy Administration and Pharmacy Policy and Regulatory Affairs,f,58.5,11.0,70.7,98.6,100.0,5,65.2,Test
51.3815,Occupational and Environmental Health Nursing,f,21.5,50.6,97.3,79.4,100.0,5,65.1,Test
52.0215,Risk Management,f,14.1,,99.8,74.2,100.0,4,65.1,Test
13.1327,Health Occupations Teacher Education,f,52.2,79.9,66.8,48.9,100.0,5,65.0,Test
49.0101,"Aeronautics/Aviation/Aerospace Science and Technology, General",f,84.2,88.9,51.2,73.9,0.0,5,65.0,Test
51.2399,"Rehabilitation and Therapeutic Professions, Other",f,65.9,20.3,60.2,94.2,100.0,5,65.0,Test
22.0203,American/U.S. Law/Legal Studies/Jurisprudence,f,84.0,80.5,64.7,55.0,0.0,5,64.9,Test
4.0902,Architectural and Building Sciences/Technology,f,96.4,99.1,44.5,51.2,0.0,5,64.8,Test
26.1199,"Biomathematics, Bioinformatics, and Computational Biology, Other",f,44.6,78.0,49.5,99.2,100.0,5,64.8,Test
14.3501,Industrial Engineering,f,94.2,58.8,54.1,75.0,0.0,5,64.6,Test
45.1099,"Political Science and Government, Other",f,59.9,46.2,84.8,28.5,100.0,5,64.6,Test
51.0299,"Communication Disorders Sciences and Services, Other",f,56.1,43.5,57.2,93.8,100.0,5,64.6,Test
19.0505,Foodservice Systems Administration/Management,f,18.9,62.7,96.1,70.4,100.0,5,64.5,Test
45.0601,"Economics, General",f,78.5,8.4,84.0,29.2,100.0,5,64.4,Test
52.0808,Public Finance,f,32.9,,73.7,85.0,100.0,4,64.4,Test
26.1002,Molecular Pharmacology,f,37.7,84.7,55.8,89.7,100.0,5,64.2,Test
51.0504,Dental Public Health and Education,f,30.1,89.8,60.0,91.3,100.0,5,64.2,Test
26.1003,Neuropharmacology,f,40.2,79.0,55.8,89.7,100.0,5,64.1,Test
45.0699,"Economics, Other",f,45.7,22.7,92.4,61.6,100.0,5,64.1,Test
52.1005,Human Resources Development,f,85.6,33.7,69.1,84.4,0.0,5,64.1,Test
15.9999,"Engineering/Engineering-Related Technologies/Technicians, Other",f,75.5,83.5,,,0.0,3,64.0,Test
51.0506,Endodontics/Endodontology,f,41.0,57.5,62.3,95.6,100.0,5,64.0,Test
51.1001,Blood Bank Technology Specialist,f,24.2,89.1,63.2,96.4,100.0,5,64.0,Test
54.0104,History and Philosophy of Science and Technology,f,40.2,42.1,88.8,60.2,100.0,5,64.0,Test
52.0903,Tourism and Travel Services Management,f,47.5,12.5,93.0,65.5,100.0,5,63.9,Test
52.1402,Marketing Research,f,50.1,26.2,78.6,75.6,100.0,5,63.9,Test
42.2807,Clinical Child Psychology,f,36.4,41.1,88.1,68.3,100.0,5,63.8,Test
51.0000,"Health Services/Allied Health/Health Sciences, General",f,86.6,60.6,,,0.0,3,63.8,Test
51.0502,Advanced General Dentistry,f,36.6,88.1,54.7,88.1,100.0,5,63.8,Test
51.1007,Histologic Technology/Histotechnologist,f,25.5,84.8,63.2,96.4,100.0,5,63.8,Test
51.1199,"Health/Medical Preparatory Programs, Other",f,71.8,90.1,,,0.0,3,63.7,Test
51.2309,Therapeutic Recreation/Recreational Therapy,f,48.3,42.9,61.8,95.0,100.0,5,63.7,Test
3.0103,Environmental Studies,f,90.9,70.6,64.2,43.4,0.0,5,63.6,Test
45.0205,Forensic Anthropology,f,24.2,66.0,86.1,70.2,100.0,5,63.5,Test
51.2001,Pharmacy,f,36.6,52.1,68.0,95.4,100.0,5,63.5,Test
51.2213,Patient Safety and Healthcare Quality,f,44.3,35.9,69.5,93.0,100.0,5,63.5,Test
14.4701,Electrical and Computer Engineering,f,88.4,94.9,43.3,64.2,0.0,5,63.4,Test
26.0102,"Biomedical Sciences, General",f,96.2,85.9,33.1,77.9,0.0,5,63.4,Test
52.2001,"Construction Management, General",f,74.3,52.6,69.7,82.3,0.0,5,63.4,Test
13.1210,Early Childhood Education and Teaching,f,95.2,52.4,82.4,14.2,0.0,5,63.3,Test
42.2815,Performance and Sport Psychology,f,67.4,81.2,66.6,72.9,0.0,5,63.3,Test
51.0909,Surgical Technology/Technologist,f,39.4,78.5,55.1,88.0,100.0,5,63.3,Test
42.2702,Comparative Psychology,f,22.9,67.4,89.6,62.2,100.0,5,63.2,Test
51.9999,"Health Professions and Related Clinical Sciences, Other",f,87.5,56.9,,,0.0,3,63.2,Test
15.0701,Occupational Safety and Health Technology/Technician,f,84.7,68.2,47.6,87.1,0.0,5,63.0,Test
27.9999,"Mathematics and Statistics, Other",f,48.9,55.7,49.6,98.7,100.0,5,62.7,Test
51.2004,Medicinal and Pharmaceutical Chemistry,f,51.7,57.5,51.5,87.6,100.0,5,62.7,Test
22.0299,"Legal Research and Advanced Professional Studies, Other",f,85.8,61.4,64.7,55.0,0.0,5,62.6,Test
52.0704,Social Entrepreneurship,f,14.1,,99.2,60.9,100.0,4,62.5,Test
12.0504,"Restaurant, Culinary, and Catering Management/Manager",f,10.0,,96.3,74.5,100.0,4,62.4,Test
26.0913,Biomechanics,f,32.3,91.5,52.4,88.3,100.0,5,62.4,Test
52.1501,Real Estate,f,88.6,59.6,67.2,43.9,0.0,5,62.3,Test
26.0999,"Physiology, Pathology, and Related Sciences, Other",f,36.6,73.3,55.8,89.7,100.0,5,62.2,Test
1.8102,Comparative and Laboratory Animal Medicine,f,45.7,46.3,58.2,93.0,100.0,5,62.1,Test
14.0501,Bioengineering and Biomedical Engineering,f,95.6,72.7,41.7,66.6,0.0,5,62.1,Test
14.2701,Systems Engineering,f,93.1,46.9,51.4,77.6,0.0,5,62.0,Test
13.1101,Counselor Education/School Counseling and Guidance Services,f,98.7,37.2,66.2,45.7,0.0,5,61.9,Test
51.0803,Occupational Therapist Assistant,f,39.4,48.1,61.0,97.4,100.0,5,61.9,Test
51.2008,"Clinical, Hospital, and Managed Care Pharmacy",f,24.2,66.0,68.0,95.4,100.0,5,61.9,Test
52.0601,Business/Managerial Economics,f,41.8,7.5,86.0,82.0,100.0,5,61.8,Test
12.0503,Culinary Arts/Chef Training,f,0.0,,98.8,84.1,100.0,4,61.5,Test
45.0202,Physical and Biological Anthropology,f,25.5,40.5,93.4,64.3,100.0,5,61.4,Test
1.8110,"Veterinary Preventive Medicine, Epidemiology, and Public Health",f,36.0,62.1,57.6,92.4,100.0,5,61.3,Test
19.0203,Consumer Merchandising/Retailing Management,f,31.6,84.4,88.0,18.2,100.0,5,61.3,Test
19.0706,Child Development,f,73.3,55.9,95.6,14.4,0.0,5,61.2,Test
26.0908,Exercise Physiology and Kinesiology,f,89.5,90.3,28.5,81.8,0.0,5,61.2,Test
43.0100,"Criminal Justice and Corrections, General",f,36.6,70.5,82.3,33.2,100.0,5,61.2,Test
14.0801,"Civil Engineering, General",f,96.5,40.4,52.5,68.3,0.0,5,61.0,Test
51.2300,"Rehabilitation and Therapeutic Professions, General",f,32.3,,60.2,94.2,100.0,4,61.0,Test
3.0104,Environmental Science,f,90.1,56.0,63.0,43.6,0.0,5,60.9,Test
51.1003,Hematology Technology/Technician,f,21.5,71.2,63.2,96.4,100.0,5,60.6,Test
51.1010,Cytogenetics/Genetics/Clinical Genetics Technology/Technologist,f,26.9,,63.2,96.4,100.0,4,60.6,Test
13.1201,Adult and Continuing Education and Teaching,f,83.3,22.5,69.6,75.3,0.0,5,60.5,Test
14.0999,"Computer Engineering, Other",f,71.3,96.1,43.1,78.4,0.0,5,60.5,Test
22.0210,"International Business, Trade, and Tax Law",f,72.9,73.2,64.7,55.0,0.0,5,60.5,Test
45.0605,International Economics,f,40.2,9.1,92.4,61.6,100.0,5,60.4,Test
14.4201,"Mechatronics, Robotics, and Automation Engineering",f,88.1,98.2,39.2,49.2,0.0,5,60.3,Test
19.0401,"Family Resource Management Studies, General",f,65.4,68.9,59.7,82.8,0.0,5,60.3,Test
45.0103,Survey Research/Methodology,f,17.3,,90.8,59.0,100.0,4,60.3,Test
9.0101,Speech Communication and Rhetoric,f,92.5,40.1,55.5,65.3,0.0,5,60.2,Test
22.0208,Health Law,f,74.0,69.2,64.7,55.0,0.0,5,60.2,Test
26.0101,"Biology/Biological Sciences, General",f,95.7,47.8,74.4,13.3,0.0,5,60.2,Test
51.0510,Periodontics/Periodontology,f,40.2,34.3,62.3,95.6,100.0,5,60.2,Test
30.9999,"Multi-/Interdisciplinary Studies, Other",f,92.7,35.1,,,0.0,3,60.1,Test
44.0000,"Human Services, General",f,86.0,19.5,67.6,74.2,0.0,5,60.1,Test
1.8108,Veterinary Pathology and Pathobiology,f,31.6,62.7,57.6,92.4,100.0,5,60.0,Test
51.0509,Pediatric Dentistry/Pedodontics,f,38.4,59.2,54.7,88.1,100.0,5,60.0,Test
52.0299,"Business Administration, Management and Operations, Other",f,95.1,29.9,,,0.0,3,60.0,Test
52.0905,Restaurant/Food Services Management,f,46.3,97.8,67.7,73.6,0.0,5,59.9,Test
14.3301,Construction Engineering,f,83.1,92.6,53.2,33.3,0.0,5,59.8,Test
4.1001,Real Estate Development,f,73.5,72.9,67.2,43.9,0.0,5,59.7,Test
14.0201,"Aerospace, Aeronautical, and Astronautical/Space Engineering, General",f,93.6,65.9,37.8,69.3,0.0,5,59.7,Test
45.0204,Cultural Anthropology,f,26.9,26.9,93.4,63.6,100.0,5,59.7,Test
52.0999,"Hospitality Administration/Management, Other",f,39.9,11.1,85.5,69.1,100.0,5,59.7,Test
29.0201,"Intelligence, General",f,79.5,,,,0.0,2,59.6,Test
13.1202,Elementary Education and Teaching,f,98.3,29.7,83.7,3.0,0.0,5,59.5,Test
30.4601,History and Political Science,f,17.3,55.0,90.8,59.0,100.0,5,59.5,Test
45.1103,Rural Sociology,f,12.2,,92.3,61.6,100.0,4,59.5,Test
9.0100,"Communication, General",f,83.4,59.0,54.9,60.4,0.0,5,59.4,Test
19.0708,Child Care and Support Services Management,f,55.4,72.5,78.2,56.6,0.0,5,59.4,Test
26.1004,Toxicology,f,45.3,48.8,51.6,86.6,100.0,5,59.4,Test
40.0801,"Physics, General",f,92.4,50.6,74.9,10.5,0.0,5,59.4,Test
30.3301,Sustainability Studies,f,92.1,94.0,38.1,41.2,0.0,5,59.3,Test
40.0501,"Chemistry, General",f,93.4,46.6,74.3,13.4,0.0,5,59.3,Test
14.1901,Mechanical Engineering,f,97.9,54.7,49.0,45.7,0.0,5,59.1,Test
51.3202,Health Professions Education,f,38.4,,54.0,83.2,100.0,4,59.1,Test
11.0205,"Computer Programming, Specific Platforms",f,0.0,,89.2,89.2,100.0,4,59.0,Test
27.0599,"Statistics, Other",f,60.1,94.5,18.6,75.0,100.0,5,59.0,Test
45.1002,American Government and Politics (United States),f,54.0,20.5,84.8,28.5,100.0,5,59.0,Test
14.1001,Electrical and Electronics Engineering,f,98.1,39.4,42.4,72.4,0.0,5,58.9,Test
13.1206,"Teacher Education, Multiple Levels",f,96.1,39.3,79.2,2.1,0.0,5,58.8,Test
22.0209,International Law and Legal Studies,f,78.1,51.4,64.7,55.0,0.0,5,58.8,Test
51.0905,Nuclear Medical Technology/Technologist,f,24.2,,61.7,94.8,100.0,4,58.8,Test
52.0904,Hotel/Motel Administration/Management,f,61.5,51.1,83.5,50.8,0.0,5,58.8,Test
22.0220,Human Resources Law,f,56.1,94.4,64.7,55.0,0.0,5,58.7,Test
14.1099,"Electrical, Electronics, and Communications Engineering, Other",f,71.7,90.0,42.4,72.4,0.0,5,58.6,Test
22.0211,Tax Law/Taxation,f,83.2,40.1,64.7,55.0,0.0,5,58.6,Test
22.9999,"Legal Professions and Studies, Other",f,89.2,36.6,,,0.0,3,58.6,Test
14.0101,"Engineering, General",t,95.8,67.3,39.2,49.2,0.0,5,58.0,
31.0399,"Parks, Recreation, and Leisure Facilities Management, Other",f,0.0,,100.0,61.9,100.0,4,58.0,Test
1.0901,"Animal Sciences, General",f,79.8,52.4,81.1,11.9,0.0,5,57.9,Test
13.1401,Teaching English as a Second or Foreign Language/ESL Language Instructor,t,94.1,37.4,79.2,2.1,0.0,5,57.9,
30.0101,Biological and Physical Sciences,f,81.8,62.2,73.4,13.4,0.0,5,57.9,Test
1.0308,Agroecology and Sustainable Agriculture,f,60.5,90.7,80.7,12.2,0.0,5,57.8,Test
13.1205,Secondary Education and Teaching,f,97.2,28.4,77.8,6.2,0.0,5,57.7,Test
39.9999,"Theology and Religious Vocations, Other",f,82.2,47.0,,,0.0,3,57.7,Test
31.0601,Outdoor Education,f,49.6,75.8,71.2,66.6,0.0,5,57.6,Test
51.2209,Maternal and Child Health,f,46.9,18.8,57.0,90.4,100.0,5,57.6,Test
51.3602,Yoga Teacher Training/Yoga Therapy,f,40.2,,80.1,85.8,0.0,4,57.6,Test
15.1599,"Engineering-Related Fields, Other",f,56.4,97.6,,,0.0,3,57.4,Test
52.1299,"Management Information Systems and Services, Other",f,36.6,9.8,70.9,91.5,100.0,5,57.4,Test
13.1314,Physical Education Teaching and Coaching,f,91.6,31.6,74.6,18.0,0.0,5,57.3,Test
1.8106,Veterinary Infectious Diseases,f,32.3,42.4,57.6,92.4,100.0,5,57.2,Test
14.9999,"Engineering, Other",f,92.3,69.4,39.2,49.2,0.0,5,57.2,Test
22.0205,"Banking, Corporate, Finance, and Securities Law",f,72.6,51.4,64.7,55.0,0.0,5,57.2,Test
13.1199,"Student Counseling and Personnel Services, Other",f,74.4,56.2,64.0,47.4,0.0,5,57.1,Test
23.0101,"English Language and Literature, General",f,95.4,29.1,77.3,5.9,0.0,5,57.1,Test
14.0701,Chemical Engineering,f,91.2,50.7,41.7,63.6,0.0,5,57.0,Test
26.0401,Cell/Cellular Biology and Histology,f,42.5,38.7,51.6,86.6,100.0,5,57.0,Test
51.0511,Prosthodontics/Prosthodontology,f,32.9,24.9,63.1,96.3,100.0,5,57.0,Test
13.1213,"Science, Technology, Engineering, and Mathematics (STEM) Educational Methods",f,75.1,68.9,79.2,2.1,0.0,5,56.9,Test
44.0702,Youth Services/Administration,f,49.3,89.7,64.4,62.2,0.0,5,56.9,Test
52.0804,Financial Planning and Services,f,70.8,35.9,64.5,72.9,0.0,5,56.9,Test
52.9999,"Business, Management, Marketing, and Related Support Services, Other",f,87.4,34.0,,,0.0,3,56.9,Test
3.0204,Environmental/Natural Resource Economics,f,22.9,20.7,91.6,62.2,100.0,5,56.8,Test
13.0607,Learning Sciences,f,87.3,98.7,33.4,38.3,0.0,5,56.8,Test
1.9999,"Agricultural/Animal/Plant/Veterinary Science and Related Fields, Other",f,61.2,85.6,,,0.0,3,56.7,Test
13.1102,College Student Counseling and Personnel Services,f,85.2,32.3,64.0,47.4,0.0,5,56.7,Test
50.0901,"Music, General",f,91.2,36.5,74.7,9.3,0.0,5,56.6,Test
14.0899,"Civil Engineering, Other",f,58.2,87.0,52.5,68.3,0.0,5,56.5,Test
19.0905,Apparel and Textile Marketing Management,f,30.1,15.7,79.1,76.0,100.0,5,56.5,Test
51.1505,Marriage and Family Therapy/Counseling,f,95.9,64.9,18.4,82.7,0.0,5,56.4,Test
52.1909,Special Products Marketing Operations,f,28.4,48.5,94.6,14.6,100.0,5,56.4,Test
14.3601,Manufacturing Engineering,f,75.8,47.1,54.6,67.6,0.0,5,56.3,Test
51.1004,Clinical/Medical Laboratory Technician,f,14.1,,63.2,96.4,100.0,4,56.1,Test
1.1103,Horticultural Science,f,66.2,66.3,82.5,9.9,0.0,5,56.0,Test
11.0801,"Web Page, Digital/Multimedia and Information Resources Design",f,80.7,75.3,47.2,41.4,0.0,5,55.9,Test
13.0301,Curriculum and Instruction,f,99.5,46.5,50.8,25.4,0.0,5,55.9,Test
15.1503,Packaging Science,f,54.7,80.7,53.1,76.1,0.0,5,55.9,Test
50.0499,"Design and Applied Arts, Other",f,75.7,52.9,,,0.0,3,55.7,Test
51.1102,Pre-Medicine/Pre-Medical Studies,f,63.7,77.0,,,0.0,3,55.7,Test
51.0910,Diagnostic Medical Sonography/Sonographer and Ultrasound Technician,f,25.5,40.5,59.2,94.0,100.0,5,55.6,Test
30.5202,Digital Humanities,f,12.2,,85.8,51.8,100.0,4,55.5,Test
51.0904,Emergency Medical Technology/Technician (EMT Paramedic),f,28.4,55.7,53.0,84.7,100.0,5,55.5,Test
19.0709,Child Care Provider/Assistant,f,39.4,95.0,97.1,1.4,0.0,5,55.4,Test
39.0602,Divinity/Ministry,t,97.0,42.2,56.6,19.7,0.0,5,55.4,
42.2705,Personality Psychology,f,15.9,28.6,89.6,62.2,100.0,5,55.3,Test
51.0707,Health Information/Medical Records Technology/Technician,f,38.4,,43.8,81.9,100.0,4,55.2,Test
52.1902,Fashion Merchandising,f,36.6,88.1,95.1,16.3,0.0,5,55.2,Test
9.0904,Political Communication,f,53.7,85.0,54.1,66.8,0.0,5,55.1,Test
13.1315,Reading Teacher Education,f,96.9,26.0,71.8,3.8,0.0,5,55.1,Test
19.0799,"Human Development, Family Studies, and Related Services, Other",f,61.5,79.2,,,0.0,3,55.1,Test
43.0199,"Corrections and Criminal Justice, Other",f,80.4,77.3,64.3,0.8,0.0,5,55.1,Test
51.2314,Rehabilitation Science,f,40.2,13.0,59.6,88.2,100.0,5,55.1,Test
51.3102,Clinical Nutrition/Nutritionist,f,84.4,90.4,18.2,72.0,0.0,5,55.1,Test
52.0907,Meeting and Event Planning,f,51.5,99.4,48.5,68.1,0.0,5,55.1,Test
9.0902,Public Relations/Image Management,f,78.4,34.5,54.1,66.8,0.0,5,54.9,Test
13.1311,Mathematics Teacher Education,f,91.4,35.9,71.8,3.8,0.0,5,54.9,Test
26.0806,Human/Medical Genetics,f,72.3,79.5,29.9,81.8,0.0,5,54.9,Test
52.0209,Transportation/Mobility Management,f,57.8,74.3,51.2,73.9,0.0,5,54.9,Test
52.0207,Customer Service Management,f,31.6,93.8,95.7,16.8,0.0,5,54.8,Test
13.0406,Higher Education/Higher Education Administration,f,94.6,55.6,44.9,30.2,0.0,5,54.7,Test
13.1328,History Teacher Education,f,71.0,75.0,71.8,3.8,0.0,5,54.7,Test
39.0601,Theology/Theological Studies,f,95.7,40.3,56.6,19.7,0.0,5,54.7,Test
26.0901,"Physiology, General",f,82.2,58.4,30.1,81.0,0.0,5,54.6,Test
1.1102,Agronomy and Crop Science,f,69.8,49.5,80.9,12.3,0.0,5,54.5,Test
1.8107,Veterinary Microbiology and Immunobiology,f,15.9,57.5,57.6,92.4,100.0,5,54.5,Test
13.1305,English/Language Arts Teacher Education,f,87.8,40.2,71.8,3.8,0.0,5,54.5,Test
13.1312,Music Teacher Education,f,88.5,37.9,71.3,5.5,0.0,5,54.5,Test
26.1501,Neuroscience,f,79.2,81.4,29.0,65.8,0.0,5,54.5,Test
51.0799,"Health and Medical Administrative Services, Other",f,81.2,61.9,46.8,45.7,0.0,5,54.5,Test
51.0507,Oral/Maxillofacial Surgery,f,10.0,,62.8,96.1,100.0,4,54.4,Test
31.0507,Physical Fitness Technician,f,30.1,57.5,78.8,85.7,0.0,5,54.2,Test
9.0906,Sports Communication,f,54.5,87.5,59.3,45.5,0.0,5,54.1,Test
43.0107,Criminal Justice/Police Science,f,59.0,63.6,69.4,40.0,0.0,5,54.1,Test
14.1401,Environmental/Environmental Health Engineering,f,85.0,46.4,39.2,65.3,0.0,5,54.0,Test
43.0406,Forensic Science and Technology,f,86.4,58.8,29.4,69.2,0.0,5,53.9,Test
51.2308,Physical Therapy/Therapist,f,41.8,7.4,55.4,90.4,100.0,5,53.8,Test
52.1002,Labor and Industrial Relations,f,79.6,25.2,61.4,51.7,0.0,5,53.8,Test
51.1506,Clinical Pastoral Counseling/Patient Counseling,f,65.7,82.6,50.5,43.0,0.0,5,53.7,Test
51.3804,Nurse Anesthetist,f,76.9,9.9,19.2,88.9,100.0,5,53.7,Test
26.1099,"Pharmacology and Toxicology, Other",f,17.3,,55.8,89.7,100.0,4,53.4,Test
9.0999,"Public Relations, Advertising, and Applied Communication, Other",f,70.8,53.6,,,0.0,3,53.2,Test
22.0207,"Energy, Environment, and Natural Resources Law",f,59.6,50.3,64.7,55.0,0.0,5,53.1,Test
26.0406,Cell/Cellular and Molecular Biology,f,74.3,63.7,34.2,73.3,0.0,5,53.1,Test
50.0601,Film/Cinema/Media Studies,f,82.6,63.5,39.1,47.1,0.0,5,53.1,Test
1.0101,"Agricultural Business and Management, General",f,56.7,65.1,81.9,11.3,0.0,5,53.0,Test
15.1202,Computer/Computer Systems Technology/Technician,f,54.0,95.6,38.4,73.1,0.0,5,53.0,Test
23.1302,Creative Writing,f,94.9,43.3,44.1,31.8,0.0,5,53.0,Test
39.0705,Lay Ministry,f,74.7,88.6,44.6,26.2,0.0,5,53.0,Test
9.0199,"Communication and Media Studies, Other",f,80.3,33.3,,,0.0,3,52.9,Test
26.0508,Microbiology and Immunology,f,62.0,87.2,34.2,73.3,0.0,5,52.9,Test
39.0699,"Theological and Ministerial Studies, Other",f,85.3,58.3,52.1,19.5,0.0,5,52.9,Test
51.3101,Dietetics/Dietitian,f,87.7,76.2,16.8,67.6,0.0,5,52.9,Test
14.1801,Materials Engineering,f,89.0,61.6,47.1,17.2,0.0,5,52.7,Test
51.1504,Community Health Services/Liaison/Counseling,f,76.5,62.4,28.8,78.6,0.0,5,52.7,Test
45.1301,Sociology and Anthropology,f,12.2,9.6,93.2,63.6,100.0,5,52.6,Test
50.0602,Cinematography and Film/Video Production,f,87.9,54.4,36.3,47.8,0.0,5,52.6,Test
13.0401,"Educational Leadership and Administration, General",t,99.4,39.1,49.1,13.7,0.0,5,52.5,
44.0201,Community Organization and Advocacy,f,80.0,34.4,48.7,58.0,0.0,5,52.5,Test
50.0701,"Art/Art Studies, General",f,81.5,27.6,73.5,11.8,0.0,5,52.4,Test
40.1001,Materials Science,f,71.5,59.4,43.2,60.0,0.0,5,52.3,Test
9.0907,International and Intercultural Communication,f,55.7,71.2,56.9,51.3,0.0,5,52.2,Test
13.1307,Health Teacher Education,f,80.5,39.8,71.8,3.8,0.0,5,52.2,Test
19.0711,Early Childhood and Family Studies,f,30.9,90.4,96.4,3.0,0.0,5,52.2,Test
26.1401,Molecular Medicine,f,56.7,95.9,31.0,76.4,0.0,5,52.2,Test
26.9999,"Biological and Biomedical Sciences, Other",f,91.9,71.0,20.3,52.8,0.0,5,52.2,Test
26.1201,Biotechnology,f,92.9,68.1,20.3,52.8,0.0,5,52.1,Test
29.0202,Strategic Intelligence,f,54.1,82.7,,,0.0,3,52.1,Test
22.0000,Legal Studies,t,76.5,43.6,67.4,15.4,0.0,5,52.0,
26.1302,Marine Biology and Biological Oceanography,f,76.1,70.2,29.0,65.8,0.0,5,51.9,Test
39.0201,Bible/Biblical Studies,f,84.6,60.9,42.8,30.2,0.0,5,51.9,Test
16.0905,Spanish Language and Literature,f,82.3,24.5,75.0,6.2,0.0,5,51.8,Test
26.0202,Biochemistry,f,74.9,53.9,34.2,73.3,0.0,5,51.8,Test
46.0412,Building/Construction Site Management/Manager,f,0.0,,78.4,70.3,100.0,4,51.8,Test
1.1101,"Plant Sciences, General",f,56.4,57.5,80.9,12.3,0.0,5,51.7,Test
13.1207,Montessori Teacher Education,f,68.2,47.4,79.2,2.1,0.0,5,51.6,Test
15.1502,Engineering Design,f,63.9,88.8,39.2,49.2,0.0,5,51.6,Test
51.0001,"Health and Wellness, General",f,78.2,,28.8,78.6,0.0,4,51.6,Test
51.3199,"Dietetics and Clinical Nutrition Services, Other",f,70.1,95.2,18.2,72.0,0.0,5,51.6,Test
13.0201,Bilingual and Multilingual Education,f,79.7,23.2,79.2,2.1,0.0,5,51.5,Test
31.0505,Exercise Science and Kinesiology,f,93.9,59.5,6.5,83.3,0.0,5,51.5,Test
43.0114,Law Enforcement Investigation and Interviewing,f,56.7,,69.7,39.1,0.0,4,51.5,Test
51.0705,Medical Office Management/Administration,f,21.5,92.9,96.5,14.3,0.0,5,51.5,Test
3.0199,"Natural Resources Conservation and Research, Other",f,56.7,74.7,,,0.0,3,51.3,Test
11.0105,Human-Centered Technology Design,f,72.5,,33.9,77.8,0.0,4,51.3,Test
54.0103,European History,f,10.0,9.6,92.8,60.4,100.0,5,51.3,Test
13.1316,Science Teacher Education/General Science Teacher Education,f,82.6,28.8,71.8,3.8,0.0,5,51.2,Test
44.0799,"Social Work, Other",f,53.2,39.2,62.1,71.1,0.0,5,51.1,Test
51.3819,Palliative Care Nursing,f,0.0,0.0,97.3,79.4,100.0,5,51.1,Test
52.0810,Financial Risk Management,f,0.0,0.0,99.5,74.7,100.0,5,51.1,Test
1.0903,Animal Health,f,39.4,86.0,82.9,9.6,0.0,5,51.0,Test
13.0404,"Educational, Instructional, and Curriculum Supervision",f,89.0,49.9,49.1,13.7,0.0,5,51.0,Test
13.1203,Junior High/Intermediate/Middle School Education and Teaching,f,82.7,27.1,71.8,3.8,0.0,5,51.0,Test
13.1302,Art Teacher Education,f,83.5,25.0,71.3,5.5,0.0,5,51.0,Test
13.1322,Biology Teacher Education,f,75.0,42.8,71.8,3.8,0.0,5,51.0,Test
30.1601,Accounting and Computer Science,f,0.0,0.0,94.3,84.8,100.0,5,51.0,Test
4.0301,"City/Urban, Community, and Regional Planning",f,90.8,24.7,42.5,47.7,0.0,5,50.9,Test
26.1006,Environmental Toxicology,f,29.2,18.5,53.4,89.0,100.0,5,50.9,Test
43.0104,Criminal Justice/Safety Studies,f,94.7,48.6,35.3,30.8,0.0,5,50.9,Test
13.1318,Social Studies Teacher Education,f,80.2,27.1,74.1,3.2,0.0,5,50.8,Test
19.0504,Human Nutrition,f,81.1,68.4,18.0,71.8,0.0,5,50.8,Test
50.0903,"Music Performance, General",f,93.1,40.0,46.0,20.4,0.0,5,50.8,Test
51.0601,Dental Assisting/Assistant,f,0.0,,68.4,84.5,100.0,4,50.8,Test
52.0799,"Entrepreneurial and Small Business Operations, Other",f,58.2,69.9,,,0.0,3,50.8,Test
44.0599,"Public Policy Analysis, Other",f,44.3,97.3,,,0.0,3,50.7,Test
9.0102,Mass Communication/Media Studies,f,88.9,44.1,37.1,41.0,0.0,5,50.6,Test
22.0212,Intellectual Property Law,f,57.8,37.5,64.7,55.0,0.0,5,50.6,Test
51.0512,Digital Dentistry,f,0.0,,62.3,95.6,100.0,4,50.6,Test
51.1402,Clinical and Translational Science,f,43.4,96.5,35.4,82.3,0.0,5,50.5,Test
30.1401,Museology/Museum Studies,f,81.0,50.7,42.7,38.2,0.0,5,50.4,Test
39.0701,Pastoral Studies/Counseling,f,82.9,35.0,51.0,33.1,0.0,5,50.4,Test
52.0202,"Purchasing, Procurement/Acquisitions and Contracts Management",f,73.3,23.0,50.3,66.1,0.0,5,50.4,Test
14.2301,Nuclear Engineering,f,74.4,42.0,42.8,58.9,0.0,5,50.3,Test
50.0504,Playwriting and Screenwriting,f,74.1,65.8,40.7,39.9,0.0,5,50.3,Test
51.2311,Kinesiotherapy/Kinesiotherapist,f,39.9,82.5,43.9,84.3,0.0,5,50.2,Test
9.0909,Communication Management and Strategic Communications,f,75.8,85.3,14.8,67.5,0.0,5,50.1,Test
11.0204,Computer Game Programming,f,0.0,0.0,89.2,89.2,100.0,5,50.1,Test
13.1019,Education/Teaching of Individuals in Secondary Special Education Programs,f,83.0,83.7,35.1,14.0,0.0,5,50.1,Test
13.1334,School Librarian/School Library Media Specialist,f,74.2,67.2,45.6,27.0,0.0,5,50.1,Test
14.0804,Transportation and Highway Engineering,f,53.4,53.6,52.5,68.3,0.0,5,50.1,Test
51.3201,Bioethics/Medical Ethics,f,79.2,69.8,36.0,33.5,0.0,5,50.1,Test
14.1301,Engineering Science,f,76.9,51.9,39.2,49.2,0.0,5,50.0,Test
43.0402,Criminalistics and Criminal Science,f,49.3,57.1,69.0,39.7,0.0,5,50.0,Test
14.0803,Structural Engineering,f,63.5,32.2,52.5,68.3,0.0,5,49.9,Test
26.0204,Molecular Biology,f,70.3,50.2,34.2,73.3,0.0,5,49.9,Test
27.0303,Computational Mathematics,f,22.9,15.3,52.1,99.9,100.0,5,49.8,Test
16.1299,"Classics and Classical Languages, Literatures, and Linguistics, Other",f,45.7,84.0,75.0,6.2,0.0,5,49.7,Test
51.2317,Play Therapy/Therapist,f,0.0,,60.2,94.2,100.0,4,49.6,Test
52.0806,International Finance,f,12.2,7.1,73.7,85.0,100.0,5,49.6,Test
1.8104,Small/Companion Animal Surgery and Medicine,f,14.1,25.5,58.2,93.0,100.0,5,49.5,Test
13.1323,Chemistry Teacher Education,f,60.5,61.7,71.8,3.8,0.0,5,49.5,Test
13.1337,Earth Science Teacher Education,f,57.2,68.0,71.8,3.8,0.0,5,49.5,Test
50.0912,Music Pedagogy,f,64.2,82.3,47.6,24.2,0.0,5,49.5,Test
14.4501,Biological/Biosystems Engineering,f,54.7,92.5,39.2,49.2,0.0,5,49.4,Test
39.0799,"Pastoral Counseling and Specialized Ministries, Other",f,69.5,61.0,45.0,39.2,0.0,5,49.4,Test
13.0407,Community College Administration,f,60.9,83.4,48.2,27.0,0.0,5,49.3,Test
50.0401,"Design and Visual Communications, General",f,78.3,34.1,47.3,43.3,0.0,5,49.3,Test
13.1324,Drama and Dance Teacher Education,f,58.7,62.2,71.3,5.5,0.0,5,49.2,Test
22.0224,Tribal/Indigenous Law,f,35.2,73.4,64.7,55.0,0.0,5,49.2,Test
50.0907,Keyboard Instruments,f,71.5,65.6,47.6,24.2,0.0,5,49.2,Test
1.1105,Plant Protection and Integrated Pest Management,f,41.0,69.8,82.5,9.9,0.0,5,49.0,Test
13.1017,Education/Teaching of Individuals in Elementary Special Education Programs,f,90.7,83.0,14.9,32.6,0.0,5,49.0,Test
51.0801,Medical/Clinical Assistant,f,0.0,0.0,85.5,88.8,100.0,5,49.0,Test
1.0607,Turf and Turfgrass Management,f,15.9,57.5,96.1,44.6,0.0,5,48.9,Test
16.1101,Arabic Language and Literature,f,41.0,88.1,75.0,6.2,0.0,5,48.9,Test
14.0702,Chemical and Biomolecular Engineering,f,53.0,91.6,39.2,49.2,0.0,5,48.8,Test
14.1201,Engineering Physics/Applied Physics,f,67.7,64.7,40.9,43.2,0.0,5,48.8,Test
14.2101,Mining and Mineral Engineering,f,54.1,64.8,43.7,65.1,0.0,5,48.8,Test
50.0911,Stringed Instruments,f,72.5,60.7,47.6,24.2,0.0,5,48.8,Test
14.0401,Architectural Engineering,f,68.5,60.1,39.2,49.2,0.0,5,48.7,Test
30.4401,Geography and Environmental Studies,f,67.7,92.6,27.2,42.0,0.0,5,48.7,Test
13.1306,Foreign Language Teacher  Education,f,69.1,38.3,71.8,3.8,0.0,5,48.6,Test
14.0301,Agricultural Engineering,f,68.7,32.3,44.0,66.2,0.0,5,48.6,Test
1.8301,Veterinary/Animal Health Technology/Technician and Veterinary Assistant,f,0.0,,59.7,88.5,100.0,4,48.5,Test
9.0905,Health Communication,f,54.1,27.3,57.6,72.7,0.0,5,48.5,Test
13.1007,Education/Teaching of Individuals with Multiple Disabilities,f,88.6,69.1,32.3,12.4,0.0,5,48.5,Test
26.0502,"Microbiology, General",f,70.4,59.0,29.0,65.8,0.0,5,48.5,Test
1.8199,"Veterinary Biomedical and Clinical Sciences, Other",f,0.0,,57.6,92.4,100.0,4,48.4,Test
31.0302,Golf Course Operation and Grounds Management,f,17.3,,96.0,47.0,0.0,4,48.3,Test
51.0806,Physical Therapy Assistant,f,0.0,,53.9,99.4,100.0,4,48.3,Test
51.0920,Magnetic Resonance Imaging (MRI) Technology/Technician,f,12.2,16.0,60.8,93.6,100.0,5,48.3,Test
51.0811,Pathology/Pathologist Assistant,f,64.6,78.9,24.2,64.8,0.0,5,48.2,Test
51.0704,Health Unit Manager/Ward Supervisor,f,0.0,0.0,77.4,99.5,100.0,5,48.1,Test
16.0101,"Foreign Languages and Literatures, General",f,66.7,30.6,75.0,6.2,0.0,5,48.0,Test
39.0301,Missions/Missionary Studies,f,75.8,52.8,42.8,30.2,0.0,5,48.0,Test
51.0903,Electroneurodiagnostic/Electroencephalographic Technology/Technologist,f,0.0,,59.0,87.5,100.0,4,48.0,Test
51.1509,Genetic Counseling/Counselor,f,77.6,81.4,0.3,82.9,0.0,5,48.0,Test
52.1004,Labor Studies,f,46.9,75.9,45.4,59.5,0.0,5,48.0,Test
1.0505,Animal Training,f,57.8,99.6,17.6,69.2,0.0,5,47.9,Test
30.3401,Anthrozoology,f,35.2,,80.0,40.8,0.0,4,47.9,Test
50.0908,Voice and Opera,f,73.2,60.6,46.0,20.4,0.0,5,47.9,Test
14.0103,Applied Engineering,f,69.5,77.6,34.7,32.6,0.0,5,47.8,Test
52.0703,Small Business Administration/Management,f,0.0,0.0,93.0,65.5,100.0,5,47.7,Test
13.1338,Environmental Education,f,37.7,80.7,79.2,2.1,0.0,5,47.5,Test
16.1601,American Sign Language (ASL),f,32.9,94.6,75.0,6.2,0.0,5,47.5,Test
24.0102,General Studies,f,69.6,57.1,45.6,29.4,0.0,5,47.5,Test
13.1001,"Special Education and Teaching, General",f,99.3,44.3,32.2,8.4,0.0,5,47.4,Test
14.4801,"Energy Systems Engineering, General",f,51.9,84.3,39.2,49.2,0.0,5,47.4,Test
26.0910,Pathology/Experimental Pathology,f,60.3,57.3,31.0,76.4,0.0,5,47.4,Test
50.0501,"Drama and Dramatics/Theatre Arts, General",f,85.7,29.3,36.9,41.7,0.0,5,47.4,Test
46.0401,Building/Property Maintenance,f,0.0,0.0,95.5,57.8,100.0,5,47.3,Test
49.0104,Aviation/Airway Management and Operations,f,59.4,19.9,51.2,73.9,0.0,5,47.3,Test
11.0803,Computer Graphics,f,71.9,63.5,46.3,14.5,0.0,5,47.2,Test
26.0404,Developmental Biology and Embryology,f,21.5,11.9,52.4,88.3,100.0,5,47.2,Test
52.0204,Office Management and Supervision,f,48.6,8.9,95.7,16.8,0.0,5,47.1,Test
26.0407,Cell Biology and Anatomy,f,46.3,89.4,27.5,76.2,0.0,5,47.0,Test
16.0901,French Language and Literature,f,67.3,22.0,75.0,6.2,0.0,5,46.9,Test
19.0101,"Family and Consumer Sciences/Human Sciences, General",f,68.7,14.8,78.3,3.7,0.0,5,46.9,Test
43.9999,"Homeland Security, Law Enforcement, Firefighting and Related Protective Services, Other",f,75.1,21.8,,,0.0,3,46.9,Test
24.0103,Humanities/Humanistic Studies,f,79.9,31.4,45.6,29.4,0.0,5,46.8,Test
26.0907,Cardiovascular Science,f,45.3,80.4,30.1,81.0,0.0,5,46.8,Test
42.2809,Geropsychology,f,0.0,0.0,88.5,68.2,100.0,5,46.8,Test
43.0109,Security and Loss Prevention Services,f,32.9,35.3,96.6,17.1,0.0,5,46.7,Test
26.1307,Conservation Biology,f,71.0,85.4,12.8,57.5,0.0,5,46.6,Test
30.7099,"Data Science, Other",f,18.9,10.3,50.2,95.3,100.0,5,46.6,Test
52.0208,E-Commerce/Electronic Commerce,f,48.3,11.2,95.9,11.3,0.0,5,46.6,Test
4.0201,Architecture,f,83.3,8.8,41.9,50.8,0.0,5,46.5,Test
13.1209,Kindergarten/Preschool Education and Teaching,f,57.7,11.6,70.8,41.7,0.0,5,46.5,Test
26.0807,Genome Sciences/Genomics,f,59.0,98.3,20.3,52.8,0.0,5,46.5,Test
40.0601,"Geology/Earth Science, General",f,89.6,39.4,22.4,46.5,0.0,5,46.5,Test
24.0101,Liberal Arts and Sciences/Liberal Studies,f,86.3,16.0,45.6,29.4,0.0,5,46.4,Test
30.3201,Marine Sciences,f,57.2,77.7,38.1,41.2,0.0,5,46.4,Test
4.0601,Landscape Architecture,f,75.1,18.8,44.5,50.6,0.0,5,46.3,Test
45.0502,Applied Demography,f,0.0,0.0,91.8,58.3,100.0,5,46.3,Test
50.0409,Graphic Design,f,66.4,28.0,48.3,51.1,0.0,5,46.3,Test
1.0907,Poultry Science,f,36.0,62.1,81.1,11.9,0.0,5,46.2,Test
16.1200,"Classics and Classical Languages, Literatures, and Linguistics, General",f,63.1,25.9,75.0,6.2,0.0,5,46.2,Test
42.2808,Environmental Psychology,f,0.0,0.0,89.6,62.2,100.0,5,46.2,Test
1.0102,Agribusiness/Agricultural Business Operations,f,40.2,51.5,83.0,9.4,0.0,5,46.1,Test
23.1303,"Professional, Technical, Business, and Scientific Writing",f,73.6,39.7,44.1,31.8,0.0,5,46.0,Test
50.0102,Digital Arts,f,60.0,49.6,48.9,39.0,0.0,5,46.0,Test
52.1999,"Specialized Merchandising, Sales, and Marketing Operations, Other",f,50.1,68.5,,,0.0,3,46.0,Test
22.0302,Legal Assistant/Paralegal,f,58.0,40.7,66.5,16.2,0.0,5,45.9,Test
26.0909,Vision Science/Physiological Optics,f,43.9,76.5,30.1,81.0,0.0,5,45.8,Test
51.3299,"Health Professions Education, Ethics, and Humanities, Other",f,0.0,0.0,70.6,97.7,100.0,5,45.8,Test
13.1309,Technology Teacher Education/Industrial Arts Teacher Education,f,67.6,23.2,71.3,3.8,0.0,5,45.7,Test
51.1502,Psychiatric/Mental Health Services Technician,f,18.9,14.3,46.2,93.5,100.0,5,45.7,Test
13.0701,International and Comparative Education,f,68.2,30.8,,,0.0,3,45.6,Pass
19.0501,"Foods, Nutrition, and Wellness Studies, General",f,82.5,43.1,14.5,66.6,0.0,5,45.6,Pass
26.1005,Molecular Toxicology,f,0.0,,52.3,87.4,100.0,4,45.6,Pass
14.4301,Biochemical Engineering,f,39.4,96.8,39.2,49.2,0.0,5,45.5,Pass
26.0210,Biochemistry and Molecular Biology,f,66.7,76.4,20.3,52.8,0.0,5,45.5,Pass
13.1004,Education/Teaching of the Gifted and Talented,f,69.2,28.1,,,0.0,3,45.4,Pass
13.1329,Physics Teacher Education,f,48.1,43.6,77.2,8.6,0.0,5,45.4,Pass
13.1399,"Teacher Education and Professional Development, Specific Subject Areas, Other",f,87.1,17.6,46.5,17.6,0.0,5,45.4,Pass
16.0900,"Romance Languages, Literatures, and Linguistics, General",f,52.7,41.0,75.0,6.2,0.0,5,45.4,Pass
39.0401,Religious Education,f,78.8,29.5,42.8,30.2,0.0,5,45.4,Pass
43.0110,Juvenile Corrections,f,38.4,90.7,66.6,2.0,0.0,5,45.4,Pass
3.0207,Environmental/Natural Resource Recreation and Tourism,f,50.1,94.2,14.5,78.5,0.0,5,45.3,Pass
13.9999,"Education, Other",f,89.3,12.7,46.5,17.6,0.0,5,45.3,Pass
50.0703,"Art History, Criticism and Conservation",f,85.2,37.6,27.1,39.5,0.0,5,45.3,Pass
15.0702,Quality Control Technology/Technician,f,46.9,34.9,79.0,14.9,0.0,5,45.2,Pass
40.0401,"Atmospheric Sciences and Meteorology, General",f,70.0,47.2,33.4,47.1,0.0,5,45.2,Pass
3.0209,Energy and Environmental Policy,f,21.5,86.0,66.1,39.2,0.0,5,45.1,Pass
30.1201,"Historic Preservation and Conservation, General",f,67.1,35.7,45.1,40.0,0.0,5,45.0,Pass
19.0710,Developmental Services Worker,f,21.5,,68.8,73.7,0.0,4,44.9,Pass
1.1001,Food Science,f,79.4,54.9,7.1,70.7,0.0,5,44.8,Pass
13.1317,Social Science Teacher Education,f,59.6,31.9,71.8,3.8,0.0,5,44.8,Pass
22.0001,Pre-Law Studies,f,42.9,78.3,,,0.0,3,44.8,Pass
50.0915,Woodwind Instruments,f,55.0,68.5,47.6,24.2,0.0,5,44.7,Pass
13.1330,Spanish Language Teacher Education,f,60.3,29.2,71.8,3.8,0.0,5,44.6,Pass
14.3901,Geological/Geophysical Engineering,f,61.5,46.5,39.2,49.2,0.0,5,44.6,Pass
15.1303,Architectural Drafting and Architectural CAD/CADD,f,49.6,69.6,36.0,56.6,0.0,5,44.6,Pass
44.0501,"Public Policy Analysis, General",f,93.8,41.3,11.1,46.5,0.0,5,44.6,Pass
50.0410,Illustration,f,73.2,74.2,23.2,30.0,0.0,5,44.6,Pass
1.0199,"Agricultural Business and Management, Other",f,22.9,75.5,81.9,11.3,0.0,5,44.5,Pass
9.9999,"Communication, Journalism, and Related Programs, Other",f,78.0,32.7,37.4,33.4,0.0,5,44.5,Pass
14.3201,Polymer/Plastics Engineering,f,52.8,41.8,41.3,66.8,0.0,5,44.5,Pass
16.0300,"East Asian Languages, Literatures, and Linguistics, General",f,52.6,35.1,75.0,6.2,0.0,5,44.5,Pass
15.0612,Industrial Technology/Technician,f,83.0,64.4,18.9,27.0,0.0,5,44.3,Pass
31.0599,"Sports, Kinesiology, and Physical Education/Fitness, Other",f,49.1,64.4,,,0.0,3,44.3,Pass
51.2312,Assistive/Augmentative Technology and Rehabilitation Engineering,f,51.5,92.3,34.5,30.8,0.0,5,44.3,Pass
50.0910,Jazz/Jazz Studies,f,64.6,46.1,47.6,24.2,0.0,5,44.2,Pass
26.0203,Biophysics,f,49.1,57.2,31.0,76.4,0.0,5,44.1,Pass
14.0601,Ceramic Sciences and Engineering,f,32.3,79.1,41.3,66.8,0.0,5,44.0,Pass
26.0905,Reproductive Biology,f,32.9,86.0,30.1,81.0,0.0,5,44.0,Pass
22.0217,Criminal Law and Procedure,f,32.3,,64.7,55.0,0.0,4,43.9,Pass
26.0903,Cell Physiology,f,31.6,88.1,30.1,81.0,0.0,5,43.9,Pass
26.0911,Oncology and Cancer Biology,f,44.6,62.0,30.1,81.0,0.0,5,43.9,Pass
1.0303,Aquaculture,f,37.7,41.5,81.9,11.3,0.0,5,43.8,Pass
52.0501,"Business/Corporate Communications, General",f,55.3,22.3,55.2,48.9,0.0,5,43.8,Pass
26.0205,Molecular Biochemistry,f,52.2,48.7,31.0,76.4,0.0,5,43.7,Pass
27.0399,"Applied Mathematics, Other",f,10.0,6.8,49.6,98.7,100.0,5,43.7,Pass
1.0000,"Agriculture, General",f,76.7,50.5,6.8,71.4,0.0,5,43.3,Pass
5.0122,"Regional Studies (U.S., Canadian, Foreign)",f,77.3,96.2,1.7,34.4,0.0,5,43.3,Pass
13.0409,Secondary School Administration/Principalship,f,74.0,23.8,55.6,5.7,0.0,5,43.3,Pass
26.1101,Biometry/Biometrics,f,53.7,87.7,20.3,52.8,0.0,5,43.3,Pass
50.0702,"Fine/Studio Arts, General",f,89.7,37.2,25.5,21.0,0.0,5,43.3,Pass
15.0803,Automotive Engineering Technology/Technician,f,26.9,32.8,78.0,45.7,0.0,5,43.2,Pass
50.0913,Music Technology,f,62.7,93.3,25.0,19.6,0.0,5,43.2,Pass
51.0814,Radiologist Assistant,f,27.9,74.0,46.4,65.7,0.0,5,43.2,Pass
14.1101,Engineering Mechanics,f,49.1,21.8,47.4,72.8,0.0,5,43.1,Pass
14.2501,Petroleum Engineering,f,63.9,14.1,42.3,60.3,0.0,5,43.0,Pass
50.0607,Documentary Production,f,41.0,84.4,36.3,47.8,0.0,5,43.0,Pass
51.0505,Dental Materials,f,0.0,0.0,62.3,95.6,100.0,5,43.0,Pass
10.0304,"Animation, Interactive Technology, Video Graphics, and Special Effects",f,81.3,70.0,13.4,26.5,0.0,5,42.9,Pass
19.0604,Facilities Planning and Management,f,34.2,71.2,45.0,56.5,0.0,5,42.9,Pass
30.2901,Maritime Studies,f,34.2,97.1,45.5,29.7,0.0,5,42.9,Pass
13.0408,Elementary and Middle School Administration/Principalship,f,77.6,13.1,55.6,5.7,0.0,5,42.8,Pass
13.1013,Education/Teaching of Individuals with Autism,f,72.1,63.9,32.3,12.4,0.0,5,42.8,Pass
40.0607,"Oceanography, Chemical and Physical",f,68.9,56.0,22.4,46.5,0.0,5,42.8,Pass
16.1409,Hawaiian Language and Literature,f,18.9,90.7,75.0,6.2,0.0,5,42.7,Pass
41.0301,Chemical Technology/Technician,f,41.0,86.0,38.8,39.2,0.0,5,42.7,Pass
40.0899,"Physics, Other",f,64.6,67.9,19.4,48.1,0.0,5,42.6,Pass
13.0403,Adult and Continuing Education Administration,f,71.4,65.5,11.8,51.5,0.0,5,42.5,Pass
30.0501,Peace Studies and Conflict Resolution,f,77.4,26.8,38.9,23.8,0.0,5,42.5,Pass
47.0701,Energy Systems Installation and Repair Technology/Technician,f,0.0,0.0,69.2,78.3,100.0,5,42.5,Pass
52.0910,Brewery/Brewpub Operations/Management,f,14.1,,68.6,75.2,0.0,4,42.5,Pass
1.0906,Livestock Management,f,14.1,81.4,81.4,10.5,0.0,5,42.4,Pass
30.2601,Cultural Studies/Critical Theory and Analysis,f,42.9,96.3,38.3,23.3,0.0,5,42.3,Pass
9.0401,Journalism,f,84.3,17.0,37.2,21.4,0.0,5,42.2,Pass
13.0101,"Education, General",f,99.2,20.6,14.9,32.6,0.0,5,42.2,Pass
51.0603,Dental Laboratory Technology/Technician,f,0.0,0.0,61.2,92.1,100.0,5,42.2,Pass
51.2313,Animal-Assisted Therapy,f,0.0,0.0,60.2,94.2,100.0,5,42.2,Pass
3.0205,"Water, Wetlands, and Marine Resources Management",f,68.0,82.1,8.7,45.1,0.0,5,42.1,Pass
40.0201,Astronomy,f,61.9,55.4,27.0,47.2,0.0,5,42.1,Pass
29.0305,Space Systems Operations,f,55.9,,,,0.0,2,41.9,Pass
30.3501,Climate Science,f,55.4,75.7,24.6,43.9,0.0,5,41.9,Pass
14.2401,Ocean Engineering,f,50.8,48.6,39.2,49.2,0.0,5,41.7,Pass
14.2801,Textile Sciences and Engineering,f,45.7,37.2,41.3,66.8,0.0,5,41.7,Pass
50.0914,Brass Instruments,f,44.6,69.5,47.6,24.2,0.0,5,41.7,Pass
15.1601,Nanotechnology,f,42.5,89.5,34.7,32.6,0.0,5,41.5,Pass
30.2701,Human Biology,f,42.5,98.4,20.3,52.8,0.0,5,41.5,Pass
40.9999,"Physical Sciences, Other",f,62.3,43.0,37.5,33.9,0.0,5,41.5,Pass
16.0501,German Language and Literature,f,49.6,20.2,75.0,6.2,0.0,5,41.3,Pass
9.1001,Publishing,f,68.1,49.3,35.8,17.3,0.0,5,41.2,Pass
15.1301,"Drafting and Design Technology/Technician, General",f,63.2,79.4,26.4,16.3,0.0,5,41.2,Pass
25.9999,"Library Science, Other",f,62.6,25.8,,,0.0,3,41.2,Pass
26.0702,Entomology,f,63.5,54.3,20.3,52.8,0.0,5,41.2,Pass
50.0605,Photography,f,68.0,32.3,38.6,29.1,0.0,5,41.2,Pass
1.8103,Large Animal/Food Animal and Equine Surgery and Medicine,f,0.0,0.0,57.6,92.4,100.0,5,41.1,Pass
22.0216,Compliance Law,f,24.2,,64.7,55.0,0.0,4,41.1,Pass
30.2501,"Cognitive Science, General",f,53.4,44.6,42.1,38.4,0.0,5,41.1,Pass
40.0507,Polymer Chemistry,f,45.7,83.3,23.4,52.3,0.0,5,41.1,Pass
40.0605,Hydrology and Water Resources Science,f,57.5,62.7,25.8,44.5,0.0,5,41.1,Pass
3.0201,"Environmental/Natural Resources Management and Policy, General",f,83.7,52.2,6.8,40.0,0.0,5,41.0,Pass
13.1308,Family and Consumer Sciences/Home Economics Teacher Education,f,48.5,29.9,71.6,3.2,0.0,5,41.0,Pass
14.1004,Telecommunications Engineering,f,59.6,27.3,38.1,50.7,0.0,5,41.0,Pass
40.0809,Acoustics,f,50.4,85.7,19.4,48.1,0.0,5,41.0,Pass
50.0599,"Dramatic/Theatre Arts and Stagecraft, Other",f,48.9,60.0,36.9,41.7,0.0,5,41.0,Pass
26.0799,"Zoology/Animal Biology, Other",f,34.2,90.2,23.1,67.6,0.0,5,40.9,Pass
26.1301,Ecology,f,67.7,43.8,20.3,52.8,0.0,5,40.9,Pass
26.1503,Neurobiology and Anatomy,f,36.6,61.1,31.0,76.4,0.0,5,40.9,Pass
39.0605,Rabbinical Studies,f,55.4,28.7,56.6,19.7,0.0,5,40.9,Pass
11.9999,"Computer and Information Sciences and Support Services, Other",f,65.6,18.3,,,0.0,3,40.8,Pass
50.0904,Music Theory and Composition,f,73.5,49.0,27.8,20.7,0.0,5,40.8,Pass
26.0299,"Biochemistry, Biophysics and Molecular Biology, Other",f,41.0,95.6,20.3,52.8,0.0,5,40.7,Pass
40.0807,Optics/Optical Sciences,f,60.5,63.3,19.4,48.1,0.0,5,40.7,Pass
50.0999,"Music, Other",f,66.9,25.1,46.0,20.4,0.0,5,40.7,Pass
22.0222,Real Estate and Land Development Law,f,22.9,,64.7,55.0,0.0,4,40.6,Pass
40.0101,"Physical Sciences, General",f,41.0,24.3,77.0,10.1,0.0,5,40.6,Pass
26.1310,Ecology and Evolutionary Biology,f,51.5,73.4,20.3,52.8,0.0,5,40.5,Pass
4.0501,Interior Architecture,f,56.4,22.0,43.4,47.4,0.0,5,40.4,Pass
30.2801,Dispute Resolution,f,70.4,47.8,18.6,43.5,0.0,5,40.4,Pass
1.0302,Animal/Livestock Husbandry and Production,f,12.2,71.2,81.4,10.5,0.0,5,40.3,Pass
9.0701,Radio and Television,f,63.1,29.0,35.5,42.3,0.0,5,40.3,Pass
13.1015,Education/Teaching of Individuals in Early Childhood Special Education Programs,f,86.5,39.0,12.7,30.6,0.0,5,40.2,Pass
14.1003,Laser and Optical Engineering,f,42.9,54.5,39.2,49.2,0.0,5,40.2,Pass
41.9999,"Science Technologies/Technicians, Other",f,46.3,69.7,30.1,45.7,0.0,5,40.2,Pass
13.1211,Online Educator/Online Teaching,f,35.7,35.3,79.2,2.1,0.0,5,40.1,Pass
22.0206,Comparative Law,f,34.2,14.5,64.7,55.0,0.0,5,40.1,Pass
40.0510,Forensic Chemistry,f,35.2,97.5,23.4,52.3,0.0,5,40.1,Pass
13.0410,Urban Education and Leadership,f,78.1,47.5,12.1,38.6,0.0,5,40.0,Pass
50.0301,"Dance, General",f,68.7,37.9,29.5,32.4,0.0,5,40.0,Pass
51.0916,Radiation Protection/Health Physics Technician,f,0.0,0.0,56.4,87.1,100.0,5,40.0,Pass
13.0402,Administration of Special Education,f,59.4,82.4,12.1,38.6,0.0,5,39.6,Pass
16.1603,Sign Language Interpretation and Translation,f,51.1,86.9,23.8,27.0,0.0,5,39.6,Pass
27.0306,Mathematical Biology,f,0.0,0.0,49.3,98.4,100.0,5,39.6,Pass
40.0202,Astrophysics,f,45.7,83.3,20.3,48.8,0.0,5,39.6,Pass
50.0404,Industrial and Product Design,f,56.1,22.6,48.5,32.3,0.0,5,39.6,Pass
52.0401,"Administrative Assistant and Secretarial Science, General",f,10.0,,97.1,10.3,0.0,4,39.6,Pass
52.0402,Executive Assistant/Executive Secretary,f,10.0,,97.1,10.3,0.0,4,39.6,Pass
16.1001,"American Indian/Native American Languages, Literatures, and Linguistics",f,20.2,66.8,75.0,6.2,0.0,5,39.5,Pass
52.0807,Investments and Securities,f,32.3,7.6,64.5,62.1,0.0,5,39.5,Pass
3.0101,"Natural Resources/Conservation, General",f,85.1,56.7,10.1,15.5,0.0,5,39.4,Pass
16.0902,Italian Language and Literature,f,42.1,22.3,75.0,6.2,0.0,5,39.4,Pass
13.0499,"Educational Administration and Supervision, Other",f,86.7,25.5,12.1,38.6,0.0,5,39.3,Pass
16.1602,Linguistics of ASL and Other Sign Languages,f,24.2,55.0,73.6,11.3,0.0,5,39.3,Pass
43.0203,Fire Science/Fire-fighting,f,30.1,,58.7,45.0,0.0,4,39.3,Pass
9.0499,"Journalism, Other",f,79.1,74.6,11.3,6.0,0.0,5,39.2,Pass
26.0507,Immunology,f,36.4,50.1,31.0,76.4,0.0,5,39.2,Pass
1.0301,"Agricultural Production Operations, General",f,25.5,34.6,81.9,11.3,0.0,5,39.1,Pass
30.3801,Earth Systems Science,f,21.5,57.5,74.8,10.4,0.0,5,39.1,Pass
50.0502,Technical Theatre/Theatre Design and Technology,f,63.9,47.6,27.7,29.9,0.0,5,39.1,Pass
13.1099,"Special Education and Teaching, Other",f,81.7,42.4,12.8,28.5,0.0,5,39.0,Pass
51.3301,Acupuncture and Oriental Medicine,f,86.3,29.4,7.1,43.6,0.0,5,39.0,Pass
3.0601,"Wildlife, Fish and Wildlands Science and Management",f,69.9,62.5,8.3,40.5,0.0,5,38.9,Pass
13.0411,Superintendency and Educational System Administration,f,70.4,11.2,48.8,9.8,0.0,5,38.9,Pass
13.1301,Agricultural Teacher Education,f,74.7,44.1,25.0,15.7,0.0,5,38.9,Pass
14.0902,Computer Hardware Engineering,f,48.1,16.7,37.6,71.1,0.0,5,38.9,Pass
14.2201,Naval Architecture and Marine Engineering,f,40.2,25.1,43.6,66.3,0.0,5,38.9,Pass
23.1301,"Writing, General",f,52.8,33.5,44.1,31.8,0.0,5,38.9,Pass
13.0299,"Bilingual, Multilingual, and Multicultural Education, Other",f,66.4,98.0,13.4,1.3,0.0,5,38.8,Pass
52.1701,Insurance,f,45.3,18.4,67.0,14.8,0.0,5,38.7,Pass
23.1304,Rhetoric and Composition,f,61.4,14.5,44.1,31.8,0.0,5,38.6,Pass
44.0504,International Policy Analysis,f,58.0,77.2,11.6,41.1,0.0,5,38.6,Pass
51.0714,Medical Insurance Specialist/Medical Biller,f,0.0,,80.8,57.1,0.0,4,38.6,Pass
16.0301,Chinese Language and Literature,f,37.3,25.9,75.0,6.2,0.0,5,38.5,Pass
10.0203,Recording Arts Technology/Technician,f,50.8,79.6,17.4,39.8,0.0,5,38.4,Pass
14.2001,Metallurgical Engineering,f,37.7,31.2,41.3,66.8,0.0,5,38.4,Pass
19.0599,"Foods, Nutrition, and Related Services, Other",f,42.1,64.3,18.0,71.8,0.0,5,38.4,Pass
30.1501,"Science, Technology and Society",f,53.4,26.4,42.1,38.4,0.0,5,38.4,Pass
52.1304,Actuarial Science,f,70.4,27.8,26.9,33.8,0.0,5,38.4,Pass
40.0699,"Geological and Earth Sciences/Geosciences, Other",f,62.5,38.5,22.4,46.5,0.0,5,38.2,Pass
16.0105,Applied Linguistics,f,57.2,88.7,14.9,21.4,0.0,5,38.1,Pass
26.0709,Wildlife Biology,f,37.3,80.0,28.2,42.9,0.0,5,38.1,Pass
26.0801,"Genetics, General",f,52.8,51.3,22.8,51.8,0.0,5,38.1,Pass
23.1399,"Rhetoric and Composition/Writing Studies, Other",f,30.9,90.4,36.5,27.9,0.0,5,38.0,Pass
14.0202,Astronautical Engineering,f,21.5,64.6,37.8,69.3,0.0,5,37.9,Pass
40.0203,Planetary Astronomy and Science,f,33.6,84.0,27.0,47.2,0.0,5,37.9,Pass
13.1320,Trade and Industrial Teacher Education,f,72.1,41.9,25.0,15.7,0.0,5,37.8,Pass
26.0701,Zoology/Animal Biology,f,52.2,24.1,29.0,65.8,0.0,5,37.8,Pass
39.0706,Chaplain/Chaplaincy Studies,f,38.4,49.8,50.9,23.3,0.0,5,37.8,Pass
43.0299,"Fire Protection, Other",f,25.5,,59.4,44.6,0.0,4,37.8,Pass
44.9999,"Public Administration and Social Service Professions, Other",f,65.1,8.3,,,0.0,3,37.8,Pass
50.0408,Interior Design,f,69.9,21.5,24.1,42.2,0.0,5,37.8,Pass
50.0916,Percussion Instruments,f,29.2,73.9,47.6,24.2,0.0,5,37.8,Pass
52.0302,Accounting Technology/Technician and Bookkeeping,f,10.0,,96.6,0.8,0.0,4,37.8,Pass
1.0905,Dairy Science,f,24.2,28.6,81.1,11.9,0.0,5,37.7,Pass
26.0599,"Microbiological Sciences and Immunology, Other",f,39.9,55.5,22.9,70.0,0.0,5,37.7,Pass
38.0207,Talmudic Studies,f,82.4,53.5,7.4,18.3,0.0,5,37.7,Pass
15.0501,"Heating, Ventilation, Air Conditioning and Refrigeration Engineering Technology/Technician",f,0.0,,67.5,78.1,0.0,4,37.6,Pass
52.0599,"Business/Corporate Communications, Other",f,26.9,,55.2,48.9,0.0,4,37.6,Pass
4.0901,Architectural Technology/Technician,f,22.9,75.5,36.0,56.6,0.0,5,37.5,Pass
19.0701,"Human Development and Family Studies, General",f,82.0,40.8,0.2,44.6,0.0,5,37.5,Pass
43.0399,"Homeland Security, Other",f,48.6,90.7,14.0,34.1,0.0,5,37.5,Pass
50.9999,"Visual and Performing Arts, Other",f,69.1,18.1,33.5,27.0,0.0,5,37.5,Pass
1.0902,Agricultural Animal Breeding,f,21.5,31.7,82.8,9.2,0.0,5,37.4,Pass
26.1303,Evolutionary Biology,f,37.7,80.7,20.3,52.8,0.0,5,37.4,Pass
40.1099,"Materials Sciences, Other",f,18.9,90.7,40.8,39.2,0.0,5,37.4,Pass
1.1002,Food Technology and Processing,f,33.6,92.1,8.6,72.3,0.0,5,37.3,Pass
1.1003,Brewing Science,f,25.5,,51.1,58.2,0.0,4,37.3,Pass
14.0805,Water Resources Engineering,f,37.7,19.1,50.6,52.8,0.0,5,37.3,Pass
3.0208,Environmental/Natural Resources Law Enforcement and Protective Services,f,15.9,,68.2,42.5,0.0,4,37.2,Pass
14.0802,Geotechnical and Geoenvironmental Engineering,f,28.4,,50.6,52.8,0.0,4,37.2,Pass
15.1302,CAD/CADD Drafting and/or Design Technology/Technician,f,43.4,92.4,26.4,16.3,0.0,5,37.2,Pass
1.1106,Range Science and Management,f,29.2,13.2,82.4,11.2,0.0,5,37.1,Pass
23.1401,General Literature,f,39.1,68.4,36.5,27.9,0.0,5,37.1,Pass
29.0203,Signal/Geospatial Intelligence,f,32.9,86.0,34.5,26.6,0.0,5,37.1,Pass
50.0507,Directing and Theatrical Production,f,49.3,33.4,36.9,41.7,0.0,5,37.1,Pass
26.0708,Animal Behavior and Ethology,f,31.6,84.4,28.2,42.9,0.0,5,37.0,Pass
47.0604,Automobile/Automotive Mechanics Technology/Technician,f,0.0,,78.9,51.8,0.0,4,37.0,Pass
14.3801,Surveying Engineering,f,26.9,71.2,38.9,43.4,0.0,5,36.9,Pass
31.0508,Sports Studies,f,66.9,74.7,1.7,34.4,0.0,5,36.9,Pass
26.0305,Plant Pathology/Phytopathology,f,51.7,48.4,20.3,52.8,0.0,5,36.8,Pass
26.0301,Botany/Plant Biology,f,55.0,40.9,20.3,52.8,0.0,5,36.6,Pass
50.0506,Acting,f,64.2,32.0,29.8,23.7,0.0,5,36.6,Pass
50.1003,Music Management,f,65.4,,27.8,20.7,0.0,4,36.5,Pass
44.0502,Education Policy Analysis,f,50.4,87.9,13.2,27.8,0.0,5,36.4,Pass
24.0199,"Liberal Arts and Sciences, General Studies and Humanities, Other",f,62.1,9.0,,,0.0,3,36.3,Pass
13.0202,Multicultural Education,f,54.7,38.5,43.9,5.4,0.0,5,36.2,Pass
13.1321,Computer Teacher Education,f,43.4,7.2,71.8,3.8,0.0,5,36.2,Pass
38.0101,Philosophy,f,84.5,39.5,7.4,18.3,0.0,5,36.2,Pass
16.0102,Linguistics,f,80.8,27.9,14.9,21.4,0.0,5,36.1,Pass
16.9999,"Foreign Languages, Literatures, and Linguistics, Other",f,35.2,13.9,75.0,6.2,0.0,5,36.1,Pass
25.0102,Children and Youth Library Services,f,32.9,55.0,45.3,28.5,0.0,5,36.0,Pass
51.1499,"Medical Clinical Sciences/Graduate Medical Studies, Other",f,25.5,,35.4,82.3,0.0,4,36.0,Pass
16.1102,Hebrew Language and Literature,f,29.2,24.6,75.0,6.2,0.0,5,35.9,Pass
16.0103,Language Interpretation and Translation,f,68.4,50.9,14.9,21.4,0.0,5,35.8,Pass
1.1199,"Plant Sciences, Other",f,49.6,57.5,6.0,69.6,0.0,5,35.7,Pass
16.0399,"East Asian Languages, Literatures, and Linguistics, Other",f,30.1,21.6,75.0,6.2,0.0,5,35.7,Pass
4.0402,Healthcare Environment Design/Architecture,f,15.9,71.2,43.4,47.4,0.0,5,35.6,Pass
14.4001,Paper Science and Engineering,f,14.1,81.4,39.2,49.2,0.0,5,35.6,Pass
1.0605,Landscaping and Groundskeeping,f,0.0,0.0,96.1,44.6,0.0,5,35.5,Pass
40.0599,"Chemistry, Other",f,48.1,41.3,23.4,52.3,0.0,5,35.5,Pass
43.0408,Law Enforcement Intelligence Analysis,f,46.3,81.4,24.2,14.1,0.0,5,35.5,Pass
3.0502,Forest Sciences and Biology,f,62.6,57.0,6.8,40.0,0.0,5,35.4,Pass
9.0908,Technical and Scientific Communication,f,46.3,72.8,25.4,19.7,0.0,5,35.4,Pass
50.0101,"Visual and Performing Arts, General",f,55.7,26.5,36.5,25.4,0.0,5,35.4,Pass
1.1099,"Food Science and Technology, Other",f,46.9,56.6,7.1,70.7,0.0,5,35.3,Pass
15.0000,"Engineering Technologies/Technicians, General",f,69.7,28.8,23.0,21.3,0.0,5,35.3,Pass
50.0906,Conducting,f,58.9,41.2,27.8,20.7,0.0,5,35.3,Pass
16.0999,"Romance Languages, Literatures, and Linguistics, Other",f,32.9,12.4,75.0,6.2,0.0,5,35.2,Pass
1.1201,"Soil Science and Agronomy, General",f,58.3,36.3,6.7,66.8,0.0,5,35.0,Pass
40.0509,Environmental Chemistry,f,15.9,86.0,28.6,58.3,0.0,5,35.0,Pass
14.4401,Engineering Chemistry,f,35.2,33.6,39.2,49.2,0.0,5,34.7,Pass
15.0401,Biomedical Technology/Technician,f,15.9,86.0,17.8,77.6,0.0,5,34.7,Pass
30.2001,International/Globalization Studies,f,86.0,31.0,5.6,17.1,0.0,5,34.7,Pass
52.1803,Retailing and Retail Operations,f,10.0,10.3,95.4,10.5,0.0,5,34.7,Pass
30.1801,Natural Sciences,f,50.8,20.2,37.5,33.9,0.0,5,34.6,Pass
52.0499,"Business Operations Support and Secretarial Services, Other",f,0.0,0.0,94.2,41.6,0.0,5,34.5,Pass
52.1804,Selling Skills and Sales Operations,f,10.0,9.6,95.0,10.2,0.0,5,34.5,Pass
15.0101,Architectural Engineering Technologies/Technicians,f,49.6,,27.3,40.9,0.0,4,34.4,Pass
26.0499,"Cell/Cellular Biology and Anatomical Sciences, Other",f,53.4,29.4,20.3,52.8,0.0,5,34.4,Pass
16.0302,Japanese Language and Literature,f,28.4,15.8,75.0,6.2,0.0,5,34.3,Pass
51.3204,Medical/Health Humanities,f,42.1,47.6,37.7,21.4,0.0,5,34.3,Pass
26.0505,Parasitology,f,15.9,57.5,31.0,76.4,0.0,5,34.2,Pass
39.0702,Youth Ministry,f,38.4,18.5,53.9,24.8,0.0,5,34.2,Pass
51.3999,"Practical Nursing, Vocational Nursing and Nursing Assistants, Other",f,0.0,0.0,96.7,34.3,0.0,5,34.2,Pass
52.0409,"Parts, Warehousing, and Inventory Management Operations",f,18.9,53.2,67.1,2.9,0.0,5,34.2,Pass
52.0399,"Accounting and Related Services, Other",f,56.7,11.2,,,0.0,3,34.0,Pass
13.1011,Education/Teaching of Individuals with Specific Learning Disabilities,f,64.6,20.0,32.3,12.4,0.0,5,33.9,Pass
15.0613,Manufacturing Engineering Technology/Technician,f,55.2,51.0,18.9,27.0,0.0,5,33.9,Pass
16.0500,"Germanic Languages, Literatures, and Linguistics, General",f,26.9,16.0,75.0,6.2,0.0,5,33.9,Pass
30.5301,Thanatology,f,10.0,,50.1,71.7,0.0,4,33.9,Pass
27.0199,"Mathematics, Other",f,39.1,56.5,23.9,42.5,0.0,5,33.8,Pass
40.0299,"Astronomy and Astrophysics, Other",f,27.9,77.8,23.2,45.1,0.0,5,33.8,Pass
9.0404,Photojournalism,f,31.6,71.2,35.0,20.1,0.0,5,33.7,Pass
52.1899,"General Merchandising, Sales, and Related Marketing Operations, Other",f,0.0,,94.4,1.9,0.0,4,33.7,Pass
11.0299,"Computer Programming, Other",f,51.9,89.7,14.5,0.9,0.0,5,33.5,Pass
13.0412,International School Administration/Leadership,f,17.3,76.9,49.1,13.7,0.0,5,33.5,Pass
13.0901,Social and Philosophical Foundations of Education,f,71.9,16.8,14.9,32.6,0.0,5,33.5,Pass
14.0799,"Chemical Engineering, Other",f,21.5,,41.7,63.6,0.0,4,33.5,Pass
15.1703,Solar Energy Technology/Technician,f,14.1,10.3,14.2,88.7,100.0,5,33.3,Pass
30.1299,"Historic Preservation and Conservation, Other",f,20.2,51.5,45.1,40.0,0.0,5,33.3,Pass
30.2301,Intercultural/Multicultural and Diversity Studies,f,62.4,64.0,9.9,13.5,0.0,5,33.3,Pass
44.0403,Transportation and Infrastructure Planning/Studies,f,15.9,20.7,48.4,72.6,0.0,5,33.3,Pass
50.0510,Costume Design,f,25.5,84.8,28.7,28.5,0.0,5,33.3,Pass
50.0799,"Fine Arts and Art Studies, Other",f,64.6,19.8,25.5,21.0,0.0,5,33.2,Pass
5.0104,East Asian Studies,f,66.1,50.4,1.7,34.4,0.0,5,33.1,Pass
13.1331,Speech Teacher Education,f,30.9,11.5,71.8,3.8,0.0,5,33.1,Pass
50.0708,Painting,f,62.0,23.9,24.4,23.9,0.0,5,33.1,Pass
51.0503,Oral Biology and Oral and Maxillofacial Pathology,f,65.1,73.5,0.2,16.3,0.0,5,33.1,Pass
1.0801,Agricultural and Extension Education Services,f,67.2,80.3,1.7,1.7,0.0,5,33.0,Pass
50.0411,Game and Interactive Media Design,f,46.2,17.4,41.0,28.5,0.0,5,33.0,Pass
4.0999,"Architectural Sciences and Technology, Other",f,29.2,41.5,34.1,51.4,0.0,5,32.9,Pass
15.0703,Industrial Safety Technology/Technician,f,20.2,11.7,42.6,82.1,0.0,5,32.9,Pass
30.4101,Environmental Geosciences,f,14.1,,71.7,14.7,0.0,4,32.9,Pass
40.0603,Geophysics and Seismology,f,50.4,27.3,22.4,46.5,0.0,5,32.9,Pass
50.0407,Fashion/Apparel Design,f,56.4,20.3,28.7,28.5,0.0,5,32.9,Pass
16.0402,Russian Language and Literature,f,21.5,19.5,75.0,6.2,0.0,5,32.8,Pass
38.0203,Christian Studies,f,71.3,43.1,7.4,18.3,0.0,5,32.8,Pass
13.1009,Education/Teaching of Individuals with Vision Impairments Including Blindness,f,55.0,30.7,32.3,12.4,0.0,5,32.7,Pass
1.0601,"Applied Horticulture/Horticulture Operations, General",f,0.0,0.0,95.2,26.6,0.0,5,32.6,Pass
1.0603,Ornamental Horticulture,f,0.0,0.0,95.2,26.6,0.0,5,32.6,Pass
13.1003,Education/Teaching of Individuals with Hearing Impairments Including Deafness,f,56.4,26.6,33.2,11.8,0.0,5,32.6,Pass
50.0706,Intermedia/Multimedia,f,36.4,32.3,35.7,40.6,0.0,5,32.6,Pass
1.0104,Farm/Farm and Ranch Management,f,14.1,15.3,81.4,10.5,0.0,5,32.5,Pass
38.0206,Jewish/Judaic Studies,f,57.5,64.0,1.7,34.4,0.0,5,32.5,Pass
5.0207,Women's Studies,f,67.5,43.4,1.7,34.4,0.0,5,32.4,Pass
13.1325,French Language Teacher Education,f,27.9,13.1,71.8,3.8,0.0,5,32.4,Pass
26.0802,Molecular Genetics,f,34.2,54.2,20.3,52.8,0.0,5,32.4,Pass
50.0399,"Dance, Other",f,20.2,84.0,29.5,32.4,0.0,5,32.4,Pass
51.3306,Holistic/Integrative Health,f,37.3,92.1,8.9,30.9,0.0,5,32.3,Pass
51.3901,Licensed Practical/Vocational Nurse Training,f,0.0,,71.8,39.5,0.0,4,32.3,Pass
26.0399,"Botany/Plant Biology, Other",f,29.2,62.7,20.3,52.8,0.0,5,32.2,Pass
40.0499,"Atmospheric Sciences and Meteorology, Other",f,21.5,78.5,24.6,43.9,0.0,5,32.2,Pass
50.0902,"Music History, Literature, and Theory",f,42.1,36.5,33.5,27.0,0.0,5,32.2,Pass
13.1016,Education/Teaching of Individuals with Traumatic Brain Injuries,f,39.1,58.6,32.3,12.4,0.0,5,32.1,Pass
51.1513,Trauma Counseling,f,15.9,86.0,,,0.0,3,32.1,Pass
51.3601,Movement Therapy and Movement Education,f,30.1,44.6,12.1,84.9,0.0,5,32.1,Pass
30.4901,Mathematical Economics,f,21.5,71.2,18.7,60.9,0.0,5,31.9,Pass
13.1012,Education/Teaching of Individuals with Speech or Language Impairments,f,58.7,17.0,32.3,12.4,0.0,5,31.7,Pass
26.1304,Aquatic Biology/Limnology,f,22.9,67.4,22.8,51.8,0.0,5,31.6,Pass
38.0001,"Philosophy and Religious Studies, General",f,41.0,95.6,7.4,18.3,0.0,5,31.6,Pass
4.0401,Environmental Design/Architecture,f,34.2,8.9,40.8,51.0,0.0,5,31.5,Pass
26.1305,Environmental Biology,f,44.6,38.0,12.8,57.5,0.0,5,31.5,Pass
26.1308,Systematic Biology/Biological Systematics,f,17.3,89.1,13.9,58.7,0.0,5,31.5,Pass
13.1303,Business and Innovation/Entrepreneurship Teacher Education,f,54.5,18.5,28.3,25.2,0.0,5,31.4,Pass
50.0905,Musicology and Ethnomusicology,f,47.3,38.3,27.8,20.7,0.0,5,31.4,Pass
3.0501,"Forestry, General",f,65.1,22.2,17.6,21.3,0.0,5,31.3,Pass
9.0903,Advertising,f,71.2,29.5,9.7,16.1,0.0,5,31.1,Pass
38.0208,Catholic Studies,f,40.2,89.1,1.7,34.4,0.0,5,31.1,Pass
1.0999,"Animal Sciences, Other",f,10.0,13.2,81.4,10.5,0.0,5,31.0,Pass
22.0301,Legal Administrative Assistant/Secretary,f,33.6,,53.6,1.0,0.0,4,31.0,Pass
51.3300,"Alternative and Complementary Medicine and Medical Systems, General",f,39.9,78.1,8.9,30.9,0.0,5,31.0,Pass
38.0201,Religion/Religious Studies,f,75.3,22.3,7.4,18.3,0.0,5,30.9,Pass
1.0609,Public Horticulture,f,0.0,,82.9,8.5,0.0,4,30.8,Pass
50.0709,Sculpture,f,47.8,34.6,25.9,23.4,0.0,5,30.8,Pass
13.1319,Technical Teacher Education,f,59.6,19.6,25.0,15.7,0.0,5,30.7,Pass
19.0702,Adult Development and Aging,f,42.5,67.1,11.3,29.7,0.0,5,30.7,Pass
16.1103,"Ancient Near Eastern and Biblical Languages, Literatures, and Linguistics",f,41.8,69.1,14.9,21.4,0.0,5,30.6,Pass
39.0604,Pre-Theology/Pre-Ministerial Studies,f,20.2,,56.6,19.7,0.0,4,30.6,Pass
43.0112,Securities Services Administration/Management,f,60.1,21.7,14.0,34.1,0.0,5,30.6,Pass
26.1504,Neurobiology and Behavior,f,25.5,14.0,31.0,76.4,0.0,5,30.5,Pass
5.0124,French Studies,f,36.6,91.9,1.7,34.4,0.0,5,30.4,Pass
16.1203,Latin Language and Literature,f,17.3,11.7,75.0,6.2,0.0,5,30.4,Pass
50.0402,Commercial and Advertising Art,f,30.1,8.5,50.3,33.3,0.0,5,30.4,Pass
23.9999,"English Language and Literature/Letters, Other",f,62.1,35.8,13.5,14.9,0.0,5,30.3,Pass
12.0509,Culinary Science/Culinology,f,0.0,0.0,64.6,71.9,0.0,5,30.2,Pass
16.0104,Comparative Literature,f,61.2,36.9,13.5,14.9,0.0,5,30.2,Pass
43.0206,Wildland/Forest Firefighting and Investigation,f,0.0,,62.9,45.5,0.0,4,30.2,Pass
51.0899,"Allied Health and Medical Assisting Services, Other",f,26.9,8.1,46.8,45.7,0.0,5,30.2,Pass
1.1004,Viticulture and Enology,f,0.0,,80.6,9.6,0.0,4,30.1,Pass
13.1499,"Teaching English or French as a Second or Foreign Language, Other",f,12.2,16.0,79.2,2.1,0.0,5,30.1,Pass
40.0604,Paleontology,f,14.1,81.4,22.4,46.5,0.0,5,30.1,Pass
5.0102,American/United States Studies/Civilization,f,65.9,30.5,1.7,34.4,0.0,5,30.0,Pass
16.0908,"Hispanic and Latin American Languages, Literatures, and Linguistics, General",f,40.2,66.8,14.9,21.4,0.0,5,29.8,Pass
40.0404,Meteorology,f,39.4,26.7,24.6,43.9,0.0,5,29.8,Pass
15.0405,Robotics Technology/Technician,f,42.5,81.1,5.7,20.3,0.0,5,29.7,Pass
38.0104,Applied and Professional Ethics,f,43.9,76.5,7.4,18.3,0.0,5,29.6,Pass
50.0509,Musical Theatre,f,20.2,23.0,46.7,39.7,0.0,5,29.5,Pass
39.0704,Women's Ministry,f,25.5,,44.6,26.2,0.0,4,29.4,Pass
1.0106,Agricultural Business Technology/Technician,f,0.0,0.0,94.5,6.0,0.0,5,29.3,Pass
5.0202,American Indian/Native American Studies,f,50.0,57.4,1.7,34.4,0.0,5,29.3,Pass
26.0805,Plant Genetics,f,22.9,56.3,20.3,52.8,0.0,5,29.3,Pass
39.0501,Religious/Sacred Music,f,58.9,39.9,11.2,15.5,0.0,5,29.3,Pass
5.0210,Disability Studies,f,47.3,61.3,1.7,34.4,0.0,5,29.1,Pass
50.0710,Printmaking,f,42.9,32.8,25.9,23.4,0.0,5,29.1,Pass
15.0507,Environmental/Environmental Engineering Technology/Technician,f,46.3,31.8,12.6,43.8,0.0,5,29.0,Pass
19.0201,Business Family and Consumer Sciences/Human Sciences,f,44.6,94.1,0.8,8.7,0.0,5,29.0,Pass
42.2817,Transpersonal/Spiritual Psychology,f,29.2,59.2,11.8,51.6,0.0,5,28.9,Pass
31.0101,"Parks, Recreation, and Leisure Studies",f,65.7,23.1,1.7,34.4,0.0,5,28.8,Pass
26.0912,Aerospace Physiology and Medicine,f,12.2,,31.0,76.4,0.0,4,28.7,Pass
26.1599,"Neurobiology and Neurosciences, Other",f,12.2,,31.0,76.4,0.0,4,28.7,Pass
4.0801,"Architectural History and Criticism, General",f,32.3,20.0,27.3,51.3,0.0,5,28.6,Pass
13.1335,Psychology Teacher Education,f,0.0,,77.9,6.2,0.0,4,28.6,Pass
16.0303,Korean Language and Literature,f,12.2,10.3,75.0,6.2,0.0,5,28.6,Pass
51.3702,Herbalism/Herbalist,f,37.3,55.7,9.7,40.7,0.0,5,28.6,Pass
1.1299,"Soil Sciences, Other",f,28.4,51.5,6.0,69.6,0.0,5,28.5,Pass
3.0301,Fishing and Fisheries Sciences and Management,f,45.3,31.0,24.5,19.2,0.0,5,28.5,Pass
15.0801,Aeronautical/Aerospace Engineering Technology/Technician,f,51.9,64.9,10.1,1.2,0.0,5,28.5,Pass
1.0103,Agricultural Economics,f,67.6,17.8,1.3,33.6,0.0,5,28.4,Pass
5.0107,Latin American Studies,f,63.7,22.8,1.7,34.4,0.0,5,28.2,Pass
50.0711,Ceramic Arts and Ceramics,f,41.0,30.2,25.9,23.4,0.0,5,28.1,Pass
4.0202,Architectural Design,f,17.3,17.5,41.9,50.8,0.0,5,28.0,Pass
26.0504,Virology,f,10.0,,31.0,76.4,0.0,4,28.0,Pass
13.1333,Latin Teacher Education,f,12.2,10.3,73.9,3.4,0.0,5,27.9,Pass
47.0608,Aircraft Powerplant Technology/Technician,f,35.2,,35.6,16.7,0.0,4,27.9,Pass
51.3305,Ayurvedic Medicine/Ayurveda,f,54.7,,8.9,30.9,0.0,4,27.9,Pass
13.1014,Education/Teaching of Individuals Who are Developmentally Delayed,f,47.3,12.8,32.3,12.4,0.0,5,27.7,Pass
22.0213,Patent Law,f,0.0,0.0,64.7,55.0,0.0,5,27.7,Pass
40.0502,Analytical Chemistry,f,29.2,16.9,26.1,57.1,0.0,5,27.7,Pass
13.0203,Indian/Native American Education,f,22.9,,46.5,17.6,0.0,4,27.6,Pass
38.0103,Ethics,f,46.2,58.7,7.4,18.3,0.0,5,27.6,Pass
51.3302,Traditional Chinese Medicine and Chinese Herbology,f,51.1,14.5,9.8,47.8,0.0,5,27.6,Pass
16.1202,Ancient/Classical Greek Language and Literature,f,10.0,7.3,75.0,6.2,0.0,5,27.5,Pass
41.0303,Chemical Process Technology,f,14.1,,41.2,45.4,0.0,4,27.5,Pass
15.0406,Automation Engineer Technology/Technician,f,17.3,76.9,26.6,18.1,0.0,5,27.4,Pass
30.2101,Holocaust and Related Studies,f,33.6,84.0,8.7,13.9,0.0,5,27.4,Pass
26.0902,Molecular Physiology,f,14.1,12.0,30.1,81.0,0.0,5,27.2,Pass
29.0303,Engineering Acoustics,f,21.5,78.5,16.9,25.7,0.0,5,27.2,Pass
52.0803,Banking and Financial Support Services,f,28.4,7.8,58.2,0.5,0.0,5,27.2,Pass
43.0119,Critical Incident Response/Special Police Operations,f,0.0,0.0,69.3,42.1,0.0,5,27.1,Pass
43.0120,Protective Services Operations,f,0.0,0.0,68.9,43.0,0.0,5,27.1,Pass
9.0402,Broadcast Journalism,f,36.0,12.2,37.2,21.4,0.0,5,27.0,Pass
13.0414,Early Childhood Program Administration,f,18.9,38.1,50.4,3.5,0.0,5,27.0,Pass
39.0599,"Religious Music and Worship, Other",f,10.0,44.6,44.6,26.2,0.0,5,27.0,Pass
1.0701,International Agriculture,f,34.2,34.6,1.6,72.2,0.0,5,26.8,Pass
19.0601,"Housing and Human Environments, General",f,48.6,71.2,0.8,8.7,0.0,5,26.8,Pass
23.1499,"Literature, Other",f,25.5,,36.5,27.9,0.0,4,26.8,Pass
51.2703,Medical Illustration/Medical Illustrator,f,44.6,63.2,8.4,9.7,0.0,5,26.8,Pass
5.0201,African-American/Black Studies,f,52.6,35.3,1.7,34.4,0.0,5,26.7,Pass
11.1004,Web/Multimedia Management and Webmaster,f,15.9,13.2,27.5,78.1,0.0,5,26.7,Pass
40.0504,Organic Chemistry,f,12.2,44.6,26.1,57.1,0.0,5,26.7,Pass
5.0108,Near and Middle Eastern Studies,f,57.2,24.2,1.7,34.4,0.0,5,26.5,Pass
15.1201,Computer Engineering Technology/Technician,f,0.0,,38.4,73.1,0.0,4,26.5,Pass
23.1405,Children's and Adolescent Literature,f,28.4,18.8,36.5,27.9,0.0,5,26.5,Pass
13.1018,Education/Teaching of Individuals in Junior High/Middle School Special Education Programs,f,53.7,17.4,17.9,14.5,0.0,5,26.3,Pass
26.1399,"Ecology, Evolution, Systematics and Population Biology, Other",f,27.9,26.3,20.3,52.8,0.0,5,26.3,Pass
40.1002,Materials Chemistry,f,17.3,23.7,32.1,52.7,0.0,5,26.3,Pass
26.0904,Endocrinology,f,10.0,13.2,30.1,81.0,0.0,5,26.2,Pass
1.0802,Agricultural Communication/Journalism,f,38.4,41.5,18.2,19.4,0.0,5,26.1,Pass
13.1005,Education/Teaching of Individuals with Emotional Disturbances,f,41.0,15.2,32.3,12.4,0.0,5,26.1,Pass
19.0999,"Apparel and Textiles, Other",f,12.2,71.2,,,0.0,3,26.1,Pass
1.0304,Crop Production,f,0.0,0.0,81.4,10.5,0.0,5,26.0,Pass
1.0307,Horse Husbandry/Equine Science and Management,f,0.0,0.0,81.4,10.5,0.0,5,26.0,Pass
5.0105,"Russian, Central European, East European and Eurasian Studies",f,41.0,53.2,1.7,34.4,0.0,5,26.0,Pass
15.0399,"Electrical/Electronic Engineering Technologies/Technicians, Other",f,12.2,71.2,30.1,17.3,0.0,5,26.0,Pass
16.0400,"Slavic Languages, Literatures, and Linguistics, General",f,43.4,34.4,14.9,21.4,0.0,5,25.9,Pass
29.0307,Undersea Warfare,f,29.2,55.0,16.9,25.7,0.0,5,25.9,Pass
38.0205,Islamic Studies,f,34.2,66.3,1.7,34.4,0.0,5,25.9,Pass
38.9999,"Philosophy and Religious Studies, Other",f,54.5,30.8,7.4,18.3,0.0,5,25.9,Pass
50.0699,"Film/Video and Photographic Arts, Other",f,34.2,10.2,33.5,27.0,0.0,5,25.9,Pass
15.1701,Energy Systems Technology/Technician,f,43.9,26.1,13.0,31.8,0.0,5,25.8,Pass
13.1599,"Teaching Assistants/Aides, Other",f,0.0,,53.8,38.2,0.0,4,25.7,Pass
39.0502,Worship Ministry,f,24.2,,36.2,24.9,0.0,4,25.7,Pass
14.0299,"Aerospace, Aeronautical, and Astronautical/Space Engineering, Other",f,0.0,,37.8,69.3,0.0,4,25.6,Pass
15.0805,Mechanical/Mechanical Engineering Technology/Technician,f,32.9,80.6,10.6,1.6,0.0,5,25.4,Pass
16.1301,"Celtic Languages, Literatures, and Linguistics",f,15.9,86.0,14.9,21.4,0.0,5,25.4,Pass
30.2201,Ancient Studies/Civilization,f,22.9,88.1,5.9,23.9,0.0,5,25.4,Pass
14.4899,"Energy Systems Engineering, Other",f,12.2,16.0,39.2,49.2,0.0,5,25.2,Pass
5.0103,Asian Studies/Civilization,f,50.8,28.2,1.7,34.4,0.0,5,25.1,Pass
5.0299,"Ethnic, Cultural Minority, Gender, and Group Studies, Other",f,51.9,25.2,1.7,34.4,0.0,5,25.0,Pass
5.0209,Folklore Studies,f,34.2,59.7,1.7,34.4,0.0,5,24.9,Pass
39.0302,Church Planting,f,22.9,,38.7,17.3,0.0,4,24.8,Pass
39.0703,Urban Ministry,f,24.2,9.5,41.3,25.1,0.0,5,24.8,Pass
40.1101,Physics and Astronomy,f,30.1,18.1,19.4,48.1,0.0,5,24.8,Pass
50.0712,"Fiber, Textile and Weaving Arts",f,30.9,15.0,30.0,28.2,0.0,5,24.8,Pass
29.0206,Information/Psychological Warfare and Military Media Relations,f,22.9,44.6,,,0.0,3,24.7,Pass
50.0406,Commercial Photography,f,18.9,20.7,38.6,29.1,0.0,5,24.7,Pass
40.0602,Geochemistry,f,25.5,30.1,19.2,44.5,0.0,5,24.6,Pass
51.0816,Speech-Language Pathology Assistant,f,0.0,,46.8,45.7,0.0,4,24.6,Pass
26.0307,Plant Physiology,f,12.2,44.6,20.3,52.8,0.0,5,24.4,Pass
26.1502,Neuroanatomy,f,0.0,,31.0,76.4,0.0,4,24.4,Pass
43.0201,Fire Prevention and Safety Technology/Technician,f,0.0,0.0,58.7,45.0,0.0,5,24.4,Pass
16.0199,"Linguistic, Comparative, and Related Language Studies and Services, Other",f,34.2,68.5,10.8,3.6,0.0,5,24.3,Pass
41.0101,Biology/Biotechnology Technology/Technician,f,12.2,,33.9,45.7,0.0,4,24.3,Pass
26.0804,Animal Genetics,f,24.2,19.6,20.3,52.8,0.0,5,24.2,Pass
13.1208,Waldorf/Steiner Teacher Education,f,0.0,0.0,79.2,2.1,0.0,5,24.1,Pass
13.1402,Teaching French as a Second or Foreign Language,f,0.0,0.0,79.2,2.1,0.0,5,24.1,Pass
1.1104,Agricultural and Horticultural Plant Breeding,f,30.1,18.1,6.0,69.6,0.0,5,24.0,Pass
3.0510,Forest Resources Production and Management,f,31.6,42.2,18.5,17.9,0.0,5,24.0,Pass
26.0707,Animal Physiology,f,28.4,9.3,20.3,52.8,0.0,5,23.9,Pass
4.0403,Sustainable Design/Architecture,f,12.2,71.2,10.3,42.4,0.0,5,23.8,Pass
13.1304,Driver and Safety Teacher Education,f,0.0,0.0,74.2,9.5,0.0,5,23.7,Pass
23.1404,English Literature (British and Commonwealth),f,50.4,15.6,13.5,14.9,0.0,5,23.7,Pass
40.0402,Atmospheric Chemistry and Climatology,f,10.0,44.6,24.6,43.9,0.0,5,23.7,Pass
5.0114,Western European Studies,f,43.9,32.0,1.7,34.4,0.0,5,23.6,Pass
5.0134,Latin American and Caribbean Studies,f,25.5,68.5,1.7,34.4,0.0,5,23.6,Pass
5.0203,"Hispanic-American, Puerto Rican, and Mexican-American/Chicano Studies",f,42.9,32.8,1.7,34.4,0.0,5,23.5,Pass
13.1006,Education/Teaching of Individuals with Intellectual Disabilities,f,36.0,7.7,32.3,12.4,0.0,5,23.5,Pass
50.0505,"Theatre Literature, History and Criticism",f,17.3,26.6,33.5,27.0,0.0,5,23.3,Pass
3.9999,"Natural Resources and Conservation, Other",f,25.5,49.3,0.0,52.1,0.0,5,22.9,Pass
19.0902,Apparel and Textile Manufacture,f,18.9,81.4,6.6,20.3,0.0,5,22.9,Pass
40.0806,Nuclear Physics,f,10.0,44.6,19.4,48.1,0.0,5,22.7,Pass
29.9999,"Military Technologies and Applied Sciences, Other",f,34.2,14.5,,,0.0,3,22.6,Pass
15.0403,Electromechanical/Electromechanical Engineering Technology/Technician,f,21.5,92.9,6.4,1.5,0.0,5,22.5,Pass
15.0699,"Industrial Production Technologies/Technicians, Other",f,27.9,29.7,18.9,27.0,0.0,5,22.5,Pass
5.0112,South Asian Studies,f,25.5,59.7,1.7,34.4,0.0,5,22.3,Pass
29.0205,Information Operations/Joint Information Operations,f,22.9,35.9,,,0.0,3,22.3,Pass
51.1507,Psychoanalysis and Psychotherapy,f,14.1,9.2,13.1,84.6,0.0,5,22.2,Pass
13.1326,German Language Teacher Education,f,0.0,0.0,71.8,3.8,0.0,5,22.1,Pass
13.1332,Geography Teacher Education,f,0.0,0.0,71.8,3.8,0.0,5,22.1,Pass
43.0205,Fire/Arson Investigation and Prevention,f,17.3,31.5,17.5,45.4,0.0,5,22.0,Pass
1.0899,"Agricultural Public Services, Other",f,29.2,,,,0.0,2,21.9,Pass
51.3499,"Alternative and Complementary Medical Support Services, Other",f,37.7,,8.9,30.9,0.0,4,21.9,Pass
38.0299,"Religion/Religious Studies, Other",f,33.6,12.6,,,0.0,3,21.8,Pass
5.0200,Ethnic Studies,f,26.9,53.2,1.7,34.4,0.0,5,21.7,Pass
12.0599,"Culinary Arts and Related Services, Other",f,30.9,17.9,,,0.0,3,21.7,Pass
40.0508,Chemical Physics,f,12.2,20.7,23.4,52.3,0.0,5,21.6,Pass
51.0699,"Dental Services and Allied Professions, Other",f,20.2,38.8,,,0.0,3,21.6,Pass
16.0502,"Scandinavian Languages, Literatures, and Linguistics",f,14.1,62.7,14.9,21.4,0.0,5,21.3,Pass
3.0506,Forest Management/Forest Resources Management,f,34.2,19.4,6.8,40.0,0.0,5,21.2,Pass
19.0707,Family and Community Services,f,60.1,16.0,1.7,1.7,0.0,5,21.2,Pass
41.0000,"Science Technologies/Technicians, General",f,10.0,8.6,35.0,42.4,0.0,5,21.2,Pass
15.0201,Civil Engineering Technologies/Technicians,f,17.3,44.6,13.3,33.9,0.0,5,21.0,Pass
15.0899,"Mechanical Engineering Related Technologies/Technicians, Other",f,26.9,48.8,10.8,14.9,0.0,5,20.9,Pass
51.0815,Lactation Consultant,f,0.0,0.0,46.8,45.7,0.0,5,20.9,Pass
30.1001,Biopsychology,f,0.0,0.0,31.0,76.4,0.0,5,20.8,Pass
5.0206,Asian-American Studies,f,30.9,37.6,1.7,34.4,0.0,5,20.6,Pass
50.0713,Jewelry Arts,f,26.9,14.3,26.6,16.0,0.0,5,20.6,Pass
10.9999,"Communications Technologies/Technicians and Support Services, Other",f,31.6,11.8,,,0.0,3,20.5,Pass
15.0305,Telecommunications Technology/Technician,f,25.5,8.2,30.1,17.3,0.0,5,20.5,Pass
29.0301,Combat Systems Engineering,f,27.9,19.2,,,0.0,3,20.5,Pass
50.0302,Ballet,f,12.2,20.7,29.5,32.4,0.0,5,20.5,Pass
19.0704,Family Systems,f,38.4,48.2,0.8,8.7,0.0,5,20.3,Pass
38.0199,"Philosophy, Other",f,22.9,56.3,7.4,18.3,0.0,5,20.3,Pass
5.0110,Russian Studies,f,36.6,23.5,1.7,34.4,0.0,5,20.2,Pass
19.0901,"Apparel and Textiles, General",f,46.9,30.3,0.8,8.7,0.0,5,20.2,Pass
26.0209,Radiation Biology/Radiobiology,f,14.1,13.2,20.3,52.8,0.0,5,20.2,Pass
4.0802,Architectural Conservation,f,20.2,60.3,0.5,32.2,0.0,5,20.1,Pass
40.0802,Atomic/Molecular Physics,f,15.9,15.1,19.4,48.1,0.0,5,20.1,Pass
50.0705,Drawing,f,24.2,12.8,24.4,23.9,0.0,5,20.1,Pass
3.0299,"Environmental/Natural Resources Management and Policy, Other",f,28.4,23.9,0.0,52.1,0.0,5,19.9,Pass
3.0508,Urban Forestry,f,15.9,71.2,1.4,25.4,0.0,5,19.7,Pass
16.0904,Portuguese Language and Literature,f,24.2,31.5,14.9,21.4,0.0,5,19.7,Pass
26.1306,Population Biology,f,15.9,13.2,13.9,58.7,0.0,5,19.7,Pass
49.0102,Airline/Commercial/Professional Pilot and Flight Crew,f,0.0,0.0,35.9,59.5,0.0,5,19.7,Pass
15.0607,Plastics and Polymer Engineering Technology/Technician,f,17.3,36.6,16.9,25.7,0.0,5,19.6,Pass
38.0102,Logic,f,14.1,12.0,23.9,42.5,0.0,5,19.6,Pass
16.1199,"Middle/Near Eastern and Semitic Languages, Literatures, and Linguistics, Other",f,31.6,14.8,14.9,21.4,0.0,5,19.4,Pass
16.0799,"South Asian Languages, Literatures, and Linguistics, Other",f,29.2,,14.9,21.4,0.0,4,19.3,Pass
31.9999,"Parks, Recreation, Leisure, Fitness, and Kinesiology, Other",f,18.9,32.8,,,0.0,3,19.3,Pass
50.0714,Metal Arts,f,20.2,,26.6,16.0,0.0,4,19.3,Pass
4.0803,Architectural Studies,f,12.2,71.2,0.6,30.9,0.0,5,19.2,Pass
30.1301,Medieval and Renaissance Studies,f,29.2,41.5,6.3,15.6,0.0,5,19.2,Pass
14.3401,Forest Engineering,f,0.0,0.0,39.2,49.2,0.0,5,19.1,Pass
5.0101,African Studies,f,33.6,20.7,1.7,34.4,0.0,5,18.9,Pass
29.0399,"Military Applied Sciences, Other",f,12.2,44.6,,,0.0,3,18.8,Pass
1.0201,"Agricultural Mechanization, General",f,0.0,,10.8,83.4,0.0,4,18.5,Pass
5.0199,"Area Studies, Other",f,35.7,13.8,1.7,34.4,0.0,5,18.5,Pass
1.1202,Soil Chemistry and Physics,f,12.2,16.0,6.0,69.6,0.0,5,18.3,Pass
26.0308,Plant Molecular Biology,f,10.0,44.6,12.0,33.6,0.0,5,18.3,Pass
5.0211,Deaf Studies,f,15.9,24.3,17.7,29.7,0.0,5,18.2,Pass
51.1103,Pre-Pharmacy Studies,f,24.2,,,,0.0,2,18.2,Pass
5.0109,Pacific Area/Pacific Rim Studies,f,18.9,44.6,1.7,34.4,0.0,5,18.0,Pass
43.0102,Corrections,f,0.0,0.0,59.4,1.1,0.0,5,18.0,Pass
51.3401,Direct Entry Midwifery,f,17.3,36.6,8.9,30.9,0.0,5,18.0,Pass
3.0206,Land Use Planning and Management/Development,f,24.2,8.2,8.7,45.1,0.0,5,17.9,Pass
52.0407,Business/Office Automation/Technology/Data Entry,f,15.9,,34.7,0.1,0.0,4,17.9,Pass
13.1214,College/Postsecondary/University Teaching,f,18.9,,14.9,32.6,0.0,4,17.7,Pass
51.1899,"Ophthalmic and Optometric Support Services and Allied Professions, Other",f,28.4,8.0,,,0.0,3,17.7,Pass
52.0906,Resort Management,f,0.0,,14.5,71.5,0.0,4,17.7,Pass
10.0399,"Graphic Communications, Other",f,12.2,10.3,41.1,0.7,0.0,5,17.6,Pass
16.0201,"African Languages, Literatures, and Linguistics",f,10.0,44.6,14.9,21.4,0.0,5,17.4,Pass
4.9999,"Architecture and Related Services, Other",f,27.9,7.8,,,0.0,3,17.3,Pass
15.1307,3-D Modeling and Design Technology/Technician,f,14.1,,26.4,16.3,0.0,4,17.2,Pass
51.3303,Naturopathic Medicine/Naturopathy,f,24.2,,8.9,30.9,0.0,4,17.1,Pass
15.0307,Audio Engineering Technology/Technician,f,22.9,,12.5,24.1,0.0,4,16.7,Pass
26.0206,Molecular Biophysics,f,0.0,0.0,20.2,70.9,0.0,5,16.7,Pass
48.0702,Furniture Design and Manufacturing,f,25.5,44.6,6.6,1.3,0.0,5,16.5,Pass
40.0403,Atmospheric Physics and Dynamics,f,0.0,,24.6,43.9,0.0,4,16.4,Pass
40.0503,Inorganic Chemistry,f,0.0,0.0,26.1,57.1,0.0,5,16.4,Pass
43.0407,Geospatial Intelligence,f,0.0,,34.0,25.0,0.0,4,16.4,Pass
5.0125,German Studies,f,18.9,32.8,1.7,34.4,0.0,5,16.3,Pass
51.3701,Aromatherapy,f,21.5,,8.9,30.9,0.0,4,16.2,Pass
3.0509,Wood Science and Wood Products/Pulp and Paper Technology/Technician,f,26.9,25.5,1.4,25.4,0.0,5,16.1,Pass
16.1100,"Middle/Near Eastern and Semitic Languages, Literatures, and Linguistics, General",f,17.3,20.7,14.9,21.4,0.0,5,16.0,Pass
5.0120,Ural-Altaic and Central Asian Studies,f,20.2,27.0,1.7,34.4,0.0,5,15.8,Pass
43.0113,Corrections Administration,f,20.2,38.8,11.5,3.4,0.0,5,15.8,Pass
30.2202,"Classical, Ancient Mediterranean, and Near Eastern Studies and Archaeology",f,14.1,44.6,5.8,20.1,0.0,5,15.7,Pass
5.0212,Comparative Group Studies,f,10.0,44.6,1.7,34.4,0.0,5,15.4,Pass
10.0105,Communications Technology/Technician,f,20.2,10.0,10.7,30.7,0.0,5,15.4,Pass
15.0303,"Electrical, Electronic, and Communications Engineering Technology/Technician",f,18.9,10.1,18.8,17.0,0.0,5,15.4,Pass
40.0810,Theoretical and Mathematical Physics,f,0.0,,19.4,48.1,0.0,4,15.3,Pass
5.0106,European Studies/Civilization,f,25.5,12.3,1.7,34.4,0.0,5,15.2,Pass
40.0506,Physical Chemistry,f,0.0,0.0,23.4,52.3,0.0,5,14.9,Pass
5.0128,Korean Studies,f,14.1,32.8,1.7,34.4,0.0,5,14.8,Pass
5.9999,"Area, Ethnic, Cultural, Gender, and Group Studies, Other",f,20.2,20.7,1.7,34.4,0.0,5,14.8,Pass
15.1102,Surveying Technology/Surveying,f,10.0,7.3,14.2,41.4,0.0,5,14.6,Pass
5.0113,Southeast Asian Studies,f,20.2,17.2,1.7,34.4,0.0,5,14.3,Pass
29.0402,Air and Space Operations Technology,f,0.0,,0.6,79.3,0.0,4,14.2,Pass
5.0123,Chinese Studies,f,20.2,15.8,1.7,34.4,0.0,5,14.1,Pass
26.0207,Structural Biology,f,0.0,0.0,20.3,52.8,0.0,5,14.0,Pass
26.0899,"Genetics, Other",f,0.0,0.0,20.3,52.8,0.0,5,14.0,Pass
51.3399,"Alternative and Complementary Medicine and Medical Systems, Other",f,17.3,10.3,8.9,30.9,0.0,5,14.0,Pass
38.0202,Buddhist Studies,f,22.9,,7.4,18.3,0.0,4,13.9,Pass
16.0700,"South Asian Languages, Literatures, and Linguistics, General",f,10.0,20.7,14.9,21.4,0.0,5,13.8,Pass
5.0126,Italian Studies,f,18.9,16.0,1.7,34.4,0.0,5,13.7,Pass
27.0103,Analysis and Functional Analysis,f,0.0,0.0,23.9,42.5,0.0,5,13.5,Pass
16.1701,English as a Second Language,f,18.9,11.0,,,0.0,3,13.3,Pass
9.0407,Science/Health/Environmental Journalism,f,22.9,,11.3,6.0,0.0,4,13.1,Pass
10.0202,Radio and Television Broadcasting Technology/Technician,f,17.3,7.0,10.4,25.0,0.0,5,13.1,Pass
10.0302,Printing Management,f,0.0,0.0,43.3,0.6,0.0,5,13.1,Pass
15.0599,"Environmental Control Technologies/Technicians, Other",f,10.0,6.9,16.9,25.7,0.0,5,13.0,Pass
40.0804,Elementary Particle Physics,f,0.0,0.0,19.4,48.1,0.0,5,13.0,Pass
40.0808,Condensed Matter and Materials Physics,f,0.0,0.0,19.4,48.1,0.0,5,13.0,Pass
5.0133,Irish Studies,f,17.3,,1.7,34.4,0.0,4,12.8,Pass
5.0127,Japanese Studies,f,14.1,18.0,1.7,34.4,0.0,5,12.6,Pass
19.0499,"Family and Consumer Economics and Related Services, Other",f,14.1,44.6,0.8,8.7,0.0,5,12.5,Pass
13.1310,Sales and Marketing Operations/Marketing and Distribution   Teacher Education,f,0.0,0.0,28.3,25.2,0.0,5,12.3,Pass
50.0201,"Crafts/Craft Design, Folk Art and Artisanry",f,0.0,0.0,27.6,26.6,0.0,5,12.3,Pass
1.0401,Agricultural and Food Products Processing,f,0.0,0.0,19.3,40.8,0.0,5,11.9,Pass
13.1502,Adult Literacy Tutor/Instructor,f,21.5,12.4,11.7,0.3,0.0,5,11.9,Pass
19.9999,"Family and Consumer Sciences/Human Sciences, Other",f,17.3,8.6,,,0.0,3,11.8,Pass
5.0135,Appalachian Studies,f,12.2,16.0,1.7,34.4,0.0,5,11.7,Pass
13.1008,Education/Teaching of Individuals with Orthopedic and Other Physical Health Impairments,f,0.0,0.0,32.3,12.4,0.0,5,11.6,Pass
15.0306,Integrated Circuit Design Technology/Technician,f,0.0,,25.4,13.6,0.0,4,11.4,Pass
13.0413,Education Entrepreneurship,f,0.0,,12.1,38.6,0.0,4,11.1,Pass
50.1101,Community/Environmental/Socially-Engaged Art,f,0.0,0.0,25.5,21.0,0.0,5,10.8,Pass
5.0111,Scandinavian Studies,f,10.0,13.2,1.7,34.4,0.0,5,10.7,Pass
11.0601,"Data Entry/Microcomputer Applications, General",f,0.0,0.0,35.2,0.0,0.0,5,10.6,Pass
29.0204,"Command & Control (C3, C4I) Systems and Operations",f,14.1,,,,0.0,2,10.6,Pass
3.0599,"Forestry, Other",f,17.3,9.4,10.3,1.8,0.0,5,10.0,Pass
51.3103,Dietetic Technician,f,0.0,0.0,11.9,38.6,0.0,5,9.4,Pass
16.0499,"Slavic, Baltic, and Albanian Languages, Literatures, and Linguistics, Other",f,0.0,,14.9,21.4,0.0,4,9.0,Pass
16.0601,Modern Greek Language and Literature,f,0.0,,14.9,21.4,0.0,4,9.0,Pass
16.0801,"Iranian Languages, Literatures, and Linguistics",f,0.0,,14.9,21.4,0.0,4,9.0,Pass
16.1501,Turkish Language and Literature,f,0.0,,14.9,21.4,0.0,4,9.0,Pass
15.1299,"Computer Engineering Technologies/Technicians, Other",f,0.0,0.0,16.9,25.7,0.0,5,8.9,Pass
29.0306,Operational Oceanography,f,0.0,0.0,16.9,25.7,0.0,5,8.9,Pass
15.1401,Nuclear Engineering Technology/Technician,f,0.0,,14.4,19.3,0.0,4,8.5,Pass
19.0906,Fashion and Fabric Consultant,f,0.0,,8.5,30.9,0.0,4,8.5,Pass
51.2799,"Medical Illustration and Informatics, Other",f,10.0,10.3,,,0.0,3,8.3,Pass
16.0702,"Sanskrit and Classical Indian Languages, Literatures, and Linguistics",f,0.0,0.0,14.9,21.4,0.0,5,7.7,Pass
52.0908,Casino Management,f,0.0,0.0,10.4,30.5,0.0,5,7.7,Pass
5.0130,Spanish and Iberian Studies,f,0.0,,1.7,34.4,0.0,4,6.7,Pass
23.1402,American Literature (United States),f,0.0,0.0,13.5,14.9,0.0,5,6.3,Pass
5.0115,Canadian Studies,f,0.0,0.0,1.7,34.4,0.0,5,5.7,Pass
5.0118,Slavic Studies,f,0.0,0.0,1.7,34.4,0.0,5,5.7,Pass
19.0403,Consumer Services and Advocacy,f,10.0,,0.8,8.7,0.0,4,5.3,Pass
38.0204,Hindu Studies,f,0.0,0.0,7.4,18.3,0.0,5,5.0,Pass
10.0301,"Graphic Communications, General",f,0.0,,10.0,0.2,0.0,4,3.6,Pass
10.0303,Prepress/Desktop Publishing and Digital Imaging Design,f,0.0,0.0,9.6,0.3,0.0,5,2.9,Pass
19.0402,Consumer Economics,f,0.0,,0.8,8.7,0.0,4,1.8,Pass
41.0205,Nuclear/Nuclear Power Technology/Technician,f,0.0,0.0,0.4,0.4,0.0,5,0.2,Pass
1.1302,Pre-Veterinary Studies,f,0.0,,,,0.0,2,0.0,Pass
9.0799,"Radio, Television, and Digital Communication, Other",f,0.0,0.0,,,0.0,3,0.0,Pass
13.1501,Teacher Assistant/Aide,f,0.0,0.0,,,0.0,3,0.0,Pass
15.0799,"Quality Control and Safety Technologies/Technicians, Other",f,0.0,0.0,,,0.0,3,0.0,Pass
15.1199,"Engineering-Related Technologies/Technicians, Other",f,0.0,,,,0.0,2,0.0,Pass
22.0099,"Non-Professional Legal Studies, Other",f,0.0,0.0,,,0.0,3,0.0,Pass
22.0399,"Legal Support Services, Other",f,0.0,0.0,,,0.0,3,0.0,Pass
29.0299,"Intelligence, Command Control and Information Operations, Other",f,0.0,0.0,,,0.0,3,0.0,Pass
29.0405,"Joint Command/Task Force (C3, C4I) Systems",f,0.0,0.0,,,0.0,3,0.0,Pass
46.9999,"Construction Trades, Other",f,0.0,,,,0.0,2,0.0,Pass
47.0699,"Vehicle Maintenance and Repair Technologies/Technicians, Other",f,0.0,,,,0.0,2,0.0,Pass
49.0199,"Air Transportation, Other",f,0.0,0.0,,,0.0,3,0.0,Pass
49.9999,"Transportation and Materials Moving, Other",f,0.0,,,,0.0,2,0.0,Pass
51.1105,Pre-Nursing Studies,f,0.0,,,,0.0,2,0.0,Pass
51.1107,Pre-Occupational Therapy Studies,f,0.0,0.0,,,0.0,3,0.0,Pass
52.1802,Merchandising and Buying Operations,f,0.0,0.0,,,0.0,3,0.0,Pass
