cip6_id,cip6_title,year,completions,cip2020_code
10000,General Agriculture,2012,316.0,1.0
10000,General Agriculture,2013,287.0,1.0
10000,General Agriculture,2014,282.0,1.0
10000,General Agriculture,2015,246.0,1.0
10000,General Agriculture,2016,306.0,1.0
10000,General Agriculture,2017,311.0,1.0
10000,General Agriculture,2018,301.0,1.0
10000,General Agriculture,2019,313.0,1.0
10000,General Agriculture,2020,294.0,1.0
10000,General Agriculture,2021,320.0,1.0
10000,General Agriculture,2022,344.0,1.0
10000,General Agriculture,2023,403.0,1.0
10000,General Agriculture,2024,360.0,1.0
10101,General Agriculture Management,2012,60.0,1.0101
10101,General Agriculture Management,2013,67.0,1.0101
10101,General Agriculture Management,2014,73.0,1.0101
10101,General Agriculture Management,2015,86.0,1.0101
10101,General Agriculture Management,2016,79.0,1.0101
10101,General Agriculture Management,2017,80.0,1.0101
10101,General Agriculture Management,2018,66.0,1.0101
10101,General Agriculture Management,2019,72.0,1.0101
10101,General Agriculture Management,2020,42.0,1.0101
10101,General Agriculture Management,2021,58.0,1.0101
10101,General Agriculture Management,2022,83.0,1.0101
10101,General Agriculture Management,2023,82.0,1.0101
10101,General Agriculture Management,2024,97.0,1.0101
10102,Agricultural Business Operations,2012,30.0,1.0102
10102,Agricultural Business Operations,2013,33.0,1.0102
10102,Agricultural Business Operations,2014,18.0,1.0102
10102,Agricultural Business Operations,2015,34.0,1.0102
10102,Agricultural Business Operations,2016,43.0,1.0102
10102,Agricultural Business Operations,2017,44.0,1.0102
10102,Agricultural Business Operations,2018,44.0,1.0102
10102,Agricultural Business Operations,2019,31.0,1.0102
10102,Agricultural Business Operations,2020,44.0,1.0102
10102,Agricultural Business Operations,2021,31.0,1.0102
10102,Agricultural Business Operations,2022,35.0,1.0102
10102,Agricultural Business Operations,2023,31.0,1.0102
10102,Agricultural Business Operations,2024,35.0,1.0102
10103,Agricultural Economics,2012,435.0,1.0103
10103,Agricultural Economics,2013,413.0,1.0103
10103,Agricultural Economics,2014,422.0,1.0103
10103,Agricultural Economics,2015,434.0,1.0103
10103,Agricultural Economics,2016,444.0,1.0103
10103,Agricultural Economics,2017,490.0,1.0103
10103,Agricultural Economics,2018,338.0,1.0103
10103,Agricultural Economics,2019,383.0,1.0103
10103,Agricultural Economics,2020,350.0,1.0103
10103,Agricultural Economics,2021,226.0,1.0103
10103,Agricultural Economics,2022,211.0,1.0103
10103,Agricultural Economics,2023,175.0,1.0103
10103,Agricultural Economics,2024,184.0,1.0103
10104,Farm & Ranch Management,2012,8.0,1.0104
10104,Farm & Ranch Management,2013,8.0,1.0104
10104,Farm & Ranch Management,2014,12.0,1.0104
10104,Farm & Ranch Management,2015,10.0,1.0104
10104,Farm & Ranch Management,2016,7.0,1.0104
10104,Farm & Ranch Management,2017,3.0,1.0104
10104,Farm & Ranch Management,2018,6.0,1.0104
10104,Farm & Ranch Management,2019,5.0,1.0104
10104,Farm & Ranch Management,2020,2.0,1.0104
10104,Farm & Ranch Management,2021,4.0,1.0104
10104,Farm & Ranch Management,2022,3.0,1.0104
10104,Farm & Ranch Management,2023,3.0,1.0104
10104,Farm & Ranch Management,2024,3.0,1.0104
10106,Agricultural Business Technology,2018,2.0,1.0106
10106,Agricultural Business Technology,2019,0.0,1.0106
10106,Agricultural Business Technology,2020,0.0,1.0106
10106,Agricultural Business Technology,2021,0.0,1.0106
10106,Agricultural Business Technology,2022,0.0,1.0106
10199,Other Agricultural Business & Management,2012,4.0,1.0199
10199,Other Agricultural Business & Management,2013,4.0,1.0199
10199,Other Agricultural Business & Management,2014,3.0,1.0199
10199,Other Agricultural Business & Management,2015,3.0,1.0199
10199,Other Agricultural Business & Management,2016,4.0,1.0199
10199,Other Agricultural Business & Management,2017,7.0,1.0199
10199,Other Agricultural Business & Management,2018,8.0,1.0199
10199,Other Agricultural Business & Management,2019,5.0,1.0199
10199,Other Agricultural Business & Management,2020,11.0,1.0199
10199,Other Agricultural Business & Management,2021,7.0,1.0199
10199,Other Agricultural Business & Management,2022,12.0,1.0199
10199,Other Agricultural Business & Management,2023,18.0,1.0199
10199,Other Agricultural Business & Management,2024,9.0,1.0199
10201,General Agricultural Mechanization,2012,0.0,1.0201
10201,General Agricultural Mechanization,2013,0.0,1.0201
10201,General Agricultural Mechanization,2014,1.0,1.0201
10201,General Agricultural Mechanization,2015,0.0,1.0201
10201,General Agricultural Mechanization,2016,3.0,1.0201
10201,General Agricultural Mechanization,2017,2.0,1.0201
10201,General Agricultural Mechanization,2018,1.0,1.0201
10201,General Agricultural Mechanization,2019,1.0,1.0201
10201,General Agricultural Mechanization,2020,0.0,1.0201
10201,General Agricultural Mechanization,2021,0.0,1.0201
10301,General Agricultural Production Operations,2012,14.0,1.0301
10301,General Agricultural Production Operations,2013,20.0,1.0301
10301,General Agricultural Production Operations,2014,11.0,1.0301
10301,General Agricultural Production Operations,2015,7.0,1.0301
10301,General Agricultural Production Operations,2016,11.0,1.0301
10301,General Agricultural Production Operations,2017,9.0,1.0301
10301,General Agricultural Production Operations,2018,7.0,1.0301
10301,General Agricultural Production Operations,2019,10.0,1.0301
10301,General Agricultural Production Operations,2020,6.0,1.0301
10301,General Agricultural Production Operations,2021,8.0,1.0301
10301,General Agricultural Production Operations,2022,10.0,1.0301
10301,General Agricultural Production Operations,2023,9.0,1.0301
10301,General Agricultural Production Operations,2024,11.0,1.0301
10302,Animal Husbandry & Production,2015,1.0,1.0302
10302,Animal Husbandry & Production,2016,1.0,1.0302
10302,Animal Husbandry & Production,2017,4.0,1.0302
10302,Animal Husbandry & Production,2018,1.0,1.0302
10302,Animal Husbandry & Production,2019,2.0,1.0302
10302,Animal Husbandry & Production,2020,0.0,1.0302
10302,Animal Husbandry & Production,2024,2.0,1.0302
10303,Aquaculture,2012,31.0,1.0303
10303,Aquaculture,2013,32.0,1.0303
10303,Aquaculture,2014,32.0,1.0303
10303,Aquaculture,2015,33.0,1.0303
10303,Aquaculture,2016,40.0,1.0303
10303,Aquaculture,2017,35.0,1.0303
10303,Aquaculture,2018,41.0,1.0303
10303,Aquaculture,2019,46.0,1.0303
10303,Aquaculture,2020,40.0,1.0303
10303,Aquaculture,2021,15.0,1.0303
10303,Aquaculture,2022,34.0,1.0303
10303,Aquaculture,2023,28.0,1.0303
10303,Aquaculture,2024,29.0,1.0303
10304,Crop Production,2012,8.0,1.0304
10304,Crop Production,2013,8.0,1.0304
10304,Crop Production,2014,3.0,1.0304
10304,Crop Production,2015,2.0,1.0304
10304,Crop Production,2016,7.0,1.0304
10304,Crop Production,2017,0.0,1.0304
10304,Crop Production,2018,0.0,1.0304
10307,Horse Husbandry & Equine Management,2013,3.0,1.0307
10307,Horse Husbandry & Equine Management,2014,5.0,1.0307
10307,Horse Husbandry & Equine Management,2015,6.0,1.0307
10307,Horse Husbandry & Equine Management,2016,7.0,1.0307
10307,Horse Husbandry & Equine Management,2017,10.0,1.0307
10307,Horse Husbandry & Equine Management,2018,7.0,1.0307
10307,Horse Husbandry & Equine Management,2019,6.0,1.0307
10307,Horse Husbandry & Equine Management,2020,3.0,1.0307
10307,Horse Husbandry & Equine Management,2021,7.0,1.0307
10307,Horse Husbandry & Equine Management,2022,2.0,1.0307
10307,Horse Husbandry & Equine Management,2023,2.0,1.0307
10307,Horse Husbandry & Equine Management,2024,0.0,1.0307
10308,Agroecology & Sustainable Agriculture,2012,20.0,1.0308
10308,Agroecology & Sustainable Agriculture,2013,13.0,1.0308
10308,Agroecology & Sustainable Agriculture,2014,58.0,1.0308
10308,Agroecology & Sustainable Agriculture,2015,91.0,1.0308
10308,Agroecology & Sustainable Agriculture,2016,91.0,1.0308
10308,Agroecology & Sustainable Agriculture,2017,65.0,1.0308
10308,Agroecology & Sustainable Agriculture,2018,78.0,1.0308
10308,Agroecology & Sustainable Agriculture,2019,51.0,1.0308
10308,Agroecology & Sustainable Agriculture,2020,64.0,1.0308
10308,Agroecology & Sustainable Agriculture,2021,86.0,1.0308
10308,Agroecology & Sustainable Agriculture,2022,86.0,1.0308
10308,Agroecology & Sustainable Agriculture,2023,105.0,1.0308
10308,Agroecology & Sustainable Agriculture,2024,120.0,1.0308
10401,Agricultural & Food Products Processing,2012,2.0,1.0401
10401,Agricultural & Food Products Processing,2013,7.0,1.0401
10401,Agricultural & Food Products Processing,2014,0.0,1.0401
10401,Agricultural & Food Products Processing,2015,0.0,1.0401
10401,Agricultural & Food Products Processing,2016,0.0,1.0401
10401,Agricultural & Food Products Processing,2017,0.0,1.0401
10401,Agricultural & Food Products Processing,2018,0.0,1.0401
10401,Agricultural & Food Products Processing,2019,0.0,1.0401
10401,Agricultural & Food Products Processing,2020,0.0,1.0401
10401,Agricultural & Food Products Processing,2021,0.0,1.0401
10505,Animal Training,2022,1.0,1.0505
10505,Animal Training,2023,48.0,1.0505
10505,Animal Training,2024,101.0,1.0505
10601,General Applied Horticulture Operations,2012,17.0,1.0601
10601,General Applied Horticulture Operations,2013,21.0,1.0601
10601,General Applied Horticulture Operations,2014,33.0,1.0601
10601,General Applied Horticulture Operations,2015,19.0,1.0601
10601,General Applied Horticulture Operations,2016,14.0,1.0601
10601,General Applied Horticulture Operations,2017,11.0,1.0601
10601,General Applied Horticulture Operations,2018,7.0,1.0601
10601,General Applied Horticulture Operations,2019,6.0,1.0601
10601,General Applied Horticulture Operations,2020,9.0,1.0601
10601,General Applied Horticulture Operations,2021,4.0,1.0601
10601,General Applied Horticulture Operations,2022,3.0,1.0601
10601,General Applied Horticulture Operations,2023,0.0,1.0601
10601,General Applied Horticulture Operations,2024,0.0,1.0601
10603,Ornamental Horticulture,2012,5.0,1.0603
10603,Ornamental Horticulture,2013,12.0,1.0603
10603,Ornamental Horticulture,2014,8.0,1.0603
10603,Ornamental Horticulture,2015,7.0,1.0603
10603,Ornamental Horticulture,2016,10.0,1.0603
10603,Ornamental Horticulture,2017,6.0,1.0603
10603,Ornamental Horticulture,2018,6.0,1.0603
10603,Ornamental Horticulture,2019,1.0,1.0603
10603,Ornamental Horticulture,2020,9.0,1.0603
10603,Ornamental Horticulture,2021,5.0,1.0603
10603,Ornamental Horticulture,2022,0.0,1.0603
10603,Ornamental Horticulture,2023,0.0,1.0603
10603,Ornamental Horticulture,2024,0.0,1.0603
10605,Landscaping & Groundskeeping,2012,3.0,1.0605
10605,Landscaping & Groundskeeping,2013,4.0,1.0605
10605,Landscaping & Groundskeeping,2014,8.0,1.0605
10605,Landscaping & Groundskeeping,2015,7.0,1.0605
10605,Landscaping & Groundskeeping,2016,6.0,1.0605
10605,Landscaping & Groundskeeping,2017,5.0,1.0605
10605,Landscaping & Groundskeeping,2018,2.0,1.0605
10605,Landscaping & Groundskeeping,2020,0.0,1.0605
10605,Landscaping & Groundskeeping,2021,0.0,1.0605
10605,Landscaping & Groundskeeping,2022,0.0,1.0605
10607,Turf & Turfgrass Management,2012,3.0,1.0607
10607,Turf & Turfgrass Management,2013,11.0,1.0607
10607,Turf & Turfgrass Management,2014,10.0,1.0607
10607,Turf & Turfgrass Management,2015,8.0,1.0607
10607,Turf & Turfgrass Management,2016,7.0,1.0607
10607,Turf & Turfgrass Management,2017,7.0,1.0607
10607,Turf & Turfgrass Management,2018,4.0,1.0607
10607,Turf & Turfgrass Management,2019,4.0,1.0607
10607,Turf & Turfgrass Management,2020,6.0,1.0607
10607,Turf & Turfgrass Management,2021,3.0,1.0607
10607,Turf & Turfgrass Management,2022,5.0,1.0607
10607,Turf & Turfgrass Management,2023,6.0,1.0607
10607,Turf & Turfgrass Management,2024,4.0,1.0607
10609,Public Horticulture,2021,0.0,1.0609
10609,Public Horticulture,2022,0.0,1.0609
10609,Public Horticulture,2023,0.0,1.0609
10609,Public Horticulture,2024,0.0,1.0609
10701,International Agriculture,2012,28.0,1.0701
10701,International Agriculture,2013,26.0,1.0701
10701,International Agriculture,2014,50.0,1.0701
10701,International Agriculture,2015,43.0,1.0701
10701,International Agriculture,2016,47.0,1.0701
10701,International Agriculture,2017,84.0,1.0701
10701,International Agriculture,2018,54.0,1.0701
10701,International Agriculture,2019,59.0,1.0701
10701,International Agriculture,2020,61.0,1.0701
10701,International Agriculture,2021,46.0,1.0701
10701,International Agriculture,2022,29.0,1.0701
10701,International Agriculture,2023,24.0,1.0701
10701,International Agriculture,2024,22.0,1.0701
10801,Agricultural & Extension Education Services,2012,63.0,1.0801
10801,Agricultural & Extension Education Services,2013,55.0,1.0801
10801,Agricultural & Extension Education Services,2014,77.0,1.0801
10801,Agricultural & Extension Education Services,2015,68.0,1.0801
10801,Agricultural & Extension Education Services,2016,79.0,1.0801
10801,Agricultural & Extension Education Services,2017,71.0,1.0801
10801,Agricultural & Extension Education Services,2018,95.0,1.0801
10801,Agricultural & Extension Education Services,2019,95.0,1.0801
10801,Agricultural & Extension Education Services,2020,127.0,1.0801
10801,Agricultural & Extension Education Services,2021,125.0,1.0801
10801,Agricultural & Extension Education Services,2022,139.0,1.0801
10801,Agricultural & Extension Education Services,2023,168.0,1.0801
10801,Agricultural & Extension Education Services,2024,177.0,1.0801
10802,Agricultural Communication & Journalism,2012,32.0,1.0802
10802,Agricultural Communication & Journalism,2013,17.0,1.0802
10802,Agricultural Communication & Journalism,2014,23.0,1.0802
10802,Agricultural Communication & Journalism,2015,26.0,1.0802
10802,Agricultural Communication & Journalism,2016,18.0,1.0802
10802,Agricultural Communication & Journalism,2017,14.0,1.0802
10802,Agricultural Communication & Journalism,2018,27.0,1.0802
10802,Agricultural Communication & Journalism,2019,22.0,1.0802
10802,Agricultural Communication & Journalism,2020,26.0,1.0802
10802,Agricultural Communication & Journalism,2021,29.0,1.0802
10802,Agricultural Communication & Journalism,2022,38.0,1.0802
10802,Agricultural Communication & Journalism,2023,19.0,1.0802
10802,Agricultural Communication & Journalism,2024,30.0,1.0802
10899,Other Agricultural Public Services,2013,0.0,1.0899
10899,Other Agricultural Public Services,2014,3.0,1.0899
10899,Other Agricultural Public Services,2015,3.0,1.0899
10899,Other Agricultural Public Services,2016,6.0,1.0899
10899,Other Agricultural Public Services,2017,8.0,1.0899
10899,Other Agricultural Public Services,2018,5.0,1.0899
10899,Other Agricultural Public Services,2019,9.0,1.0899
10899,Other Agricultural Public Services,2020,8.0,1.0899
10899,Other Agricultural Public Services,2021,2.0,1.0899
10899,Other Agricultural Public Services,2022,5.0,1.0899
10899,Other Agricultural Public Services,2023,12.0,1.0899
10899,Other Agricultural Public Services,2024,15.0,1.0899
10901,General Animal Sciences,2012,383.0,1.0901
10901,General Animal Sciences,2013,393.0,1.0901
10901,General Animal Sciences,2014,389.0,1.0901
10901,General Animal Sciences,2015,381.0,1.0901
10901,General Animal Sciences,2016,411.0,1.0901
10901,General Animal Sciences,2017,448.0,1.0901
10901,General Animal Sciences,2018,418.0,1.0901
10901,General Animal Sciences,2019,418.0,1.0901
10901,General Animal Sciences,2020,417.0,1.0901
10901,General Animal Sciences,2021,365.0,1.0901
10901,General Animal Sciences,2022,394.0,1.0901
10901,General Animal Sciences,2023,434.0,1.0901
10901,General Animal Sciences,2024,452.0,1.0901
10902,Agricultural Animal Breeding,2012,11.0,1.0902
10902,Agricultural Animal Breeding,2013,0.0,1.0902
10902,Agricultural Animal Breeding,2014,5.0,1.0902
10902,Agricultural Animal Breeding,2015,10.0,1.0902
10902,Agricultural Animal Breeding,2016,7.0,1.0902
10902,Agricultural Animal Breeding,2017,5.0,1.0902
10902,Agricultural Animal Breeding,2018,4.0,1.0902
10902,Agricultural Animal Breeding,2019,8.0,1.0902
10902,Agricultural Animal Breeding,2020,8.0,1.0902
10902,Agricultural Animal Breeding,2021,5.0,1.0902
10902,Agricultural Animal Breeding,2022,3.0,1.0902
10902,Agricultural Animal Breeding,2023,3.0,1.0902
10902,Agricultural Animal Breeding,2024,8.0,1.0902
10903,Animal Health,2012,8.0,1.0903
10903,Animal Health,2013,5.0,1.0903
10903,Animal Health,2014,2.0,1.0903
10903,Animal Health,2015,2.0,1.0903
10903,Animal Health,2016,2.0,1.0903
10903,Animal Health,2017,1.0,1.0903
10903,Animal Health,2018,1.0,1.0903
10903,Animal Health,2019,0.0,1.0903
10903,Animal Health,2020,2.0,1.0903
10903,Animal Health,2021,0.0,1.0903
10903,Animal Health,2022,4.0,1.0903
10903,Animal Health,2023,8.0,1.0903
10903,Animal Health,2024,32.0,1.0903
10905,Dairy Science,2012,15.0,1.0905
10905,Dairy Science,2013,8.0,1.0905
10905,Dairy Science,2014,10.0,1.0905
10905,Dairy Science,2015,9.0,1.0905
10905,Dairy Science,2016,29.0,1.0905
10905,Dairy Science,2017,20.0,1.0905
10905,Dairy Science,2018,33.0,1.0905
10905,Dairy Science,2019,20.0,1.0905
10905,Dairy Science,2020,20.0,1.0905
10905,Dairy Science,2021,10.0,1.0905
10905,Dairy Science,2022,6.0,1.0905
10905,Dairy Science,2023,8.0,1.0905
10905,Dairy Science,2024,10.0,1.0905
10906,Livestock Management,2012,1.0,1.0906
10906,Livestock Management,2013,2.0,1.0906
10906,Livestock Management,2014,1.0,1.0906
10906,Livestock Management,2015,3.0,1.0906
10906,Livestock Management,2016,2.0,1.0906
10906,Livestock Management,2017,1.0,1.0906
10906,Livestock Management,2018,2.0,1.0906
10906,Livestock Management,2019,4.0,1.0906
10906,Livestock Management,2020,1.0,1.0906
10906,Livestock Management,2021,2.0,1.0906
10906,Livestock Management,2022,2.0,1.0906
10906,Livestock Management,2023,2.0,1.0906
10906,Livestock Management,2024,3.0,1.0906
10907,Poultry Science,2012,17.0,1.0907
10907,Poultry Science,2013,18.0,1.0907
10907,Poultry Science,2014,15.0,1.0907
10907,Poultry Science,2015,15.0,1.0907
10907,Poultry Science,2016,19.0,1.0907
10907,Poultry Science,2017,32.0,1.0907
10907,Poultry Science,2018,17.0,1.0907
10907,Poultry Science,2019,22.0,1.0907
10907,Poultry Science,2020,18.0,1.0907
10907,Poultry Science,2021,17.0,1.0907
10907,Poultry Science,2022,25.0,1.0907
10907,Poultry Science,2023,24.0,1.0907
10907,Poultry Science,2024,25.0,1.0907
10999,Other Animal Science,2012,3.0,1.0999
10999,Other Animal Science,2013,7.0,1.0999
10999,Other Animal Science,2014,4.0,1.0999
10999,Other Animal Science,2015,2.0,1.0999
10999,Other Animal Science,2016,5.0,1.0999
10999,Other Animal Science,2017,3.0,1.0999
10999,Other Animal Science,2018,4.0,1.0999
10999,Other Animal Science,2019,28.0,1.0999
10999,Other Animal Science,2020,20.0,1.0999
10999,Other Animal Science,2021,6.0,1.0999
10999,Other Animal Science,2022,2.0,1.0999
10999,Other Animal Science,2023,5.0,1.0999
10999,Other Animal Science,2024,1.0,1.0999
11001,Food Science,2012,351.0,1.1001
11001,Food Science,2013,386.0,1.1001
11001,Food Science,2014,447.0,1.1001
11001,Food Science,2015,434.0,1.1001
11001,Food Science,2016,416.0,1.1001
11001,Food Science,2017,441.0,1.1001
11001,Food Science,2018,451.0,1.1001
11001,Food Science,2019,482.0,1.1001
11001,Food Science,2020,441.0,1.1001
11001,Food Science,2021,440.0,1.1001
11001,Food Science,2022,445.0,1.1001
11001,Food Science,2023,408.0,1.1001
11001,Food Science,2024,438.0,1.1001
11002,Food Technology & Processing,2012,3.0,1.1002
11002,Food Technology & Processing,2013,11.0,1.1002
11002,Food Technology & Processing,2014,16.0,1.1002
11002,Food Technology & Processing,2015,17.0,1.1002
11002,Food Technology & Processing,2016,14.0,1.1002
11002,Food Technology & Processing,2017,19.0,1.1002
11002,Food Technology & Processing,2018,10.0,1.1002
11002,Food Technology & Processing,2019,15.0,1.1002
11002,Food Technology & Processing,2020,23.0,1.1002
11002,Food Technology & Processing,2021,16.0,1.1002
11002,Food Technology & Processing,2022,19.0,1.1002
11002,Food Technology & Processing,2023,22.0,1.1002
11002,Food Technology & Processing,2024,21.0,1.1002
11003,Brewing Science,2024,11.0,1.1003
11004,Viticulture And Enology,2020,0.0,1.1004
11004,Viticulture And Enology,2021,0.0,1.1004
11004,Viticulture And Enology,2022,0.0,1.1004
11004,Viticulture And Enology,2023,0.0,1.1004
11004,Viticulture And Enology,2024,0.0,1.1004
11099,Other Food Science & Technology,2012,40.0,1.1099
11099,Other Food Science & Technology,2013,33.0,1.1099
11099,Other Food Science & Technology,2014,23.0,1.1099
11099,Other Food Science & Technology,2015,35.0,1.1099
11099,Other Food Science & Technology,2016,33.0,1.1099
11099,Other Food Science & Technology,2017,32.0,1.1099
11099,Other Food Science & Technology,2018,36.0,1.1099
11099,Other Food Science & Technology,2019,36.0,1.1099
11099,Other Food Science & Technology,2020,43.0,1.1099
11099,Other Food Science & Technology,2021,36.0,1.1099
11099,Other Food Science & Technology,2022,53.0,1.1099
11099,Other Food Science & Technology,2023,26.0,1.1099
11099,Other Food Science & Technology,2024,52.0,1.1099
11101,General Plant Sciences,2012,72.0,1.1101
11101,General Plant Sciences,2013,86.0,1.1101
11101,General Plant Sciences,2014,105.0,1.1101
11101,General Plant Sciences,2015,92.0,1.1101
11101,General Plant Sciences,2016,94.0,1.1101
11101,General Plant Sciences,2017,97.0,1.1101
11101,General Plant Sciences,2018,88.0,1.1101
11101,General Plant Sciences,2019,121.0,1.1101
11101,General Plant Sciences,2020,98.0,1.1101
11101,General Plant Sciences,2021,102.0,1.1101
11101,General Plant Sciences,2022,98.0,1.1101
11101,General Plant Sciences,2023,102.0,1.1101
11101,General Plant Sciences,2024,96.0,1.1101
11102,Agronomy & Crop Science,2012,202.0,1.1102
11102,Agronomy & Crop Science,2013,209.0,1.1102
11102,Agronomy & Crop Science,2014,216.0,1.1102
11102,Agronomy & Crop Science,2015,187.0,1.1102
11102,Agronomy & Crop Science,2016,204.0,1.1102
11102,Agronomy & Crop Science,2017,231.0,1.1102
11102,Agronomy & Crop Science,2018,282.0,1.1102
11102,Agronomy & Crop Science,2019,261.0,1.1102
11102,Agronomy & Crop Science,2020,227.0,1.1102
11102,Agronomy & Crop Science,2021,221.0,1.1102
11102,Agronomy & Crop Science,2022,191.0,1.1102
11102,Agronomy & Crop Science,2023,212.0,1.1102
11102,Agronomy & Crop Science,2024,223.0,1.1102
11103,Horticultural Science,2012,99.0,1.1103
11103,Horticultural Science,2013,109.0,1.1103
11103,Horticultural Science,2014,90.0,1.1103
11103,Horticultural Science,2015,105.0,1.1103
11103,Horticultural Science,2016,100.0,1.1103
11103,Horticultural Science,2017,104.0,1.1103
11103,Horticultural Science,2018,140.0,1.1103
11103,Horticultural Science,2019,110.0,1.1103
11103,Horticultural Science,2020,140.0,1.1103
11103,Horticultural Science,2021,117.0,1.1103
11103,Horticultural Science,2022,121.0,1.1103
11103,Horticultural Science,2023,138.0,1.1103
11103,Horticultural Science,2024,167.0,1.1103
11104,Agricultural & Horticultural Plant Breeding,2012,37.0,1.1104
11104,Agricultural & Horticultural Plant Breeding,2013,25.0,1.1104
11104,Agricultural & Horticultural Plant Breeding,2014,11.0,1.1104
11104,Agricultural & Horticultural Plant Breeding,2015,19.0,1.1104
11104,Agricultural & Horticultural Plant Breeding,2016,29.0,1.1104
11104,Agricultural & Horticultural Plant Breeding,2017,21.0,1.1104
11104,Agricultural & Horticultural Plant Breeding,2018,25.0,1.1104
11104,Agricultural & Horticultural Plant Breeding,2019,20.0,1.1104
11104,Agricultural & Horticultural Plant Breeding,2020,23.0,1.1104
11104,Agricultural & Horticultural Plant Breeding,2021,27.0,1.1104
11104,Agricultural & Horticultural Plant Breeding,2022,15.0,1.1104
11104,Agricultural & Horticultural Plant Breeding,2023,17.0,1.1104
11104,Agricultural & Horticultural Plant Breeding,2024,16.0,1.1104
11105,Plant Protection & Integrated Pest Management,2012,19.0,1.1105
11105,Plant Protection & Integrated Pest Management,2013,25.0,1.1105
11105,Plant Protection & Integrated Pest Management,2014,23.0,1.1105
11105,Plant Protection & Integrated Pest Management,2015,20.0,1.1105
11105,Plant Protection & Integrated Pest Management,2016,29.0,1.1105
11105,Plant Protection & Integrated Pest Management,2017,50.0,1.1105
11105,Plant Protection & Integrated Pest Management,2018,30.0,1.1105
11105,Plant Protection & Integrated Pest Management,2019,42.0,1.1105
11105,Plant Protection & Integrated Pest Management,2020,36.0,1.1105
11105,Plant Protection & Integrated Pest Management,2021,39.0,1.1105
11105,Plant Protection & Integrated Pest Management,2022,41.0,1.1105
11105,Plant Protection & Integrated Pest Management,2023,35.0,1.1105
11105,Plant Protection & Integrated Pest Management,2024,36.0,1.1105
11106,Range Science & Management,2012,45.0,1.1106
11106,Range Science & Management,2013,43.0,1.1106
11106,Range Science & Management,2014,33.0,1.1106
11106,Range Science & Management,2015,30.0,1.1106
11106,Range Science & Management,2016,28.0,1.1106
11106,Range Science & Management,2017,34.0,1.1106
11106,Range Science & Management,2018,37.0,1.1106
11106,Range Science & Management,2019,27.0,1.1106
11106,Range Science & Management,2020,27.0,1.1106
11106,Range Science & Management,2021,24.0,1.1106
11106,Range Science & Management,2022,30.0,1.1106
11106,Range Science & Management,2023,37.0,1.1106
11106,Range Science & Management,2024,15.0,1.1106
11199,Other Plant Sciences,2012,48.0,1.1199
11199,Other Plant Sciences,2013,50.0,1.1199
11199,Other Plant Sciences,2014,54.0,1.1199
11199,Other Plant Sciences,2015,51.0,1.1199
11199,Other Plant Sciences,2016,60.0,1.1199
11199,Other Plant Sciences,2017,50.0,1.1199
11199,Other Plant Sciences,2018,61.0,1.1199
11199,Other Plant Sciences,2019,56.0,1.1199
11199,Other Plant Sciences,2020,63.0,1.1199
11199,Other Plant Sciences,2021,64.0,1.1199
11199,Other Plant Sciences,2022,60.0,1.1199
11199,Other Plant Sciences,2023,71.0,1.1199
11199,Other Plant Sciences,2024,64.0,1.1199
11201,General Soil Science & Agronomy,2012,127.0,1.1201
11201,General Soil Science & Agronomy,2013,125.0,1.1201
11201,General Soil Science & Agronomy,2014,108.0,1.1201
11201,General Soil Science & Agronomy,2015,107.0,1.1201
11201,General Soil Science & Agronomy,2016,123.0,1.1201
11201,General Soil Science & Agronomy,2017,107.0,1.1201
11201,General Soil Science & Agronomy,2018,92.0,1.1201
11201,General Soil Science & Agronomy,2019,93.0,1.1201
11201,General Soil Science & Agronomy,2020,101.0,1.1201
11201,General Soil Science & Agronomy,2021,84.0,1.1201
11201,General Soil Science & Agronomy,2022,94.0,1.1201
11201,General Soil Science & Agronomy,2023,102.0,1.1201
11201,General Soil Science & Agronomy,2024,104.0,1.1201
11202,Soil Chemistry & Physics,2012,5.0,1.1202
11202,Soil Chemistry & Physics,2013,6.0,1.1202
11202,Soil Chemistry & Physics,2014,0.0,1.1202
11202,Soil Chemistry & Physics,2015,4.0,1.1202
11202,Soil Chemistry & Physics,2016,4.0,1.1202
11202,Soil Chemistry & Physics,2017,2.0,1.1202
11202,Soil Chemistry & Physics,2018,1.0,1.1202
11202,Soil Chemistry & Physics,2019,1.0,1.1202
11202,Soil Chemistry & Physics,2020,4.0,1.1202
11202,Soil Chemistry & Physics,2021,1.0,1.1202
11202,Soil Chemistry & Physics,2022,4.0,1.1202
11202,Soil Chemistry & Physics,2023,5.0,1.1202
11202,Soil Chemistry & Physics,2024,2.0,1.1202
11299,Other Soil Sciences,2012,12.0,1.1299
11299,Other Soil Sciences,2013,11.0,1.1299
11299,Other Soil Sciences,2014,13.0,1.1299
11299,Other Soil Sciences,2015,16.0,1.1299
11299,Other Soil Sciences,2016,12.0,1.1299
11299,Other Soil Sciences,2017,7.0,1.1299
11299,Other Soil Sciences,2018,8.0,1.1299
11299,Other Soil Sciences,2019,7.0,1.1299
11299,Other Soil Sciences,2020,12.0,1.1299
11299,Other Soil Sciences,2021,14.0,1.1299
11299,Other Soil Sciences,2022,5.0,1.1299
11299,Other Soil Sciences,2023,10.0,1.1299
11299,Other Soil Sciences,2024,14.0,1.1299
11302,Pre-Veterinary Studies,2022,0.0,1.1302
11302,Pre-Veterinary Studies,2023,0.0,1.1302
11302,Pre-Veterinary Studies,2024,0.0,1.1302
18101,"Veterinary Sciences/Veterinary Clinical Sciences, General",2020,130.0,1.8101
18101,"Veterinary Sciences/Veterinary Clinical Sciences, General",2021,177.0,1.8101
18101,"Veterinary Sciences/Veterinary Clinical Sciences, General",2022,211.0,1.8101
18101,"Veterinary Sciences/Veterinary Clinical Sciences, General",2023,159.0,1.8101
18101,"Veterinary Sciences/Veterinary Clinical Sciences, General",2024,175.0,1.8101
18102,Comparative And Laboratory Animal Medicine,2020,48.0,1.8102
18102,Comparative And Laboratory Animal Medicine,2021,51.0,1.8102
18102,Comparative And Laboratory Animal Medicine,2022,48.0,1.8102
18102,Comparative And Laboratory Animal Medicine,2023,41.0,1.8102
18102,Comparative And Laboratory Animal Medicine,2024,49.0,1.8102
18103,Large Animal/Food Animal And Equine Surgery And Medicine,2020,1.0,1.8103
18103,Large Animal/Food Animal And Equine Surgery And Medicine,2021,0.0,1.8103
18103,Large Animal/Food Animal And Equine Surgery And Medicine,2022,1.0,1.8103
18103,Large Animal/Food Animal And Equine Surgery And Medicine,2023,1.0,1.8103
18103,Large Animal/Food Animal And Equine Surgery And Medicine,2024,0.0,1.8103
18104,Small/Companion Animal Surgery And Medicine,2020,5.0,1.8104
18104,Small/Companion Animal Surgery And Medicine,2021,6.0,1.8104
18104,Small/Companion Animal Surgery And Medicine,2022,5.0,1.8104
18104,Small/Companion Animal Surgery And Medicine,2023,8.0,1.8104
18104,Small/Companion Animal Surgery And Medicine,2024,3.0,1.8104
18106,Veterinary Infectious Diseases,2020,20.0,1.8106
18106,Veterinary Infectious Diseases,2021,21.0,1.8106
18106,Veterinary Infectious Diseases,2022,20.0,1.8106
18106,Veterinary Infectious Diseases,2023,22.0,1.8106
18106,Veterinary Infectious Diseases,2024,19.0,1.8106
18107,Veterinary Microbiology And Immunobiology,2020,3.0,1.8107
18107,Veterinary Microbiology And Immunobiology,2021,2.0,1.8107
18107,Veterinary Microbiology And Immunobiology,2022,1.0,1.8107
18107,Veterinary Microbiology And Immunobiology,2023,2.0,1.8107
18107,Veterinary Microbiology And Immunobiology,2024,4.0,1.8107
18108,Veterinary Pathology And Pathobiology,2020,12.0,1.8108
18108,Veterinary Pathology And Pathobiology,2021,11.0,1.8108
18108,Veterinary Pathology And Pathobiology,2022,12.0,1.8108
18108,Veterinary Pathology And Pathobiology,2023,15.0,1.8108
18108,Veterinary Pathology And Pathobiology,2024,18.0,1.8108
18110,"Veterinary Preventive Medicine, Epidemiology, And Public Health",2020,17.0,1.811
18110,"Veterinary Preventive Medicine, Epidemiology, And Public Health",2021,21.0,1.811
18110,"Veterinary Preventive Medicine, Epidemiology, And Public Health",2022,22.0,1.811
18110,"Veterinary Preventive Medicine, Epidemiology, And Public Health",2023,31.0,1.811
18110,"Veterinary Preventive Medicine, Epidemiology, And Public Health",2024,25.0,1.811
18199,"Veterinary Biomedical And Clinical Sciences, Other",2024,0.0,1.8199
18301,Veterinary/Animal Health Technology/Technician And Veterinary Assistant,2020,0.0,1.8301
18301,Veterinary/Animal Health Technology/Technician And Veterinary Assistant,2021,0.0,1.8301
18301,Veterinary/Animal Health Technology/Technician And Veterinary Assistant,2022,0.0,1.8301
19999,"Other Agriculture, Operations, & Related Sciences",2012,31.0,1.9999
19999,"Other Agriculture, Operations, & Related Sciences",2013,25.0,1.9999
19999,"Other Agriculture, Operations, & Related Sciences",2014,33.0,1.9999
19999,"Other Agriculture, Operations, & Related Sciences",2015,32.0,1.9999
19999,"Other Agriculture, Operations, & Related Sciences",2016,41.0,1.9999
19999,"Other Agriculture, Operations, & Related Sciences",2017,31.0,1.9999
19999,"Other Agriculture, Operations, & Related Sciences",2018,49.0,1.9999
19999,"Other Agriculture, Operations, & Related Sciences",2019,42.0,1.9999
19999,"Other Agriculture, Operations, & Related Sciences",2020,74.0,1.9999
19999,"Other Agriculture, Operations, & Related Sciences",2021,94.0,1.9999
19999,"Other Agriculture, Operations, & Related Sciences",2022,104.0,1.9999
19999,"Other Agriculture, Operations, & Related Sciences",2023,104.0,1.9999
19999,"Other Agriculture, Operations, & Related Sciences",2024,122.0,1.9999
30101,General Natural Resources & Conservation,2012,588.0,3.0101
30101,General Natural Resources & Conservation,2013,605.0,3.0101
30101,General Natural Resources & Conservation,2014,602.0,3.0101
30101,General Natural Resources & Conservation,2015,452.0,3.0101
30101,General Natural Resources & Conservation,2016,422.0,3.0101
30101,General Natural Resources & Conservation,2017,653.0,3.0101
30101,General Natural Resources & Conservation,2018,582.0,3.0101
30101,General Natural Resources & Conservation,2019,677.0,3.0101
30101,General Natural Resources & Conservation,2020,679.0,3.0101
30101,General Natural Resources & Conservation,2021,721.0,3.0101
30101,General Natural Resources & Conservation,2022,790.0,3.0101
30101,General Natural Resources & Conservation,2023,919.0,3.0101
30101,General Natural Resources & Conservation,2024,765.0,3.0101
30103,Environmental Studies,2012,789.0,3.0103
30103,Environmental Studies,2013,834.0,3.0103
30103,Environmental Studies,2014,962.0,3.0103
30103,Environmental Studies,2015,1084.0,3.0103
30103,Environmental Studies,2016,1158.0,3.0103
30103,Environmental Studies,2017,949.0,3.0103
30103,Environmental Studies,2018,1316.0,3.0103
30103,Environmental Studies,2019,1300.0,3.0103
30103,Environmental Studies,2020,1367.0,3.0103
30103,Environmental Studies,2021,1355.0,3.0103
30103,Environmental Studies,2022,1513.0,3.0103
30103,Environmental Studies,2023,1614.0,3.0103
30103,Environmental Studies,2024,1527.0,3.0103
30104,Environmental Science,2012,965.0,3.0104
30104,Environmental Science,2013,1102.0,3.0104
30104,Environmental Science,2014,1037.0,3.0104
30104,Environmental Science,2015,962.0,3.0104
30104,Environmental Science,2016,1019.0,3.0104
30104,Environmental Science,2017,937.0,3.0104
30104,Environmental Science,2018,908.0,3.0104
30104,Environmental Science,2019,941.0,3.0104
30104,Environmental Science,2020,927.0,3.0104
30104,Environmental Science,2021,978.0,3.0104
30104,Environmental Science,2022,1059.0,3.0104
30104,Environmental Science,2023,1117.0,3.0104
30104,Environmental Science,2024,1238.0,3.0104
30199,Other Conservation & Natural Resource Research,2012,44.0,3.0199
30199,Other Conservation & Natural Resource Research,2013,48.0,3.0199
30199,Other Conservation & Natural Resource Research,2014,83.0,3.0199
30199,Other Conservation & Natural Resource Research,2015,70.0,3.0199
30199,Other Conservation & Natural Resource Research,2016,60.0,3.0199
30199,Other Conservation & Natural Resource Research,2017,71.0,3.0199
30199,Other Conservation & Natural Resource Research,2018,91.0,3.0199
30199,Other Conservation & Natural Resource Research,2019,80.0,3.0199
30199,Other Conservation & Natural Resource Research,2020,89.0,3.0199
30199,Other Conservation & Natural Resource Research,2021,82.0,3.0199
30199,Other Conservation & Natural Resource Research,2022,108.0,3.0199
30199,Other Conservation & Natural Resource Research,2023,78.0,3.0199
30199,Other Conservation & Natural Resource Research,2024,97.0,3.0199
30201,Natural Resource Management & Policy,2012,580.0,3.0201
30201,Natural Resource Management & Policy,2013,467.0,3.0201
30201,Natural Resource Management & Policy,2014,434.0,3.0201
30201,Natural Resource Management & Policy,2015,486.0,3.0201
30201,Natural Resource Management & Policy,2016,526.0,3.0201
30201,Natural Resource Management & Policy,2017,513.0,3.0201
30201,Natural Resource Management & Policy,2018,504.0,3.0201
30201,Natural Resource Management & Policy,2019,546.0,3.0201
30201,Natural Resource Management & Policy,2020,526.0,3.0201
30201,Natural Resource Management & Policy,2021,565.0,3.0201
30201,Natural Resource Management & Policy,2022,659.0,3.0201
30201,Natural Resource Management & Policy,2023,680.0,3.0201
30201,Natural Resource Management & Policy,2024,684.0,3.0201
30204,Natural Resource Economics,2012,18.0,3.0204
30204,Natural Resource Economics,2013,8.0,3.0204
30204,Natural Resource Economics,2014,9.0,3.0204
30204,Natural Resource Economics,2015,8.0,3.0204
30204,Natural Resource Economics,2016,14.0,3.0204
30204,Natural Resource Economics,2017,9.0,3.0204
30204,Natural Resource Economics,2018,8.0,3.0204
30204,Natural Resource Economics,2019,8.0,3.0204
30204,Natural Resource Economics,2020,7.0,3.0204
30204,Natural Resource Economics,2021,6.0,3.0204
30204,Natural Resource Economics,2022,6.0,3.0204
30204,Natural Resource Economics,2023,19.0,3.0204
30204,Natural Resource Economics,2024,9.0,3.0204
30205,"Water, Wetlands, & Marine Resource Management",2012,62.0,3.0205
30205,"Water, Wetlands, & Marine Resource Management",2013,98.0,3.0205
30205,"Water, Wetlands, & Marine Resource Management",2014,146.0,3.0205
30205,"Water, Wetlands, & Marine Resource Management",2015,143.0,3.0205
30205,"Water, Wetlands, & Marine Resource Management",2016,148.0,3.0205
30205,"Water, Wetlands, & Marine Resource Management",2017,157.0,3.0205
30205,"Water, Wetlands, & Marine Resource Management",2018,171.0,3.0205
30205,"Water, Wetlands, & Marine Resource Management",2019,191.0,3.0205
30205,"Water, Wetlands, & Marine Resource Management",2020,147.0,3.0205
30205,"Water, Wetlands, & Marine Resource Management",2021,120.0,3.0205
30205,"Water, Wetlands, & Marine Resource Management",2022,186.0,3.0205
30205,"Water, Wetlands, & Marine Resource Management",2023,205.0,3.0205
30205,"Water, Wetlands, & Marine Resource Management",2024,187.0,3.0205
30206,"Land Use Planning, Management, & Development",2012,78.0,3.0206
30206,"Land Use Planning, Management, & Development",2013,46.0,3.0206
30206,"Land Use Planning, Management, & Development",2014,52.0,3.0206
30206,"Land Use Planning, Management, & Development",2015,56.0,3.0206
30206,"Land Use Planning, Management, & Development",2016,46.0,3.0206
30206,"Land Use Planning, Management, & Development",2017,42.0,3.0206
30206,"Land Use Planning, Management, & Development",2018,44.0,3.0206
30206,"Land Use Planning, Management, & Development",2019,49.0,3.0206
30206,"Land Use Planning, Management, & Development",2020,39.0,3.0206
30206,"Land Use Planning, Management, & Development",2021,31.0,3.0206
30206,"Land Use Planning, Management, & Development",2022,39.0,3.0206
30206,"Land Use Planning, Management, & Development",2023,38.0,3.0206
30206,"Land Use Planning, Management, & Development",2024,10.0,3.0206
30207,Natural Resource Recreation & Tourism,2013,7.0,3.0207
30207,Natural Resource Recreation & Tourism,2014,28.0,3.0207
30207,Natural Resource Recreation & Tourism,2015,26.0,3.0207
30207,Natural Resource Recreation & Tourism,2016,38.0,3.0207
30207,Natural Resource Recreation & Tourism,2017,43.0,3.0207
30207,Natural Resource Recreation & Tourism,2018,64.0,3.0207
30207,Natural Resource Recreation & Tourism,2019,75.0,3.0207
30207,Natural Resource Recreation & Tourism,2020,66.0,3.0207
30207,Natural Resource Recreation & Tourism,2021,73.0,3.0207
30207,Natural Resource Recreation & Tourism,2022,73.0,3.0207
30207,Natural Resource Recreation & Tourism,2023,69.0,3.0207
30207,Natural Resource Recreation & Tourism,2024,66.0,3.0207
30208,Natural Resource Law Enforcement & Protective Services,2017,0.0,3.0208
30208,Natural Resource Law Enforcement & Protective Services,2018,0.0,3.0208
30208,Natural Resource Law Enforcement & Protective Services,2019,0.0,3.0208
30208,Natural Resource Law Enforcement & Protective Services,2020,4.0,3.0208
30208,Natural Resource Law Enforcement & Protective Services,2021,7.0,3.0208
30208,Natural Resource Law Enforcement & Protective Services,2022,10.0,3.0208
30208,Natural Resource Law Enforcement & Protective Services,2023,10.0,3.0208
30208,Natural Resource Law Enforcement & Protective Services,2024,4.0,3.0208
30209,Energy And Environmental Policy,2020,2.0,3.0209
30209,Energy And Environmental Policy,2021,1.0,3.0209
30209,Energy And Environmental Policy,2022,4.0,3.0209
30209,Energy And Environmental Policy,2023,7.0,3.0209
30209,Energy And Environmental Policy,2024,8.0,3.0209
30299,Other Natural Resource Management & Policy,2012,25.0,3.0299
30299,Other Natural Resource Management & Policy,2013,24.0,3.0299
30299,Other Natural Resource Management & Policy,2014,11.0,3.0299
30299,Other Natural Resource Management & Policy,2015,31.0,3.0299
30299,Other Natural Resource Management & Policy,2016,25.0,3.0299
30299,Other Natural Resource Management & Policy,2017,41.0,3.0299
30299,Other Natural Resource Management & Policy,2018,25.0,3.0299
30299,Other Natural Resource Management & Policy,2019,21.0,3.0299
30299,Other Natural Resource Management & Policy,2020,21.0,3.0299
30299,Other Natural Resource Management & Policy,2021,23.0,3.0299
30299,Other Natural Resource Management & Policy,2022,20.0,3.0299
30299,Other Natural Resource Management & Policy,2023,18.0,3.0299
30299,Other Natural Resource Management & Policy,2024,14.0,3.0299
30301,Fishing & Fisheries Sciences & Management,2012,68.0,3.0301
30301,Fishing & Fisheries Sciences & Management,2013,50.0,3.0301
30301,Fishing & Fisheries Sciences & Management,2014,36.0,3.0301
30301,Fishing & Fisheries Sciences & Management,2015,49.0,3.0301
30301,Fishing & Fisheries Sciences & Management,2016,38.0,3.0301
30301,Fishing & Fisheries Sciences & Management,2017,72.0,3.0301
30301,Fishing & Fisheries Sciences & Management,2018,41.0,3.0301
30301,Fishing & Fisheries Sciences & Management,2019,53.0,3.0301
30301,Fishing & Fisheries Sciences & Management,2020,43.0,3.0301
30301,Fishing & Fisheries Sciences & Management,2021,41.0,3.0301
30301,Fishing & Fisheries Sciences & Management,2022,60.0,3.0301
30301,Fishing & Fisheries Sciences & Management,2023,42.0,3.0301
30301,Fishing & Fisheries Sciences & Management,2024,48.0,3.0301
30501,General Forestry,2012,296.0,3.0501
30501,General Forestry,2013,136.0,3.0501
30501,General Forestry,2014,141.0,3.0501
30501,General Forestry,2015,149.0,3.0501
30501,General Forestry,2016,121.0,3.0501
30501,General Forestry,2017,148.0,3.0501
30501,General Forestry,2018,137.0,3.0501
30501,General Forestry,2019,129.0,3.0501
30501,General Forestry,2020,102.0,3.0501
30501,General Forestry,2021,95.0,3.0501
30501,General Forestry,2022,96.0,3.0501
30501,General Forestry,2023,89.0,3.0501
30501,General Forestry,2024,155.0,3.0501
30502,Forest Sciences & Biology,2012,103.0,3.0502
30502,Forest Sciences & Biology,2013,129.0,3.0502
30502,Forest Sciences & Biology,2014,126.0,3.0502
30502,Forest Sciences & Biology,2015,108.0,3.0502
30502,Forest Sciences & Biology,2016,137.0,3.0502
30502,Forest Sciences & Biology,2017,127.0,3.0502
30502,Forest Sciences & Biology,2018,122.0,3.0502
30502,Forest Sciences & Biology,2019,127.0,3.0502
30502,Forest Sciences & Biology,2020,102.0,3.0502
30502,Forest Sciences & Biology,2021,111.0,3.0502
30502,Forest Sciences & Biology,2022,132.0,3.0502
30502,Forest Sciences & Biology,2023,123.0,3.0502
30502,Forest Sciences & Biology,2024,135.0,3.0502
30506,Forest Management,2012,47.0,3.0506
30506,Forest Management,2013,45.0,3.0506
30506,Forest Management,2014,50.0,3.0506
30506,Forest Management,2015,52.0,3.0506
30506,Forest Management,2016,43.0,3.0506
30506,Forest Management,2017,60.0,3.0506
30506,Forest Management,2018,36.0,3.0506
30506,Forest Management,2019,49.0,3.0506
30506,Forest Management,2020,32.0,3.0506
30506,Forest Management,2021,42.0,3.0506
30506,Forest Management,2022,51.0,3.0506
30506,Forest Management,2023,43.0,3.0506
30506,Forest Management,2024,22.0,3.0506
30508,Urban Forestry,2012,2.0,3.0508
30508,Urban Forestry,2013,9.0,3.0508
30508,Urban Forestry,2014,8.0,3.0508
30508,Urban Forestry,2015,8.0,3.0508
30508,Urban Forestry,2016,5.0,3.0508
30508,Urban Forestry,2017,3.0,3.0508
30508,Urban Forestry,2018,13.0,3.0508
30508,Urban Forestry,2019,6.0,3.0508
30508,Urban Forestry,2020,3.0,3.0508
30508,Urban Forestry,2021,5.0,3.0508
30508,Urban Forestry,2022,1.0,3.0508
30508,Urban Forestry,2023,18.0,3.0508
30508,Urban Forestry,2024,4.0,3.0508
30509,Wood Science & Paper Technology,2012,20.0,3.0509
30509,Wood Science & Paper Technology,2013,24.0,3.0509
30509,Wood Science & Paper Technology,2014,14.0,3.0509
30509,Wood Science & Paper Technology,2015,13.0,3.0509
30509,Wood Science & Paper Technology,2016,13.0,3.0509
30509,Wood Science & Paper Technology,2017,14.0,3.0509
30509,Wood Science & Paper Technology,2018,12.0,3.0509
30509,Wood Science & Paper Technology,2019,19.0,3.0509
30509,Wood Science & Paper Technology,2020,20.0,3.0509
30509,Wood Science & Paper Technology,2021,13.0,3.0509
30509,Wood Science & Paper Technology,2022,19.0,3.0509
30509,Wood Science & Paper Technology,2023,12.0,3.0509
30509,Wood Science & Paper Technology,2024,12.0,3.0509
30510,Forest Resources Production & Management,2012,19.0,3.051
30510,Forest Resources Production & Management,2013,21.0,3.051
30510,Forest Resources Production & Management,2014,17.0,3.051
30510,Forest Resources Production & Management,2015,15.0,3.051
30510,Forest Resources Production & Management,2016,23.0,3.051
30510,Forest Resources Production & Management,2017,19.0,3.051
30510,Forest Resources Production & Management,2018,8.0,3.051
30510,Forest Resources Production & Management,2019,21.0,3.051
30510,Forest Resources Production & Management,2020,18.0,3.051
30510,Forest Resources Production & Management,2021,14.0,3.051
30510,Forest Resources Production & Management,2022,19.0,3.051
30510,Forest Resources Production & Management,2023,17.0,3.051
30510,Forest Resources Production & Management,2024,18.0,3.051
30599,Other Forestry,2012,26.0,3.0599
30599,Other Forestry,2013,14.0,3.0599
30599,Other Forestry,2014,13.0,3.0599
30599,Other Forestry,2015,8.0,3.0599
30599,Other Forestry,2016,12.0,3.0599
30599,Other Forestry,2017,12.0,3.0599
30599,Other Forestry,2018,6.0,3.0599
30599,Other Forestry,2019,12.0,3.0599
30599,Other Forestry,2020,17.0,3.0599
30599,Other Forestry,2021,22.0,3.0599
30599,Other Forestry,2022,13.0,3.0599
30599,Other Forestry,2023,27.0,3.0599
30599,Other Forestry,2024,5.0,3.0599
30601,"Wildlife, Fish, & Wildlands Science",2012,152.0,3.0601
30601,"Wildlife, Fish, & Wildlands Science",2013,152.0,3.0601
30601,"Wildlife, Fish, & Wildlands Science",2014,150.0,3.0601
30601,"Wildlife, Fish, & Wildlands Science",2015,148.0,3.0601
30601,"Wildlife, Fish, & Wildlands Science",2016,142.0,3.0601
30601,"Wildlife, Fish, & Wildlands Science",2017,136.0,3.0601
30601,"Wildlife, Fish, & Wildlands Science",2018,157.0,3.0601
30601,"Wildlife, Fish, & Wildlands Science",2019,175.0,3.0601
30601,"Wildlife, Fish, & Wildlands Science",2020,160.0,3.0601
30601,"Wildlife, Fish, & Wildlands Science",2021,200.0,3.0601
30601,"Wildlife, Fish, & Wildlands Science",2022,203.0,3.0601
30601,"Wildlife, Fish, & Wildlands Science",2023,228.0,3.0601
30601,"Wildlife, Fish, & Wildlands Science",2024,226.0,3.0601
39999,Other Natural Resource & Conservation,2012,10.0,3.9999
39999,Other Natural Resource & Conservation,2013,14.0,3.9999
39999,Other Natural Resource & Conservation,2014,26.0,3.9999
39999,Other Natural Resource & Conservation,2015,34.0,3.9999
39999,Other Natural Resource & Conservation,2016,23.0,3.9999
39999,Other Natural Resource & Conservation,2017,6.0,3.9999
39999,Other Natural Resource & Conservation,2018,15.0,3.9999
39999,Other Natural Resource & Conservation,2019,8.0,3.9999
39999,Other Natural Resource & Conservation,2020,7.0,3.9999
39999,Other Natural Resource & Conservation,2021,16.0,3.9999
39999,Other Natural Resource & Conservation,2022,19.0,3.9999
39999,Other Natural Resource & Conservation,2023,26.0,3.9999
39999,Other Natural Resource & Conservation,2024,11.0,3.9999
40201,Architecture,2012,4585.0,4.0201
40201,Architecture,2013,4346.0,4.0201
40201,Architecture,2014,4314.0,4.0201
40201,Architecture,2015,4301.0,4.0201
40201,Architecture,2016,4071.0,4.0201
40201,Architecture,2017,3231.0,4.0201
40201,Architecture,2018,2645.0,4.0201
40201,Architecture,2019,1780.0,4.0201
40201,Architecture,2020,1087.0,4.0201
40201,Architecture,2021,879.0,4.0201
40201,Architecture,2022,794.0,4.0201
40201,Architecture,2023,802.0,4.0201
40201,Architecture,2024,661.0,4.0201
40202,Architectural Design,2020,12.0,4.0202
40202,Architectural Design,2021,24.0,4.0202
40202,Architectural Design,2022,14.0,4.0202
40202,Architectural Design,2023,3.0,4.0202
40202,Architectural Design,2024,5.0,4.0202
40301,"Urban, Community, & Regional Planning",2012,2470.0,4.0301
40301,"Urban, Community, & Regional Planning",2013,2283.0,4.0301
40301,"Urban, Community, & Regional Planning",2014,2239.0,4.0301
40301,"Urban, Community, & Regional Planning",2015,2161.0,4.0301
40301,"Urban, Community, & Regional Planning",2016,2157.0,4.0301
40301,"Urban, Community, & Regional Planning",2017,2042.0,4.0301
40301,"Urban, Community, & Regional Planning",2018,1683.0,4.0301
40301,"Urban, Community, & Regional Planning",2019,1690.0,4.0301
40301,"Urban, Community, & Regional Planning",2020,1475.0,4.0301
40301,"Urban, Community, & Regional Planning",2021,1380.0,4.0301
40301,"Urban, Community, & Regional Planning",2022,1266.0,4.0301
40301,"Urban, Community, & Regional Planning",2023,1465.0,4.0301
40301,"Urban, Community, & Regional Planning",2024,1433.0,4.0301
40401,Environmental Design,2012,142.0,4.0401
40401,Environmental Design,2013,127.0,4.0401
40401,Environmental Design,2014,125.0,4.0401
40401,Environmental Design,2015,112.0,4.0401
40401,Environmental Design,2016,87.0,4.0401
40401,Environmental Design,2017,102.0,4.0401
40401,Environmental Design,2018,91.0,4.0401
40401,Environmental Design,2019,70.0,4.0401
40401,Environmental Design,2020,44.0,4.0401
40401,Environmental Design,2021,29.0,4.0401
40401,Environmental Design,2022,27.0,4.0401
40401,Environmental Design,2023,16.0,4.0401
40401,Environmental Design,2024,22.0,4.0401
40402,Healthcare Environment Design/Architecture,2020,2.0,4.0402
40402,Healthcare Environment Design/Architecture,2021,5.0,4.0402
40402,Healthcare Environment Design/Architecture,2022,3.0,4.0402
40402,Healthcare Environment Design/Architecture,2023,7.0,4.0402
40402,Healthcare Environment Design/Architecture,2024,4.0,4.0402
40403,Sustainable Design/Architecture,2020,1.0,4.0403
40403,Sustainable Design/Architecture,2021,4.0,4.0403
40403,Sustainable Design/Architecture,2022,10.0,4.0403
40403,Sustainable Design/Architecture,2023,9.0,4.0403
40403,Sustainable Design/Architecture,2024,2.0,4.0403
40501,Interior Architecture,2012,184.0,4.0501
40501,Interior Architecture,2013,168.0,4.0501
40501,Interior Architecture,2014,205.0,4.0501
40501,Interior Architecture,2015,214.0,4.0501
40501,Interior Architecture,2016,210.0,4.0501
40501,Interior Architecture,2017,173.0,4.0501
40501,Interior Architecture,2018,144.0,4.0501
40501,Interior Architecture,2019,169.0,4.0501
40501,Interior Architecture,2020,152.0,4.0501
40501,Interior Architecture,2021,168.0,4.0501
40501,Interior Architecture,2022,130.0,4.0501
40501,Interior Architecture,2023,128.0,4.0501
40501,Interior Architecture,2024,96.0,4.0501
40601,Landscape Architecture,2012,735.0,4.0601
40601,Landscape Architecture,2013,782.0,4.0601
40601,Landscape Architecture,2014,738.0,4.0601
40601,Landscape Architecture,2015,712.0,4.0601
40601,Landscape Architecture,2016,723.0,4.0601
40601,Landscape Architecture,2017,715.0,4.0601
40601,Landscape Architecture,2018,498.0,4.0601
40601,Landscape Architecture,2019,414.0,4.0601
40601,Landscape Architecture,2020,333.0,4.0601
40601,Landscape Architecture,2021,281.0,4.0601
40601,Landscape Architecture,2022,292.0,4.0601
40601,Landscape Architecture,2023,276.0,4.0601
40601,Landscape Architecture,2024,329.0,4.0601
40801,General Architectural History & Criticism,2012,39.0,4.0801
40801,General Architectural History & Criticism,2013,28.0,4.0801
40801,General Architectural History & Criticism,2014,43.0,4.0801
40801,General Architectural History & Criticism,2015,34.0,4.0801
40801,General Architectural History & Criticism,2016,31.0,4.0801
40801,General Architectural History & Criticism,2017,32.0,4.0801
40801,General Architectural History & Criticism,2018,28.0,4.0801
40801,General Architectural History & Criticism,2019,27.0,4.0801
40801,General Architectural History & Criticism,2020,20.0,4.0801
40801,General Architectural History & Criticism,2021,29.0,4.0801
40801,General Architectural History & Criticism,2022,27.0,4.0801
40801,General Architectural History & Criticism,2023,23.0,4.0801
40801,General Architectural History & Criticism,2024,19.0,4.0801
40802,Architectural Conservation,2020,5.0,4.0802
40802,Architectural Conservation,2021,2.0,4.0802
40802,Architectural Conservation,2022,5.0,4.0802
40802,Architectural Conservation,2023,4.0,4.0802
40802,Architectural Conservation,2024,7.0,4.0802
40803,Architectural Studies,2020,1.0,4.0803
40803,Architectural Studies,2021,1.0,4.0803
40803,Architectural Studies,2022,3.0,4.0803
40803,Architectural Studies,2023,2.0,4.0803
40803,Architectural Studies,2024,2.0,4.0803
40901,Architectural Technology,2017,4.0,4.0901
40901,Architectural Technology,2018,9.0,4.0901
40901,Architectural Technology,2019,63.0,4.0901
40901,Architectural Technology,2020,4.0,4.0901
40901,Architectural Technology,2021,6.0,4.0901
40901,Architectural Technology,2022,3.0,4.0901
40901,Architectural Technology,2023,12.0,4.0901
40901,Architectural Technology,2024,9.0,4.0901
40902,Architectural & Building Sciences & Technology,2012,71.0,4.0902
40902,Architectural & Building Sciences & Technology,2013,58.0,4.0902
40902,Architectural & Building Sciences & Technology,2014,85.0,4.0902
40902,Architectural & Building Sciences & Technology,2015,229.0,4.0902
40902,Architectural & Building Sciences & Technology,2016,421.0,4.0902
40902,Architectural & Building Sciences & Technology,2017,1338.0,4.0902
40902,Architectural & Building Sciences & Technology,2018,1907.0,4.0902
40902,Architectural & Building Sciences & Technology,2019,2740.0,4.0902
40902,Architectural & Building Sciences & Technology,2020,3332.0,4.0902
40902,Architectural & Building Sciences & Technology,2021,3312.0,4.0902
40902,Architectural & Building Sciences & Technology,2022,3695.0,4.0902
40902,Architectural & Building Sciences & Technology,2023,4336.0,4.0902
40902,Architectural & Building Sciences & Technology,2024,4482.0,4.0902
40999,Other Architectural Sciences & Technology,2012,16.0,4.0999
40999,Other Architectural Sciences & Technology,2013,15.0,4.0999
41001,Real Estate Development,2012,146.0,4.1001
41001,Real Estate Development,2013,226.0,4.1001
41001,Real Estate Development,2014,232.0,4.1001
41001,Real Estate Development,2015,221.0,4.1001
41001,Real Estate Development,2016,259.0,4.1001
41001,Real Estate Development,2017,261.0,4.1001
41001,Real Estate Development,2018,292.0,4.1001
41001,Real Estate Development,2019,344.0,4.1001
41001,Real Estate Development,2020,312.0,4.1001
41001,Real Estate Development,2021,207.0,4.1001
41001,Real Estate Development,2022,447.0,4.1001
41001,Real Estate Development,2023,337.0,4.1001
41001,Real Estate Development,2024,298.0,4.1001
49999,Other Architecture & Related Services,2012,117.0,4.9999
49999,Other Architecture & Related Services,2013,114.0,4.9999
49999,Other Architecture & Related Services,2014,113.0,4.9999
49999,Other Architecture & Related Services,2015,94.0,4.9999
49999,Other Architecture & Related Services,2016,88.0,4.9999
49999,Other Architecture & Related Services,2017,40.0,4.9999
49999,Other Architecture & Related Services,2018,46.0,4.9999
49999,Other Architecture & Related Services,2019,77.0,4.9999
49999,Other Architecture & Related Services,2020,57.0,4.9999
49999,Other Architecture & Related Services,2021,23.0,4.9999
49999,Other Architecture & Related Services,2022,51.0,4.9999
49999,Other Architecture & Related Services,2023,18.0,4.9999
49999,Other Architecture & Related Services,2024,13.0,4.9999
50101,African Studies,2012,42.0,5.0101
50101,African Studies,2013,50.0,5.0101
50101,African Studies,2014,36.0,5.0101
50101,African Studies,2015,45.0,5.0101
50101,African Studies,2016,37.0,5.0101
50101,African Studies,2017,32.0,5.0101
50101,African Studies,2018,44.0,5.0101
50101,African Studies,2019,26.0,5.0101
50101,African Studies,2020,26.0,5.0101
50101,African Studies,2021,24.0,5.0101
50101,African Studies,2022,28.0,5.0101
50101,African Studies,2023,30.0,5.0101
50101,African Studies,2024,21.0,5.0101
50102,American & U.S. Studies,2012,237.0,5.0102
50102,American & U.S. Studies,2013,218.0,5.0102
50102,American & U.S. Studies,2014,242.0,5.0102
50102,American & U.S. Studies,2015,232.0,5.0102
50102,American & U.S. Studies,2016,221.0,5.0102
50102,American & U.S. Studies,2017,208.0,5.0102
50102,American & U.S. Studies,2018,222.0,5.0102
50102,American & U.S. Studies,2019,223.0,5.0102
50102,American & U.S. Studies,2020,174.0,5.0102
50102,American & U.S. Studies,2021,165.0,5.0102
50102,American & U.S. Studies,2022,171.0,5.0102
50102,American & U.S. Studies,2023,170.0,5.0102
50102,American & U.S. Studies,2024,165.0,5.0102
50103,Asian Studies,2012,104.0,5.0103
50103,Asian Studies,2013,126.0,5.0103
50103,Asian Studies,2014,111.0,5.0103
50103,Asian Studies,2015,116.0,5.0103
50103,Asian Studies,2016,115.0,5.0103
50103,Asian Studies,2017,91.0,5.0103
50103,Asian Studies,2018,84.0,5.0103
50103,Asian Studies,2019,69.0,5.0103
50103,Asian Studies,2020,81.0,5.0103
50103,Asian Studies,2021,80.0,5.0103
50103,Asian Studies,2022,55.0,5.0103
50103,Asian Studies,2023,52.0,5.0103
50103,Asian Studies,2024,69.0,5.0103
50104,East Asian Studies,2012,146.0,5.0104
50104,East Asian Studies,2013,167.0,5.0104
50104,East Asian Studies,2014,172.0,5.0104
50104,East Asian Studies,2015,178.0,5.0104
50104,East Asian Studies,2016,214.0,5.0104
50104,East Asian Studies,2017,192.0,5.0104
50104,East Asian Studies,2018,165.0,5.0104
50104,East Asian Studies,2019,170.0,5.0104
50104,East Asian Studies,2020,170.0,5.0104
50104,East Asian Studies,2021,157.0,5.0104
50104,East Asian Studies,2022,149.0,5.0104
50104,East Asian Studies,2023,193.0,5.0104
50104,East Asian Studies,2024,166.0,5.0104
50105,"Russian, Central European, East European, & Eurasian Studies",2012,30.0,5.0105
50105,"Russian, Central European, East European, & Eurasian Studies",2013,43.0,5.0105
50105,"Russian, Central European, East European, & Eurasian Studies",2014,33.0,5.0105
50105,"Russian, Central European, East European, & Eurasian Studies",2015,44.0,5.0105
50105,"Russian, Central European, East European, & Eurasian Studies",2016,43.0,5.0105
50105,"Russian, Central European, East European, & Eurasian Studies",2017,48.0,5.0105
50105,"Russian, Central European, East European, & Eurasian Studies",2018,29.0,5.0105
50105,"Russian, Central European, East European, & Eurasian Studies",2019,51.0,5.0105
50105,"Russian, Central European, East European, & Eurasian Studies",2020,36.0,5.0105
50105,"Russian, Central European, East European, & Eurasian Studies",2021,36.0,5.0105
50105,"Russian, Central European, East European, & Eurasian Studies",2022,36.0,5.0105
50105,"Russian, Central European, East European, & Eurasian Studies",2023,35.0,5.0105
50105,"Russian, Central European, East European, & Eurasian Studies",2024,36.0,5.0105
50106,European Studies,2012,36.0,5.0106
50106,European Studies,2013,31.0,5.0106
50106,European Studies,2014,30.0,5.0106
50106,European Studies,2015,18.0,5.0106
50106,European Studies,2016,26.0,5.0106
50106,European Studies,2017,19.0,5.0106
50106,European Studies,2018,19.0,5.0106
50106,European Studies,2019,20.0,5.0106
50106,European Studies,2020,25.0,5.0106
50106,European Studies,2021,18.0,5.0106
50106,European Studies,2022,22.0,5.0106
50106,European Studies,2023,22.0,5.0106
50106,European Studies,2024,11.0,5.0106
50107,Latin American Studies,2012,276.0,5.0107
50107,Latin American Studies,2013,276.0,5.0107
50107,Latin American Studies,2014,232.0,5.0107
50107,Latin American Studies,2015,257.0,5.0107
50107,Latin American Studies,2016,297.0,5.0107
50107,Latin American Studies,2017,238.0,5.0107
50107,Latin American Studies,2018,202.0,5.0107
50107,Latin American Studies,2019,150.0,5.0107
50107,Latin American Studies,2020,151.0,5.0107
50107,Latin American Studies,2021,138.0,5.0107
50107,Latin American Studies,2022,176.0,5.0107
50107,Latin American Studies,2023,152.0,5.0107
50107,Latin American Studies,2024,148.0,5.0107
50108,Near & Middle Eastern Studies,2012,173.0,5.0108
50108,Near & Middle Eastern Studies,2013,160.0,5.0108
50108,Near & Middle Eastern Studies,2014,168.0,5.0108
50108,Near & Middle Eastern Studies,2015,204.0,5.0108
50108,Near & Middle Eastern Studies,2016,162.0,5.0108
50108,Near & Middle Eastern Studies,2017,158.0,5.0108
50108,Near & Middle Eastern Studies,2018,159.0,5.0108
50108,Near & Middle Eastern Studies,2019,146.0,5.0108
50108,Near & Middle Eastern Studies,2020,149.0,5.0108
50108,Near & Middle Eastern Studies,2021,117.0,5.0108
50108,Near & Middle Eastern Studies,2022,122.0,5.0108
50108,Near & Middle Eastern Studies,2023,116.0,5.0108
50108,Near & Middle Eastern Studies,2024,98.0,5.0108
50109,Pacific Area Studies,2012,6.0,5.0109
50109,Pacific Area Studies,2013,1.0,5.0109
50109,Pacific Area Studies,2014,7.0,5.0109
50109,Pacific Area Studies,2015,5.0,5.0109
50109,Pacific Area Studies,2016,5.0,5.0109
50109,Pacific Area Studies,2017,9.0,5.0109
50109,Pacific Area Studies,2018,2.0,5.0109
50109,Pacific Area Studies,2019,8.0,5.0109
50109,Pacific Area Studies,2020,7.0,5.0109
50109,Pacific Area Studies,2021,6.0,5.0109
50109,Pacific Area Studies,2022,6.0,5.0109
50109,Pacific Area Studies,2023,1.0,5.0109
50109,Pacific Area Studies,2024,6.0,5.0109
50110,Russian Studies,2012,49.0,5.011
50110,Russian Studies,2013,50.0,5.011
50110,Russian Studies,2014,48.0,5.011
50110,Russian Studies,2015,43.0,5.011
50110,Russian Studies,2016,34.0,5.011
50110,Russian Studies,2017,33.0,5.011
50110,Russian Studies,2018,39.0,5.011
50110,Russian Studies,2019,43.0,5.011
50110,Russian Studies,2020,23.0,5.011
50110,Russian Studies,2021,42.0,5.011
50110,Russian Studies,2022,18.0,5.011
50110,Russian Studies,2023,30.0,5.011
50110,Russian Studies,2024,27.0,5.011
50111,Scandinavian Studies,2012,3.0,5.0111
50111,Scandinavian Studies,2013,4.0,5.0111
50111,Scandinavian Studies,2014,3.0,5.0111
50111,Scandinavian Studies,2015,0.0,5.0111
50111,Scandinavian Studies,2016,3.0,5.0111
50111,Scandinavian Studies,2017,2.0,5.0111
50111,Scandinavian Studies,2018,4.0,5.0111
50111,Scandinavian Studies,2019,5.0,5.0111
50111,Scandinavian Studies,2020,4.0,5.0111
50111,Scandinavian Studies,2021,2.0,5.0111
50111,Scandinavian Studies,2022,0.0,5.0111
50111,Scandinavian Studies,2023,3.0,5.0111
50111,Scandinavian Studies,2024,1.0,5.0111
50112,South Asian Studies,2012,8.0,5.0112
50112,South Asian Studies,2013,11.0,5.0112
50112,South Asian Studies,2014,17.0,5.0112
50112,South Asian Studies,2015,23.0,5.0112
50112,South Asian Studies,2016,13.0,5.0112
50112,South Asian Studies,2017,15.0,5.0112
50112,South Asian Studies,2018,10.0,5.0112
50112,South Asian Studies,2019,5.0,5.0112
50112,South Asian Studies,2020,11.0,5.0112
50112,South Asian Studies,2021,13.0,5.0112
50112,South Asian Studies,2022,10.0,5.0112
50112,South Asian Studies,2023,9.0,5.0112
50112,South Asian Studies,2024,11.0,5.0112
50113,Southeast Asian Studies,2012,17.0,5.0113
50113,Southeast Asian Studies,2013,20.0,5.0113
50113,Southeast Asian Studies,2014,20.0,5.0113
50113,Southeast Asian Studies,2015,11.0,5.0113
50113,Southeast Asian Studies,2016,11.0,5.0113
50113,Southeast Asian Studies,2017,12.0,5.0113
50113,Southeast Asian Studies,2018,6.0,5.0113
50113,Southeast Asian Studies,2019,8.0,5.0113
50113,Southeast Asian Studies,2020,8.0,5.0113
50113,Southeast Asian Studies,2021,6.0,5.0113
50113,Southeast Asian Studies,2022,10.0,5.0113
50113,Southeast Asian Studies,2023,7.0,5.0113
50113,Southeast Asian Studies,2024,7.0,5.0113
50114,Western European Studies,2012,60.0,5.0114
50114,Western European Studies,2013,60.0,5.0114
50114,Western European Studies,2014,35.0,5.0114
50114,Western European Studies,2015,26.0,5.0114
50114,Western European Studies,2016,32.0,5.0114
50114,Western European Studies,2017,32.0,5.0114
50114,Western European Studies,2018,33.0,5.0114
50114,Western European Studies,2019,35.0,5.0114
50114,Western European Studies,2020,39.0,5.0114
50114,Western European Studies,2021,33.0,5.0114
50114,Western European Studies,2022,40.0,5.0114
50114,Western European Studies,2023,41.0,5.0114
50114,Western European Studies,2024,44.0,5.0114
50115,Canadian Studies,2016,1.0,5.0115
50115,Canadian Studies,2017,0.0,5.0115
50115,Canadian Studies,2018,4.0,5.0115
50115,Canadian Studies,2019,2.0,5.0115
50115,Canadian Studies,2020,4.0,5.0115
50115,Canadian Studies,2021,2.0,5.0115
50115,Canadian Studies,2022,0.0,5.0115
50115,Canadian Studies,2023,0.0,5.0115
50115,Canadian Studies,2024,0.0,5.0115
50118,Slavic Studies,2012,3.0,5.0118
50118,Slavic Studies,2013,1.0,5.0118
50118,Slavic Studies,2014,1.0,5.0118
50118,Slavic Studies,2015,0.0,5.0118
50118,Slavic Studies,2016,0.0,5.0118
50118,Slavic Studies,2017,3.0,5.0118
50118,Slavic Studies,2018,5.0,5.0118
50118,Slavic Studies,2019,1.0,5.0118
50118,Slavic Studies,2020,2.0,5.0118
50118,Slavic Studies,2021,1.0,5.0118
50118,Slavic Studies,2022,1.0,5.0118
50118,Slavic Studies,2023,0.0,5.0118
50118,Slavic Studies,2024,0.0,5.0118
50120,Ural-Altaic & Central Asian Studies,2012,11.0,5.012
50120,Ural-Altaic & Central Asian Studies,2013,13.0,5.012
50120,Ural-Altaic & Central Asian Studies,2014,9.0,5.012
50120,Ural-Altaic & Central Asian Studies,2015,4.0,5.012
50120,Ural-Altaic & Central Asian Studies,2016,9.0,5.012
50120,Ural-Altaic & Central Asian Studies,2017,10.0,5.012
50120,Ural-Altaic & Central Asian Studies,2018,4.0,5.012
50120,Ural-Altaic & Central Asian Studies,2019,11.0,5.012
50120,Ural-Altaic & Central Asian Studies,2020,7.0,5.012
50120,Ural-Altaic & Central Asian Studies,2021,4.0,5.012
50120,Ural-Altaic & Central Asian Studies,2022,2.0,5.012
50120,Ural-Altaic & Central Asian Studies,2023,4.0,5.012
50120,Ural-Altaic & Central Asian Studies,2024,7.0,5.012
50122,"Regional Studies (U.S., Canadian, Foreign)",2012,27.0,5.0122
50122,"Regional Studies (U.S., Canadian, Foreign)",2013,28.0,5.0122
50122,"Regional Studies (U.S., Canadian, Foreign)",2014,24.0,5.0122
50122,"Regional Studies (U.S., Canadian, Foreign)",2015,30.0,5.0122
50122,"Regional Studies (U.S., Canadian, Foreign)",2016,19.0,5.0122
50122,"Regional Studies (U.S., Canadian, Foreign)",2017,30.0,5.0122
50122,"Regional Studies (U.S., Canadian, Foreign)",2018,14.0,5.0122
50122,"Regional Studies (U.S., Canadian, Foreign)",2019,17.0,5.0122
50122,"Regional Studies (U.S., Canadian, Foreign)",2020,12.0,5.0122
50122,"Regional Studies (U.S., Canadian, Foreign)",2021,496.0,5.0122
50122,"Regional Studies (U.S., Canadian, Foreign)",2022,383.0,5.0122
50122,"Regional Studies (U.S., Canadian, Foreign)",2023,428.0,5.0122
50122,"Regional Studies (U.S., Canadian, Foreign)",2024,371.0,5.0122
50123,Chinese Studies,2012,18.0,5.0123
50123,Chinese Studies,2013,21.0,5.0123
50123,Chinese Studies,2014,14.0,5.0123
50123,Chinese Studies,2015,13.0,5.0123
50123,Chinese Studies,2016,10.0,5.0123
50123,Chinese Studies,2017,15.0,5.0123
50123,Chinese Studies,2018,9.0,5.0123
50123,Chinese Studies,2019,6.0,5.0123
50123,Chinese Studies,2020,8.0,5.0123
50123,Chinese Studies,2021,9.0,5.0123
50123,Chinese Studies,2022,3.0,5.0123
50123,Chinese Studies,2023,6.0,5.0123
50123,Chinese Studies,2024,7.0,5.0123
50124,French Studies,2012,4.0,5.0124
50124,French Studies,2013,4.0,5.0124
50124,French Studies,2014,18.0,5.0124
50124,French Studies,2015,24.0,5.0124
50124,French Studies,2016,22.0,5.0124
50124,French Studies,2017,17.0,5.0124
50124,French Studies,2018,16.0,5.0124
50124,French Studies,2019,14.0,5.0124
50124,French Studies,2020,27.0,5.0124
50124,French Studies,2021,21.0,5.0124
50124,French Studies,2022,25.0,5.0124
50124,French Studies,2023,18.0,5.0124
50124,French Studies,2024,27.0,5.0124
50125,German Studies,2012,8.0,5.0125
50125,German Studies,2013,14.0,5.0125
50125,German Studies,2014,12.0,5.0125
50125,German Studies,2015,8.0,5.0125
50125,German Studies,2016,8.0,5.0125
50125,German Studies,2017,4.0,5.0125
50125,German Studies,2018,6.0,5.0125
50125,German Studies,2019,4.0,5.0125
50125,German Studies,2020,9.0,5.0125
50125,German Studies,2021,8.0,5.0125
50125,German Studies,2022,9.0,5.0125
50125,German Studies,2023,9.0,5.0125
50125,German Studies,2024,6.0,5.0125
50126,Italian Studies,2012,15.0,5.0126
50126,Italian Studies,2013,14.0,5.0126
50126,Italian Studies,2014,12.0,5.0126
50126,Italian Studies,2015,18.0,5.0126
50126,Italian Studies,2016,17.0,5.0126
50126,Italian Studies,2017,18.0,5.0126
50126,Italian Studies,2018,17.0,5.0126
50126,Italian Studies,2019,12.0,5.0126
50126,Italian Studies,2020,12.0,5.0126
50126,Italian Studies,2021,9.0,5.0126
50126,Italian Studies,2022,7.0,5.0126
50126,Italian Studies,2023,12.0,5.0126
50126,Italian Studies,2024,6.0,5.0126
50127,Japanese Studies,2012,7.0,5.0127
50127,Japanese Studies,2013,3.0,5.0127
50127,Japanese Studies,2014,5.0,5.0127
50127,Japanese Studies,2015,9.0,5.0127
50127,Japanese Studies,2016,1.0,5.0127
50127,Japanese Studies,2017,5.0,5.0127
50127,Japanese Studies,2018,4.0,5.0127
50127,Japanese Studies,2019,5.0,5.0127
50127,Japanese Studies,2020,5.0,5.0127
50127,Japanese Studies,2021,3.0,5.0127
50127,Japanese Studies,2022,4.0,5.0127
50127,Japanese Studies,2023,5.0,5.0127
50127,Japanese Studies,2024,3.0,5.0127
50128,Korean Studies,2012,4.0,5.0128
50128,Korean Studies,2013,7.0,5.0128
50128,Korean Studies,2014,4.0,5.0128
50128,Korean Studies,2015,5.0,5.0128
50128,Korean Studies,2016,2.0,5.0128
50128,Korean Studies,2017,5.0,5.0128
50128,Korean Studies,2018,0.0,5.0128
50128,Korean Studies,2019,0.0,5.0128
50128,Korean Studies,2020,2.0,5.0128
50128,Korean Studies,2021,4.0,5.0128
50128,Korean Studies,2022,0.0,5.0128
50128,Korean Studies,2023,1.0,5.0128
50128,Korean Studies,2024,3.0,5.0128
50130,Spanish & Iberian Studies,2014,0.0,5.013
50130,Spanish & Iberian Studies,2015,0.0,5.013
50130,Spanish & Iberian Studies,2016,0.0,5.013
50130,Spanish & Iberian Studies,2017,0.0,5.013
50130,Spanish & Iberian Studies,2018,0.0,5.013
50130,Spanish & Iberian Studies,2019,0.0,5.013
50130,Spanish & Iberian Studies,2020,0.0,5.013
50130,Spanish & Iberian Studies,2021,0.0,5.013
50130,Spanish & Iberian Studies,2022,0.0,5.013
50130,Spanish & Iberian Studies,2023,0.0,5.013
50130,Spanish & Iberian Studies,2024,0.0,5.013
50133,Irish Studies,2012,0.0,5.0133
50133,Irish Studies,2013,14.0,5.0133
50133,Irish Studies,2014,2.0,5.0133
50133,Irish Studies,2015,10.0,5.0133
50133,Irish Studies,2016,7.0,5.0133
50133,Irish Studies,2017,14.0,5.0133
50133,Irish Studies,2018,4.0,5.0133
50133,Irish Studies,2019,5.0,5.0133
50133,Irish Studies,2020,9.0,5.0133
50133,Irish Studies,2021,12.0,5.0133
50133,Irish Studies,2022,6.0,5.0133
50133,Irish Studies,2023,3.0,5.0133
50133,Irish Studies,2024,5.0,5.0133
50134,Latin American & Caribbean Studies,2012,6.0,5.0134
50134,Latin American & Caribbean Studies,2013,6.0,5.0134
50134,Latin American & Caribbean Studies,2014,21.0,5.0134
50134,Latin American & Caribbean Studies,2015,13.0,5.0134
50134,Latin American & Caribbean Studies,2016,16.0,5.0134
50134,Latin American & Caribbean Studies,2017,18.0,5.0134
50134,Latin American & Caribbean Studies,2018,14.0,5.0134
50134,Latin American & Caribbean Studies,2019,13.0,5.0134
50134,Latin American & Caribbean Studies,2020,12.0,5.0134
50134,Latin American & Caribbean Studies,2021,14.0,5.0134
50134,Latin American & Caribbean Studies,2022,14.0,5.0134
50134,Latin American & Caribbean Studies,2023,16.0,5.0134
50134,Latin American & Caribbean Studies,2024,11.0,5.0134
50135,Appalachian Studies,2023,5.0,5.0135
50135,Appalachian Studies,2024,2.0,5.0135
50199,Other Area Studies,2012,71.0,5.0199
50199,Other Area Studies,2013,44.0,5.0199
50199,Other Area Studies,2014,59.0,5.0199
50199,Other Area Studies,2015,36.0,5.0199
50199,Other Area Studies,2016,42.0,5.0199
50199,Other Area Studies,2017,37.0,5.0199
50199,Other Area Studies,2018,51.0,5.0199
50199,Other Area Studies,2019,46.0,5.0199
50199,Other Area Studies,2020,23.0,5.0199
50199,Other Area Studies,2021,30.0,5.0199
50199,Other Area Studies,2022,26.0,5.0199
50199,Other Area Studies,2023,39.0,5.0199
50199,Other Area Studies,2024,24.0,5.0199
50200,Ethnic Studies,2012,10.0,5.02
50200,Ethnic Studies,2013,10.0,5.02
50200,Ethnic Studies,2014,16.0,5.02
50200,Ethnic Studies,2015,5.0,5.02
50200,Ethnic Studies,2016,12.0,5.02
50200,Ethnic Studies,2017,14.0,5.02
50200,Ethnic Studies,2018,7.0,5.02
50200,Ethnic Studies,2019,17.0,5.02
50200,Ethnic Studies,2020,9.0,5.02
50200,Ethnic Studies,2021,14.0,5.02
50200,Ethnic Studies,2022,14.0,5.02
50200,Ethnic Studies,2023,17.0,5.02
50200,Ethnic Studies,2024,12.0,5.02
50201,African-American & Black Studies,2012,95.0,5.0201
50201,African-American & Black Studies,2013,98.0,5.0201
50201,African-American & Black Studies,2014,75.0,5.0201
50201,African-American & Black Studies,2015,78.0,5.0201
50201,African-American & Black Studies,2016,70.0,5.0201
50201,African-American & Black Studies,2017,66.0,5.0201
50201,African-American & Black Studies,2018,81.0,5.0201
50201,African-American & Black Studies,2019,81.0,5.0201
50201,African-American & Black Studies,2020,92.0,5.0201
50201,African-American & Black Studies,2021,72.0,5.0201
50201,African-American & Black Studies,2022,73.0,5.0201
50201,African-American & Black Studies,2023,75.0,5.0201
50201,African-American & Black Studies,2024,76.0,5.0201
50202,Native American Studies,2012,49.0,5.0202
50202,Native American Studies,2013,47.0,5.0202
50202,Native American Studies,2014,32.0,5.0202
50202,Native American Studies,2015,39.0,5.0202
50202,Native American Studies,2016,45.0,5.0202
50202,Native American Studies,2017,69.0,5.0202
50202,Native American Studies,2018,69.0,5.0202
50202,Native American Studies,2019,72.0,5.0202
50202,Native American Studies,2020,58.0,5.0202
50202,Native American Studies,2021,72.0,5.0202
50202,Native American Studies,2022,56.0,5.0202
50202,Native American Studies,2023,68.0,5.0202
50202,Native American Studies,2024,65.0,5.0202
50203,"Hispanic-American, Puerto Rican, & Mexican-American Studies",2012,56.0,5.0203
50203,"Hispanic-American, Puerto Rican, & Mexican-American Studies",2013,41.0,5.0203
50203,"Hispanic-American, Puerto Rican, & Mexican-American Studies",2014,30.0,5.0203
50203,"Hispanic-American, Puerto Rican, & Mexican-American Studies",2015,30.0,5.0203
50203,"Hispanic-American, Puerto Rican, & Mexican-American Studies",2016,34.0,5.0203
50203,"Hispanic-American, Puerto Rican, & Mexican-American Studies",2017,32.0,5.0203
50203,"Hispanic-American, Puerto Rican, & Mexican-American Studies",2018,41.0,5.0203
50203,"Hispanic-American, Puerto Rican, & Mexican-American Studies",2019,32.0,5.0203
50203,"Hispanic-American, Puerto Rican, & Mexican-American Studies",2020,42.0,5.0203
50203,"Hispanic-American, Puerto Rican, & Mexican-American Studies",2021,42.0,5.0203
50203,"Hispanic-American, Puerto Rican, & Mexican-American Studies",2022,28.0,5.0203
50203,"Hispanic-American, Puerto Rican, & Mexican-American Studies",2023,26.0,5.0203
50203,"Hispanic-American, Puerto Rican, & Mexican-American Studies",2024,42.0,5.0203
50206,Asian-American Studies,2012,20.0,5.0206
50206,Asian-American Studies,2013,14.0,5.0206
50206,Asian-American Studies,2014,11.0,5.0206
50206,Asian-American Studies,2015,10.0,5.0206
50206,Asian-American Studies,2016,15.0,5.0206
50206,Asian-American Studies,2017,13.0,5.0206
50206,Asian-American Studies,2018,8.0,5.0206
50206,Asian-American Studies,2019,19.0,5.0206
50206,Asian-American Studies,2020,22.0,5.0206
50206,Asian-American Studies,2021,11.0,5.0206
50206,Asian-American Studies,2022,18.0,5.0206
50206,Asian-American Studies,2023,16.0,5.0206
50206,Asian-American Studies,2024,17.0,5.0206
50207,Women's Studies,2012,184.0,5.0207
50207,Women's Studies,2013,193.0,5.0207
50207,Women's Studies,2014,184.0,5.0207
50207,Women's Studies,2015,149.0,5.0207
50207,Women's Studies,2016,170.0,5.0207
50207,Women's Studies,2017,155.0,5.0207
50207,Women's Studies,2018,187.0,5.0207
50207,Women's Studies,2019,164.0,5.0207
50207,Women's Studies,2020,172.0,5.0207
50207,Women's Studies,2021,140.0,5.0207
50207,Women's Studies,2022,178.0,5.0207
50207,Women's Studies,2023,177.0,5.0207
50207,Women's Studies,2024,180.0,5.0207
50209,Folklore Studies,2012,16.0,5.0209
50209,Folklore Studies,2013,24.0,5.0209
50209,Folklore Studies,2014,26.0,5.0209
50209,Folklore Studies,2015,32.0,5.0209
50209,Folklore Studies,2016,27.0,5.0209
50209,Folklore Studies,2017,30.0,5.0209
50209,Folklore Studies,2018,19.0,5.0209
50209,Folklore Studies,2019,15.0,5.0209
50209,Folklore Studies,2020,10.0,5.0209
50209,Folklore Studies,2021,30.0,5.0209
50209,Folklore Studies,2022,23.0,5.0209
50209,Folklore Studies,2023,20.0,5.0209
50209,Folklore Studies,2024,22.0,5.0209
50210,Disability Studies,2012,37.0,5.021
50210,Disability Studies,2013,31.0,5.021
50210,Disability Studies,2014,41.0,5.021
50210,Disability Studies,2015,38.0,5.021
50210,Disability Studies,2016,44.0,5.021
50210,Disability Studies,2017,30.0,5.021
50210,Disability Studies,2018,36.0,5.021
50210,Disability Studies,2019,33.0,5.021
50210,Disability Studies,2020,49.0,5.021
50210,Disability Studies,2021,47.0,5.021
50210,Disability Studies,2022,50.0,5.021
50210,Disability Studies,2023,53.0,5.021
50210,Disability Studies,2024,53.0,5.021
50211,Deaf Studies,2015,7.0,5.0211
50211,Deaf Studies,2016,2.0,5.0211
50211,Deaf Studies,2017,6.0,5.0211
50211,Deaf Studies,2018,4.0,5.0211
50211,Deaf Studies,2019,1.0,5.0211
50211,Deaf Studies,2020,0.0,5.0211
50211,Deaf Studies,2021,5.0,5.0211
50211,Deaf Studies,2022,6.0,5.0211
50211,Deaf Studies,2023,7.0,5.0211
50211,Deaf Studies,2024,4.0,5.0211
50212,Comparative Group Studies,2020,1.0,5.0212
50212,Comparative Group Studies,2021,1.0,5.0212
50212,Comparative Group Studies,2022,1.0,5.0212
50212,Comparative Group Studies,2023,0.0,5.0212
50212,Comparative Group Studies,2024,1.0,5.0212
50299,"Other Ethnic, Minority, Gender, & Group Studies",2012,124.0,5.0299
50299,"Other Ethnic, Minority, Gender, & Group Studies",2013,90.0,5.0299
50299,"Other Ethnic, Minority, Gender, & Group Studies",2014,103.0,5.0299
50299,"Other Ethnic, Minority, Gender, & Group Studies",2015,109.0,5.0299
50299,"Other Ethnic, Minority, Gender, & Group Studies",2016,89.0,5.0299
50299,"Other Ethnic, Minority, Gender, & Group Studies",2017,103.0,5.0299
50299,"Other Ethnic, Minority, Gender, & Group Studies",2018,100.0,5.0299
50299,"Other Ethnic, Minority, Gender, & Group Studies",2019,74.0,5.0299
50299,"Other Ethnic, Minority, Gender, & Group Studies",2020,55.0,5.0299
50299,"Other Ethnic, Minority, Gender, & Group Studies",2021,58.0,5.0299
50299,"Other Ethnic, Minority, Gender, & Group Studies",2022,80.0,5.0299
50299,"Other Ethnic, Minority, Gender, & Group Studies",2023,51.0,5.0299
50299,"Other Ethnic, Minority, Gender, & Group Studies",2024,74.0,5.0299
59999,"Area, Ethnic, Cultural, and Gender Studies, Other",2023,14.0,5.9999
59999,"Area, Ethnic, Cultural, and Gender Studies, Other",2024,7.0,5.9999
90100,General Communication,2012,490.0,9.01
90100,General Communication,2013,510.0,9.01
90100,General Communication,2014,504.0,9.01
90100,General Communication,2015,590.0,9.01
90100,General Communication,2016,745.0,9.01
90100,General Communication,2017,970.0,9.01
90100,General Communication,2018,995.0,9.01
90100,General Communication,2019,917.0,9.01
90100,General Communication,2020,734.0,9.01
90100,General Communication,2021,747.0,9.01
90100,General Communication,2022,737.0,9.01
90100,General Communication,2023,711.0,9.01
90100,General Communication,2024,665.0,9.01
90101,Speech Communication & Rhetoric,2012,2167.0,9.0101
90101,Speech Communication & Rhetoric,2013,2058.0,9.0101
90101,Speech Communication & Rhetoric,2014,2085.0,9.0101
90101,Speech Communication & Rhetoric,2015,1985.0,9.0101
90101,Speech Communication & Rhetoric,2016,1997.0,9.0101
90101,Speech Communication & Rhetoric,2017,1873.0,9.0101
90101,Speech Communication & Rhetoric,2018,1812.0,9.0101
90101,Speech Communication & Rhetoric,2019,1985.0,9.0101
90101,Speech Communication & Rhetoric,2020,2361.0,9.0101
90101,Speech Communication & Rhetoric,2021,2348.0,9.0101
90101,Speech Communication & Rhetoric,2022,2256.0,9.0101
90101,Speech Communication & Rhetoric,2023,2257.0,9.0101
90101,Speech Communication & Rhetoric,2024,1960.0,9.0101
90102,Mass Communication & Media Studies,2012,1110.0,9.0102
90102,Mass Communication & Media Studies,2013,991.0,9.0102
90102,Mass Communication & Media Studies,2014,930.0,9.0102
90102,Mass Communication & Media Studies,2015,886.0,9.0102
90102,Mass Communication & Media Studies,2016,956.0,9.0102
90102,Mass Communication & Media Studies,2017,928.0,9.0102
90102,Mass Communication & Media Studies,2018,935.0,9.0102
90102,Mass Communication & Media Studies,2019,932.0,9.0102
90102,Mass Communication & Media Studies,2020,921.0,9.0102
90102,Mass Communication & Media Studies,2021,856.0,9.0102
90102,Mass Communication & Media Studies,2022,1012.0,9.0102
90102,Mass Communication & Media Studies,2023,1166.0,9.0102
90102,Mass Communication & Media Studies,2024,1100.0,9.0102
90199,Other Communication & Media Studies,2012,638.0,9.0199
90199,Other Communication & Media Studies,2013,668.0,9.0199
90199,Other Communication & Media Studies,2014,774.0,9.0199
90199,Other Communication & Media Studies,2015,662.0,9.0199
90199,Other Communication & Media Studies,2016,699.0,9.0199
90199,Other Communication & Media Studies,2017,578.0,9.0199
90199,Other Communication & Media Studies,2018,547.0,9.0199
90199,Other Communication & Media Studies,2019,583.0,9.0199
90199,Other Communication & Media Studies,2020,525.0,9.0199
90199,Other Communication & Media Studies,2021,456.0,9.0199
90199,Other Communication & Media Studies,2022,466.0,9.0199
90199,Other Communication & Media Studies,2023,551.0,9.0199
90199,Other Communication & Media Studies,2024,480.0,9.0199
90401,Journalism,2012,1730.0,9.0401
90401,Journalism,2013,1668.0,9.0401
90401,Journalism,2014,1754.0,9.0401
90401,Journalism,2015,1449.0,9.0401
90401,Journalism,2016,1280.0,9.0401
90401,Journalism,2017,1318.0,9.0401
90401,Journalism,2018,1099.0,9.0401
90401,Journalism,2019,1059.0,9.0401
90401,Journalism,2020,917.0,9.0401
90401,Journalism,2021,785.0,9.0401
90401,Journalism,2022,832.0,9.0401
90401,Journalism,2023,933.0,9.0401
90401,Journalism,2024,708.0,9.0401
90402,Broadcast Journalism,2012,82.0,9.0402
90402,Broadcast Journalism,2013,63.0,9.0402
90402,Broadcast Journalism,2014,58.0,9.0402
90402,Broadcast Journalism,2015,40.0,9.0402
90402,Broadcast Journalism,2016,41.0,9.0402
90402,Broadcast Journalism,2017,22.0,9.0402
90402,Broadcast Journalism,2018,24.0,9.0402
90402,Broadcast Journalism,2019,33.0,9.0402
90402,Broadcast Journalism,2020,25.0,9.0402
90402,Broadcast Journalism,2021,35.0,9.0402
90402,Broadcast Journalism,2022,28.0,9.0402
90402,Broadcast Journalism,2023,39.0,9.0402
90402,Broadcast Journalism,2024,25.0,9.0402
90404,Photojournalism,2012,9.0,9.0404
90404,Photojournalism,2013,7.0,9.0404
90404,Photojournalism,2014,4.0,9.0404
90404,Photojournalism,2015,20.0,9.0404
90404,Photojournalism,2016,11.0,9.0404
90404,Photojournalism,2017,28.0,9.0404
90404,Photojournalism,2018,18.0,9.0404
90404,Photojournalism,2019,19.0,9.0404
90404,Photojournalism,2020,8.0,9.0404
90404,Photojournalism,2021,35.0,9.0404
90404,Photojournalism,2022,17.0,9.0404
90404,Photojournalism,2023,41.0,9.0404
90404,Photojournalism,2024,18.0,9.0404
90407,Science/Health/Environmental Journalism,2020,0.0,9.0407
90407,Science/Health/Environmental Journalism,2021,6.0,9.0407
90407,Science/Health/Environmental Journalism,2022,13.0,9.0407
90407,Science/Health/Environmental Journalism,2023,7.0,9.0407
90407,Science/Health/Environmental Journalism,2024,9.0,9.0407
90499,Other Journalism,2012,194.0,9.0499
90499,Other Journalism,2013,212.0,9.0499
90499,Other Journalism,2014,193.0,9.0499
90499,Other Journalism,2015,482.0,9.0499
90499,Other Journalism,2016,515.0,9.0499
90499,Other Journalism,2017,474.0,9.0499
90499,Other Journalism,2018,460.0,9.0499
90499,Other Journalism,2019,439.0,9.0499
90499,Other Journalism,2020,441.0,9.0499
90499,Other Journalism,2021,320.0,9.0499
90499,Other Journalism,2022,584.0,9.0499
90499,Other Journalism,2023,505.0,9.0499
90499,Other Journalism,2024,427.0,9.0499
90701,Radio & Television,2012,210.0,9.0701
90701,Radio & Television,2013,189.0,9.0701
90701,Radio & Television,2014,184.0,9.0701
90701,Radio & Television,2015,198.0,9.0701
90701,Radio & Television,2016,168.0,9.0701
90701,Radio & Television,2017,139.0,9.0701
90701,Radio & Television,2018,151.0,9.0701
90701,Radio & Television,2019,146.0,9.0701
90701,Radio & Television,2020,122.0,9.0701
90701,Radio & Television,2021,143.0,9.0701
90701,Radio & Television,2022,152.0,9.0701
90701,Radio & Television,2023,154.0,9.0701
90701,Radio & Television,2024,141.0,9.0701
90702,Digital Communication & Multimedia,2012,296.0,9.0702
90702,Digital Communication & Multimedia,2013,305.0,9.0702
90702,Digital Communication & Multimedia,2014,382.0,9.0702
90702,Digital Communication & Multimedia,2015,478.0,9.0702
90702,Digital Communication & Multimedia,2016,607.0,9.0702
90702,Digital Communication & Multimedia,2017,849.0,9.0702
90702,Digital Communication & Multimedia,2018,1259.0,9.0702
90702,Digital Communication & Multimedia,2019,1344.0,9.0702
90702,Digital Communication & Multimedia,2020,1750.0,9.0702
90702,Digital Communication & Multimedia,2021,2200.0,9.0702
90702,Digital Communication & Multimedia,2022,2584.0,9.0702
90702,Digital Communication & Multimedia,2023,2797.0,9.0702
90702,Digital Communication & Multimedia,2024,2968.0,9.0702
90799,"Other Radio, Television, & Digital Communication",2012,16.0,9.0799
90799,"Other Radio, Television, & Digital Communication",2013,12.0,9.0799
90799,"Other Radio, Television, & Digital Communication",2014,17.0,9.0799
90799,"Other Radio, Television, & Digital Communication",2015,17.0,9.0799
90799,"Other Radio, Television, & Digital Communication",2016,12.0,9.0799
90799,"Other Radio, Television, & Digital Communication",2017,13.0,9.0799
90799,"Other Radio, Television, & Digital Communication",2018,15.0,9.0799
90799,"Other Radio, Television, & Digital Communication",2019,2.0,9.0799
90799,"Other Radio, Television, & Digital Communication",2020,0.0,9.0799
90799,"Other Radio, Television, & Digital Communication",2021,0.0,9.0799
90799,"Other Radio, Television, & Digital Communication",2022,0.0,9.0799
90799,"Other Radio, Television, & Digital Communication",2023,0.0,9.0799
90799,"Other Radio, Television, & Digital Communication",2024,0.0,9.0799
90900,"Public Relations, Advertising, & Applied Communication",2012,14.0,9.09
90900,"Public Relations, Advertising, & Applied Communication",2013,13.0,9.09
90900,"Public Relations, Advertising, & Applied Communication",2014,72.0,9.09
90900,"Public Relations, Advertising, & Applied Communication",2015,246.0,9.09
90900,"Public Relations, Advertising, & Applied Communication",2016,212.0,9.09
90900,"Public Relations, Advertising, & Applied Communication",2017,306.0,9.09
90900,"Public Relations, Advertising, & Applied Communication",2018,429.0,9.09
90900,"Public Relations, Advertising, & Applied Communication",2019,580.0,9.09
90900,"Public Relations, Advertising, & Applied Communication",2020,631.0,9.09
90900,"Public Relations, Advertising, & Applied Communication",2021,722.0,9.09
90900,"Public Relations, Advertising, & Applied Communication",2022,834.0,9.09
90900,"Public Relations, Advertising, & Applied Communication",2023,896.0,9.09
90900,"Public Relations, Advertising, & Applied Communication",2024,802.0,9.09
90901,General Organizational Communication,2012,157.0,9.0901
90901,General Organizational Communication,2013,138.0,9.0901
90901,General Organizational Communication,2014,121.0,9.0901
90901,General Organizational Communication,2015,196.0,9.0901
90901,General Organizational Communication,2016,220.0,9.0901
90901,General Organizational Communication,2017,281.0,9.0901
90901,General Organizational Communication,2018,319.0,9.0901
90901,General Organizational Communication,2019,321.0,9.0901
90901,General Organizational Communication,2020,276.0,9.0901
90901,General Organizational Communication,2021,353.0,9.0901
90901,General Organizational Communication,2022,253.0,9.0901
90901,General Organizational Communication,2023,334.0,9.0901
90901,General Organizational Communication,2024,336.0,9.0901
90902,Public Relations & Image Management,2012,508.0,9.0902
90902,Public Relations & Image Management,2013,594.0,9.0902
90902,Public Relations & Image Management,2014,606.0,9.0902
90902,Public Relations & Image Management,2015,639.0,9.0902
90902,Public Relations & Image Management,2016,610.0,9.0902
90902,Public Relations & Image Management,2017,692.0,9.0902
90902,Public Relations & Image Management,2018,561.0,9.0902
90902,Public Relations & Image Management,2019,527.0,9.0902
90902,Public Relations & Image Management,2020,425.0,9.0902
90902,Public Relations & Image Management,2021,447.0,9.0902
90902,Public Relations & Image Management,2022,483.0,9.0902
90902,Public Relations & Image Management,2023,512.0,9.0902
90902,Public Relations & Image Management,2024,399.0,9.0902
90903,Advertising,2012,355.0,9.0903
90903,Advertising,2013,329.0,9.0903
90903,Advertising,2014,347.0,9.0903
90903,Advertising,2015,338.0,9.0903
90903,Advertising,2016,274.0,9.0903
90903,Advertising,2017,229.0,9.0903
90903,Advertising,2018,222.0,9.0903
90903,Advertising,2019,202.0,9.0903
90903,Advertising,2020,223.0,9.0903
90903,Advertising,2021,260.0,9.0903
90903,Advertising,2022,250.0,9.0903
90903,Advertising,2023,301.0,9.0903
90903,Advertising,2024,242.0,9.0903
90904,Political Communication,2014,22.0,9.0904
90904,Political Communication,2015,19.0,9.0904
90904,Political Communication,2016,18.0,9.0904
90904,Political Communication,2017,34.0,9.0904
90904,Political Communication,2018,43.0,9.0904
90904,Political Communication,2019,55.0,9.0904
90904,Political Communication,2020,55.0,9.0904
90904,Political Communication,2021,43.0,9.0904
90904,Political Communication,2022,56.0,9.0904
90904,Political Communication,2023,91.0,9.0904
90904,Political Communication,2024,83.0,9.0904
90905,Health Communication,2012,132.0,9.0905
90905,Health Communication,2013,132.0,9.0905
90905,Health Communication,2014,146.0,9.0905
90905,Health Communication,2015,137.0,9.0905
90905,Health Communication,2016,141.0,9.0905
90905,Health Communication,2017,188.0,9.0905
90905,Health Communication,2018,163.0,9.0905
90905,Health Communication,2019,157.0,9.0905
90905,Health Communication,2020,137.0,9.0905
90905,Health Communication,2021,126.0,9.0905
90905,Health Communication,2022,152.0,9.0905
90905,Health Communication,2023,149.0,9.0905
90905,Health Communication,2024,85.0,9.0905
90906,Sports Communication,2012,20.0,9.0906
90906,Sports Communication,2013,14.0,9.0906
90906,Sports Communication,2014,14.0,9.0906
90906,Sports Communication,2015,17.0,9.0906
90906,Sports Communication,2016,13.0,9.0906
90906,Sports Communication,2017,53.0,9.0906
90906,Sports Communication,2018,57.0,9.0906
90906,Sports Communication,2019,48.0,9.0906
90906,Sports Communication,2020,56.0,9.0906
90906,Sports Communication,2021,47.0,9.0906
90906,Sports Communication,2022,65.0,9.0906
90906,Sports Communication,2023,86.0,9.0906
90906,Sports Communication,2024,86.0,9.0906
90907,International & Intercultural Communication,2012,46.0,9.0907
90907,International & Intercultural Communication,2013,48.0,9.0907
90907,International & Intercultural Communication,2014,84.0,9.0907
90907,International & Intercultural Communication,2015,118.0,9.0907
90907,International & Intercultural Communication,2016,105.0,9.0907
90907,International & Intercultural Communication,2017,121.0,9.0907
90907,International & Intercultural Communication,2018,141.0,9.0907
90907,International & Intercultural Communication,2019,106.0,9.0907
90907,International & Intercultural Communication,2020,114.0,9.0907
90907,International & Intercultural Communication,2021,69.0,9.0907
90907,International & Intercultural Communication,2022,92.0,9.0907
90907,International & Intercultural Communication,2023,110.0,9.0907
90907,International & Intercultural Communication,2024,92.0,9.0907
90908,Technical & Scientific Communication,2012,25.0,9.0908
90908,Technical & Scientific Communication,2013,15.0,9.0908
90908,Technical & Scientific Communication,2014,12.0,9.0908
90908,Technical & Scientific Communication,2015,9.0,9.0908
90908,Technical & Scientific Communication,2016,14.0,9.0908
90908,Technical & Scientific Communication,2017,20.0,9.0908
90908,Technical & Scientific Communication,2018,24.0,9.0908
90908,Technical & Scientific Communication,2019,48.0,9.0908
90908,Technical & Scientific Communication,2020,63.0,9.0908
90908,Technical & Scientific Communication,2021,88.0,9.0908
90908,Technical & Scientific Communication,2022,67.0,9.0908
90908,Technical & Scientific Communication,2023,54.0,9.0908
90908,Technical & Scientific Communication,2024,51.0,9.0908
90909,Communication Management And Strategic Communications,2020,88.0,9.0909
90909,Communication Management And Strategic Communications,2021,219.0,9.0909
90909,Communication Management And Strategic Communications,2022,359.0,9.0909
90909,Communication Management And Strategic Communications,2023,366.0,9.0909
90909,Communication Management And Strategic Communications,2024,343.0,9.0909
90999,"Other Public Relations, Advertising, & Applied Communication",2012,194.0,9.0999
90999,"Other Public Relations, Advertising, & Applied Communication",2013,188.0,9.0999
90999,"Other Public Relations, Advertising, & Applied Communication",2014,180.0,9.0999
90999,"Other Public Relations, Advertising, & Applied Communication",2015,198.0,9.0999
90999,"Other Public Relations, Advertising, & Applied Communication",2016,176.0,9.0999
90999,"Other Public Relations, Advertising, & Applied Communication",2017,229.0,9.0999
90999,"Other Public Relations, Advertising, & Applied Communication",2018,244.0,9.0999
90999,"Other Public Relations, Advertising, & Applied Communication",2019,205.0,9.0999
90999,"Other Public Relations, Advertising, & Applied Communication",2020,208.0,9.0999
90999,"Other Public Relations, Advertising, & Applied Communication",2021,168.0,9.0999
90999,"Other Public Relations, Advertising, & Applied Communication",2022,244.0,9.0999
90999,"Other Public Relations, Advertising, & Applied Communication",2023,230.0,9.0999
90999,"Other Public Relations, Advertising, & Applied Communication",2024,234.0,9.0999
91001,Publishing,2012,172.0,9.1001
91001,Publishing,2013,169.0,9.1001
91001,Publishing,2014,173.0,9.1001
91001,Publishing,2015,219.0,9.1001
91001,Publishing,2016,200.0,9.1001
91001,Publishing,2017,191.0,9.1001
91001,Publishing,2018,203.0,9.1001
91001,Publishing,2019,229.0,9.1001
91001,Publishing,2020,185.0,9.1001
91001,Publishing,2021,210.0,9.1001
91001,Publishing,2022,172.0,9.1001
91001,Publishing,2023,213.0,9.1001
91001,Publishing,2024,189.0,9.1001
99999,"Other Communication, Journalism, & Related Programs",2012,513.0,9.9999
99999,"Other Communication, Journalism, & Related Programs",2013,488.0,9.9999
99999,"Other Communication, Journalism, & Related Programs",2014,726.0,9.9999
99999,"Other Communication, Journalism, & Related Programs",2015,725.0,9.9999
99999,"Other Communication, Journalism, & Related Programs",2016,745.0,9.9999
99999,"Other Communication, Journalism, & Related Programs",2017,660.0,9.9999
99999,"Other Communication, Journalism, & Related Programs",2018,618.0,9.9999
99999,"Other Communication, Journalism, & Related Programs",2019,608.0,9.9999
99999,"Other Communication, Journalism, & Related Programs",2020,471.0,9.9999
99999,"Other Communication, Journalism, & Related Programs",2021,314.0,9.9999
99999,"Other Communication, Journalism, & Related Programs",2022,575.0,9.9999
99999,"Other Communication, Journalism, & Related Programs",2023,488.0,9.9999
99999,"Other Communication, Journalism, & Related Programs",2024,382.0,9.9999
100105,Communications Technology,2012,31.0,10.0105
100105,Communications Technology,2013,46.0,10.0105
100105,Communications Technology,2014,42.0,10.0105
100105,Communications Technology,2015,43.0,10.0105
100105,Communications Technology,2016,28.0,10.0105
100105,Communications Technology,2017,40.0,10.0105
100105,Communications Technology,2018,17.0,10.0105
100105,Communications Technology,2019,17.0,10.0105
100105,Communications Technology,2020,18.0,10.0105
100105,Communications Technology,2021,21.0,10.0105
100105,Communications Technology,2022,10.0,10.0105
100105,Communications Technology,2023,10.0,10.0105
100105,Communications Technology,2024,7.0,10.0105
100202,Radio & Television Broadcasting Technology,2012,94.0,10.0202
100202,Radio & Television Broadcasting Technology,2013,122.0,10.0202
100202,Radio & Television Broadcasting Technology,2014,122.0,10.0202
100202,Radio & Television Broadcasting Technology,2015,89.0,10.0202
100202,Radio & Television Broadcasting Technology,2016,112.0,10.0202
100202,Radio & Television Broadcasting Technology,2017,109.0,10.0202
100202,Radio & Television Broadcasting Technology,2018,75.0,10.0202
100202,Radio & Television Broadcasting Technology,2019,94.0,10.0202
100202,Radio & Television Broadcasting Technology,2020,59.0,10.0202
100202,Radio & Television Broadcasting Technology,2021,44.0,10.0202
100202,Radio & Television Broadcasting Technology,2022,46.0,10.0202
100202,Radio & Television Broadcasting Technology,2023,13.0,10.0202
100202,Radio & Television Broadcasting Technology,2024,5.0,10.0202
100203,Recording Arts Technology,2012,25.0,10.0203
100203,Recording Arts Technology,2013,31.0,10.0203
100203,Recording Arts Technology,2014,33.0,10.0203
100203,Recording Arts Technology,2015,51.0,10.0203
100203,Recording Arts Technology,2016,46.0,10.0203
100203,Recording Arts Technology,2017,42.0,10.0203
100203,Recording Arts Technology,2018,54.0,10.0203
100203,Recording Arts Technology,2019,71.0,10.0203
100203,Recording Arts Technology,2020,56.0,10.0203
100203,Recording Arts Technology,2021,45.0,10.0203
100203,Recording Arts Technology,2022,76.0,10.0203
100203,Recording Arts Technology,2023,79.0,10.0203
100203,Recording Arts Technology,2024,69.0,10.0203
100301,General Graphic Communications,2012,0.0,10.0301
100301,General Graphic Communications,2013,0.0,10.0301
100301,General Graphic Communications,2014,0.0,10.0301
100301,General Graphic Communications,2015,2.0,10.0301
100301,General Graphic Communications,2016,18.0,10.0301
100301,General Graphic Communications,2017,34.0,10.0301
100301,General Graphic Communications,2018,33.0,10.0301
100301,General Graphic Communications,2019,14.0,10.0301
100301,General Graphic Communications,2020,21.0,10.0301
100301,General Graphic Communications,2021,23.0,10.0301
100301,General Graphic Communications,2022,17.0,10.0301
100301,General Graphic Communications,2023,0.0,10.0301
100301,General Graphic Communications,2024,0.0,10.0301
100302,Printing Management,2012,3.0,10.0302
100302,Printing Management,2013,5.0,10.0302
100302,Printing Management,2014,2.0,10.0302
100302,Printing Management,2015,0.0,10.0302
100302,Printing Management,2016,1.0,10.0302
100302,Printing Management,2017,0.0,10.0302
100303,Prepress Publising & Digital Imaging Design,2019,1.0,10.0303
100303,Prepress Publising & Digital Imaging Design,2020,0.0,10.0303
100303,Prepress Publising & Digital Imaging Design,2021,0.0,10.0303
100303,Prepress Publising & Digital Imaging Design,2022,0.0,10.0303
100304,"Animation, Interactive Technology, Video Graphics, & Special Effects",2012,272.0,10.0304
100304,"Animation, Interactive Technology, Video Graphics, & Special Effects",2013,342.0,10.0304
100304,"Animation, Interactive Technology, Video Graphics, & Special Effects",2014,355.0,10.0304
100304,"Animation, Interactive Technology, Video Graphics, & Special Effects",2015,333.0,10.0304
100304,"Animation, Interactive Technology, Video Graphics, & Special Effects",2016,293.0,10.0304
100304,"Animation, Interactive Technology, Video Graphics, & Special Effects",2017,315.0,10.0304
100304,"Animation, Interactive Technology, Video Graphics, & Special Effects",2018,344.0,10.0304
100304,"Animation, Interactive Technology, Video Graphics, & Special Effects",2019,344.0,10.0304
100304,"Animation, Interactive Technology, Video Graphics, & Special Effects",2020,383.0,10.0304
100304,"Animation, Interactive Technology, Video Graphics, & Special Effects",2021,387.0,10.0304
100304,"Animation, Interactive Technology, Video Graphics, & Special Effects",2022,424.0,10.0304
100304,"Animation, Interactive Technology, Video Graphics, & Special Effects",2023,424.0,10.0304
100304,"Animation, Interactive Technology, Video Graphics, & Special Effects",2024,519.0,10.0304
100399,Other Graphic Communications,2012,8.0,10.0399
100399,Other Graphic Communications,2013,9.0,10.0399
100399,Other Graphic Communications,2014,13.0,10.0399
100399,Other Graphic Communications,2015,10.0,10.0399
100399,Other Graphic Communications,2016,1.0,10.0399
100399,Other Graphic Communications,2017,2.0,10.0399
109999,Other Communications Technology & Support Services,2012,64.0,10.9999
109999,Other Communications Technology & Support Services,2013,22.0,10.9999
109999,Other Communications Technology & Support Services,2014,10.0,10.9999
109999,Other Communications Technology & Support Services,2015,26.0,10.9999
109999,Other Communications Technology & Support Services,2016,5.0,10.9999
109999,Other Communications Technology & Support Services,2017,6.0,10.9999
109999,Other Communications Technology & Support Services,2018,10.0,10.9999
109999,Other Communications Technology & Support Services,2019,10.0,10.9999
109999,Other Communications Technology & Support Services,2020,14.0,10.9999
109999,Other Communications Technology & Support Services,2021,13.0,10.9999
109999,Other Communications Technology & Support Services,2022,18.0,10.9999
109999,Other Communications Technology & Support Services,2023,16.0,10.9999
109999,Other Communications Technology & Support Services,2024,18.0,10.9999
110101,General Computer & Information Sciences,2012,4837.0,11.0101
110101,General Computer & Information Sciences,2013,4931.0,11.0101
110101,General Computer & Information Sciences,2014,5229.0,11.0101
110101,General Computer & Information Sciences,2015,7042.0,11.0101
110101,General Computer & Information Sciences,2016,9813.0,11.0101
110101,General Computer & Information Sciences,2017,11562.0,11.0101
110101,General Computer & Information Sciences,2018,11360.0,11.0101
110101,General Computer & Information Sciences,2019,9768.0,11.0101
110101,General Computer & Information Sciences,2020,10220.0,11.0101
110101,General Computer & Information Sciences,2021,11283.0,11.0101
110101,General Computer & Information Sciences,2022,10440.0,11.0101
110101,General Computer & Information Sciences,2023,18316.0,11.0101
110101,General Computer & Information Sciences,2024,21233.0,11.0101
110102,Artificial Intelligence,2012,72.0,11.0102
110102,Artificial Intelligence,2013,81.0,11.0102
110102,Artificial Intelligence,2014,112.0,11.0102
110102,Artificial Intelligence,2015,140.0,11.0102
110102,Artificial Intelligence,2016,128.0,11.0102
110102,Artificial Intelligence,2017,184.0,11.0102
110102,Artificial Intelligence,2018,205.0,11.0102
110102,Artificial Intelligence,2019,261.0,11.0102
110102,Artificial Intelligence,2020,297.0,11.0102
110102,Artificial Intelligence,2021,397.0,11.0102
110102,Artificial Intelligence,2022,485.0,11.0102
110102,Artificial Intelligence,2023,936.0,11.0102
110102,Artificial Intelligence,2024,1123.0,11.0102
110103,Information Technology,2012,2421.0,11.0103
110103,Information Technology,2013,2682.0,11.0103
110103,Information Technology,2014,3038.0,11.0103
110103,Information Technology,2015,3843.0,11.0103
110103,Information Technology,2016,4674.0,11.0103
110103,Information Technology,2017,5456.0,11.0103
110103,Information Technology,2018,4994.0,11.0103
110103,Information Technology,2019,4956.0,11.0103
110103,Information Technology,2020,5373.0,11.0103
110103,Information Technology,2021,5927.0,11.0103
110103,Information Technology,2022,6419.0,11.0103
110103,Information Technology,2023,8449.0,11.0103
110103,Information Technology,2024,10351.0,11.0103
110104,Informatics,2012,58.0,11.0104
110104,Informatics,2013,74.0,11.0104
110104,Informatics,2014,319.0,11.0104
110104,Informatics,2015,314.0,11.0104
110104,Informatics,2016,336.0,11.0104
110104,Informatics,2017,394.0,11.0104
110104,Informatics,2018,498.0,11.0104
110104,Informatics,2019,611.0,11.0104
110104,Informatics,2020,953.0,11.0104
110104,Informatics,2021,1019.0,11.0104
110104,Informatics,2022,1018.0,11.0104
110104,Informatics,2023,1219.0,11.0104
110104,Informatics,2024,1358.0,11.0104
110105,Human-Centered Technology Design,2020,0.0,11.0105
110105,Human-Centered Technology Design,2021,52.0,11.0105
110105,Human-Centered Technology Design,2022,78.0,11.0105
110105,Human-Centered Technology Design,2023,119.0,11.0105
110105,Human-Centered Technology Design,2024,271.0,11.0105
110199,Other Computer & Information Sciences,2012,85.0,11.0199
110199,Other Computer & Information Sciences,2013,84.0,11.0199
110199,Other Computer & Information Sciences,2014,99.0,11.0199
110199,Other Computer & Information Sciences,2015,109.0,11.0199
110199,Other Computer & Information Sciences,2016,165.0,11.0199
110199,Other Computer & Information Sciences,2017,210.0,11.0199
110199,Other Computer & Information Sciences,2018,222.0,11.0199
110199,Other Computer & Information Sciences,2019,216.0,11.0199
110199,Other Computer & Information Sciences,2020,302.0,11.0199
110199,Other Computer & Information Sciences,2021,314.0,11.0199
110199,Other Computer & Information Sciences,2022,393.0,11.0199
110199,Other Computer & Information Sciences,2023,495.0,11.0199
110199,Other Computer & Information Sciences,2024,680.0,11.0199
110201,General Computer Programming,2012,59.0,11.0201
110201,General Computer Programming,2013,73.0,11.0201
110201,General Computer Programming,2014,78.0,11.0201
110201,General Computer Programming,2015,73.0,11.0201
110201,General Computer Programming,2016,76.0,11.0201
110201,General Computer Programming,2017,57.0,11.0201
110201,General Computer Programming,2018,40.0,11.0201
110201,General Computer Programming,2019,53.0,11.0201
110201,General Computer Programming,2020,142.0,11.0201
110201,General Computer Programming,2021,212.0,11.0201
110201,General Computer Programming,2022,236.0,11.0201
110201,General Computer Programming,2023,276.0,11.0201
110201,General Computer Programming,2024,352.0,11.0201
110202,Specific Applications Computer Programming,2012,12.0,11.0202
110202,Specific Applications Computer Programming,2013,32.0,11.0202
110202,Specific Applications Computer Programming,2014,37.0,11.0202
110202,Specific Applications Computer Programming,2015,37.0,11.0202
110202,Specific Applications Computer Programming,2016,42.0,11.0202
110202,Specific Applications Computer Programming,2017,18.0,11.0202
110202,Specific Applications Computer Programming,2018,31.0,11.0202
110202,Specific Applications Computer Programming,2019,53.0,11.0202
110202,Specific Applications Computer Programming,2020,73.0,11.0202
110202,Specific Applications Computer Programming,2021,96.0,11.0202
110202,Specific Applications Computer Programming,2022,86.0,11.0202
110202,Specific Applications Computer Programming,2023,59.0,11.0202
110202,Specific Applications Computer Programming,2024,54.0,11.0202
110204,Computer Game Programming,2020,3.0,11.0204
110204,Computer Game Programming,2021,7.0,11.0204
110204,Computer Game Programming,2022,0.0,11.0204
110204,Computer Game Programming,2023,0.0,11.0204
110204,Computer Game Programming,2024,0.0,11.0204
110205,"Computer Programming, Specific Platforms",2022,0.0,11.0205
110205,"Computer Programming, Specific Platforms",2023,0.0,11.0205
110299,Other Computer Programming,2017,14.0,11.0299
110299,Other Computer Programming,2018,38.0,11.0299
110299,Other Computer Programming,2019,39.0,11.0299
110299,Other Computer Programming,2020,57.0,11.0299
110299,Other Computer Programming,2021,63.0,11.0299
110299,Other Computer Programming,2022,51.0,11.0299
110299,Other Computer Programming,2023,86.0,11.0299
110299,Other Computer Programming,2024,74.0,11.0299
110301,Data Processing & Data Processing Technology,2017,1.0,11.0301
110301,Data Processing & Data Processing Technology,2018,11.0,11.0301
110301,Data Processing & Data Processing Technology,2019,57.0,11.0301
110301,Data Processing & Data Processing Technology,2020,155.0,11.0301
110301,Data Processing & Data Processing Technology,2021,199.0,11.0301
110301,Data Processing & Data Processing Technology,2022,272.0,11.0301
110301,Data Processing & Data Processing Technology,2023,312.0,11.0301
110301,Data Processing & Data Processing Technology,2024,331.0,11.0301
110401,Information Science,2012,3922.0,11.0401
110401,Information Science,2013,4138.0,11.0401
110401,Information Science,2014,4519.0,11.0401
110401,Information Science,2015,5364.0,11.0401
110401,Information Science,2016,6338.0,11.0401
110401,Information Science,2017,6911.0,11.0401
110401,Information Science,2018,6913.0,11.0401
110401,Information Science,2019,6516.0,11.0401
110401,Information Science,2020,6609.0,11.0401
110401,Information Science,2021,6396.0,11.0401
110401,Information Science,2022,5850.0,11.0401
110401,Information Science,2023,8428.0,11.0401
110401,Information Science,2024,10368.0,11.0401
110501,Computer Systems Analysis,2012,243.0,11.0501
110501,Computer Systems Analysis,2013,298.0,11.0501
110501,Computer Systems Analysis,2014,358.0,11.0501
110501,Computer Systems Analysis,2015,883.0,11.0501
110501,Computer Systems Analysis,2016,815.0,11.0501
110501,Computer Systems Analysis,2017,860.0,11.0501
110501,Computer Systems Analysis,2018,698.0,11.0501
110501,Computer Systems Analysis,2019,613.0,11.0501
110501,Computer Systems Analysis,2020,563.0,11.0501
110501,Computer Systems Analysis,2021,628.0,11.0501
110501,Computer Systems Analysis,2022,557.0,11.0501
110501,Computer Systems Analysis,2023,1092.0,11.0501
110501,Computer Systems Analysis,2024,1206.0,11.0501
110601,General Data Entry & Microcomputer Applications,2018,20.0,11.0601
110601,General Data Entry & Microcomputer Applications,2019,0.0,11.0601
110701,Computer Science,2012,6202.0,11.0701
110701,Computer Science,2013,6263.0,11.0701
110701,Computer Science,2014,6629.0,11.0701
110701,Computer Science,2015,9126.0,11.0701
110701,Computer Science,2016,12490.0,11.0701
110701,Computer Science,2017,14680.0,11.0701
110701,Computer Science,2018,12602.0,11.0701
110701,Computer Science,2019,11600.0,11.0701
110701,Computer Science,2020,12651.0,11.0701
110701,Computer Science,2021,14364.0,11.0701
110701,Computer Science,2022,12080.0,11.0701
110701,Computer Science,2023,22206.0,11.0701
110701,Computer Science,2024,25590.0,11.0701
110801,"Web Page, Digital, & Information Resource Design",2012,219.0,11.0801
110801,"Web Page, Digital, & Information Resource Design",2013,270.0,11.0801
110801,"Web Page, Digital, & Information Resource Design",2014,252.0,11.0801
110801,"Web Page, Digital, & Information Resource Design",2015,280.0,11.0801
110801,"Web Page, Digital, & Information Resource Design",2016,330.0,11.0801
110801,"Web Page, Digital, & Information Resource Design",2017,440.0,11.0801
110801,"Web Page, Digital, & Information Resource Design",2018,556.0,11.0801
110801,"Web Page, Digital, & Information Resource Design",2019,488.0,11.0801
110801,"Web Page, Digital, & Information Resource Design",2020,452.0,11.0801
110801,"Web Page, Digital, & Information Resource Design",2021,405.0,11.0801
110801,"Web Page, Digital, & Information Resource Design",2022,451.0,11.0801
110801,"Web Page, Digital, & Information Resource Design",2023,501.0,11.0801
110801,"Web Page, Digital, & Information Resource Design",2024,488.0,11.0801
110802,"Data Modeling, Warehouse, & Database Administration",2012,51.0,11.0802
110802,"Data Modeling, Warehouse, & Database Administration",2013,104.0,11.0802
110802,"Data Modeling, Warehouse, & Database Administration",2014,110.0,11.0802
110802,"Data Modeling, Warehouse, & Database Administration",2015,196.0,11.0802
110802,"Data Modeling, Warehouse, & Database Administration",2016,361.0,11.0802
110802,"Data Modeling, Warehouse, & Database Administration",2017,466.0,11.0802
110802,"Data Modeling, Warehouse, & Database Administration",2018,778.0,11.0802
110802,"Data Modeling, Warehouse, & Database Administration",2019,1253.0,11.0802
110802,"Data Modeling, Warehouse, & Database Administration",2020,1712.0,11.0802
110802,"Data Modeling, Warehouse, & Database Administration",2021,2356.0,11.0802
110802,"Data Modeling, Warehouse, & Database Administration",2022,2223.0,11.0802
110802,"Data Modeling, Warehouse, & Database Administration",2023,2472.0,11.0802
110802,"Data Modeling, Warehouse, & Database Administration",2024,2822.0,11.0802
110803,Computer Graphics,2012,170.0,11.0803
110803,Computer Graphics,2013,186.0,11.0803
110803,Computer Graphics,2014,177.0,11.0803
110803,Computer Graphics,2015,188.0,11.0803
110803,Computer Graphics,2016,163.0,11.0803
110803,Computer Graphics,2017,227.0,11.0803
110803,Computer Graphics,2018,285.0,11.0803
110803,Computer Graphics,2019,280.0,11.0803
110803,Computer Graphics,2020,285.0,11.0803
110803,Computer Graphics,2021,245.0,11.0803
110803,Computer Graphics,2022,189.0,11.0803
110803,Computer Graphics,2023,260.0,11.0803
110803,Computer Graphics,2024,259.0,11.0803
110804,"Modeling, Virtual Environments, & Simulation",2012,38.0,11.0804
110804,"Modeling, Virtual Environments, & Simulation",2013,61.0,11.0804
110804,"Modeling, Virtual Environments, & Simulation",2014,70.0,11.0804
110804,"Modeling, Virtual Environments, & Simulation",2015,66.0,11.0804
110804,"Modeling, Virtual Environments, & Simulation",2016,96.0,11.0804
110804,"Modeling, Virtual Environments, & Simulation",2017,102.0,11.0804
110804,"Modeling, Virtual Environments, & Simulation",2018,148.0,11.0804
110804,"Modeling, Virtual Environments, & Simulation",2019,200.0,11.0804
110804,"Modeling, Virtual Environments, & Simulation",2020,201.0,11.0804
110804,"Modeling, Virtual Environments, & Simulation",2021,229.0,11.0804
110804,"Modeling, Virtual Environments, & Simulation",2022,176.0,11.0804
110804,"Modeling, Virtual Environments, & Simulation",2023,194.0,11.0804
110804,"Modeling, Virtual Environments, & Simulation",2024,195.0,11.0804
110899,Other Computer Software & Media Applications,2012,61.0,11.0899
110899,Other Computer Software & Media Applications,2013,65.0,11.0899
110899,Other Computer Software & Media Applications,2014,38.0,11.0899
110899,Other Computer Software & Media Applications,2015,89.0,11.0899
110899,Other Computer Software & Media Applications,2016,156.0,11.0899
110899,Other Computer Software & Media Applications,2017,187.0,11.0899
110899,Other Computer Software & Media Applications,2018,194.0,11.0899
110899,Other Computer Software & Media Applications,2019,274.0,11.0899
110899,Other Computer Software & Media Applications,2020,334.0,11.0899
110899,Other Computer Software & Media Applications,2021,320.0,11.0899
110899,Other Computer Software & Media Applications,2022,315.0,11.0899
110899,Other Computer Software & Media Applications,2023,502.0,11.0899
110899,Other Computer Software & Media Applications,2024,374.0,11.0899
110901,Computer Systems Networking & Telecommunications,2012,492.0,11.0901
110901,Computer Systems Networking & Telecommunications,2013,704.0,11.0901
110901,Computer Systems Networking & Telecommunications,2014,682.0,11.0901
110901,Computer Systems Networking & Telecommunications,2015,649.0,11.0901
110901,Computer Systems Networking & Telecommunications,2016,832.0,11.0901
110901,Computer Systems Networking & Telecommunications,2017,836.0,11.0901
110901,Computer Systems Networking & Telecommunications,2018,747.0,11.0901
110901,Computer Systems Networking & Telecommunications,2019,645.0,11.0901
110901,Computer Systems Networking & Telecommunications,2020,604.0,11.0901
110901,Computer Systems Networking & Telecommunications,2021,566.0,11.0901
110901,Computer Systems Networking & Telecommunications,2022,410.0,11.0901
110901,Computer Systems Networking & Telecommunications,2023,575.0,11.0901
110901,Computer Systems Networking & Telecommunications,2024,488.0,11.0901
110902,Cloud Computing,2023,18.0,11.0902
110902,Cloud Computing,2024,43.0,11.0902
111001,Network & System Administration,2012,7.0,11.1001
111001,Network & System Administration,2013,22.0,11.1001
111001,Network & System Administration,2014,53.0,11.1001
111001,Network & System Administration,2015,61.0,11.1001
111001,Network & System Administration,2016,72.0,11.1001
111001,Network & System Administration,2017,80.0,11.1001
111001,Network & System Administration,2018,77.0,11.1001
111001,Network & System Administration,2019,71.0,11.1001
111001,Network & System Administration,2020,79.0,11.1001
111001,Network & System Administration,2021,54.0,11.1001
111001,Network & System Administration,2022,57.0,11.1001
111001,Network & System Administration,2023,44.0,11.1001
111001,Network & System Administration,2024,47.0,11.1001
111002,"System, Networking, & LAN/WAN Management",2012,9.0,11.1002
111002,"System, Networking, & LAN/WAN Management",2013,18.0,11.1002
111002,"System, Networking, & LAN/WAN Management",2014,22.0,11.1002
111002,"System, Networking, & LAN/WAN Management",2015,26.0,11.1002
111002,"System, Networking, & LAN/WAN Management",2016,29.0,11.1002
111002,"System, Networking, & LAN/WAN Management",2017,32.0,11.1002
111002,"System, Networking, & LAN/WAN Management",2018,26.0,11.1002
111002,"System, Networking, & LAN/WAN Management",2019,20.0,11.1002
111002,"System, Networking, & LAN/WAN Management",2020,13.0,11.1002
111002,"System, Networking, & LAN/WAN Management",2021,27.0,11.1002
111002,"System, Networking, & LAN/WAN Management",2022,14.0,11.1002
111002,"System, Networking, & LAN/WAN Management",2023,36.0,11.1002
111002,"System, Networking, & LAN/WAN Management",2024,73.0,11.1002
111003,Computer & Information Systems Security,2012,778.0,11.1003
111003,Computer & Information Systems Security,2013,1476.0,11.1003
111003,Computer & Information Systems Security,2014,1834.0,11.1003
111003,Computer & Information Systems Security,2015,2096.0,11.1003
111003,Computer & Information Systems Security,2016,2210.0,11.1003
111003,Computer & Information Systems Security,2017,2830.0,11.1003
111003,Computer & Information Systems Security,2018,4990.0,11.1003
111003,Computer & Information Systems Security,2019,5229.0,11.1003
111003,Computer & Information Systems Security,2020,5881.0,11.1003
111003,Computer & Information Systems Security,2021,5574.0,11.1003
111003,Computer & Information Systems Security,2022,6711.0,11.1003
111003,Computer & Information Systems Security,2023,7695.0,11.1003
111003,Computer & Information Systems Security,2024,8513.0,11.1003
111004,Web Multimedia Management & Webmaster,2012,12.0,11.1004
111004,Web Multimedia Management & Webmaster,2013,8.0,11.1004
111004,Web Multimedia Management & Webmaster,2014,13.0,11.1004
111004,Web Multimedia Management & Webmaster,2015,9.0,11.1004
111004,Web Multimedia Management & Webmaster,2016,11.0,11.1004
111004,Web Multimedia Management & Webmaster,2017,10.0,11.1004
111004,Web Multimedia Management & Webmaster,2018,5.0,11.1004
111004,Web Multimedia Management & Webmaster,2019,5.0,11.1004
111004,Web Multimedia Management & Webmaster,2020,2.0,11.1004
111004,Web Multimedia Management & Webmaster,2021,1.0,11.1004
111004,Web Multimedia Management & Webmaster,2022,1.0,11.1004
111004,Web Multimedia Management & Webmaster,2023,4.0,11.1004
111004,Web Multimedia Management & Webmaster,2024,4.0,11.1004
111005,Information Technology Project Management,2012,141.0,11.1005
111005,Information Technology Project Management,2013,149.0,11.1005
111005,Information Technology Project Management,2014,136.0,11.1005
111005,Information Technology Project Management,2015,193.0,11.1005
111005,Information Technology Project Management,2016,384.0,11.1005
111005,Information Technology Project Management,2017,416.0,11.1005
111005,Information Technology Project Management,2018,406.0,11.1005
111005,Information Technology Project Management,2019,658.0,11.1005
111005,Information Technology Project Management,2020,889.0,11.1005
111005,Information Technology Project Management,2021,869.0,11.1005
111005,Information Technology Project Management,2022,1023.0,11.1005
111005,Information Technology Project Management,2023,1284.0,11.1005
111005,Information Technology Project Management,2024,1607.0,11.1005
111099,Other Computer & Information Technology Services Management,2012,224.0,11.1099
111099,Other Computer & Information Technology Services Management,2013,228.0,11.1099
111099,Other Computer & Information Technology Services Management,2014,281.0,11.1099
111099,Other Computer & Information Technology Services Management,2015,382.0,11.1099
111099,Other Computer & Information Technology Services Management,2016,589.0,11.1099
111099,Other Computer & Information Technology Services Management,2017,678.0,11.1099
111099,Other Computer & Information Technology Services Management,2018,889.0,11.1099
111099,Other Computer & Information Technology Services Management,2019,1841.0,11.1099
111099,Other Computer & Information Technology Services Management,2020,3829.0,11.1099
111099,Other Computer & Information Technology Services Management,2021,2656.0,11.1099
111099,Other Computer & Information Technology Services Management,2022,2123.0,11.1099
111099,Other Computer & Information Technology Services Management,2023,2097.0,11.1099
111099,Other Computer & Information Technology Services Management,2024,3329.0,11.1099
119999,Other Computer & Information Support Services,2012,373.0,11.9999
119999,Other Computer & Information Support Services,2013,417.0,11.9999
119999,Other Computer & Information Support Services,2014,400.0,11.9999
119999,Other Computer & Information Support Services,2015,387.0,11.9999
119999,Other Computer & Information Support Services,2016,364.0,11.9999
119999,Other Computer & Information Support Services,2017,279.0,11.9999
119999,Other Computer & Information Support Services,2018,267.0,11.9999
119999,Other Computer & Information Support Services,2019,307.0,11.9999
119999,Other Computer & Information Support Services,2020,177.0,11.9999
119999,Other Computer & Information Support Services,2021,251.0,11.9999
119999,Other Computer & Information Support Services,2022,165.0,11.9999
119999,Other Computer & Information Support Services,2023,167.0,11.9999
119999,Other Computer & Information Support Services,2024,162.0,11.9999
120503,Culinary Arts & Chef Training,2022,0.0,12.0503
120503,Culinary Arts & Chef Training,2023,0.0,12.0503
120503,Culinary Arts & Chef Training,2024,0.0,12.0503
120504,"Restaurant, Culinary, & Catering Management",2021,0.0,12.0504
120504,"Restaurant, Culinary, & Catering Management",2022,4.0,12.0504
120504,"Restaurant, Culinary, & Catering Management",2023,3.0,12.0504
120504,"Restaurant, Culinary, & Catering Management",2024,1.0,12.0504
120509,Culinary Science,2019,4.0,12.0509
120509,Culinary Science,2020,2.0,12.0509
120509,Culinary Science,2021,0.0,12.0509
120509,Culinary Science,2022,0.0,12.0509
120509,Culinary Science,2023,0.0,12.0509
120509,Culinary Science,2024,0.0,12.0509
120599,Other Culinary Arts & Related Services,2012,40.0,12.0599
120599,Other Culinary Arts & Related Services,2013,40.0,12.0599
120599,Other Culinary Arts & Related Services,2014,44.0,12.0599
120599,Other Culinary Arts & Related Services,2015,34.0,12.0599
120599,Other Culinary Arts & Related Services,2016,36.0,12.0599
120599,Other Culinary Arts & Related Services,2017,27.0,12.0599
120599,Other Culinary Arts & Related Services,2018,30.0,12.0599
120599,Other Culinary Arts & Related Services,2019,27.0,12.0599
120599,Other Culinary Arts & Related Services,2020,18.0,12.0599
120599,Other Culinary Arts & Related Services,2021,22.0,12.0599
120599,Other Culinary Arts & Related Services,2022,14.0,12.0599
120599,Other Culinary Arts & Related Services,2023,20.0,12.0599
120599,Other Culinary Arts & Related Services,2024,17.0,12.0599
130101,General Education,2012,26370.0,13.0101
130101,General Education,2013,23811.0,13.0101
130101,General Education,2014,21797.0,13.0101
130101,General Education,2015,19750.0,13.0101
130101,General Education,2016,20301.0,13.0101
130101,General Education,2017,21001.0,13.0101
130101,General Education,2018,20368.0,13.0101
130101,General Education,2019,19995.0,13.0101
130101,General Education,2020,18793.0,13.0101
130101,General Education,2021,17801.0,13.0101
130101,General Education,2022,16667.0,13.0101
130101,General Education,2023,14076.0,13.0101
130101,General Education,2024,13021.0,13.0101
130201,Bilingual & Multilingual Education,2012,821.0,13.0201
130201,Bilingual & Multilingual Education,2013,483.0,13.0201
130201,Bilingual & Multilingual Education,2014,472.0,13.0201
130201,Bilingual & Multilingual Education,2015,475.0,13.0201
130201,Bilingual & Multilingual Education,2016,478.0,13.0201
130201,Bilingual & Multilingual Education,2017,465.0,13.0201
130201,Bilingual & Multilingual Education,2018,452.0,13.0201
130201,Bilingual & Multilingual Education,2019,517.0,13.0201
130201,Bilingual & Multilingual Education,2020,481.0,13.0201
130201,Bilingual & Multilingual Education,2021,591.0,13.0201
130201,Bilingual & Multilingual Education,2022,605.0,13.0201
130201,Bilingual & Multilingual Education,2023,449.0,13.0201
130201,Bilingual & Multilingual Education,2024,447.0,13.0201
130202,Multicultural Education,2012,100.0,13.0202
130202,Multicultural Education,2013,212.0,13.0202
130202,Multicultural Education,2014,172.0,13.0202
130202,Multicultural Education,2015,123.0,13.0202
130202,Multicultural Education,2016,86.0,13.0202
130202,Multicultural Education,2017,118.0,13.0202
130202,Multicultural Education,2018,100.0,13.0202
130202,Multicultural Education,2019,111.0,13.0202
130202,Multicultural Education,2020,176.0,13.0202
130202,Multicultural Education,2021,147.0,13.0202
130202,Multicultural Education,2022,146.0,13.0202
130202,Multicultural Education,2023,144.0,13.0202
130202,Multicultural Education,2024,87.0,13.0202
130203,Native American Education,2019,0.0,13.0203
130203,Native American Education,2020,1.0,13.0203
130203,Native American Education,2021,17.0,13.0203
130203,Native American Education,2022,8.0,13.0203
130203,Native American Education,2023,17.0,13.0203
130203,Native American Education,2024,9.0,13.0203
130299,"Other Bilingual, Multilingual, & Multicultural Education",2012,6.0,13.0299
130299,"Other Bilingual, Multilingual, & Multicultural Education",2013,6.0,13.0299
130299,"Other Bilingual, Multilingual, & Multicultural Education",2014,3.0,13.0299
130299,"Other Bilingual, Multilingual, & Multicultural Education",2015,6.0,13.0299
130299,"Other Bilingual, Multilingual, & Multicultural Education",2016,76.0,13.0299
130299,"Other Bilingual, Multilingual, & Multicultural Education",2017,144.0,13.0299
130299,"Other Bilingual, Multilingual, & Multicultural Education",2018,85.0,13.0299
130299,"Other Bilingual, Multilingual, & Multicultural Education",2019,144.0,13.0299
130299,"Other Bilingual, Multilingual, & Multicultural Education",2020,88.0,13.0299
130299,"Other Bilingual, Multilingual, & Multicultural Education",2021,94.0,13.0299
130299,"Other Bilingual, Multilingual, & Multicultural Education",2022,119.0,13.0299
130299,"Other Bilingual, Multilingual, & Multicultural Education",2023,110.0,13.0299
130299,"Other Bilingual, Multilingual, & Multicultural Education",2024,169.0,13.0299
130301,Curriculum & Instruction,2012,17826.0,13.0301
130301,Curriculum & Instruction,2013,17144.0,13.0301
130301,Curriculum & Instruction,2014,16358.0,13.0301
130301,Curriculum & Instruction,2015,16916.0,13.0301
130301,Curriculum & Instruction,2016,17160.0,13.0301
130301,Curriculum & Instruction,2017,15925.0,13.0301
130301,Curriculum & Instruction,2018,15447.0,13.0301
130301,Curriculum & Instruction,2019,16093.0,13.0301
130301,Curriculum & Instruction,2020,15283.0,13.0301
130301,Curriculum & Instruction,2021,16825.0,13.0301
130301,Curriculum & Instruction,2022,16015.0,13.0301
130301,Curriculum & Instruction,2023,17349.0,13.0301
130301,Curriculum & Instruction,2024,18417.0,13.0301
130401,General Educational Leadership & Administration,2012,18947.0,13.0401
130401,General Educational Leadership & Administration,2013,18663.0,13.0401
130401,General Educational Leadership & Administration,2014,19290.0,13.0401
130401,General Educational Leadership & Administration,2015,17717.0,13.0401
130401,General Educational Leadership & Administration,2016,18558.0,13.0401
130401,General Educational Leadership & Administration,2017,18649.0,13.0401
130401,General Educational Leadership & Administration,2018,19536.0,13.0401
130401,General Educational Leadership & Administration,2019,19818.0,13.0401
130401,General Educational Leadership & Administration,2020,20079.0,13.0401
130401,General Educational Leadership & Administration,2021,20176.0,13.0401
130401,General Educational Leadership & Administration,2022,19555.0,13.0401
130401,General Educational Leadership & Administration,2023,18267.0,13.0401
130401,General Educational Leadership & Administration,2024,16637.0,13.0401
130402,Administration of Special Education,2012,36.0,13.0402
130402,Administration of Special Education,2013,13.0,13.0402
130402,Administration of Special Education,2014,69.0,13.0402
130402,Administration of Special Education,2015,82.0,13.0402
130402,Administration of Special Education,2016,74.0,13.0402
130402,Administration of Special Education,2017,76.0,13.0402
130402,Administration of Special Education,2018,66.0,13.0402
130402,Administration of Special Education,2019,85.0,13.0402
130402,Administration of Special Education,2020,70.0,13.0402
130402,Administration of Special Education,2021,99.0,13.0402
130402,Administration of Special Education,2022,81.0,13.0402
130402,Administration of Special Education,2023,69.0,13.0402
130402,Administration of Special Education,2024,110.0,13.0402
130403,Adult & Continuing Education Administration,2012,152.0,13.0403
130403,Adult & Continuing Education Administration,2013,203.0,13.0403
130403,Adult & Continuing Education Administration,2014,884.0,13.0403
130403,Adult & Continuing Education Administration,2015,737.0,13.0403
130403,Adult & Continuing Education Administration,2016,551.0,13.0403
130403,Adult & Continuing Education Administration,2017,573.0,13.0403
130403,Adult & Continuing Education Administration,2018,370.0,13.0403
130403,Adult & Continuing Education Administration,2019,353.0,13.0403
130403,Adult & Continuing Education Administration,2020,346.0,13.0403
130403,Adult & Continuing Education Administration,2021,372.0,13.0403
130403,Adult & Continuing Education Administration,2022,269.0,13.0403
130403,Adult & Continuing Education Administration,2023,236.0,13.0403
130403,Adult & Continuing Education Administration,2024,249.0,13.0403
130404,"Educational, Instructional, & Curriculum Supervision",2012,998.0,13.0404
130404,"Educational, Instructional, & Curriculum Supervision",2013,972.0,13.0404
130404,"Educational, Instructional, & Curriculum Supervision",2014,983.0,13.0404
130404,"Educational, Instructional, & Curriculum Supervision",2015,982.0,13.0404
130404,"Educational, Instructional, & Curriculum Supervision",2016,1140.0,13.0404
130404,"Educational, Instructional, & Curriculum Supervision",2017,1126.0,13.0404
130404,"Educational, Instructional, & Curriculum Supervision",2018,1326.0,13.0404
130404,"Educational, Instructional, & Curriculum Supervision",2019,1101.0,13.0404
130404,"Educational, Instructional, & Curriculum Supervision",2020,1036.0,13.0404
130404,"Educational, Instructional, & Curriculum Supervision",2021,1115.0,13.0404
130404,"Educational, Instructional, & Curriculum Supervision",2022,1115.0,13.0404
130404,"Educational, Instructional, & Curriculum Supervision",2023,1066.0,13.0404
130404,"Educational, Instructional, & Curriculum Supervision",2024,1112.0,13.0404
130406,Higher Education & Administration,2012,2349.0,13.0406
130406,Higher Education & Administration,2013,2590.0,13.0406
130406,Higher Education & Administration,2014,2728.0,13.0406
130406,Higher Education & Administration,2015,2837.0,13.0406
130406,Higher Education & Administration,2016,3063.0,13.0406
130406,Higher Education & Administration,2017,3088.0,13.0406
130406,Higher Education & Administration,2018,3143.0,13.0406
130406,Higher Education & Administration,2019,3133.0,13.0406
130406,Higher Education & Administration,2020,3390.0,13.0406
130406,Higher Education & Administration,2021,3686.0,13.0406
130406,Higher Education & Administration,2022,3839.0,13.0406
130406,Higher Education & Administration,2023,3339.0,13.0406
130406,Higher Education & Administration,2024,2983.0,13.0406
130407,Community College Education,2012,37.0,13.0407
130407,Community College Education,2013,62.0,13.0407
130407,Community College Education,2014,49.0,13.0407
130407,Community College Education,2015,63.0,13.0407
130407,Community College Education,2016,64.0,13.0407
130407,Community College Education,2017,72.0,13.0407
130407,Community College Education,2018,62.0,13.0407
130407,Community College Education,2019,94.0,13.0407
130407,Community College Education,2020,105.0,13.0407
130407,Community College Education,2021,94.0,13.0407
130407,Community College Education,2022,184.0,13.0407
130407,Community College Education,2023,146.0,13.0407
130407,Community College Education,2024,121.0,13.0407
130408,Elementary & Middle School Administration,2012,1141.0,13.0408
130408,Elementary & Middle School Administration,2013,865.0,13.0408
130408,Elementary & Middle School Administration,2014,656.0,13.0408
130408,Elementary & Middle School Administration,2015,784.0,13.0408
130408,Elementary & Middle School Administration,2016,617.0,13.0408
130408,Elementary & Middle School Administration,2017,625.0,13.0408
130408,Elementary & Middle School Administration,2018,732.0,13.0408
130408,Elementary & Middle School Administration,2019,660.0,13.0408
130408,Elementary & Middle School Administration,2020,652.0,13.0408
130408,Elementary & Middle School Administration,2021,579.0,13.0408
130408,Elementary & Middle School Administration,2022,539.0,13.0408
130408,Elementary & Middle School Administration,2023,437.0,13.0408
130408,Elementary & Middle School Administration,2024,375.0,13.0408
130409,Secondary School Administration,2012,539.0,13.0409
130409,Secondary School Administration,2013,506.0,13.0409
130409,Secondary School Administration,2014,455.0,13.0409
130409,Secondary School Administration,2015,382.0,13.0409
130409,Secondary School Administration,2016,290.0,13.0409
130409,Secondary School Administration,2017,298.0,13.0409
130409,Secondary School Administration,2018,294.0,13.0409
130409,Secondary School Administration,2019,295.0,13.0409
130409,Secondary School Administration,2020,273.0,13.0409
130409,Secondary School Administration,2021,251.0,13.0409
130409,Secondary School Administration,2022,249.0,13.0409
130409,Secondary School Administration,2023,214.0,13.0409
130409,Secondary School Administration,2024,301.0,13.0409
130410,Urban Education & Leadership,2012,365.0,13.041
130410,Urban Education & Leadership,2013,404.0,13.041
130410,Urban Education & Leadership,2014,485.0,13.041
130410,Urban Education & Leadership,2015,434.0,13.041
130410,Urban Education & Leadership,2016,477.0,13.041
130410,Urban Education & Leadership,2017,381.0,13.041
130410,Urban Education & Leadership,2018,384.0,13.041
130410,Urban Education & Leadership,2019,441.0,13.041
130410,Urban Education & Leadership,2020,542.0,13.041
130410,Urban Education & Leadership,2021,526.0,13.041
130410,Urban Education & Leadership,2022,580.0,13.041
130410,Urban Education & Leadership,2023,355.0,13.041
130410,Urban Education & Leadership,2024,384.0,13.041
130411,Superintendency & Educational System Administration,2012,854.0,13.0411
130411,Superintendency & Educational System Administration,2013,559.0,13.0411
130411,Superintendency & Educational System Administration,2014,520.0,13.0411
130411,Superintendency & Educational System Administration,2015,218.0,13.0411
130411,Superintendency & Educational System Administration,2016,312.0,13.0411
130411,Superintendency & Educational System Administration,2017,274.0,13.0411
130411,Superintendency & Educational System Administration,2018,462.0,13.0411
130411,Superintendency & Educational System Administration,2019,452.0,13.0411
130411,Superintendency & Educational System Administration,2020,368.0,13.0411
130411,Superintendency & Educational System Administration,2021,306.0,13.0411
130411,Superintendency & Educational System Administration,2022,321.0,13.0411
130411,Superintendency & Educational System Administration,2023,354.0,13.0411
130411,Superintendency & Educational System Administration,2024,232.0,13.0411
130412,International School Administration/Leadership,2020,2.0,13.0412
130412,International School Administration/Leadership,2021,6.0,13.0412
130412,International School Administration/Leadership,2022,15.0,13.0412
130412,International School Administration/Leadership,2023,9.0,13.0412
130412,International School Administration/Leadership,2024,5.0,13.0412
130413,Education Entrepreneurship,2022,0.0,13.0413
130413,Education Entrepreneurship,2023,0.0,13.0413
130413,Education Entrepreneurship,2024,0.0,13.0413
130414,Early Childhood Program Administration,2020,7.0,13.0414
130414,Early Childhood Program Administration,2021,16.0,13.0414
130414,Early Childhood Program Administration,2022,18.0,13.0414
130414,Early Childhood Program Administration,2023,13.0,13.0414
130414,Early Childhood Program Administration,2024,6.0,13.0414
130499,Other Educational Administration & Supervision,2012,1519.0,13.0499
130499,Other Educational Administration & Supervision,2013,1530.0,13.0499
130499,Other Educational Administration & Supervision,2014,1321.0,13.0499
130499,Other Educational Administration & Supervision,2015,972.0,13.0499
130499,Other Educational Administration & Supervision,2016,1110.0,13.0499
130499,Other Educational Administration & Supervision,2017,1215.0,13.0499
130499,Other Educational Administration & Supervision,2018,1252.0,13.0499
130499,Other Educational Administration & Supervision,2019,1330.0,13.0499
130499,Other Educational Administration & Supervision,2020,1324.0,13.0499
130499,Other Educational Administration & Supervision,2021,1285.0,13.0499
130499,Other Educational Administration & Supervision,2022,1227.0,13.0499
130499,Other Educational Administration & Supervision,2023,1046.0,13.0499
130499,Other Educational Administration & Supervision,2024,911.0,13.0499
130501,Educational & Instructional Technology,2012,4153.0,13.0501
130501,Educational & Instructional Technology,2013,4168.0,13.0501
130501,Educational & Instructional Technology,2014,4590.0,13.0501
130501,Educational & Instructional Technology,2015,4742.0,13.0501
130501,Educational & Instructional Technology,2016,4762.0,13.0501
130501,Educational & Instructional Technology,2017,4436.0,13.0501
130501,Educational & Instructional Technology,2018,5463.0,13.0501
130501,Educational & Instructional Technology,2019,5656.0,13.0501
130501,Educational & Instructional Technology,2020,6191.0,13.0501
130501,Educational & Instructional Technology,2021,6799.0,13.0501
130501,Educational & Instructional Technology,2022,7194.0,13.0501
130501,Educational & Instructional Technology,2023,6792.0,13.0501
130501,Educational & Instructional Technology,2024,6832.0,13.0501
130601,Educational Evaluation & Research,2012,50.0,13.0601
130601,Educational Evaluation & Research,2013,59.0,13.0601
130601,Educational Evaluation & Research,2014,51.0,13.0601
130601,Educational Evaluation & Research,2015,55.0,13.0601
130601,Educational Evaluation & Research,2016,66.0,13.0601
130601,Educational Evaluation & Research,2017,91.0,13.0601
130601,Educational Evaluation & Research,2018,105.0,13.0601
130601,Educational Evaluation & Research,2019,93.0,13.0601
130601,Educational Evaluation & Research,2020,109.0,13.0601
130601,Educational Evaluation & Research,2021,102.0,13.0601
130601,Educational Evaluation & Research,2022,422.0,13.0601
130601,Educational Evaluation & Research,2023,444.0,13.0601
130601,Educational Evaluation & Research,2024,473.0,13.0601
130603,Educational Statistics & Research Methods,2012,56.0,13.0603
130603,Educational Statistics & Research Methods,2013,43.0,13.0603
130603,Educational Statistics & Research Methods,2014,48.0,13.0603
130603,Educational Statistics & Research Methods,2015,61.0,13.0603
130603,Educational Statistics & Research Methods,2016,92.0,13.0603
130603,Educational Statistics & Research Methods,2017,164.0,13.0603
130603,Educational Statistics & Research Methods,2018,95.0,13.0603
130603,Educational Statistics & Research Methods,2019,113.0,13.0603
130603,Educational Statistics & Research Methods,2020,127.0,13.0603
130603,Educational Statistics & Research Methods,2021,138.0,13.0603
130603,Educational Statistics & Research Methods,2022,148.0,13.0603
130603,Educational Statistics & Research Methods,2023,178.0,13.0603
130603,Educational Statistics & Research Methods,2024,169.0,13.0603
130604,"Educational Assessment, Testing, & Measurement",2012,62.0,13.0604
130604,"Educational Assessment, Testing, & Measurement",2013,51.0,13.0604
130604,"Educational Assessment, Testing, & Measurement",2014,70.0,13.0604
130604,"Educational Assessment, Testing, & Measurement",2015,55.0,13.0604
130604,"Educational Assessment, Testing, & Measurement",2016,73.0,13.0604
130604,"Educational Assessment, Testing, & Measurement",2017,60.0,13.0604
130604,"Educational Assessment, Testing, & Measurement",2018,64.0,13.0604
130604,"Educational Assessment, Testing, & Measurement",2019,64.0,13.0604
130604,"Educational Assessment, Testing, & Measurement",2020,77.0,13.0604
130604,"Educational Assessment, Testing, & Measurement",2021,73.0,13.0604
130604,"Educational Assessment, Testing, & Measurement",2022,93.0,13.0604
130604,"Educational Assessment, Testing, & Measurement",2023,89.0,13.0604
130604,"Educational Assessment, Testing, & Measurement",2024,139.0,13.0604
130607,Learning Sciences,2012,19.0,13.0607
130607,Learning Sciences,2013,34.0,13.0607
130607,Learning Sciences,2014,23.0,13.0607
130607,Learning Sciences,2015,44.0,13.0607
130607,Learning Sciences,2016,50.0,13.0607
130607,Learning Sciences,2017,108.0,13.0607
130607,Learning Sciences,2018,99.0,13.0607
130607,Learning Sciences,2019,116.0,13.0607
130607,Learning Sciences,2020,158.0,13.0607
130607,Learning Sciences,2021,169.0,13.0607
130607,Learning Sciences,2022,457.0,13.0607
130607,Learning Sciences,2023,690.0,13.0607
130607,Learning Sciences,2024,937.0,13.0607
130699,"Other Educational Assessment, Evaluation, & Research",2012,147.0,13.0699
130699,"Other Educational Assessment, Evaluation, & Research",2013,131.0,13.0699
130699,"Other Educational Assessment, Evaluation, & Research",2014,103.0,13.0699
130699,"Other Educational Assessment, Evaluation, & Research",2015,120.0,13.0699
130699,"Other Educational Assessment, Evaluation, & Research",2016,149.0,13.0699
130699,"Other Educational Assessment, Evaluation, & Research",2017,127.0,13.0699
130699,"Other Educational Assessment, Evaluation, & Research",2018,128.0,13.0699
130699,"Other Educational Assessment, Evaluation, & Research",2019,131.0,13.0699
130699,"Other Educational Assessment, Evaluation, & Research",2020,109.0,13.0699
130699,"Other Educational Assessment, Evaluation, & Research",2021,161.0,13.0699
130699,"Other Educational Assessment, Evaluation, & Research",2022,117.0,13.0699
130699,"Other Educational Assessment, Evaluation, & Research",2023,119.0,13.0699
130699,"Other Educational Assessment, Evaluation, & Research",2024,125.0,13.0699
130701,International & Comparative Education,2012,276.0,13.0701
130701,International & Comparative Education,2013,196.0,13.0701
130701,International & Comparative Education,2014,267.0,13.0701
130701,International & Comparative Education,2015,332.0,13.0701
130701,International & Comparative Education,2016,307.0,13.0701
130701,International & Comparative Education,2017,287.0,13.0701
130701,International & Comparative Education,2018,313.0,13.0701
130701,International & Comparative Education,2019,293.0,13.0701
130701,International & Comparative Education,2020,269.0,13.0701
130701,International & Comparative Education,2021,230.0,13.0701
130701,International & Comparative Education,2022,204.0,13.0701
130701,International & Comparative Education,2023,234.0,13.0701
130701,International & Comparative Education,2024,193.0,13.0701
130901,Social & Philosophical Foundations of Education,2012,645.0,13.0901
130901,Social & Philosophical Foundations of Education,2013,517.0,13.0901
130901,Social & Philosophical Foundations of Education,2014,512.0,13.0901
130901,Social & Philosophical Foundations of Education,2015,521.0,13.0901
130901,Social & Philosophical Foundations of Education,2016,431.0,13.0901
130901,Social & Philosophical Foundations of Education,2017,335.0,13.0901
130901,Social & Philosophical Foundations of Education,2018,334.0,13.0901
130901,Social & Philosophical Foundations of Education,2019,315.0,13.0901
130901,Social & Philosophical Foundations of Education,2020,302.0,13.0901
130901,Social & Philosophical Foundations of Education,2021,268.0,13.0901
130901,Social & Philosophical Foundations of Education,2022,341.0,13.0901
130901,Social & Philosophical Foundations of Education,2023,302.0,13.0901
130901,Social & Philosophical Foundations of Education,2024,259.0,13.0901
131001,General Special Education & Teaching,2012,13972.0,13.1001
131001,General Special Education & Teaching,2013,13328.0,13.1001
131001,General Special Education & Teaching,2014,11962.0,13.1001
131001,General Special Education & Teaching,2015,11354.0,13.1001
131001,General Special Education & Teaching,2016,12255.0,13.1001
131001,General Special Education & Teaching,2017,11569.0,13.1001
131001,General Special Education & Teaching,2018,11863.0,13.1001
131001,General Special Education & Teaching,2019,12254.0,13.1001
131001,General Special Education & Teaching,2020,13712.0,13.1001
131001,General Special Education & Teaching,2021,15631.0,13.1001
131001,General Special Education & Teaching,2022,14837.0,13.1001
131001,General Special Education & Teaching,2023,14052.0,13.1001
131001,General Special Education & Teaching,2024,13894.0,13.1001
131003,Education of Individuals with Hearing Impairments,2012,154.0,13.1003
131003,Education of Individuals with Hearing Impairments,2013,183.0,13.1003
131003,Education of Individuals with Hearing Impairments,2014,140.0,13.1003
131003,Education of Individuals with Hearing Impairments,2015,135.0,13.1003
131003,Education of Individuals with Hearing Impairments,2016,118.0,13.1003
131003,Education of Individuals with Hearing Impairments,2017,131.0,13.1003
131003,Education of Individuals with Hearing Impairments,2018,132.0,13.1003
131003,Education of Individuals with Hearing Impairments,2019,116.0,13.1003
131003,Education of Individuals with Hearing Impairments,2020,116.0,13.1003
131003,Education of Individuals with Hearing Impairments,2021,97.0,13.1003
131003,Education of Individuals with Hearing Impairments,2022,123.0,13.1003
131003,Education of Individuals with Hearing Impairments,2023,117.0,13.1003
131003,Education of Individuals with Hearing Impairments,2024,96.0,13.1003
131004,Education of the Gifted & Talented,2012,317.0,13.1004
131004,Education of the Gifted & Talented,2013,310.0,13.1004
131004,Education of the Gifted & Talented,2014,318.0,13.1004
131004,Education of the Gifted & Talented,2015,264.0,13.1004
131004,Education of the Gifted & Talented,2016,243.0,13.1004
131004,Education of the Gifted & Talented,2017,340.0,13.1004
131004,Education of the Gifted & Talented,2018,313.0,13.1004
131004,Education of the Gifted & Talented,2019,270.0,13.1004
131004,Education of the Gifted & Talented,2020,325.0,13.1004
131004,Education of the Gifted & Talented,2021,242.0,13.1004
131004,Education of the Gifted & Talented,2022,236.0,13.1004
131004,Education of the Gifted & Talented,2023,229.0,13.1004
131004,Education of the Gifted & Talented,2024,210.0,13.1004
131005,Education of Individuals with Emotional Disturbances,2012,97.0,13.1005
131005,Education of Individuals with Emotional Disturbances,2013,111.0,13.1005
131005,Education of Individuals with Emotional Disturbances,2014,83.0,13.1005
131005,Education of Individuals with Emotional Disturbances,2015,132.0,13.1005
131005,Education of Individuals with Emotional Disturbances,2016,160.0,13.1005
131005,Education of Individuals with Emotional Disturbances,2017,117.0,13.1005
131005,Education of Individuals with Emotional Disturbances,2018,80.0,13.1005
131005,Education of Individuals with Emotional Disturbances,2019,57.0,13.1005
131005,Education of Individuals with Emotional Disturbances,2020,81.0,13.1005
131005,Education of Individuals with Emotional Disturbances,2021,50.0,13.1005
131005,Education of Individuals with Emotional Disturbances,2022,26.0,13.1005
131005,Education of Individuals with Emotional Disturbances,2023,40.0,13.1005
131005,Education of Individuals with Emotional Disturbances,2024,36.0,13.1005
131006,Education of Individuals with Mental Retardation,2012,228.0,13.1006
131006,Education of Individuals with Mental Retardation,2013,151.0,13.1006
131006,Education of Individuals with Mental Retardation,2014,97.0,13.1006
131006,Education of Individuals with Mental Retardation,2015,77.0,13.1006
131006,Education of Individuals with Mental Retardation,2016,48.0,13.1006
131006,Education of Individuals with Mental Retardation,2017,66.0,13.1006
131006,Education of Individuals with Mental Retardation,2018,44.0,13.1006
131006,Education of Individuals with Mental Retardation,2019,47.0,13.1006
131006,Education of Individuals with Mental Retardation,2020,50.0,13.1006
131006,Education of Individuals with Mental Retardation,2021,26.0,13.1006
131006,Education of Individuals with Mental Retardation,2022,48.0,13.1006
131006,Education of Individuals with Mental Retardation,2023,28.0,13.1006
131006,Education of Individuals with Mental Retardation,2024,25.0,13.1006
131007,Education of Individuals with Multiple Disabilities,2012,581.0,13.1007
131007,Education of Individuals with Multiple Disabilities,2013,345.0,13.1007
131007,Education of Individuals with Multiple Disabilities,2014,294.0,13.1007
131007,Education of Individuals with Multiple Disabilities,2015,272.0,13.1007
131007,Education of Individuals with Multiple Disabilities,2016,286.0,13.1007
131007,Education of Individuals with Multiple Disabilities,2017,309.0,13.1007
131007,Education of Individuals with Multiple Disabilities,2018,263.0,13.1007
131007,Education of Individuals with Multiple Disabilities,2019,373.0,13.1007
131007,Education of Individuals with Multiple Disabilities,2020,319.0,13.1007
131007,Education of Individuals with Multiple Disabilities,2021,1580.0,13.1007
131007,Education of Individuals with Multiple Disabilities,2022,1339.0,13.1007
131007,Education of Individuals with Multiple Disabilities,2023,1191.0,13.1007
131007,Education of Individuals with Multiple Disabilities,2024,1078.0,13.1007
131008,Education of Individuals with Orthopedic & Other Physical Health Impairments,2012,22.0,13.1008
131008,Education of Individuals with Orthopedic & Other Physical Health Impairments,2013,14.0,13.1008
131008,Education of Individuals with Orthopedic & Other Physical Health Impairments,2014,17.0,13.1008
131008,Education of Individuals with Orthopedic & Other Physical Health Impairments,2015,14.0,13.1008
131008,Education of Individuals with Orthopedic & Other Physical Health Impairments,2016,0.0,13.1008
131008,Education of Individuals with Orthopedic & Other Physical Health Impairments,2017,3.0,13.1008
131008,Education of Individuals with Orthopedic & Other Physical Health Impairments,2018,0.0,13.1008
131008,Education of Individuals with Orthopedic & Other Physical Health Impairments,2019,0.0,13.1008
131008,Education of Individuals with Orthopedic & Other Physical Health Impairments,2020,0.0,13.1008
131008,Education of Individuals with Orthopedic & Other Physical Health Impairments,2021,2.0,13.1008
131008,Education of Individuals with Orthopedic & Other Physical Health Impairments,2022,1.0,13.1008
131008,Education of Individuals with Orthopedic & Other Physical Health Impairments,2023,0.0,13.1008
131008,Education of Individuals with Orthopedic & Other Physical Health Impairments,2024,0.0,13.1008
131009,Education of Individuals with Vision Impairments,2012,126.0,13.1009
131009,Education of Individuals with Vision Impairments,2013,147.0,13.1009
131009,Education of Individuals with Vision Impairments,2014,127.0,13.1009
131009,Education of Individuals with Vision Impairments,2015,106.0,13.1009
131009,Education of Individuals with Vision Impairments,2016,103.0,13.1009
131009,Education of Individuals with Vision Impairments,2017,96.0,13.1009
131009,Education of Individuals with Vision Impairments,2018,126.0,13.1009
131009,Education of Individuals with Vision Impairments,2019,108.0,13.1009
131009,Education of Individuals with Vision Impairments,2020,103.0,13.1009
131009,Education of Individuals with Vision Impairments,2021,96.0,13.1009
131009,Education of Individuals with Vision Impairments,2022,135.0,13.1009
131009,Education of Individuals with Vision Impairments,2023,108.0,13.1009
131009,Education of Individuals with Vision Impairments,2024,88.0,13.1009
131011,Education of Individuals with Specific Learning Disabilities,2012,316.0,13.1011
131011,Education of Individuals with Specific Learning Disabilities,2013,323.0,13.1011
131011,Education of Individuals with Specific Learning Disabilities,2014,359.0,13.1011
131011,Education of Individuals with Specific Learning Disabilities,2015,249.0,13.1011
131011,Education of Individuals with Specific Learning Disabilities,2016,291.0,13.1011
131011,Education of Individuals with Specific Learning Disabilities,2017,309.0,13.1011
131011,Education of Individuals with Specific Learning Disabilities,2018,272.0,13.1011
131011,Education of Individuals with Specific Learning Disabilities,2019,232.0,13.1011
131011,Education of Individuals with Specific Learning Disabilities,2020,220.0,13.1011
131011,Education of Individuals with Specific Learning Disabilities,2021,225.0,13.1011
131011,Education of Individuals with Specific Learning Disabilities,2022,243.0,13.1011
131011,Education of Individuals with Specific Learning Disabilities,2023,224.0,13.1011
131011,Education of Individuals with Specific Learning Disabilities,2024,154.0,13.1011
131012,Education of Individuals with Speech or Language Impairments,2012,259.0,13.1012
131012,Education of Individuals with Speech or Language Impairments,2013,281.0,13.1012
131012,Education of Individuals with Speech or Language Impairments,2014,221.0,13.1012
131012,Education of Individuals with Speech or Language Impairments,2015,242.0,13.1012
131012,Education of Individuals with Speech or Language Impairments,2016,263.0,13.1012
131012,Education of Individuals with Speech or Language Impairments,2017,261.0,13.1012
131012,Education of Individuals with Speech or Language Impairments,2018,301.0,13.1012
131012,Education of Individuals with Speech or Language Impairments,2019,258.0,13.1012
131012,Education of Individuals with Speech or Language Impairments,2020,227.0,13.1012
131012,Education of Individuals with Speech or Language Impairments,2021,231.0,13.1012
131012,Education of Individuals with Speech or Language Impairments,2022,154.0,13.1012
131012,Education of Individuals with Speech or Language Impairments,2023,146.0,13.1012
131012,Education of Individuals with Speech or Language Impairments,2024,106.0,13.1012
131013,Education of Individuals with Autism,2012,169.0,13.1013
131013,Education of Individuals with Autism,2013,274.0,13.1013
131013,Education of Individuals with Autism,2014,375.0,13.1013
131013,Education of Individuals with Autism,2015,463.0,13.1013
131013,Education of Individuals with Autism,2016,202.0,13.1013
131013,Education of Individuals with Autism,2017,844.0,13.1013
131013,Education of Individuals with Autism,2018,1072.0,13.1013
131013,Education of Individuals with Autism,2019,375.0,13.1013
131013,Education of Individuals with Autism,2020,418.0,13.1013
131013,Education of Individuals with Autism,2021,456.0,13.1013
131013,Education of Individuals with Autism,2022,436.0,13.1013
131013,Education of Individuals with Autism,2023,328.0,13.1013
131013,Education of Individuals with Autism,2024,261.0,13.1013
131014,Education of Individuals Who are Developmentally Delayed,2012,164.0,13.1014
131014,Education of Individuals Who are Developmentally Delayed,2013,147.0,13.1014
131014,Education of Individuals Who are Developmentally Delayed,2014,156.0,13.1014
131014,Education of Individuals Who are Developmentally Delayed,2015,168.0,13.1014
131014,Education of Individuals Who are Developmentally Delayed,2016,5.0,13.1014
131014,Education of Individuals Who are Developmentally Delayed,2017,181.0,13.1014
131014,Education of Individuals Who are Developmentally Delayed,2018,171.0,13.1014
131014,Education of Individuals Who are Developmentally Delayed,2019,174.0,13.1014
131014,Education of Individuals Who are Developmentally Delayed,2020,150.0,13.1014
131014,Education of Individuals Who are Developmentally Delayed,2021,149.0,13.1014
131014,Education of Individuals Who are Developmentally Delayed,2022,90.0,13.1014
131014,Education of Individuals Who are Developmentally Delayed,2023,48.0,13.1014
131014,Education of Individuals Who are Developmentally Delayed,2024,53.0,13.1014
131015,Education of Individuals in Early Childhood Special Education Programs,2012,1027.0,13.1015
131015,Education of Individuals in Early Childhood Special Education Programs,2013,1014.0,13.1015
131015,Education of Individuals in Early Childhood Special Education Programs,2014,1143.0,13.1015
131015,Education of Individuals in Early Childhood Special Education Programs,2015,841.0,13.1015
131015,Education of Individuals in Early Childhood Special Education Programs,2016,875.0,13.1015
131015,Education of Individuals in Early Childhood Special Education Programs,2017,976.0,13.1015
131015,Education of Individuals in Early Childhood Special Education Programs,2018,1051.0,13.1015
131015,Education of Individuals in Early Childhood Special Education Programs,2019,822.0,13.1015
131015,Education of Individuals in Early Childhood Special Education Programs,2020,780.0,13.1015
131015,Education of Individuals in Early Childhood Special Education Programs,2021,685.0,13.1015
131015,Education of Individuals in Early Childhood Special Education Programs,2022,855.0,13.1015
131015,Education of Individuals in Early Childhood Special Education Programs,2023,892.0,13.1015
131015,Education of Individuals in Early Childhood Special Education Programs,2024,900.0,13.1015
131016,Education/Teaching of Individuals with Traumatic Brain Injuries,2022,23.0,13.1016
131016,Education/Teaching of Individuals with Traumatic Brain Injuries,2023,36.0,13.1016
131016,Education/Teaching of Individuals with Traumatic Brain Injuries,2024,31.0,13.1016
131017,Education of Individuals in Elementary Special Education Programs,2012,432.0,13.1017
131017,Education of Individuals in Elementary Special Education Programs,2013,590.0,13.1017
131017,Education of Individuals in Elementary Special Education Programs,2014,1429.0,13.1017
131017,Education of Individuals in Elementary Special Education Programs,2015,1010.0,13.1017
131017,Education of Individuals in Elementary Special Education Programs,2016,1113.0,13.1017
131017,Education of Individuals in Elementary Special Education Programs,2017,1123.0,13.1017
131017,Education of Individuals in Elementary Special Education Programs,2018,980.0,13.1017
131017,Education of Individuals in Elementary Special Education Programs,2019,812.0,13.1017
131017,Education of Individuals in Elementary Special Education Programs,2020,884.0,13.1017
131017,Education of Individuals in Elementary Special Education Programs,2021,1006.0,13.1017
131017,Education of Individuals in Elementary Special Education Programs,2022,1010.0,13.1017
131017,Education of Individuals in Elementary Special Education Programs,2023,1076.0,13.1017
131017,Education of Individuals in Elementary Special Education Programs,2024,1381.0,13.1017
131018,Education of Individuals in Middle School Special Education Programs,2012,200.0,13.1018
131018,Education of Individuals in Middle School Special Education Programs,2013,203.0,13.1018
131018,Education of Individuals in Middle School Special Education Programs,2014,242.0,13.1018
131018,Education of Individuals in Middle School Special Education Programs,2015,134.0,13.1018
131018,Education of Individuals in Middle School Special Education Programs,2016,33.0,13.1018
131018,Education of Individuals in Middle School Special Education Programs,2017,32.0,13.1018
131018,Education of Individuals in Middle School Special Education Programs,2018,42.0,13.1018
131018,Education of Individuals in Middle School Special Education Programs,2019,31.0,13.1018
131018,Education of Individuals in Middle School Special Education Programs,2020,54.0,13.1018
131018,Education of Individuals in Middle School Special Education Programs,2021,141.0,13.1018
131018,Education of Individuals in Middle School Special Education Programs,2022,75.0,13.1018
131018,Education of Individuals in Middle School Special Education Programs,2023,57.0,13.1018
131018,Education of Individuals in Middle School Special Education Programs,2024,83.0,13.1018
131019,Education of Individuals in Secondary Special Education Programs,2012,184.0,13.1019
131019,Education of Individuals in Secondary Special Education Programs,2013,248.0,13.1019
131019,Education of Individuals in Secondary Special Education Programs,2014,380.0,13.1019
131019,Education of Individuals in Secondary Special Education Programs,2015,569.0,13.1019
131019,Education of Individuals in Secondary Special Education Programs,2016,371.0,13.1019
131019,Education of Individuals in Secondary Special Education Programs,2017,477.0,13.1019
131019,Education of Individuals in Secondary Special Education Programs,2018,481.0,13.1019
131019,Education of Individuals in Secondary Special Education Programs,2019,426.0,13.1019
131019,Education of Individuals in Secondary Special Education Programs,2020,406.0,13.1019
131019,Education of Individuals in Secondary Special Education Programs,2021,535.0,13.1019
131019,Education of Individuals in Secondary Special Education Programs,2022,396.0,13.1019
131019,Education of Individuals in Secondary Special Education Programs,2023,477.0,13.1019
131019,Education of Individuals in Secondary Special Education Programs,2024,621.0,13.1019
131099,Other Special Education & Teaching,2012,557.0,13.1099
131099,Other Special Education & Teaching,2013,768.0,13.1099
131099,Other Special Education & Teaching,2014,579.0,13.1099
131099,Other Special Education & Teaching,2015,660.0,13.1099
131099,Other Special Education & Teaching,2016,663.0,13.1099
131099,Other Special Education & Teaching,2017,658.0,13.1099
131099,Other Special Education & Teaching,2018,676.0,13.1099
131099,Other Special Education & Teaching,2019,1658.0,13.1099
131099,Other Special Education & Teaching,2020,1705.0,13.1099
131099,Other Special Education & Teaching,2021,645.0,13.1099
131099,Other Special Education & Teaching,2022,554.0,13.1099
131099,Other Special Education & Teaching,2023,582.0,13.1099
131099,Other Special Education & Teaching,2024,529.0,13.1099
131101,School Counseling & Guidance Services,2012,13066.0,13.1101
131101,School Counseling & Guidance Services,2013,12460.0,13.1101
131101,School Counseling & Guidance Services,2014,11850.0,13.1101
131101,School Counseling & Guidance Services,2015,11586.0,13.1101
131101,School Counseling & Guidance Services,2016,11347.0,13.1101
131101,School Counseling & Guidance Services,2017,11387.0,13.1101
131101,School Counseling & Guidance Services,2018,11173.0,13.1101
131101,School Counseling & Guidance Services,2019,11114.0,13.1101
131101,School Counseling & Guidance Services,2020,11310.0,13.1101
131101,School Counseling & Guidance Services,2021,11039.0,13.1101
131101,School Counseling & Guidance Services,2022,11677.0,13.1101
131101,School Counseling & Guidance Services,2023,11820.0,13.1101
131101,School Counseling & Guidance Services,2024,11025.0,13.1101
131102,College Student Counseling & Personal Services,2012,1044.0,13.1102
131102,College Student Counseling & Personal Services,2013,1014.0,13.1102
131102,College Student Counseling & Personal Services,2014,1061.0,13.1102
131102,College Student Counseling & Personal Services,2015,1114.0,13.1102
131102,College Student Counseling & Personal Services,2016,1022.0,13.1102
131102,College Student Counseling & Personal Services,2017,1081.0,13.1102
131102,College Student Counseling & Personal Services,2018,1148.0,13.1102
131102,College Student Counseling & Personal Services,2019,1031.0,13.1102
131102,College Student Counseling & Personal Services,2020,1013.0,13.1102
131102,College Student Counseling & Personal Services,2021,931.0,13.1102
131102,College Student Counseling & Personal Services,2022,945.0,13.1102
131102,College Student Counseling & Personal Services,2023,880.0,13.1102
131102,College Student Counseling & Personal Services,2024,770.0,13.1102
131199,Other Student Counseling & Personal Services,2012,242.0,13.1199
131199,Other Student Counseling & Personal Services,2013,271.0,13.1199
131199,Other Student Counseling & Personal Services,2014,301.0,13.1199
131199,Other Student Counseling & Personal Services,2015,282.0,13.1199
131199,Other Student Counseling & Personal Services,2016,318.0,13.1199
131199,Other Student Counseling & Personal Services,2017,238.0,13.1199
131199,Other Student Counseling & Personal Services,2018,239.0,13.1199
131199,Other Student Counseling & Personal Services,2019,217.0,13.1199
131199,Other Student Counseling & Personal Services,2020,320.0,13.1199
131199,Other Student Counseling & Personal Services,2021,274.0,13.1199
131199,Other Student Counseling & Personal Services,2022,293.0,13.1199
131199,Other Student Counseling & Personal Services,2023,303.0,13.1199
131199,Other Student Counseling & Personal Services,2024,311.0,13.1199
131201,Adult & Continuing Education,2012,1212.0,13.1201
131201,Adult & Continuing Education,2013,1254.0,13.1201
131201,Adult & Continuing Education,2014,1124.0,13.1201
131201,Adult & Continuing Education,2015,1204.0,13.1201
131201,Adult & Continuing Education,2016,1098.0,13.1201
131201,Adult & Continuing Education,2017,1095.0,13.1201
131201,Adult & Continuing Education,2018,994.0,13.1201
131201,Adult & Continuing Education,2019,864.0,13.1201
131201,Adult & Continuing Education,2020,775.0,13.1201
131201,Adult & Continuing Education,2021,801.0,13.1201
131201,Adult & Continuing Education,2022,723.0,13.1201
131201,Adult & Continuing Education,2023,656.0,13.1201
131201,Adult & Continuing Education,2024,642.0,13.1201
131202,Elementary Education & Teaching,2012,13242.0,13.1202
131202,Elementary Education & Teaching,2013,11387.0,13.1202
131202,Elementary Education & Teaching,2014,9815.0,13.1202
131202,Elementary Education & Teaching,2015,8428.0,13.1202
131202,Elementary Education & Teaching,2016,7513.0,13.1202
131202,Elementary Education & Teaching,2017,7604.0,13.1202
131202,Elementary Education & Teaching,2018,7718.0,13.1202
131202,Elementary Education & Teaching,2019,7385.0,13.1202
131202,Elementary Education & Teaching,2020,7817.0,13.1202
131202,Elementary Education & Teaching,2021,8975.0,13.1202
131202,Elementary Education & Teaching,2022,8905.0,13.1202
131202,Elementary Education & Teaching,2023,8984.0,13.1202
131202,Elementary Education & Teaching,2024,9057.0,13.1202
131203,Middle School Education & Teaching,2012,937.0,13.1203
131203,Middle School Education & Teaching,2013,896.0,13.1203
131203,Middle School Education & Teaching,2014,867.0,13.1203
131203,Middle School Education & Teaching,2015,696.0,13.1203
131203,Middle School Education & Teaching,2016,766.0,13.1203
131203,Middle School Education & Teaching,2017,694.0,13.1203
131203,Middle School Education & Teaching,2018,687.0,13.1203
131203,Middle School Education & Teaching,2019,687.0,13.1203
131203,Middle School Education & Teaching,2020,632.0,13.1203
131203,Middle School Education & Teaching,2021,664.0,13.1203
131203,Middle School Education & Teaching,2022,965.0,13.1203
131203,Middle School Education & Teaching,2023,552.0,13.1203
131203,Middle School Education & Teaching,2024,600.0,13.1203
131205,Secondary Education & Teaching,2012,8122.0,13.1205
131205,Secondary Education & Teaching,2013,7144.0,13.1205
131205,Secondary Education & Teaching,2014,6411.0,13.1205
131205,Secondary Education & Teaching,2015,5858.0,13.1205
131205,Secondary Education & Teaching,2016,5692.0,13.1205
131205,Secondary Education & Teaching,2017,5349.0,13.1205
131205,Secondary Education & Teaching,2018,5334.0,13.1205
131205,Secondary Education & Teaching,2019,4951.0,13.1205
131205,Secondary Education & Teaching,2020,4910.0,13.1205
131205,Secondary Education & Teaching,2021,5777.0,13.1205
131205,Secondary Education & Teaching,2022,6072.0,13.1205
131205,Secondary Education & Teaching,2023,5847.0,13.1205
131205,Secondary Education & Teaching,2024,5395.0,13.1205
131206,Teacher Education,2012,4540.0,13.1206
131206,Teacher Education,2013,3744.0,13.1206
131206,Teacher Education,2014,3490.0,13.1206
131206,Teacher Education,2015,3984.0,13.1206
131206,Teacher Education,2016,3774.0,13.1206
131206,Teacher Education,2017,3756.0,13.1206
131206,Teacher Education,2018,4080.0,13.1206
131206,Teacher Education,2019,4156.0,13.1206
131206,Teacher Education,2020,4351.0,13.1206
131206,Teacher Education,2021,4966.0,13.1206
131206,Teacher Education,2022,4573.0,13.1206
131206,Teacher Education,2023,4326.0,13.1206
131206,Teacher Education,2024,4013.0,13.1206
131207,Montessori Teacher Education,2012,184.0,13.1207
131207,Montessori Teacher Education,2013,175.0,13.1207
131207,Montessori Teacher Education,2014,213.0,13.1207
131207,Montessori Teacher Education,2015,178.0,13.1207
131207,Montessori Teacher Education,2016,174.0,13.1207
131207,Montessori Teacher Education,2017,158.0,13.1207
131207,Montessori Teacher Education,2018,201.0,13.1207
131207,Montessori Teacher Education,2019,236.0,13.1207
131207,Montessori Teacher Education,2020,190.0,13.1207
131207,Montessori Teacher Education,2021,202.0,13.1207
131207,Montessori Teacher Education,2022,172.0,13.1207
131207,Montessori Teacher Education,2023,226.0,13.1207
131207,Montessori Teacher Education,2024,193.0,13.1207
131208,Waldorf/Steiner Teacher Education,2012,2.0,13.1208
131208,Waldorf/Steiner Teacher Education,2018,0.0,13.1208
131209,Kindergarten & Preschool Education,2012,362.0,13.1209
131209,Kindergarten & Preschool Education,2013,313.0,13.1209
131209,Kindergarten & Preschool Education,2014,268.0,13.1209
131209,Kindergarten & Preschool Education,2015,244.0,13.1209
131209,Kindergarten & Preschool Education,2016,240.0,13.1209
131209,Kindergarten & Preschool Education,2017,239.0,13.1209
131209,Kindergarten & Preschool Education,2018,225.0,13.1209
131209,Kindergarten & Preschool Education,2019,263.0,13.1209
131209,Kindergarten & Preschool Education,2020,205.0,13.1209
131209,Kindergarten & Preschool Education,2021,181.0,13.1209
131209,Kindergarten & Preschool Education,2022,151.0,13.1209
131209,Kindergarten & Preschool Education,2023,106.0,13.1209
131209,Kindergarten & Preschool Education,2024,100.0,13.1209
131210,Early Childhood Education & Teaching,2012,2912.0,13.121
131210,Early Childhood Education & Teaching,2013,3004.0,13.121
131210,Early Childhood Education & Teaching,2014,3094.0,13.121
131210,Early Childhood Education & Teaching,2015,2870.0,13.121
131210,Early Childhood Education & Teaching,2016,3036.0,13.121
131210,Early Childhood Education & Teaching,2017,3041.0,13.121
131210,Early Childhood Education & Teaching,2018,3125.0,13.121
131210,Early Childhood Education & Teaching,2019,3466.0,13.121
131210,Early Childhood Education & Teaching,2020,3475.0,13.121
131210,Early Childhood Education & Teaching,2021,3712.0,13.121
131210,Early Childhood Education & Teaching,2022,3805.0,13.121
131210,Early Childhood Education & Teaching,2023,3624.0,13.121
131210,Early Childhood Education & Teaching,2024,3437.0,13.121
131211,Online Educator/Online Teaching,2020,30.0,13.1211
131211,Online Educator/Online Teaching,2021,20.0,13.1211
131211,Online Educator/Online Teaching,2022,24.0,13.1211
131211,Online Educator/Online Teaching,2023,52.0,13.1211
131211,Online Educator/Online Teaching,2024,24.0,13.1211
131213,"Science, Technology, Engineering, And Mathematics (Stem) Educational Methods",2020,177.0,13.1213
131213,"Science, Technology, Engineering, And Mathematics (Stem) Educational Methods",2021,44.0,13.1213
131213,"Science, Technology, Engineering, And Mathematics (Stem) Educational Methods",2022,217.0,13.1213
131213,"Science, Technology, Engineering, And Mathematics (Stem) Educational Methods",2023,278.0,13.1213
131213,"Science, Technology, Engineering, And Mathematics (Stem) Educational Methods",2024,327.0,13.1213
131214,College/Postsecondary/University Teaching,2021,0.0,13.1214
131214,College/Postsecondary/University Teaching,2022,0.0,13.1214
131214,College/Postsecondary/University Teaching,2023,3.0,13.1214
131214,College/Postsecondary/University Teaching,2024,6.0,13.1214
131299,Teacher Education & Professional Development,2012,3828.0,13.1299
131299,Teacher Education & Professional Development,2013,3605.0,13.1299
131299,Teacher Education & Professional Development,2014,3551.0,13.1299
131299,Teacher Education & Professional Development,2015,3357.0,13.1299
131299,Teacher Education & Professional Development,2016,3191.0,13.1299
131299,Teacher Education & Professional Development,2017,3613.0,13.1299
131299,Teacher Education & Professional Development,2018,3596.0,13.1299
131299,Teacher Education & Professional Development,2019,3761.0,13.1299
131299,Teacher Education & Professional Development,2020,3684.0,13.1299
131299,Teacher Education & Professional Development,2021,4032.0,13.1299
131299,Teacher Education & Professional Development,2022,4562.0,13.1299
131299,Teacher Education & Professional Development,2023,4159.0,13.1299
131299,Teacher Education & Professional Development,2024,4671.0,13.1299
131301,Agricultural Teacher Education,2012,321.0,13.1301
131301,Agricultural Teacher Education,2013,261.0,13.1301
131301,Agricultural Teacher Education,2014,252.0,13.1301
131301,Agricultural Teacher Education,2015,230.0,13.1301
131301,Agricultural Teacher Education,2016,223.0,13.1301
131301,Agricultural Teacher Education,2017,261.0,13.1301
131301,Agricultural Teacher Education,2018,246.0,13.1301
131301,Agricultural Teacher Education,2019,285.0,13.1301
131301,Agricultural Teacher Education,2020,276.0,13.1301
131301,Agricultural Teacher Education,2021,293.0,13.1301
131301,Agricultural Teacher Education,2022,287.0,13.1301
131301,Agricultural Teacher Education,2023,308.0,13.1301
131301,Agricultural Teacher Education,2024,318.0,13.1301
131302,Art Teacher Education,2012,1126.0,13.1302
131302,Art Teacher Education,2013,970.0,13.1302
131302,Art Teacher Education,2014,886.0,13.1302
131302,Art Teacher Education,2015,783.0,13.1302
131302,Art Teacher Education,2016,832.0,13.1302
131302,Art Teacher Education,2017,640.0,13.1302
131302,Art Teacher Education,2018,649.0,13.1302
131302,Art Teacher Education,2019,658.0,13.1302
131302,Art Teacher Education,2020,630.0,13.1302
131302,Art Teacher Education,2021,710.0,13.1302
131302,Art Teacher Education,2022,711.0,13.1302
131302,Art Teacher Education,2023,622.0,13.1302
131302,Art Teacher Education,2024,666.0,13.1302
131303,Business Teacher Education,2012,195.0,13.1303
131303,Business Teacher Education,2013,158.0,13.1303
131303,Business Teacher Education,2014,137.0,13.1303
131303,Business Teacher Education,2015,110.0,13.1303
131303,Business Teacher Education,2016,111.0,13.1303
131303,Business Teacher Education,2017,92.0,13.1303
131303,Business Teacher Education,2018,77.0,13.1303
131303,Business Teacher Education,2019,78.0,13.1303
131303,Business Teacher Education,2020,65.0,13.1303
131303,Business Teacher Education,2021,89.0,13.1303
131303,Business Teacher Education,2022,165.0,13.1303
131303,Business Teacher Education,2023,57.0,13.1303
131303,Business Teacher Education,2024,86.0,13.1303
131304,Driver & Safety Teacher Education,2012,9.0,13.1304
131304,Driver & Safety Teacher Education,2013,14.0,13.1304
131304,Driver & Safety Teacher Education,2014,5.0,13.1304
131304,Driver & Safety Teacher Education,2015,5.0,13.1304
131304,Driver & Safety Teacher Education,2016,0.0,13.1304
131304,Driver & Safety Teacher Education,2017,11.0,13.1304
131304,Driver & Safety Teacher Education,2018,23.0,13.1304
131304,Driver & Safety Teacher Education,2019,29.0,13.1304
131304,Driver & Safety Teacher Education,2020,26.0,13.1304
131304,Driver & Safety Teacher Education,2021,23.0,13.1304
131304,Driver & Safety Teacher Education,2022,16.0,13.1304
131304,Driver & Safety Teacher Education,2023,0.0,13.1304
131304,Driver & Safety Teacher Education,2024,0.0,13.1304
131305,English & Language Arts Teacher Education,2012,1068.0,13.1305
131305,English & Language Arts Teacher Education,2013,946.0,13.1305
131305,English & Language Arts Teacher Education,2014,805.0,13.1305
131305,English & Language Arts Teacher Education,2015,795.0,13.1305
131305,English & Language Arts Teacher Education,2016,799.0,13.1305
131305,English & Language Arts Teacher Education,2017,824.0,13.1305
131305,English & Language Arts Teacher Education,2018,742.0,13.1305
131305,English & Language Arts Teacher Education,2019,816.0,13.1305
131305,English & Language Arts Teacher Education,2020,965.0,13.1305
131305,English & Language Arts Teacher Education,2021,978.0,13.1305
131305,English & Language Arts Teacher Education,2022,1118.0,13.1305
131305,English & Language Arts Teacher Education,2023,1021.0,13.1305
131305,English & Language Arts Teacher Education,2024,967.0,13.1305
131306,Foreign Language Teacher Education,2012,237.0,13.1306
131306,Foreign Language Teacher Education,2013,184.0,13.1306
131306,Foreign Language Teacher Education,2014,189.0,13.1306
131306,Foreign Language Teacher Education,2015,186.0,13.1306
131306,Foreign Language Teacher Education,2016,198.0,13.1306
131306,Foreign Language Teacher Education,2017,190.0,13.1306
131306,Foreign Language Teacher Education,2018,201.0,13.1306
131306,Foreign Language Teacher Education,2019,171.0,13.1306
131306,Foreign Language Teacher Education,2020,172.0,13.1306
131306,Foreign Language Teacher Education,2021,220.0,13.1306
131306,Foreign Language Teacher Education,2022,228.0,13.1306
131306,Foreign Language Teacher Education,2023,231.0,13.1306
131306,Foreign Language Teacher Education,2024,206.0,13.1306
131307,Health Teacher Education,2012,544.0,13.1307
131307,Health Teacher Education,2013,516.0,13.1307
131307,Health Teacher Education,2014,644.0,13.1307
131307,Health Teacher Education,2015,586.0,13.1307
131307,Health Teacher Education,2016,505.0,13.1307
131307,Health Teacher Education,2017,594.0,13.1307
131307,Health Teacher Education,2018,487.0,13.1307
131307,Health Teacher Education,2019,462.0,13.1307
131307,Health Teacher Education,2020,443.0,13.1307
131307,Health Teacher Education,2021,499.0,13.1307
131307,Health Teacher Education,2022,551.0,13.1307
131307,Health Teacher Education,2023,458.0,13.1307
131307,Health Teacher Education,2024,487.0,13.1307
131308,Family & Consumer Sciences Teacher Education,2012,86.0,13.1308
131308,Family & Consumer Sciences Teacher Education,2013,54.0,13.1308
131308,Family & Consumer Sciences Teacher Education,2014,62.0,13.1308
131308,Family & Consumer Sciences Teacher Education,2015,69.0,13.1308
131308,Family & Consumer Sciences Teacher Education,2016,83.0,13.1308
131308,Family & Consumer Sciences Teacher Education,2017,74.0,13.1308
131308,Family & Consumer Sciences Teacher Education,2018,71.0,13.1308
131308,Family & Consumer Sciences Teacher Education,2019,82.0,13.1308
131308,Family & Consumer Sciences Teacher Education,2020,68.0,13.1308
131308,Family & Consumer Sciences Teacher Education,2021,53.0,13.1308
131308,Family & Consumer Sciences Teacher Education,2022,66.0,13.1308
131308,Family & Consumer Sciences Teacher Education,2023,47.0,13.1308
131308,Family & Consumer Sciences Teacher Education,2024,59.0,13.1308
131309,Technology & Industrial Arts Teacher Education,2012,338.0,13.1309
131309,Technology & Industrial Arts Teacher Education,2013,300.0,13.1309
131309,Technology & Industrial Arts Teacher Education,2014,336.0,13.1309
131309,Technology & Industrial Arts Teacher Education,2015,329.0,13.1309
131309,Technology & Industrial Arts Teacher Education,2016,296.0,13.1309
131309,Technology & Industrial Arts Teacher Education,2017,424.0,13.1309
131309,Technology & Industrial Arts Teacher Education,2018,353.0,13.1309
131309,Technology & Industrial Arts Teacher Education,2019,341.0,13.1309
131309,Technology & Industrial Arts Teacher Education,2020,305.0,13.1309
131309,Technology & Industrial Arts Teacher Education,2021,265.0,13.1309
131309,Technology & Industrial Arts Teacher Education,2022,223.0,13.1309
131309,Technology & Industrial Arts Teacher Education,2023,181.0,13.1309
131309,Technology & Industrial Arts Teacher Education,2024,184.0,13.1309
131310,"Sales, Marketing, Operations, & Distribution Teacher Education",2012,124.0,13.131
131310,"Sales, Marketing, Operations, & Distribution Teacher Education",2013,0.0,13.131
131310,"Sales, Marketing, Operations, & Distribution Teacher Education",2014,9.0,13.131
131310,"Sales, Marketing, Operations, & Distribution Teacher Education",2015,4.0,13.131
131310,"Sales, Marketing, Operations, & Distribution Teacher Education",2016,0.0,13.131
131310,"Sales, Marketing, Operations, & Distribution Teacher Education",2018,0.0,13.131
131310,"Sales, Marketing, Operations, & Distribution Teacher Education",2019,0.0,13.131
131310,"Sales, Marketing, Operations, & Distribution Teacher Education",2020,0.0,13.131
131310,"Sales, Marketing, Operations, & Distribution Teacher Education",2021,0.0,13.131
131310,"Sales, Marketing, Operations, & Distribution Teacher Education",2022,0.0,13.131
131310,"Sales, Marketing, Operations, & Distribution Teacher Education",2023,0.0,13.131
131310,"Sales, Marketing, Operations, & Distribution Teacher Education",2024,0.0,13.131
131311,Mathematics Teacher Education,2012,1946.0,13.1311
131311,Mathematics Teacher Education,2013,1668.0,13.1311
131311,Mathematics Teacher Education,2014,1633.0,13.1311
131311,Mathematics Teacher Education,2015,1511.0,13.1311
131311,Mathematics Teacher Education,2016,1621.0,13.1311
131311,Mathematics Teacher Education,2017,1461.0,13.1311
131311,Mathematics Teacher Education,2018,1437.0,13.1311
131311,Mathematics Teacher Education,2019,1444.0,13.1311
131311,Mathematics Teacher Education,2020,1474.0,13.1311
131311,Mathematics Teacher Education,2021,1684.0,13.1311
131311,Mathematics Teacher Education,2022,1587.0,13.1311
131311,Mathematics Teacher Education,2023,1666.0,13.1311
131311,Mathematics Teacher Education,2024,1592.0,13.1311
131312,Music Teacher Education,2012,1261.0,13.1312
131312,Music Teacher Education,2013,1184.0,13.1312
131312,Music Teacher Education,2014,1174.0,13.1312
131312,Music Teacher Education,2015,1164.0,13.1312
131312,Music Teacher Education,2016,1139.0,13.1312
131312,Music Teacher Education,2017,1083.0,13.1312
131312,Music Teacher Education,2018,1083.0,13.1312
131312,Music Teacher Education,2019,1152.0,13.1312
131312,Music Teacher Education,2020,1128.0,13.1312
131312,Music Teacher Education,2021,1178.0,13.1312
131312,Music Teacher Education,2022,1210.0,13.1312
131312,Music Teacher Education,2023,1142.0,13.1312
131312,Music Teacher Education,2024,1075.0,13.1312
131314,Physical Education Teaching & Coaching,2012,2236.0,13.1314
131314,Physical Education Teaching & Coaching,2013,2186.0,13.1314
131314,Physical Education Teaching & Coaching,2014,1989.0,13.1314
131314,Physical Education Teaching & Coaching,2015,2006.0,13.1314
131314,Physical Education Teaching & Coaching,2016,1920.0,13.1314
131314,Physical Education Teaching & Coaching,2017,1685.0,13.1314
131314,Physical Education Teaching & Coaching,2018,1597.0,13.1314
131314,Physical Education Teaching & Coaching,2019,1649.0,13.1314
131314,Physical Education Teaching & Coaching,2020,1655.0,13.1314
131314,Physical Education Teaching & Coaching,2021,1717.0,13.1314
131314,Physical Education Teaching & Coaching,2022,1635.0,13.1314
131314,Physical Education Teaching & Coaching,2023,1554.0,13.1314
131314,Physical Education Teaching & Coaching,2024,1613.0,13.1314
131315,Reading Teacher Education,2012,7980.0,13.1315
131315,Reading Teacher Education,2013,6927.0,13.1315
131315,Reading Teacher Education,2014,6019.0,13.1315
131315,Reading Teacher Education,2015,5601.0,13.1315
131315,Reading Teacher Education,2016,5390.0,13.1315
131315,Reading Teacher Education,2017,5600.0,13.1315
131315,Reading Teacher Education,2018,5669.0,13.1315
131315,Reading Teacher Education,2019,5552.0,13.1315
131315,Reading Teacher Education,2020,5181.0,13.1315
131315,Reading Teacher Education,2021,5516.0,13.1315
131315,Reading Teacher Education,2022,5099.0,13.1315
131315,Reading Teacher Education,2023,4837.0,13.1315
131315,Reading Teacher Education,2024,4871.0,13.1315
131316,General Science Teacher Education,2012,875.0,13.1316
131316,General Science Teacher Education,2013,830.0,13.1316
131316,General Science Teacher Education,2014,902.0,13.1316
131316,General Science Teacher Education,2015,752.0,13.1316
131316,General Science Teacher Education,2016,720.0,13.1316
131316,General Science Teacher Education,2017,737.0,13.1316
131316,General Science Teacher Education,2018,890.0,13.1316
131316,General Science Teacher Education,2019,837.0,13.1316
131316,General Science Teacher Education,2020,741.0,13.1316
131316,General Science Teacher Education,2021,829.0,13.1316
131316,General Science Teacher Education,2022,687.0,13.1316
131316,General Science Teacher Education,2023,706.0,13.1316
131316,General Science Teacher Education,2024,586.0,13.1316
131317,Social Science Teacher Education,2012,152.0,13.1317
131317,Social Science Teacher Education,2013,137.0,13.1317
131317,Social Science Teacher Education,2014,111.0,13.1317
131317,Social Science Teacher Education,2015,106.0,13.1317
131317,Social Science Teacher Education,2016,97.0,13.1317
131317,Social Science Teacher Education,2017,88.0,13.1317
131317,Social Science Teacher Education,2018,119.0,13.1317
131317,Social Science Teacher Education,2019,114.0,13.1317
131317,Social Science Teacher Education,2020,131.0,13.1317
131317,Social Science Teacher Education,2021,130.0,13.1317
131317,Social Science Teacher Education,2022,141.0,13.1317
131317,Social Science Teacher Education,2023,86.0,13.1317
131317,Social Science Teacher Education,2024,111.0,13.1317
131318,Social Studies Teacher Education,2012,745.0,13.1318
131318,Social Studies Teacher Education,2013,614.0,13.1318
131318,Social Studies Teacher Education,2014,479.0,13.1318
131318,Social Studies Teacher Education,2015,481.0,13.1318
131318,Social Studies Teacher Education,2016,459.0,13.1318
131318,Social Studies Teacher Education,2017,426.0,13.1318
131318,Social Studies Teacher Education,2018,417.0,13.1318
131318,Social Studies Teacher Education,2019,396.0,13.1318
131318,Social Studies Teacher Education,2020,405.0,13.1318
131318,Social Studies Teacher Education,2021,498.0,13.1318
131318,Social Studies Teacher Education,2022,509.0,13.1318
131318,Social Studies Teacher Education,2023,445.0,13.1318
131318,Social Studies Teacher Education,2024,477.0,13.1318
131319,Technical Teacher Education,2012,233.0,13.1319
131319,Technical Teacher Education,2013,197.0,13.1319
131319,Technical Teacher Education,2014,231.0,13.1319
131319,Technical Teacher Education,2015,252.0,13.1319
131319,Technical Teacher Education,2016,207.0,13.1319
131319,Technical Teacher Education,2017,190.0,13.1319
131319,Technical Teacher Education,2018,139.0,13.1319
131319,Technical Teacher Education,2019,208.0,13.1319
131319,Technical Teacher Education,2020,125.0,13.1319
131319,Technical Teacher Education,2021,179.0,13.1319
131319,Technical Teacher Education,2022,152.0,13.1319
131319,Technical Teacher Education,2023,109.0,13.1319
131319,Technical Teacher Education,2024,111.0,13.1319
131320,Trade & Industrial Teacher Education,2012,279.0,13.132
131320,Trade & Industrial Teacher Education,2013,242.0,13.132
131320,Trade & Industrial Teacher Education,2014,222.0,13.132
131320,Trade & Industrial Teacher Education,2015,232.0,13.132
131320,Trade & Industrial Teacher Education,2016,240.0,13.132
131320,Trade & Industrial Teacher Education,2017,222.0,13.132
131320,Trade & Industrial Teacher Education,2018,194.0,13.132
131320,Trade & Industrial Teacher Education,2019,188.0,13.132
131320,Trade & Industrial Teacher Education,2020,228.0,13.132
131320,Trade & Industrial Teacher Education,2021,220.0,13.132
131320,Trade & Industrial Teacher Education,2022,275.0,13.132
131320,Trade & Industrial Teacher Education,2023,288.0,13.132
131320,Trade & Industrial Teacher Education,2024,263.0,13.132
131321,Computer Teacher Education,2012,635.0,13.1321
131321,Computer Teacher Education,2013,490.0,13.1321
131321,Computer Teacher Education,2014,233.0,13.1321
131321,Computer Teacher Education,2015,146.0,13.1321
131321,Computer Teacher Education,2016,147.0,13.1321
131321,Computer Teacher Education,2017,154.0,13.1321
131321,Computer Teacher Education,2018,135.0,13.1321
131321,Computer Teacher Education,2019,123.0,13.1321
131321,Computer Teacher Education,2020,88.0,13.1321
131321,Computer Teacher Education,2021,90.0,13.1321
131321,Computer Teacher Education,2022,53.0,13.1321
131321,Computer Teacher Education,2023,37.0,13.1321
131321,Computer Teacher Education,2024,43.0,13.1321
131322,Biology Teacher Education,2012,339.0,13.1322
131322,Biology Teacher Education,2013,355.0,13.1322
131322,Biology Teacher Education,2014,295.0,13.1322
131322,Biology Teacher Education,2015,229.0,13.1322
131322,Biology Teacher Education,2016,305.0,13.1322
131322,Biology Teacher Education,2017,290.0,13.1322
131322,Biology Teacher Education,2018,292.0,13.1322
131322,Biology Teacher Education,2019,274.0,13.1322
131322,Biology Teacher Education,2020,350.0,13.1322
131322,Biology Teacher Education,2021,417.0,13.1322
131322,Biology Teacher Education,2022,422.0,13.1322
131322,Biology Teacher Education,2023,358.0,13.1322
131322,Biology Teacher Education,2024,326.0,13.1322
131323,Chemistry Teacher Education,2012,83.0,13.1323
131323,Chemistry Teacher Education,2013,107.0,13.1323
131323,Chemistry Teacher Education,2014,68.0,13.1323
131323,Chemistry Teacher Education,2015,78.0,13.1323
131323,Chemistry Teacher Education,2016,83.0,13.1323
131323,Chemistry Teacher Education,2017,66.0,13.1323
131323,Chemistry Teacher Education,2018,83.0,13.1323
131323,Chemistry Teacher Education,2019,84.0,13.1323
131323,Chemistry Teacher Education,2020,119.0,13.1323
131323,Chemistry Teacher Education,2021,138.0,13.1323
131323,Chemistry Teacher Education,2022,163.0,13.1323
131323,Chemistry Teacher Education,2023,138.0,13.1323
131323,Chemistry Teacher Education,2024,120.0,13.1323
131324,Drama & Dance Teacher Education,2012,72.0,13.1324
131324,Drama & Dance Teacher Education,2013,52.0,13.1324
131324,Drama & Dance Teacher Education,2014,72.0,13.1324
131324,Drama & Dance Teacher Education,2015,68.0,13.1324
131324,Drama & Dance Teacher Education,2016,78.0,13.1324
131324,Drama & Dance Teacher Education,2017,86.0,13.1324
131324,Drama & Dance Teacher Education,2018,66.0,13.1324
131324,Drama & Dance Teacher Education,2019,96.0,13.1324
131324,Drama & Dance Teacher Education,2020,102.0,13.1324
131324,Drama & Dance Teacher Education,2021,118.0,13.1324
131324,Drama & Dance Teacher Education,2022,100.0,13.1324
131324,Drama & Dance Teacher Education,2023,95.0,13.1324
131324,Drama & Dance Teacher Education,2024,106.0,13.1324
131325,French Language Teacher Education,2012,40.0,13.1325
131325,French Language Teacher Education,2013,27.0,13.1325
131325,French Language Teacher Education,2014,30.0,13.1325
131325,French Language Teacher Education,2015,28.0,13.1325
131325,French Language Teacher Education,2016,22.0,13.1325
131325,French Language Teacher Education,2017,19.0,13.1325
131325,French Language Teacher Education,2018,19.0,13.1325
131325,French Language Teacher Education,2019,8.0,13.1325
131325,French Language Teacher Education,2020,14.0,13.1325
131325,French Language Teacher Education,2021,23.0,13.1325
131325,French Language Teacher Education,2022,18.0,13.1325
131325,French Language Teacher Education,2023,7.0,13.1325
131325,French Language Teacher Education,2024,13.0,13.1325
131326,German Language Teacher Education,2012,2.0,13.1326
131326,German Language Teacher Education,2013,1.0,13.1326
131326,German Language Teacher Education,2014,0.0,13.1326
131326,German Language Teacher Education,2015,0.0,13.1326
131326,German Language Teacher Education,2016,1.0,13.1326
131326,German Language Teacher Education,2017,0.0,13.1326
131326,German Language Teacher Education,2018,1.0,13.1326
131326,German Language Teacher Education,2019,0.0,13.1326
131326,German Language Teacher Education,2020,1.0,13.1326
131326,German Language Teacher Education,2021,1.0,13.1326
131326,German Language Teacher Education,2022,0.0,13.1326
131326,German Language Teacher Education,2023,1.0,13.1326
131326,German Language Teacher Education,2024,0.0,13.1326
131327,Health Occupations Teacher Education,2012,27.0,13.1327
131327,Health Occupations Teacher Education,2013,34.0,13.1327
131327,Health Occupations Teacher Education,2014,74.0,13.1327
131327,Health Occupations Teacher Education,2015,87.0,13.1327
131327,Health Occupations Teacher Education,2016,96.0,13.1327
131327,Health Occupations Teacher Education,2017,143.0,13.1327
131327,Health Occupations Teacher Education,2018,159.0,13.1327
131327,Health Occupations Teacher Education,2019,261.0,13.1327
131327,Health Occupations Teacher Education,2020,44.0,13.1327
131327,Health Occupations Teacher Education,2021,33.0,13.1327
131327,Health Occupations Teacher Education,2022,68.0,13.1327
131327,Health Occupations Teacher Education,2023,52.0,13.1327
131327,Health Occupations Teacher Education,2024,75.0,13.1327
131328,History Teacher Education,2012,107.0,13.1328
131328,History Teacher Education,2013,96.0,13.1328
131328,History Teacher Education,2014,96.0,13.1328
131328,History Teacher Education,2015,94.0,13.1328
131328,History Teacher Education,2016,102.0,13.1328
131328,History Teacher Education,2017,112.0,13.1328
131328,History Teacher Education,2018,82.0,13.1328
131328,History Teacher Education,2019,109.0,13.1328
131328,History Teacher Education,2020,180.0,13.1328
131328,History Teacher Education,2021,196.0,13.1328
131328,History Teacher Education,2022,234.0,13.1328
131328,History Teacher Education,2023,216.0,13.1328
131328,History Teacher Education,2024,237.0,13.1328
131329,Physics Teacher Education,2012,58.0,13.1329
131329,Physics Teacher Education,2013,64.0,13.1329
131329,Physics Teacher Education,2014,62.0,13.1329
131329,Physics Teacher Education,2015,55.0,13.1329
131329,Physics Teacher Education,2016,57.0,13.1329
131329,Physics Teacher Education,2017,58.0,13.1329
131329,Physics Teacher Education,2018,54.0,13.1329
131329,Physics Teacher Education,2019,69.0,13.1329
131329,Physics Teacher Education,2020,75.0,13.1329
131329,Physics Teacher Education,2021,95.0,13.1329
131329,Physics Teacher Education,2022,58.0,13.1329
131329,Physics Teacher Education,2023,58.0,13.1329
131329,Physics Teacher Education,2024,57.0,13.1329
131330,Spanish Language Teacher Education,2012,175.0,13.133
131330,Spanish Language Teacher Education,2013,205.0,13.133
131330,Spanish Language Teacher Education,2014,195.0,13.133
131330,Spanish Language Teacher Education,2015,219.0,13.133
131330,Spanish Language Teacher Education,2016,181.0,13.133
131330,Spanish Language Teacher Education,2017,159.0,13.133
131330,Spanish Language Teacher Education,2018,186.0,13.133
131330,Spanish Language Teacher Education,2019,112.0,13.133
131330,Spanish Language Teacher Education,2020,106.0,13.133
131330,Spanish Language Teacher Education,2021,141.0,13.133
131330,Spanish Language Teacher Education,2022,135.0,13.133
131330,Spanish Language Teacher Education,2023,117.0,13.133
131330,Spanish Language Teacher Education,2024,118.0,13.133
131331,Speech Teacher Education,2012,62.0,13.1331
131331,Speech Teacher Education,2013,65.0,13.1331
131331,Speech Teacher Education,2014,46.0,13.1331
131331,Speech Teacher Education,2015,28.0,13.1331
131331,Speech Teacher Education,2016,24.0,13.1331
131331,Speech Teacher Education,2017,29.0,13.1331
131331,Speech Teacher Education,2018,30.0,13.1331
131331,Speech Teacher Education,2019,22.0,13.1331
131331,Speech Teacher Education,2020,17.0,13.1331
131331,Speech Teacher Education,2021,23.0,13.1331
131331,Speech Teacher Education,2022,24.0,13.1331
131331,Speech Teacher Education,2023,17.0,13.1331
131331,Speech Teacher Education,2024,17.0,13.1331
131332,Geography Teacher Education,2012,9.0,13.1332
131332,Geography Teacher Education,2013,14.0,13.1332
131332,Geography Teacher Education,2014,2.0,13.1332
131332,Geography Teacher Education,2015,3.0,13.1332
131332,Geography Teacher Education,2016,0.0,13.1332
131332,Geography Teacher Education,2017,1.0,13.1332
131332,Geography Teacher Education,2018,1.0,13.1332
131332,Geography Teacher Education,2019,1.0,13.1332
131332,Geography Teacher Education,2020,1.0,13.1332
131332,Geography Teacher Education,2021,1.0,13.1332
131332,Geography Teacher Education,2022,0.0,13.1332
131332,Geography Teacher Education,2023,0.0,13.1332
131332,Geography Teacher Education,2024,0.0,13.1332
131333,Latin Teacher Education,2012,8.0,13.1333
131333,Latin Teacher Education,2013,14.0,13.1333
131333,Latin Teacher Education,2014,14.0,13.1333
131333,Latin Teacher Education,2015,4.0,13.1333
131333,Latin Teacher Education,2016,6.0,13.1333
131333,Latin Teacher Education,2017,2.0,13.1333
131333,Latin Teacher Education,2018,4.0,13.1333
131333,Latin Teacher Education,2019,4.0,13.1333
131333,Latin Teacher Education,2020,3.0,13.1333
131333,Latin Teacher Education,2021,3.0,13.1333
131333,Latin Teacher Education,2022,3.0,13.1333
131333,Latin Teacher Education,2023,3.0,13.1333
131333,Latin Teacher Education,2024,2.0,13.1333
131334,School Librarian & Library Media Specialist,2012,170.0,13.1334
131334,School Librarian & Library Media Specialist,2013,170.0,13.1334
131334,School Librarian & Library Media Specialist,2014,145.0,13.1334
131334,School Librarian & Library Media Specialist,2015,265.0,13.1334
131334,School Librarian & Library Media Specialist,2016,193.0,13.1334
131334,School Librarian & Library Media Specialist,2017,228.0,13.1334
131334,School Librarian & Library Media Specialist,2018,255.0,13.1334
131334,School Librarian & Library Media Specialist,2019,259.0,13.1334
131334,School Librarian & Library Media Specialist,2020,236.0,13.1334
131334,School Librarian & Library Media Specialist,2021,276.0,13.1334
131334,School Librarian & Library Media Specialist,2022,314.0,13.1334
131334,School Librarian & Library Media Specialist,2023,257.0,13.1334
131334,School Librarian & Library Media Specialist,2024,305.0,13.1334
131335,Psychology Teacher Education,2012,0.0,13.1335
131335,Psychology Teacher Education,2013,0.0,13.1335
131335,Psychology Teacher Education,2014,0.0,13.1335
131335,Psychology Teacher Education,2015,0.0,13.1335
131335,Psychology Teacher Education,2016,0.0,13.1335
131335,Psychology Teacher Education,2017,0.0,13.1335
131335,Psychology Teacher Education,2018,0.0,13.1335
131335,Psychology Teacher Education,2019,0.0,13.1335
131335,Psychology Teacher Education,2020,0.0,13.1335
131335,Psychology Teacher Education,2021,0.0,13.1335
131335,Psychology Teacher Education,2022,0.0,13.1335
131335,Psychology Teacher Education,2023,0.0,13.1335
131335,Psychology Teacher Education,2024,0.0,13.1335
131337,Earth Science Teacher Education,2012,54.0,13.1337
131337,Earth Science Teacher Education,2013,48.0,13.1337
131337,Earth Science Teacher Education,2014,66.0,13.1337
131337,Earth Science Teacher Education,2015,44.0,13.1337
131337,Earth Science Teacher Education,2016,44.0,13.1337
131337,Earth Science Teacher Education,2017,54.0,13.1337
131337,Earth Science Teacher Education,2018,52.0,13.1337
131337,Earth Science Teacher Education,2019,60.0,13.1337
131337,Earth Science Teacher Education,2020,77.0,13.1337
131337,Earth Science Teacher Education,2021,111.0,13.1337
131337,Earth Science Teacher Education,2022,53.0,13.1337
131337,Earth Science Teacher Education,2023,50.0,13.1337
131337,Earth Science Teacher Education,2024,98.0,13.1337
131338,Environmental Education,2012,10.0,13.1338
131338,Environmental Education,2013,16.0,13.1338
131338,Environmental Education,2014,11.0,13.1338
131338,Environmental Education,2015,23.0,13.1338
131338,Environmental Education,2016,188.0,13.1338
131338,Environmental Education,2017,57.0,13.1338
131338,Environmental Education,2018,84.0,13.1338
131338,Environmental Education,2019,33.0,13.1338
131338,Environmental Education,2020,26.0,13.1338
131338,Environmental Education,2021,38.0,13.1338
131338,Environmental Education,2022,22.0,13.1338
131338,Environmental Education,2023,31.0,13.1338
131338,Environmental Education,2024,29.0,13.1338
131399,Other Teacher Education & Professional Development,2012,2182.0,13.1399
131399,Other Teacher Education & Professional Development,2013,1941.0,13.1399
131399,Other Teacher Education & Professional Development,2014,1856.0,13.1399
131399,Other Teacher Education & Professional Development,2015,1660.0,13.1399
131399,Other Teacher Education & Professional Development,2016,1385.0,13.1399
131399,Other Teacher Education & Professional Development,2017,1344.0,13.1399
131399,Other Teacher Education & Professional Development,2018,1445.0,13.1399
131399,Other Teacher Education & Professional Development,2019,1488.0,13.1399
131399,Other Teacher Education & Professional Development,2020,1318.0,13.1399
131399,Other Teacher Education & Professional Development,2021,1213.0,13.1399
131399,Other Teacher Education & Professional Development,2022,1466.0,13.1399
131399,Other Teacher Education & Professional Development,2023,1261.0,13.1399
131399,Other Teacher Education & Professional Development,2024,918.0,13.1399
131401,Teaching English as a Second or Foreign Language Instructor,2012,3232.0,13.1401
131401,Teaching English as a Second or Foreign Language Instructor,2013,3212.0,13.1401
131401,Teaching English as a Second or Foreign Language Instructor,2014,3454.0,13.1401
131401,Teaching English as a Second or Foreign Language Instructor,2015,3522.0,13.1401
131401,Teaching English as a Second or Foreign Language Instructor,2016,3366.0,13.1401
131401,Teaching English as a Second or Foreign Language Instructor,2017,3526.0,13.1401
131401,Teaching English as a Second or Foreign Language Instructor,2018,3581.0,13.1401
131401,Teaching English as a Second or Foreign Language Instructor,2019,3296.0,13.1401
131401,Teaching English as a Second or Foreign Language Instructor,2020,3458.0,13.1401
131401,Teaching English as a Second or Foreign Language Instructor,2021,3448.0,13.1401
131401,Teaching English as a Second or Foreign Language Instructor,2022,3254.0,13.1401
131401,Teaching English as a Second or Foreign Language Instructor,2023,3038.0,13.1401
131401,Teaching English as a Second or Foreign Language Instructor,2024,2742.0,13.1401
131402,Teaching French as a Second or Foreign Language,2012,1.0,13.1402
131402,Teaching French as a Second or Foreign Language,2013,0.0,13.1402
131402,Teaching French as a Second or Foreign Language,2014,0.0,13.1402
131402,Teaching French as a Second or Foreign Language,2015,0.0,13.1402
131402,Teaching French as a Second or Foreign Language,2016,0.0,13.1402
131499,Other Teaching English or French as a Second or Foreign Language,2015,5.0,13.1499
131499,Other Teaching English or French as a Second or Foreign Language,2016,5.0,13.1499
131499,Other Teaching English or French as a Second or Foreign Language,2017,5.0,13.1499
131499,Other Teaching English or French as a Second or Foreign Language,2018,17.0,13.1499
131499,Other Teaching English or French as a Second or Foreign Language,2019,8.0,13.1499
131499,Other Teaching English or French as a Second or Foreign Language,2020,15.0,13.1499
131499,Other Teaching English or French as a Second or Foreign Language,2021,2.0,13.1499
131499,Other Teaching English or French as a Second or Foreign Language,2022,3.0,13.1499
131499,Other Teaching English or French as a Second or Foreign Language,2023,3.0,13.1499
131499,Other Teaching English or French as a Second or Foreign Language,2024,2.0,13.1499
131501,Teacher Assistant & Aides,2012,1.0,13.1501
131501,Teacher Assistant & Aides,2013,3.0,13.1501
131501,Teacher Assistant & Aides,2014,19.0,13.1501
131501,Teacher Assistant & Aides,2015,18.0,13.1501
131501,Teacher Assistant & Aides,2016,17.0,13.1501
131501,Teacher Assistant & Aides,2023,0.0,13.1501
131501,Teacher Assistant & Aides,2024,0.0,13.1501
131502,Adult Literacy Instructor,2012,26.0,13.1502
131502,Adult Literacy Instructor,2013,41.0,13.1502
131502,Adult Literacy Instructor,2014,10.0,13.1502
131502,Adult Literacy Instructor,2015,16.0,13.1502
131502,Adult Literacy Instructor,2016,11.0,13.1502
131502,Adult Literacy Instructor,2017,7.0,13.1502
131502,Adult Literacy Instructor,2018,16.0,13.1502
131502,Adult Literacy Instructor,2019,5.0,13.1502
131502,Adult Literacy Instructor,2020,21.0,13.1502
131502,Adult Literacy Instructor,2021,12.0,13.1502
131502,Adult Literacy Instructor,2022,13.0,13.1502
131502,Adult Literacy Instructor,2023,9.0,13.1502
131502,Adult Literacy Instructor,2024,8.0,13.1502
131599,Other Teaching Assistants & Aides,2012,0.0,13.1599
131599,Other Teaching Assistants & Aides,2013,0.0,13.1599
131599,Other Teaching Assistants & Aides,2014,0.0,13.1599
139999,Other Education,2012,3587.0,13.9999
139999,Other Education,2013,3059.0,13.9999
139999,Other Education,2014,2815.0,13.9999
139999,Other Education,2015,2781.0,13.9999
139999,Other Education,2016,2616.0,13.9999
139999,Other Education,2017,2445.0,13.9999
139999,Other Education,2018,2431.0,13.9999
139999,Other Education,2019,2228.0,13.9999
139999,Other Education,2020,2066.0,13.9999
139999,Other Education,2021,1705.0,13.9999
139999,Other Education,2022,1679.0,13.9999
139999,Other Education,2023,1604.0,13.9999
139999,Other Education,2024,1148.0,13.9999
140101,General Engineering,2012,2154.0,14.0101
140101,General Engineering,2013,2037.0,14.0101
140101,General Engineering,2014,2098.0,14.0101
140101,General Engineering,2015,2365.0,14.0101
140101,General Engineering,2016,2547.0,14.0101
140101,General Engineering,2017,2847.0,14.0101
140101,General Engineering,2018,2732.0,14.0101
140101,General Engineering,2019,2939.0,14.0101
140101,General Engineering,2020,2743.0,14.0101
140101,General Engineering,2021,2899.0,14.0101
140101,General Engineering,2022,2548.0,14.0101
140101,General Engineering,2023,3660.0,14.0101
140101,General Engineering,2024,3868.0,14.0101
140103,Applied Engineering,2020,83.0,14.0103
140103,Applied Engineering,2021,70.0,14.0103
140103,Applied Engineering,2022,107.0,14.0103
140103,Applied Engineering,2023,123.0,14.0103
140103,Applied Engineering,2024,213.0,14.0103
140201,"Aerospace, Aeronautical, & Astronautical Engineering",2012,1503.0,14.0201
140201,"Aerospace, Aeronautical, & Astronautical Engineering",2013,1335.0,14.0201
140201,"Aerospace, Aeronautical, & Astronautical Engineering",2014,1405.0,14.0201
140201,"Aerospace, Aeronautical, & Astronautical Engineering",2015,1407.0,14.0201
140201,"Aerospace, Aeronautical, & Astronautical Engineering",2016,1527.0,14.0201
140201,"Aerospace, Aeronautical, & Astronautical Engineering",2017,1650.0,14.0201
140201,"Aerospace, Aeronautical, & Astronautical Engineering",2018,1699.0,14.0201
140201,"Aerospace, Aeronautical, & Astronautical Engineering",2019,1715.0,14.0201
140201,"Aerospace, Aeronautical, & Astronautical Engineering",2020,1767.0,14.0201
140201,"Aerospace, Aeronautical, & Astronautical Engineering",2021,1875.0,14.0201
140201,"Aerospace, Aeronautical, & Astronautical Engineering",2022,2077.0,14.0201
140201,"Aerospace, Aeronautical, & Astronautical Engineering",2023,2392.0,14.0201
140201,"Aerospace, Aeronautical, & Astronautical Engineering",2024,2504.0,14.0201
140202,Astronautical Engineering,2021,5.0,14.0202
140202,Astronautical Engineering,2022,3.0,14.0202
140202,Astronautical Engineering,2023,10.0,14.0202
140202,Astronautical Engineering,2024,8.0,14.0202
140299,"Aerospace, Aeronautical, And Astronautical/Space Engineering, Other",2024,0.0,14.0299
140301,Agricultural Engineering,2012,272.0,14.0301
140301,Agricultural Engineering,2013,310.0,14.0301
140301,Agricultural Engineering,2014,306.0,14.0301
140301,Agricultural Engineering,2015,258.0,14.0301
140301,Agricultural Engineering,2016,307.0,14.0301
140301,Agricultural Engineering,2017,316.0,14.0301
140301,Agricultural Engineering,2018,208.0,14.0301
140301,Agricultural Engineering,2019,203.0,14.0301
140301,Agricultural Engineering,2020,238.0,14.0301
140301,Agricultural Engineering,2021,197.0,14.0301
140301,Agricultural Engineering,2022,198.0,14.0301
140301,Agricultural Engineering,2023,264.0,14.0301
140301,Agricultural Engineering,2024,202.0,14.0301
140401,Architectural Engineering,2012,142.0,14.0401
140401,Architectural Engineering,2013,142.0,14.0401
140401,Architectural Engineering,2014,129.0,14.0401
140401,Architectural Engineering,2015,130.0,14.0401
140401,Architectural Engineering,2016,167.0,14.0401
140401,Architectural Engineering,2017,184.0,14.0401
140401,Architectural Engineering,2018,153.0,14.0401
140401,Architectural Engineering,2019,173.0,14.0401
140401,Architectural Engineering,2020,172.0,14.0401
140401,Architectural Engineering,2021,168.0,14.0401
140401,Architectural Engineering,2022,183.0,14.0401
140401,Architectural Engineering,2023,184.0,14.0401
140401,Architectural Engineering,2024,197.0,14.0401
140501,Bioengineering & Biomedical Engineering,2012,1835.0,14.0501
140501,Bioengineering & Biomedical Engineering,2013,1916.0,14.0501
140501,Bioengineering & Biomedical Engineering,2014,1925.0,14.0501
140501,Bioengineering & Biomedical Engineering,2015,2209.0,14.0501
140501,Bioengineering & Biomedical Engineering,2016,2360.0,14.0501
140501,Bioengineering & Biomedical Engineering,2017,2562.0,14.0501
140501,Bioengineering & Biomedical Engineering,2018,2842.0,14.0501
140501,Bioengineering & Biomedical Engineering,2019,2909.0,14.0501
140501,Bioengineering & Biomedical Engineering,2020,2858.0,14.0501
140501,Bioengineering & Biomedical Engineering,2021,3089.0,14.0501
140501,Bioengineering & Biomedical Engineering,2022,3217.0,14.0501
140501,Bioengineering & Biomedical Engineering,2023,3671.0,14.0501
140501,Bioengineering & Biomedical Engineering,2024,3716.0,14.0501
140601,Ceramic Sciences & Engineering,2012,7.0,14.0601
140601,Ceramic Sciences & Engineering,2013,15.0,14.0601
140601,Ceramic Sciences & Engineering,2014,9.0,14.0601
140601,Ceramic Sciences & Engineering,2015,16.0,14.0601
140601,Ceramic Sciences & Engineering,2016,22.0,14.0601
140601,Ceramic Sciences & Engineering,2017,7.0,14.0601
140601,Ceramic Sciences & Engineering,2018,16.0,14.0601
140601,Ceramic Sciences & Engineering,2019,14.0,14.0601
140601,Ceramic Sciences & Engineering,2020,14.0,14.0601
140601,Ceramic Sciences & Engineering,2021,15.0,14.0601
140601,Ceramic Sciences & Engineering,2022,16.0,14.0601
140601,Ceramic Sciences & Engineering,2023,17.0,14.0601
140601,Ceramic Sciences & Engineering,2024,19.0,14.0601
140701,Chemical Engineering,2012,1369.0,14.0701
140701,Chemical Engineering,2013,1389.0,14.0701
140701,Chemical Engineering,2014,1477.0,14.0701
140701,Chemical Engineering,2015,1588.0,14.0701
140701,Chemical Engineering,2016,1657.0,14.0701
140701,Chemical Engineering,2017,1775.0,14.0701
140701,Chemical Engineering,2018,1876.0,14.0701
140701,Chemical Engineering,2019,1779.0,14.0701
140701,Chemical Engineering,2020,1583.0,14.0701
140701,Chemical Engineering,2021,1527.0,14.0701
140701,Chemical Engineering,2022,1494.0,14.0701
140701,Chemical Engineering,2023,1617.0,14.0701
140701,Chemical Engineering,2024,1567.0,14.0701
140702,Chemical & Biomolecular Engineering,2012,12.0,14.0702
140702,Chemical & Biomolecular Engineering,2013,51.0,14.0702
140702,Chemical & Biomolecular Engineering,2014,37.0,14.0702
140702,Chemical & Biomolecular Engineering,2015,34.0,14.0702
140702,Chemical & Biomolecular Engineering,2016,29.0,14.0702
140702,Chemical & Biomolecular Engineering,2017,20.0,14.0702
140702,Chemical & Biomolecular Engineering,2018,43.0,14.0702
140702,Chemical & Biomolecular Engineering,2019,40.0,14.0702
140702,Chemical & Biomolecular Engineering,2020,56.0,14.0702
140702,Chemical & Biomolecular Engineering,2021,31.0,14.0702
140702,Chemical & Biomolecular Engineering,2022,62.0,14.0702
140702,Chemical & Biomolecular Engineering,2023,70.0,14.0702
140702,Chemical & Biomolecular Engineering,2024,80.0,14.0702
140799,Other Chemical Engineering,2012,0.0,14.0799
140799,Other Chemical Engineering,2013,1.0,14.0799
140799,Other Chemical Engineering,2014,8.0,14.0799
140799,Other Chemical Engineering,2015,7.0,14.0799
140799,Other Chemical Engineering,2016,16.0,14.0799
140799,Other Chemical Engineering,2017,6.0,14.0799
140799,Other Chemical Engineering,2018,2.0,14.0799
140799,Other Chemical Engineering,2019,5.0,14.0799
140799,Other Chemical Engineering,2020,3.0,14.0799
140799,Other Chemical Engineering,2021,0.0,14.0799
140799,Other Chemical Engineering,2022,0.0,14.0799
140799,Other Chemical Engineering,2023,0.0,14.0799
140799,Other Chemical Engineering,2024,8.0,14.0799
140801,General Civil Engineering,2012,4993.0,14.0801
140801,General Civil Engineering,2013,4983.0,14.0801
140801,General Civil Engineering,2014,5171.0,14.0801
140801,General Civil Engineering,2015,5070.0,14.0801
140801,General Civil Engineering,2016,5238.0,14.0801
140801,General Civil Engineering,2017,5318.0,14.0801
140801,General Civil Engineering,2018,5370.0,14.0801
140801,General Civil Engineering,2019,5184.0,14.0801
140801,General Civil Engineering,2020,4675.0,14.0801
140801,General Civil Engineering,2021,4500.0,14.0801
140801,General Civil Engineering,2022,4123.0,14.0801
140801,General Civil Engineering,2023,4603.0,14.0801
140801,General Civil Engineering,2024,4565.0,14.0801
140802,Geotechnical & Geoenvironmental Engineering,2012,0.0,14.0802
140802,Geotechnical & Geoenvironmental Engineering,2013,3.0,14.0802
140802,Geotechnical & Geoenvironmental Engineering,2014,1.0,14.0802
140802,Geotechnical & Geoenvironmental Engineering,2015,1.0,14.0802
140802,Geotechnical & Geoenvironmental Engineering,2016,3.0,14.0802
140802,Geotechnical & Geoenvironmental Engineering,2017,1.0,14.0802
140802,Geotechnical & Geoenvironmental Engineering,2018,2.0,14.0802
140802,Geotechnical & Geoenvironmental Engineering,2019,2.0,14.0802
140802,Geotechnical & Geoenvironmental Engineering,2020,3.0,14.0802
140802,Geotechnical & Geoenvironmental Engineering,2021,1.0,14.0802
140802,Geotechnical & Geoenvironmental Engineering,2022,4.0,14.0802
140802,Geotechnical & Geoenvironmental Engineering,2023,2.0,14.0802
140802,Geotechnical & Geoenvironmental Engineering,2024,14.0,14.0802
140803,Structural Engineering,2012,200.0,14.0803
140803,Structural Engineering,2013,219.0,14.0803
140803,Structural Engineering,2014,217.0,14.0803
140803,Structural Engineering,2015,196.0,14.0803
140803,Structural Engineering,2016,223.0,14.0803
140803,Structural Engineering,2017,231.0,14.0803
140803,Structural Engineering,2018,245.0,14.0803
140803,Structural Engineering,2019,211.0,14.0803
140803,Structural Engineering,2020,162.0,14.0803
140803,Structural Engineering,2021,161.0,14.0803
140803,Structural Engineering,2022,131.0,14.0803
140803,Structural Engineering,2023,132.0,14.0803
140803,Structural Engineering,2024,147.0,14.0803
140804,Transportation & Highway Engineering,2012,68.0,14.0804
140804,Transportation & Highway Engineering,2013,55.0,14.0804
140804,Transportation & Highway Engineering,2014,95.0,14.0804
140804,Transportation & Highway Engineering,2015,89.0,14.0804
140804,Transportation & Highway Engineering,2016,119.0,14.0804
140804,Transportation & Highway Engineering,2017,101.0,14.0804
140804,Transportation & Highway Engineering,2018,97.0,14.0804
140804,Transportation & Highway Engineering,2019,93.0,14.0804
140804,Transportation & Highway Engineering,2020,98.0,14.0804
140804,Transportation & Highway Engineering,2021,93.0,14.0804
140804,Transportation & Highway Engineering,2022,79.0,14.0804
140804,Transportation & Highway Engineering,2023,98.0,14.0804
140804,Transportation & Highway Engineering,2024,82.0,14.0804
140805,Water Resources Engineering,2012,63.0,14.0805
140805,Water Resources Engineering,2013,60.0,14.0805
140805,Water Resources Engineering,2014,65.0,14.0805
140805,Water Resources Engineering,2015,51.0,14.0805
140805,Water Resources Engineering,2016,72.0,14.0805
140805,Water Resources Engineering,2017,54.0,14.0805
140805,Water Resources Engineering,2018,56.0,14.0805
140805,Water Resources Engineering,2019,61.0,14.0805
140805,Water Resources Engineering,2020,37.0,14.0805
140805,Water Resources Engineering,2021,45.0,14.0805
140805,Water Resources Engineering,2022,30.0,14.0805
140805,Water Resources Engineering,2023,24.0,14.0805
140805,Water Resources Engineering,2024,29.0,14.0805
140899,Other Civil Engineering,2012,25.0,14.0899
140899,Other Civil Engineering,2013,26.0,14.0899
140899,Other Civil Engineering,2014,16.0,14.0899
140899,Other Civil Engineering,2015,19.0,14.0899
140899,Other Civil Engineering,2016,16.0,14.0899
140899,Other Civil Engineering,2017,15.0,14.0899
140899,Other Civil Engineering,2018,55.0,14.0899
140899,Other Civil Engineering,2019,61.0,14.0899
140899,Other Civil Engineering,2020,67.0,14.0899
140899,Other Civil Engineering,2021,84.0,14.0899
140899,Other Civil Engineering,2022,86.0,14.0899
140899,Other Civil Engineering,2023,101.0,14.0899
140899,Other Civil Engineering,2024,103.0,14.0899
140901,General Computer Engineering,2012,1811.0,14.0901
140901,General Computer Engineering,2013,1828.0,14.0901
140901,General Computer Engineering,2014,2009.0,14.0901
140901,General Computer Engineering,2015,2270.0,14.0901
140901,General Computer Engineering,2016,2993.0,14.0901
140901,General Computer Engineering,2017,3148.0,14.0901
140901,General Computer Engineering,2018,2871.0,14.0901
140901,General Computer Engineering,2019,2749.0,14.0901
140901,General Computer Engineering,2020,2553.0,14.0901
140901,General Computer Engineering,2021,2742.0,14.0901
140901,General Computer Engineering,2022,2056.0,14.0901
140901,General Computer Engineering,2023,3298.0,14.0901
140901,General Computer Engineering,2024,3575.0,14.0901
140902,Computer Hardware Engineering,2012,142.0,14.0902
140902,Computer Hardware Engineering,2013,77.0,14.0902
140902,Computer Hardware Engineering,2014,71.0,14.0902
140902,Computer Hardware Engineering,2015,159.0,14.0902
140902,Computer Hardware Engineering,2016,109.0,14.0902
140902,Computer Hardware Engineering,2017,66.0,14.0902
140902,Computer Hardware Engineering,2018,43.0,14.0902
140902,Computer Hardware Engineering,2019,37.0,14.0902
140902,Computer Hardware Engineering,2020,33.0,14.0902
140902,Computer Hardware Engineering,2021,50.0,14.0902
140902,Computer Hardware Engineering,2022,37.0,14.0902
140902,Computer Hardware Engineering,2023,40.0,14.0902
140902,Computer Hardware Engineering,2024,57.0,14.0902
140903,Computer Software Engineering,2012,1178.0,14.0903
140903,Computer Software Engineering,2013,1318.0,14.0903
140903,Computer Software Engineering,2014,1380.0,14.0903
140903,Computer Software Engineering,2015,1712.0,14.0903
140903,Computer Software Engineering,2016,2138.0,14.0903
140903,Computer Software Engineering,2017,2010.0,14.0903
140903,Computer Software Engineering,2018,1808.0,14.0903
140903,Computer Software Engineering,2019,1691.0,14.0903
140903,Computer Software Engineering,2020,2045.0,14.0903
140903,Computer Software Engineering,2021,2180.0,14.0903
140903,Computer Software Engineering,2022,1731.0,14.0903
140903,Computer Software Engineering,2023,2362.0,14.0903
140903,Computer Software Engineering,2024,2852.0,14.0903
140999,Other Computer Engineering,2012,18.0,14.0999
140999,Other Computer Engineering,2013,19.0,14.0999
140999,Other Computer Engineering,2014,9.0,14.0999
140999,Other Computer Engineering,2015,18.0,14.0999
140999,Other Computer Engineering,2016,76.0,14.0999
140999,Other Computer Engineering,2017,120.0,14.0999
140999,Other Computer Engineering,2018,78.0,14.0999
140999,Other Computer Engineering,2019,46.0,14.0999
140999,Other Computer Engineering,2020,30.0,14.0999
140999,Other Computer Engineering,2021,48.0,14.0999
140999,Other Computer Engineering,2022,66.0,14.0999
140999,Other Computer Engineering,2023,198.0,14.0999
140999,Other Computer Engineering,2024,243.0,14.0999
141001,Electrical & Electronics Engineering,2012,9438.0,14.1001
141001,Electrical & Electronics Engineering,2013,9122.0,14.1001
141001,Electrical & Electronics Engineering,2014,9704.0,14.1001
141001,Electrical & Electronics Engineering,2015,11671.0,14.1001
141001,Electrical & Electronics Engineering,2016,13443.0,14.1001
141001,Electrical & Electronics Engineering,2017,12447.0,14.1001
141001,Electrical & Electronics Engineering,2018,11266.0,14.1001
141001,Electrical & Electronics Engineering,2019,10138.0,14.1001
141001,Electrical & Electronics Engineering,2020,9330.0,14.1001
141001,Electrical & Electronics Engineering,2021,8248.0,14.1001
141001,Electrical & Electronics Engineering,2022,6780.0,14.1001
141001,Electrical & Electronics Engineering,2023,8743.0,14.1001
141001,Electrical & Electronics Engineering,2024,8356.0,14.1001
141003,Laser & Optical Engineering,2012,34.0,14.1003
141003,Laser & Optical Engineering,2013,32.0,14.1003
141003,Laser & Optical Engineering,2014,36.0,14.1003
141003,Laser & Optical Engineering,2015,30.0,14.1003
141003,Laser & Optical Engineering,2016,40.0,14.1003
141003,Laser & Optical Engineering,2017,22.0,14.1003
141003,Laser & Optical Engineering,2018,43.0,14.1003
141003,Laser & Optical Engineering,2019,40.0,14.1003
141003,Laser & Optical Engineering,2020,45.0,14.1003
141003,Laser & Optical Engineering,2021,46.0,14.1003
141003,Laser & Optical Engineering,2022,29.0,14.1003
141003,Laser & Optical Engineering,2023,28.0,14.1003
141003,Laser & Optical Engineering,2024,42.0,14.1003
141004,Telecommunications Engineering,2012,173.0,14.1004
141004,Telecommunications Engineering,2013,233.0,14.1004
141004,Telecommunications Engineering,2014,205.0,14.1004
141004,Telecommunications Engineering,2015,243.0,14.1004
141004,Telecommunications Engineering,2016,222.0,14.1004
141004,Telecommunications Engineering,2017,247.0,14.1004
141004,Telecommunications Engineering,2018,201.0,14.1004
141004,Telecommunications Engineering,2019,154.0,14.1004
141004,Telecommunications Engineering,2020,152.0,14.1004
141004,Telecommunications Engineering,2021,118.0,14.1004
141004,Telecommunications Engineering,2022,53.0,14.1004
141004,Telecommunications Engineering,2023,125.0,14.1004
141004,Telecommunications Engineering,2024,111.0,14.1004
141099,"Other Electrical, Electronics, & Communications Engineering",2012,47.0,14.1099
141099,"Other Electrical, Electronics, & Communications Engineering",2013,40.0,14.1099
141099,"Other Electrical, Electronics, & Communications Engineering",2014,51.0,14.1099
141099,"Other Electrical, Electronics, & Communications Engineering",2015,77.0,14.1099
141099,"Other Electrical, Electronics, & Communications Engineering",2016,214.0,14.1099
141099,"Other Electrical, Electronics, & Communications Engineering",2017,228.0,14.1099
141099,"Other Electrical, Electronics, & Communications Engineering",2018,128.0,14.1099
141099,"Other Electrical, Electronics, & Communications Engineering",2019,161.0,14.1099
141099,"Other Electrical, Electronics, & Communications Engineering",2020,264.0,14.1099
141099,"Other Electrical, Electronics, & Communications Engineering",2021,246.0,14.1099
141099,"Other Electrical, Electronics, & Communications Engineering",2022,198.0,14.1099
141099,"Other Electrical, Electronics, & Communications Engineering",2023,296.0,14.1099
141099,"Other Electrical, Electronics, & Communications Engineering",2024,257.0,14.1099
141101,Engineering Mechanics,2012,119.0,14.1101
141101,Engineering Mechanics,2013,87.0,14.1101
141101,Engineering Mechanics,2014,89.0,14.1101
141101,Engineering Mechanics,2015,90.0,14.1101
141101,Engineering Mechanics,2016,81.0,14.1101
141101,Engineering Mechanics,2017,81.0,14.1101
141101,Engineering Mechanics,2018,100.0,14.1101
141101,Engineering Mechanics,2019,71.0,14.1101
141101,Engineering Mechanics,2020,77.0,14.1101
141101,Engineering Mechanics,2021,63.0,14.1101
141101,Engineering Mechanics,2022,70.0,14.1101
141101,Engineering Mechanics,2023,53.0,14.1101
141101,Engineering Mechanics,2024,62.0,14.1101
141201,Engineering Physics & Applied Physics,2012,116.0,14.1201
141201,Engineering Physics & Applied Physics,2013,118.0,14.1201
141201,Engineering Physics & Applied Physics,2014,142.0,14.1201
141201,Engineering Physics & Applied Physics,2015,133.0,14.1201
141201,Engineering Physics & Applied Physics,2016,134.0,14.1201
141201,Engineering Physics & Applied Physics,2017,139.0,14.1201
141201,Engineering Physics & Applied Physics,2018,128.0,14.1201
141201,Engineering Physics & Applied Physics,2019,133.0,14.1201
141201,Engineering Physics & Applied Physics,2020,139.0,14.1201
141201,Engineering Physics & Applied Physics,2021,122.0,14.1201
141201,Engineering Physics & Applied Physics,2022,168.0,14.1201
141201,Engineering Physics & Applied Physics,2023,203.0,14.1201
141201,Engineering Physics & Applied Physics,2024,186.0,14.1201
141301,Engineering Science,2012,310.0,14.1301
141301,Engineering Science,2013,306.0,14.1301
141301,Engineering Science,2014,310.0,14.1301
141301,Engineering Science,2015,304.0,14.1301
141301,Engineering Science,2016,355.0,14.1301
141301,Engineering Science,2017,339.0,14.1301
141301,Engineering Science,2018,328.0,14.1301
141301,Engineering Science,2019,298.0,14.1301
141301,Engineering Science,2020,414.0,14.1301
141301,Engineering Science,2021,335.0,14.1301
141301,Engineering Science,2022,331.0,14.1301
141301,Engineering Science,2023,364.0,14.1301
141301,Engineering Science,2024,362.0,14.1301
141401,Environmental Health Engineering,2012,739.0,14.1401
141401,Environmental Health Engineering,2013,825.0,14.1401
141401,Environmental Health Engineering,2014,909.0,14.1401
141401,Environmental Health Engineering,2015,895.0,14.1401
141401,Environmental Health Engineering,2016,871.0,14.1401
141401,Environmental Health Engineering,2017,795.0,14.1401
141401,Environmental Health Engineering,2018,950.0,14.1401
141401,Environmental Health Engineering,2019,919.0,14.1401
141401,Environmental Health Engineering,2020,823.0,14.1401
141401,Environmental Health Engineering,2021,746.0,14.1401
141401,Environmental Health Engineering,2022,739.0,14.1401
141401,Environmental Health Engineering,2023,830.0,14.1401
141401,Environmental Health Engineering,2024,757.0,14.1401
141801,Materials Engineering,2012,762.0,14.1801
141801,Materials Engineering,2013,868.0,14.1801
141801,Materials Engineering,2014,925.0,14.1801
141801,Materials Engineering,2015,946.0,14.1801
141801,Materials Engineering,2016,1000.0,14.1801
141801,Materials Engineering,2017,1108.0,14.1801
141801,Materials Engineering,2018,1162.0,14.1801
141801,Materials Engineering,2019,1140.0,14.1801
141801,Materials Engineering,2020,1125.0,14.1801
141801,Materials Engineering,2021,1090.0,14.1801
141801,Materials Engineering,2022,1047.0,14.1801
141801,Materials Engineering,2023,1205.0,14.1801
141801,Materials Engineering,2024,1101.0,14.1801
141901,Mechanical Engineering,2012,5865.0,14.1901
141901,Mechanical Engineering,2013,5897.0,14.1901
141901,Mechanical Engineering,2014,6211.0,14.1901
141901,Mechanical Engineering,2015,6881.0,14.1901
141901,Mechanical Engineering,2016,7616.0,14.1901
141901,Mechanical Engineering,2017,8333.0,14.1901
141901,Mechanical Engineering,2018,8213.0,14.1901
141901,Mechanical Engineering,2019,7864.0,14.1901
141901,Mechanical Engineering,2020,7458.0,14.1901
141901,Mechanical Engineering,2021,7218.0,14.1901
141901,Mechanical Engineering,2022,6953.0,14.1901
141901,Mechanical Engineering,2023,7402.0,14.1901
141901,Mechanical Engineering,2024,7288.0,14.1901
142001,Metallurgical Engineering,2012,41.0,14.2001
142001,Metallurgical Engineering,2013,38.0,14.2001
142001,Metallurgical Engineering,2014,43.0,14.2001
142001,Metallurgical Engineering,2015,30.0,14.2001
142001,Metallurgical Engineering,2016,46.0,14.2001
142001,Metallurgical Engineering,2017,32.0,14.2001
142001,Metallurgical Engineering,2018,35.0,14.2001
142001,Metallurgical Engineering,2019,37.0,14.2001
142001,Metallurgical Engineering,2020,26.0,14.2001
142001,Metallurgical Engineering,2021,27.0,14.2001
142001,Metallurgical Engineering,2022,35.0,14.2001
142001,Metallurgical Engineering,2023,35.0,14.2001
142001,Metallurgical Engineering,2024,29.0,14.2001
142101,Mining & Mineral Engineering,2012,53.0,14.2101
142101,Mining & Mineral Engineering,2013,66.0,14.2101
142101,Mining & Mineral Engineering,2014,52.0,14.2101
142101,Mining & Mineral Engineering,2015,87.0,14.2101
142101,Mining & Mineral Engineering,2016,103.0,14.2101
142101,Mining & Mineral Engineering,2017,77.0,14.2101
142101,Mining & Mineral Engineering,2018,99.0,14.2101
142101,Mining & Mineral Engineering,2019,82.0,14.2101
142101,Mining & Mineral Engineering,2020,62.0,14.2101
142101,Mining & Mineral Engineering,2021,69.0,14.2101
142101,Mining & Mineral Engineering,2022,92.0,14.2101
142101,Mining & Mineral Engineering,2023,83.0,14.2101
142101,Mining & Mineral Engineering,2024,85.0,14.2101
142201,Naval Architecture & Marine Engineering,2012,59.0,14.2201
142201,Naval Architecture & Marine Engineering,2013,43.0,14.2201
142201,Naval Architecture & Marine Engineering,2014,48.0,14.2201
142201,Naval Architecture & Marine Engineering,2015,37.0,14.2201
142201,Naval Architecture & Marine Engineering,2016,51.0,14.2201
142201,Naval Architecture & Marine Engineering,2017,40.0,14.2201
142201,Naval Architecture & Marine Engineering,2018,35.0,14.2201
142201,Naval Architecture & Marine Engineering,2019,41.0,14.2201
142201,Naval Architecture & Marine Engineering,2020,32.0,14.2201
142201,Naval Architecture & Marine Engineering,2021,34.0,14.2201
142201,Naval Architecture & Marine Engineering,2022,37.0,14.2201
142201,Naval Architecture & Marine Engineering,2023,33.0,14.2201
142201,Naval Architecture & Marine Engineering,2024,35.0,14.2201
142301,Nuclear Engineering,2012,329.0,14.2301
142301,Nuclear Engineering,2013,372.0,14.2301
142301,Nuclear Engineering,2014,311.0,14.2301
142301,Nuclear Engineering,2015,354.0,14.2301
142301,Nuclear Engineering,2016,322.0,14.2301
142301,Nuclear Engineering,2017,274.0,14.2301
142301,Nuclear Engineering,2018,256.0,14.2301
142301,Nuclear Engineering,2019,261.0,14.2301
142301,Nuclear Engineering,2020,253.0,14.2301
142301,Nuclear Engineering,2021,229.0,14.2301
142301,Nuclear Engineering,2022,243.0,14.2301
142301,Nuclear Engineering,2023,248.0,14.2301
142301,Nuclear Engineering,2024,311.0,14.2301
142401,Ocean Engineering,2012,64.0,14.2401
142401,Ocean Engineering,2013,91.0,14.2401
142401,Ocean Engineering,2014,121.0,14.2401
142401,Ocean Engineering,2015,95.0,14.2401
142401,Ocean Engineering,2016,82.0,14.2401
142401,Ocean Engineering,2017,88.0,14.2401
142401,Ocean Engineering,2018,70.0,14.2401
142401,Ocean Engineering,2019,85.0,14.2401
142401,Ocean Engineering,2020,68.0,14.2401
142401,Ocean Engineering,2021,63.0,14.2401
142401,Ocean Engineering,2022,67.0,14.2401
142401,Ocean Engineering,2023,74.0,14.2401
142401,Ocean Engineering,2024,69.0,14.2401
142501,Petroleum Engineering,2012,432.0,14.2501
142501,Petroleum Engineering,2013,395.0,14.2501
142501,Petroleum Engineering,2014,458.0,14.2501
142501,Petroleum Engineering,2015,536.0,14.2501
142501,Petroleum Engineering,2016,514.0,14.2501
142501,Petroleum Engineering,2017,531.0,14.2501
142501,Petroleum Engineering,2018,515.0,14.2501
142501,Petroleum Engineering,2019,386.0,14.2501
142501,Petroleum Engineering,2020,284.0,14.2501
142501,Petroleum Engineering,2021,264.0,14.2501
142501,Petroleum Engineering,2022,235.0,14.2501
142501,Petroleum Engineering,2023,188.0,14.2501
142501,Petroleum Engineering,2024,150.0,14.2501
142701,Systems Engineering,2012,2084.0,14.2701
142701,Systems Engineering,2013,2169.0,14.2701
142701,Systems Engineering,2014,2321.0,14.2701
142701,Systems Engineering,2015,1994.0,14.2701
142701,Systems Engineering,2016,2145.0,14.2701
142701,Systems Engineering,2017,1882.0,14.2701
142701,Systems Engineering,2018,2047.0,14.2701
142701,Systems Engineering,2019,2020.0,14.2701
142701,Systems Engineering,2020,2018.0,14.2701
142701,Systems Engineering,2021,2186.0,14.2701
142701,Systems Engineering,2022,2159.0,14.2701
142701,Systems Engineering,2023,2407.0,14.2701
142701,Systems Engineering,2024,2163.0,14.2701
142801,Textile Sciences & Engineering,2012,58.0,14.2801
142801,Textile Sciences & Engineering,2013,46.0,14.2801
142801,Textile Sciences & Engineering,2014,43.0,14.2801
142801,Textile Sciences & Engineering,2015,51.0,14.2801
142801,Textile Sciences & Engineering,2016,54.0,14.2801
142801,Textile Sciences & Engineering,2017,59.0,14.2801
142801,Textile Sciences & Engineering,2018,80.0,14.2801
142801,Textile Sciences & Engineering,2019,76.0,14.2801
142801,Textile Sciences & Engineering,2020,65.0,14.2801
142801,Textile Sciences & Engineering,2021,64.0,14.2801
142801,Textile Sciences & Engineering,2022,54.0,14.2801
142801,Textile Sciences & Engineering,2023,62.0,14.2801
142801,Textile Sciences & Engineering,2024,49.0,14.2801
143201,Polymer & Plastics Engineering,2012,84.0,14.3201
143201,Polymer & Plastics Engineering,2013,84.0,14.3201
143201,Polymer & Plastics Engineering,2014,113.0,14.3201
143201,Polymer & Plastics Engineering,2015,113.0,14.3201
143201,Polymer & Plastics Engineering,2016,91.0,14.3201
143201,Polymer & Plastics Engineering,2017,109.0,14.3201
143201,Polymer & Plastics Engineering,2018,106.0,14.3201
143201,Polymer & Plastics Engineering,2019,111.0,14.3201
143201,Polymer & Plastics Engineering,2020,83.0,14.3201
143201,Polymer & Plastics Engineering,2021,101.0,14.3201
143201,Polymer & Plastics Engineering,2022,85.0,14.3201
143201,Polymer & Plastics Engineering,2023,93.0,14.3201
143201,Polymer & Plastics Engineering,2024,79.0,14.3201
143301,Construction Engineering,2012,85.0,14.3301
143301,Construction Engineering,2013,84.0,14.3301
143301,Construction Engineering,2014,97.0,14.3301
143301,Construction Engineering,2015,129.0,14.3301
143301,Construction Engineering,2016,225.0,14.3301
143301,Construction Engineering,2017,296.0,14.3301
143301,Construction Engineering,2018,331.0,14.3301
143301,Construction Engineering,2019,291.0,14.3301
143301,Construction Engineering,2020,258.0,14.3301
143301,Construction Engineering,2021,282.0,14.3301
143301,Construction Engineering,2022,246.0,14.3301
143301,Construction Engineering,2023,522.0,14.3301
143301,Construction Engineering,2024,632.0,14.3301
143401,Forest Engineering,2012,6.0,14.3401
143401,Forest Engineering,2013,4.0,14.3401
143401,Forest Engineering,2014,2.0,14.3401
143401,Forest Engineering,2016,1.0,14.3401
143401,Forest Engineering,2017,0.0,14.3401
143401,Forest Engineering,2018,0.0,14.3401
143401,Forest Engineering,2019,0.0,14.3401
143401,Forest Engineering,2020,0.0,14.3401
143401,Forest Engineering,2021,0.0,14.3401
143401,Forest Engineering,2022,0.0,14.3401
143401,Forest Engineering,2023,0.0,14.3401
143401,Forest Engineering,2024,0.0,14.3401
143501,Industrial Engineering,2012,2076.0,14.3501
143501,Industrial Engineering,2013,1992.0,14.3501
143501,Industrial Engineering,2014,2297.0,14.3501
143501,Industrial Engineering,2015,2367.0,14.3501
143501,Industrial Engineering,2016,2842.0,14.3501
143501,Industrial Engineering,2017,3263.0,14.3501
143501,Industrial Engineering,2018,3243.0,14.3501
143501,Industrial Engineering,2019,2861.0,14.3501
143501,Industrial Engineering,2020,2617.0,14.3501
143501,Industrial Engineering,2021,2483.0,14.3501
143501,Industrial Engineering,2022,1732.0,14.3501
143501,Industrial Engineering,2023,2737.0,14.3501
143501,Industrial Engineering,2024,2811.0,14.3501
143601,Manufacturing Engineering,2012,329.0,14.3601
143601,Manufacturing Engineering,2013,324.0,14.3601
143601,Manufacturing Engineering,2014,300.0,14.3601
143601,Manufacturing Engineering,2015,263.0,14.3601
143601,Manufacturing Engineering,2016,344.0,14.3601
143601,Manufacturing Engineering,2017,454.0,14.3601
143601,Manufacturing Engineering,2018,362.0,14.3601
143601,Manufacturing Engineering,2019,374.0,14.3601
143601,Manufacturing Engineering,2020,356.0,14.3601
143601,Manufacturing Engineering,2021,374.0,14.3601
143601,Manufacturing Engineering,2022,363.0,14.3601
143601,Manufacturing Engineering,2023,407.0,14.3601
143601,Manufacturing Engineering,2024,343.0,14.3601
143701,Operations Research,2012,674.0,14.3701
143701,Operations Research,2013,741.0,14.3701
143701,Operations Research,2014,787.0,14.3701
143701,Operations Research,2015,765.0,14.3701
143701,Operations Research,2016,862.0,14.3701
143701,Operations Research,2017,895.0,14.3701
143701,Operations Research,2018,884.0,14.3701
143701,Operations Research,2019,1085.0,14.3701
143701,Operations Research,2020,1049.0,14.3701
143701,Operations Research,2021,957.0,14.3701
143701,Operations Research,2022,921.0,14.3701
143701,Operations Research,2023,1126.0,14.3701
143701,Operations Research,2024,1047.0,14.3701
143801,Survey Engineering,2012,6.0,14.3801
143801,Survey Engineering,2013,6.0,14.3801
143801,Survey Engineering,2014,15.0,14.3801
143801,Survey Engineering,2015,12.0,14.3801
143801,Survey Engineering,2016,8.0,14.3801
143801,Survey Engineering,2017,8.0,14.3801
143801,Survey Engineering,2018,6.0,14.3801
143801,Survey Engineering,2019,13.0,14.3801
143801,Survey Engineering,2020,11.0,14.3801
143801,Survey Engineering,2021,8.0,14.3801
143801,Survey Engineering,2022,5.0,14.3801
143801,Survey Engineering,2023,15.0,14.3801
143801,Survey Engineering,2024,12.0,14.3801
143901,Geological & Geophysical Engineering,2012,122.0,14.3901
143901,Geological & Geophysical Engineering,2013,142.0,14.3901
143901,Geological & Geophysical Engineering,2014,159.0,14.3901
143901,Geological & Geophysical Engineering,2015,142.0,14.3901
143901,Geological & Geophysical Engineering,2016,164.0,14.3901
143901,Geological & Geophysical Engineering,2017,170.0,14.3901
143901,Geological & Geophysical Engineering,2018,137.0,14.3901
143901,Geological & Geophysical Engineering,2019,119.0,14.3901
143901,Geological & Geophysical Engineering,2020,119.0,14.3901
143901,Geological & Geophysical Engineering,2021,100.0,14.3901
143901,Geological & Geophysical Engineering,2022,90.0,14.3901
143901,Geological & Geophysical Engineering,2023,106.0,14.3901
143901,Geological & Geophysical Engineering,2024,125.0,14.3901
144001,Paper Science & Engineering,2012,1.0,14.4001
144001,Paper Science & Engineering,2013,4.0,14.4001
144001,Paper Science & Engineering,2014,6.0,14.4001
144001,Paper Science & Engineering,2015,5.0,14.4001
144001,Paper Science & Engineering,2016,5.0,14.4001
144001,Paper Science & Engineering,2017,8.0,14.4001
144001,Paper Science & Engineering,2018,10.0,14.4001
144001,Paper Science & Engineering,2019,7.0,14.4001
144001,Paper Science & Engineering,2020,8.0,14.4001
144001,Paper Science & Engineering,2021,4.0,14.4001
144001,Paper Science & Engineering,2022,5.0,14.4001
144001,Paper Science & Engineering,2023,2.0,14.4001
144001,Paper Science & Engineering,2024,3.0,14.4001
144201,"Mechatronics, Robotics, & Automation Engineering",2012,29.0,14.4201
144201,"Mechatronics, Robotics, & Automation Engineering",2013,61.0,14.4201
144201,"Mechatronics, Robotics, & Automation Engineering",2014,86.0,14.4201
144201,"Mechatronics, Robotics, & Automation Engineering",2015,111.0,14.4201
144201,"Mechatronics, Robotics, & Automation Engineering",2016,161.0,14.4201
144201,"Mechatronics, Robotics, & Automation Engineering",2017,224.0,14.4201
144201,"Mechatronics, Robotics, & Automation Engineering",2018,272.0,14.4201
144201,"Mechatronics, Robotics, & Automation Engineering",2019,298.0,14.4201
144201,"Mechatronics, Robotics, & Automation Engineering",2020,294.0,14.4201
144201,"Mechatronics, Robotics, & Automation Engineering",2021,452.0,14.4201
144201,"Mechatronics, Robotics, & Automation Engineering",2022,403.0,14.4201
144201,"Mechatronics, Robotics, & Automation Engineering",2023,924.0,14.4201
144201,"Mechatronics, Robotics, & Automation Engineering",2024,1016.0,14.4201
144301,Biochemical Engineering,2012,2.0,14.4301
144301,Biochemical Engineering,2013,4.0,14.4301
144301,Biochemical Engineering,2014,2.0,14.4301
144301,Biochemical Engineering,2015,4.0,14.4301
144301,Biochemical Engineering,2016,19.0,14.4301
144301,Biochemical Engineering,2017,15.0,14.4301
144301,Biochemical Engineering,2018,13.0,14.4301
144301,Biochemical Engineering,2019,6.0,14.4301
144301,Biochemical Engineering,2020,13.0,14.4301
144301,Biochemical Engineering,2021,18.0,14.4301
144301,Biochemical Engineering,2022,18.0,14.4301
144301,Biochemical Engineering,2023,35.0,14.4301
144301,Biochemical Engineering,2024,32.0,14.4301
144401,Engineering Chemistry,2022,30.0,14.4401
144401,Engineering Chemistry,2023,26.0,14.4401
144401,Engineering Chemistry,2024,23.0,14.4401
144501,Biological & Biosystems Engineering,2012,12.0,14.4501
144501,Biological & Biosystems Engineering,2013,14.0,14.4501
144501,Biological & Biosystems Engineering,2014,21.0,14.4501
144501,Biological & Biosystems Engineering,2015,37.0,14.4501
144501,Biological & Biosystems Engineering,2016,22.0,14.4501
144501,Biological & Biosystems Engineering,2017,24.0,14.4501
144501,Biological & Biosystems Engineering,2018,21.0,14.4501
144501,Biological & Biosystems Engineering,2019,35.0,14.4501
144501,Biological & Biosystems Engineering,2020,27.0,14.4501
144501,Biological & Biosystems Engineering,2021,47.0,14.4501
144501,Biological & Biosystems Engineering,2022,45.0,14.4501
144501,Biological & Biosystems Engineering,2023,55.0,14.4501
144501,Biological & Biosystems Engineering,2024,87.0,14.4501
144701,Electrical And Computer Engineering,2020,99.0,14.4701
144701,Electrical And Computer Engineering,2021,815.0,14.4701
144701,Electrical And Computer Engineering,2022,752.0,14.4701
144701,Electrical And Computer Engineering,2023,1169.0,14.4701
144701,Electrical And Computer Engineering,2024,1053.0,14.4701
144801,"Energy Systems Engineering, General",2020,21.0,14.4801
144801,"Energy Systems Engineering, General",2021,51.0,14.4801
144801,"Energy Systems Engineering, General",2022,52.0,14.4801
144801,"Energy Systems Engineering, General",2023,82.0,14.4801
144801,"Energy Systems Engineering, General",2024,74.0,14.4801
144899,"Energy Systems Engineering, Other",2022,5.0,14.4899
144899,"Energy Systems Engineering, Other",2023,6.0,14.4899
144899,"Energy Systems Engineering, Other",2024,2.0,14.4899
149999,Other Engineering,2012,1031.0,14.9999
149999,Other Engineering,2013,1110.0,14.9999
149999,Other Engineering,2014,1156.0,14.9999
149999,Other Engineering,2015,1247.0,14.9999
149999,Other Engineering,2016,1173.0,14.9999
149999,Other Engineering,2017,1226.0,14.9999
149999,Other Engineering,2018,1386.0,14.9999
149999,Other Engineering,2019,1357.0,14.9999
149999,Other Engineering,2020,1387.0,14.9999
149999,Other Engineering,2021,1409.0,14.9999
149999,Other Engineering,2022,1414.0,14.9999
149999,Other Engineering,2023,1708.0,14.9999
149999,Other Engineering,2024,1922.0,14.9999
150000,General Engineering Technology,2012,330.0,15.0
150000,General Engineering Technology,2013,290.0,15.0
150000,General Engineering Technology,2014,267.0,15.0
150000,General Engineering Technology,2015,312.0,15.0
150000,General Engineering Technology,2016,398.0,15.0
150000,General Engineering Technology,2017,504.0,15.0
150000,General Engineering Technology,2018,331.0,15.0
150000,General Engineering Technology,2019,296.0,15.0
150000,General Engineering Technology,2020,192.0,15.0
150000,General Engineering Technology,2021,228.0,15.0
150000,General Engineering Technology,2022,171.0,15.0
150000,General Engineering Technology,2023,258.0,15.0
150000,General Engineering Technology,2024,221.0,15.0
150101,Architectural Engineering Technology,2012,0.0,15.0101
150101,Architectural Engineering Technology,2013,0.0,15.0101
150101,Architectural Engineering Technology,2014,15.0,15.0101
150101,Architectural Engineering Technology,2015,17.0,15.0101
150101,Architectural Engineering Technology,2016,11.0,15.0101
150101,Architectural Engineering Technology,2017,10.0,15.0101
150101,Architectural Engineering Technology,2018,18.0,15.0101
150101,Architectural Engineering Technology,2019,21.0,15.0101
150101,Architectural Engineering Technology,2020,21.0,15.0101
150101,Architectural Engineering Technology,2021,37.0,15.0101
150101,Architectural Engineering Technology,2022,30.0,15.0101
150101,Architectural Engineering Technology,2023,42.0,15.0101
150101,Architectural Engineering Technology,2024,64.0,15.0101
150201,Civil Engineering Technology,2021,5.0,15.0201
150201,Civil Engineering Technology,2022,15.0,15.0201
150201,Civil Engineering Technology,2023,13.0,15.0201
150201,Civil Engineering Technology,2024,5.0,15.0201
150303,"Electrical, Electronic, & Communications Engineering Technology",2012,26.0,15.0303
150303,"Electrical, Electronic, & Communications Engineering Technology",2013,44.0,15.0303
150303,"Electrical, Electronic, & Communications Engineering Technology",2014,39.0,15.0303
150303,"Electrical, Electronic, & Communications Engineering Technology",2015,45.0,15.0303
150303,"Electrical, Electronic, & Communications Engineering Technology",2016,70.0,15.0303
150303,"Electrical, Electronic, & Communications Engineering Technology",2017,30.0,15.0303
150303,"Electrical, Electronic, & Communications Engineering Technology",2018,16.0,15.0303
150303,"Electrical, Electronic, & Communications Engineering Technology",2019,15.0,15.0303
150303,"Electrical, Electronic, & Communications Engineering Technology",2020,16.0,15.0303
150303,"Electrical, Electronic, & Communications Engineering Technology",2021,6.0,15.0303
150303,"Electrical, Electronic, & Communications Engineering Technology",2022,11.0,15.0303
150303,"Electrical, Electronic, & Communications Engineering Technology",2023,9.0,15.0303
150303,"Electrical, Electronic, & Communications Engineering Technology",2024,6.0,15.0303
150305,Telecommunications Technology,2012,89.0,15.0305
150305,Telecommunications Technology,2013,112.0,15.0305
150305,Telecommunications Technology,2014,101.0,15.0305
150305,Telecommunications Technology,2015,140.0,15.0305
150305,Telecommunications Technology,2016,124.0,15.0305
150305,Telecommunications Technology,2017,167.0,15.0305
150305,Telecommunications Technology,2018,192.0,15.0305
150305,Telecommunications Technology,2019,112.0,15.0305
150305,Telecommunications Technology,2020,88.0,15.0305
150305,Telecommunications Technology,2021,26.0,15.0305
150305,Telecommunications Technology,2022,26.0,15.0305
150305,Telecommunications Technology,2023,9.0,15.0305
150305,Telecommunications Technology,2024,11.0,15.0305
150306,Integrated Circuit Design,2012,0.0,15.0306
150306,Integrated Circuit Design,2013,0.0,15.0306
150307,Audio Engineering Technology/Technician,2023,0.0,15.0307
150307,Audio Engineering Technology/Technician,2024,9.0,15.0307
150399,Other Electrical Engineering Technology,2012,1.0,15.0399
150399,Other Electrical Engineering Technology,2013,2.0,15.0399
150399,Other Electrical Engineering Technology,2014,2.0,15.0399
150399,Other Electrical Engineering Technology,2015,4.0,15.0399
150399,Other Electrical Engineering Technology,2016,4.0,15.0399
150399,Other Electrical Engineering Technology,2017,15.0,15.0399
150399,Other Electrical Engineering Technology,2018,13.0,15.0399
150399,Other Electrical Engineering Technology,2019,15.0,15.0399
150399,Other Electrical Engineering Technology,2020,9.0,15.0399
150399,Other Electrical Engineering Technology,2021,7.0,15.0399
150399,Other Electrical Engineering Technology,2022,2.0,15.0399
150399,Other Electrical Engineering Technology,2023,0.0,15.0399
150399,Other Electrical Engineering Technology,2024,2.0,15.0399
150401,Biomedical Technology,2012,1.0,15.0401
150401,Biomedical Technology,2013,14.0,15.0401
150401,Biomedical Technology,2014,5.0,15.0401
150401,Biomedical Technology,2015,3.0,15.0401
150401,Biomedical Technology,2016,4.0,15.0401
150401,Biomedical Technology,2017,1.0,15.0401
150401,Biomedical Technology,2018,5.0,15.0401
150401,Biomedical Technology,2019,2.0,15.0401
150401,Biomedical Technology,2020,1.0,15.0401
150401,Biomedical Technology,2021,4.0,15.0401
150401,Biomedical Technology,2022,3.0,15.0401
150401,Biomedical Technology,2023,5.0,15.0401
150401,Biomedical Technology,2024,4.0,15.0401
150403,Electromechanical Technology,2012,1.0,15.0403
150403,Electromechanical Technology,2013,2.0,15.0403
150403,Electromechanical Technology,2014,5.0,15.0403
150403,Electromechanical Technology,2015,8.0,15.0403
150403,Electromechanical Technology,2016,3.0,15.0403
150403,Electromechanical Technology,2017,3.0,15.0403
150403,Electromechanical Technology,2018,6.0,15.0403
150403,Electromechanical Technology,2019,11.0,15.0403
150403,Electromechanical Technology,2020,10.0,15.0403
150403,Electromechanical Technology,2021,16.0,15.0403
150403,Electromechanical Technology,2022,7.0,15.0403
150403,Electromechanical Technology,2023,12.0,15.0403
150403,Electromechanical Technology,2024,8.0,15.0403
150405,Robotics Technology,2016,14.0,15.0405
150405,Robotics Technology,2017,12.0,15.0405
150405,Robotics Technology,2018,12.0,15.0405
150405,Robotics Technology,2019,18.0,15.0405
150405,Robotics Technology,2020,15.0,15.0405
150405,Robotics Technology,2021,22.0,15.0405
150405,Robotics Technology,2022,29.0,15.0405
150405,Robotics Technology,2023,35.0,15.0405
150405,Robotics Technology,2024,41.0,15.0405
150406,Automation Engineer Technology,2022,2.0,15.0406
150406,Automation Engineer Technology,2023,7.0,15.0406
150406,Automation Engineer Technology,2024,5.0,15.0406
150501,HVAC & Refrigeration Engineering Technology,2012,0.0,15.0501
150501,HVAC & Refrigeration Engineering Technology,2013,0.0,15.0501
150507,Environmental Engineering Technology,2012,70.0,15.0507
150507,Environmental Engineering Technology,2013,73.0,15.0507
150507,Environmental Engineering Technology,2014,77.0,15.0507
150507,Environmental Engineering Technology,2015,88.0,15.0507
150507,Environmental Engineering Technology,2016,89.0,15.0507
150507,Environmental Engineering Technology,2017,70.0,15.0507
150507,Environmental Engineering Technology,2018,83.0,15.0507
150507,Environmental Engineering Technology,2019,71.0,15.0507
150507,Environmental Engineering Technology,2020,55.0,15.0507
150507,Environmental Engineering Technology,2021,67.0,15.0507
150507,Environmental Engineering Technology,2022,43.0,15.0507
150507,Environmental Engineering Technology,2023,31.0,15.0507
150507,Environmental Engineering Technology,2024,51.0,15.0507
150599,Other Environmental Control Technology,2012,60.0,15.0599
150599,Other Environmental Control Technology,2013,51.0,15.0599
150599,Other Environmental Control Technology,2014,57.0,15.0599
150599,Other Environmental Control Technology,2015,51.0,15.0599
150599,Other Environmental Control Technology,2016,70.0,15.0599
150599,Other Environmental Control Technology,2017,72.0,15.0599
150599,Other Environmental Control Technology,2018,25.0,15.0599
150599,Other Environmental Control Technology,2019,20.0,15.0599
150599,Other Environmental Control Technology,2020,11.0,15.0599
150599,Other Environmental Control Technology,2021,22.0,15.0599
150599,Other Environmental Control Technology,2022,15.0,15.0599
150599,Other Environmental Control Technology,2023,7.0,15.0599
150599,Other Environmental Control Technology,2024,1.0,15.0599
150607,Plastics & Polymer Engineering Technology,2012,6.0,15.0607
150607,Plastics & Polymer Engineering Technology,2013,2.0,15.0607
150607,Plastics & Polymer Engineering Technology,2014,7.0,15.0607
150607,Plastics & Polymer Engineering Technology,2015,6.0,15.0607
150607,Plastics & Polymer Engineering Technology,2016,6.0,15.0607
150607,Plastics & Polymer Engineering Technology,2017,8.0,15.0607
150607,Plastics & Polymer Engineering Technology,2018,5.0,15.0607
150607,Plastics & Polymer Engineering Technology,2019,7.0,15.0607
150607,Plastics & Polymer Engineering Technology,2020,17.0,15.0607
150607,Plastics & Polymer Engineering Technology,2021,8.0,15.0607
150607,Plastics & Polymer Engineering Technology,2022,7.0,15.0607
150607,Plastics & Polymer Engineering Technology,2023,8.0,15.0607
150607,Plastics & Polymer Engineering Technology,2024,5.0,15.0607
150612,Industrial Technology,2012,393.0,15.0612
150612,Industrial Technology,2013,311.0,15.0612
150612,Industrial Technology,2014,240.0,15.0612
150612,Industrial Technology,2015,301.0,15.0612
150612,Industrial Technology,2016,310.0,15.0612
150612,Industrial Technology,2017,551.0,15.0612
150612,Industrial Technology,2018,382.0,15.0612
150612,Industrial Technology,2019,246.0,15.0612
150612,Industrial Technology,2020,262.0,15.0612
150612,Industrial Technology,2021,270.0,15.0612
150612,Industrial Technology,2022,284.0,15.0612
150612,Industrial Technology,2023,568.0,15.0612
150612,Industrial Technology,2024,625.0,15.0612
150613,Manufacturing Engineering Technology,2012,77.0,15.0613
150613,Manufacturing Engineering Technology,2013,68.0,15.0613
150613,Manufacturing Engineering Technology,2014,59.0,15.0613
150613,Manufacturing Engineering Technology,2015,67.0,15.0613
150613,Manufacturing Engineering Technology,2016,79.0,15.0613
150613,Manufacturing Engineering Technology,2017,108.0,15.0613
150613,Manufacturing Engineering Technology,2018,114.0,15.0613
150613,Manufacturing Engineering Technology,2019,104.0,15.0613
150613,Manufacturing Engineering Technology,2020,90.0,15.0613
150613,Manufacturing Engineering Technology,2021,93.0,15.0613
150613,Manufacturing Engineering Technology,2022,106.0,15.0613
150613,Manufacturing Engineering Technology,2023,101.0,15.0613
150613,Manufacturing Engineering Technology,2024,89.0,15.0613
150699,Other Industrial Production Technology,2012,19.0,15.0699
150699,Other Industrial Production Technology,2013,7.0,15.0699
150699,Other Industrial Production Technology,2014,2.0,15.0699
150699,Other Industrial Production Technology,2015,3.0,15.0699
150699,Other Industrial Production Technology,2016,3.0,15.0699
150699,Other Industrial Production Technology,2017,7.0,15.0699
150699,Other Industrial Production Technology,2018,7.0,15.0699
150699,Other Industrial Production Technology,2019,10.0,15.0699
150699,Other Industrial Production Technology,2020,13.0,15.0699
150699,Other Industrial Production Technology,2021,12.0,15.0699
150699,Other Industrial Production Technology,2022,13.0,15.0699
150699,Other Industrial Production Technology,2023,9.0,15.0699
150699,Other Industrial Production Technology,2024,13.0,15.0699
150701,Occupational Safety & Health Technology,2012,405.0,15.0701
150701,Occupational Safety & Health Technology,2013,447.0,15.0701
150701,Occupational Safety & Health Technology,2014,489.0,15.0701
150701,Occupational Safety & Health Technology,2015,522.0,15.0701
150701,Occupational Safety & Health Technology,2016,581.0,15.0701
150701,Occupational Safety & Health Technology,2017,564.0,15.0701
150701,Occupational Safety & Health Technology,2018,592.0,15.0701
150701,Occupational Safety & Health Technology,2019,539.0,15.0701
150701,Occupational Safety & Health Technology,2020,517.0,15.0701
150701,Occupational Safety & Health Technology,2021,570.0,15.0701
150701,Occupational Safety & Health Technology,2022,572.0,15.0701
150701,Occupational Safety & Health Technology,2023,634.0,15.0701
150701,Occupational Safety & Health Technology,2024,737.0,15.0701
150702,Quality Control Technology,2012,66.0,15.0702
150702,Quality Control Technology,2013,85.0,15.0702
150702,Quality Control Technology,2014,96.0,15.0702
150702,Quality Control Technology,2015,107.0,15.0702
150702,Quality Control Technology,2016,78.0,15.0702
150702,Quality Control Technology,2017,75.0,15.0702
150702,Quality Control Technology,2018,62.0,15.0702
150702,Quality Control Technology,2019,66.0,15.0702
150702,Quality Control Technology,2020,81.0,15.0702
150702,Quality Control Technology,2021,76.0,15.0702
150702,Quality Control Technology,2022,86.0,15.0702
150702,Quality Control Technology,2023,72.0,15.0702
150702,Quality Control Technology,2024,52.0,15.0702
150703,Industrial Safety Technology,2012,25.0,15.0703
150703,Industrial Safety Technology,2013,23.0,15.0703
150703,Industrial Safety Technology,2014,25.0,15.0703
150703,Industrial Safety Technology,2015,26.0,15.0703
150703,Industrial Safety Technology,2016,25.0,15.0703
150703,Industrial Safety Technology,2017,18.0,15.0703
150703,Industrial Safety Technology,2018,20.0,15.0703
150703,Industrial Safety Technology,2019,23.0,15.0703
150703,Industrial Safety Technology,2020,25.0,15.0703
150703,Industrial Safety Technology,2021,9.0,15.0703
150703,Industrial Safety Technology,2022,7.0,15.0703
150703,Industrial Safety Technology,2023,11.0,15.0703
150703,Industrial Safety Technology,2024,7.0,15.0703
150799,Other Quality Control & Safety Technology,2012,3.0,15.0799
150799,Other Quality Control & Safety Technology,2013,1.0,15.0799
150799,Other Quality Control & Safety Technology,2014,0.0,15.0799
150799,Other Quality Control & Safety Technology,2015,5.0,15.0799
150799,Other Quality Control & Safety Technology,2016,4.0,15.0799
150799,Other Quality Control & Safety Technology,2017,8.0,15.0799
150799,Other Quality Control & Safety Technology,2018,11.0,15.0799
150799,Other Quality Control & Safety Technology,2019,4.0,15.0799
150799,Other Quality Control & Safety Technology,2020,7.0,15.0799
150799,Other Quality Control & Safety Technology,2021,0.0,15.0799
150799,Other Quality Control & Safety Technology,2022,0.0,15.0799
150799,Other Quality Control & Safety Technology,2023,0.0,15.0799
150799,Other Quality Control & Safety Technology,2024,0.0,15.0799
150801,Aeronautical & Aerospace Engineering Technology,2014,46.0,15.0801
150801,Aeronautical & Aerospace Engineering Technology,2015,48.0,15.0801
150801,Aeronautical & Aerospace Engineering Technology,2016,45.0,15.0801
150801,Aeronautical & Aerospace Engineering Technology,2017,42.0,15.0801
150801,Aeronautical & Aerospace Engineering Technology,2018,43.0,15.0801
150801,Aeronautical & Aerospace Engineering Technology,2019,47.0,15.0801
150801,Aeronautical & Aerospace Engineering Technology,2020,64.0,15.0801
150801,Aeronautical & Aerospace Engineering Technology,2021,59.0,15.0801
150801,Aeronautical & Aerospace Engineering Technology,2022,60.0,15.0801
150801,Aeronautical & Aerospace Engineering Technology,2023,67.0,15.0801
150801,Aeronautical & Aerospace Engineering Technology,2024,74.0,15.0801
150803,Automotive Engineering Technology,2012,16.0,15.0803
150803,Automotive Engineering Technology,2013,14.0,15.0803
150803,Automotive Engineering Technology,2014,28.0,15.0803
150803,Automotive Engineering Technology,2015,49.0,15.0803
150803,Automotive Engineering Technology,2016,78.0,15.0803
150803,Automotive Engineering Technology,2017,69.0,15.0803
150803,Automotive Engineering Technology,2018,97.0,15.0803
150803,Automotive Engineering Technology,2019,98.0,15.0803
150803,Automotive Engineering Technology,2020,78.0,15.0803
150803,Automotive Engineering Technology,2021,5.0,15.0803
150803,Automotive Engineering Technology,2022,4.0,15.0803
150803,Automotive Engineering Technology,2023,5.0,15.0803
150803,Automotive Engineering Technology,2024,12.0,15.0803
150805,Mechanical Engineering Technology,2012,7.0,15.0805
150805,Mechanical Engineering Technology,2013,17.0,15.0805
150805,Mechanical Engineering Technology,2014,29.0,15.0805
150805,Mechanical Engineering Technology,2015,17.0,15.0805
150805,Mechanical Engineering Technology,2016,18.0,15.0805
150805,Mechanical Engineering Technology,2017,14.0,15.0805
150805,Mechanical Engineering Technology,2018,17.0,15.0805
150805,Mechanical Engineering Technology,2019,19.0,15.0805
150805,Mechanical Engineering Technology,2020,20.0,15.0805
150805,Mechanical Engineering Technology,2021,23.0,15.0805
150805,Mechanical Engineering Technology,2022,18.0,15.0805
150805,Mechanical Engineering Technology,2023,16.0,15.0805
150805,Mechanical Engineering Technology,2024,20.0,15.0805
150899,Other Related Mechanical Engineering Technologies,2023,11.0,15.0899
150899,Other Related Mechanical Engineering Technologies,2024,12.0,15.0899
151001,Construction Engineering Technology,2012,164.0,15.1001
151001,Construction Engineering Technology,2013,112.0,15.1001
151001,Construction Engineering Technology,2014,148.0,15.1001
151001,Construction Engineering Technology,2015,145.0,15.1001
151001,Construction Engineering Technology,2016,111.0,15.1001
151001,Construction Engineering Technology,2017,154.0,15.1001
151001,Construction Engineering Technology,2018,181.0,15.1001
151001,Construction Engineering Technology,2019,177.0,15.1001
151001,Construction Engineering Technology,2020,229.0,15.1001
151001,Construction Engineering Technology,2021,254.0,15.1001
151001,Construction Engineering Technology,2022,321.0,15.1001
151001,Construction Engineering Technology,2023,546.0,15.1001
151001,Construction Engineering Technology,2024,711.0,15.1001
151102,Surveying Technology,2012,12.0,15.1102
151102,Surveying Technology,2013,9.0,15.1102
151102,Surveying Technology,2014,2.0,15.1102
151102,Surveying Technology,2015,4.0,15.1102
151102,Surveying Technology,2016,3.0,15.1102
151102,Surveying Technology,2017,4.0,15.1102
151102,Surveying Technology,2018,7.0,15.1102
151102,Surveying Technology,2019,3.0,15.1102
151102,Surveying Technology,2020,1.0,15.1102
151102,Surveying Technology,2021,3.0,15.1102
151102,Surveying Technology,2022,0.0,15.1102
151102,Surveying Technology,2023,2.0,15.1102
151102,Surveying Technology,2024,1.0,15.1102
151199,Other Engineering-Related Technologies,2019,0.0,15.1199
151199,Other Engineering-Related Technologies,2020,0.0,15.1199
151199,Other Engineering-Related Technologies,2021,0.0,15.1199
151199,Other Engineering-Related Technologies,2022,0.0,15.1199
151199,Other Engineering-Related Technologies,2023,2.0,15.1199
151199,Other Engineering-Related Technologies,2024,0.0,15.1199
151201,Computer Engineering Technology,2012,0.0,15.1201
151201,Computer Engineering Technology,2013,0.0,15.1201
151201,Computer Engineering Technology,2014,0.0,15.1201
151201,Computer Engineering Technology,2015,0.0,15.1201
151202,Computer & Computer Systems Technology,2012,7.0,15.1202
151202,Computer & Computer Systems Technology,2013,6.0,15.1202
151202,Computer & Computer Systems Technology,2014,6.0,15.1202
151202,Computer & Computer Systems Technology,2015,15.0,15.1202
151202,Computer & Computer Systems Technology,2016,106.0,15.1202
151202,Computer & Computer Systems Technology,2017,280.0,15.1202
151202,Computer & Computer Systems Technology,2018,354.0,15.1202
151202,Computer & Computer Systems Technology,2019,264.0,15.1202
151202,Computer & Computer Systems Technology,2020,208.0,15.1202
151202,Computer & Computer Systems Technology,2021,171.0,15.1202
151202,Computer & Computer Systems Technology,2022,146.0,15.1202
151202,Computer & Computer Systems Technology,2023,96.0,15.1202
151202,Computer & Computer Systems Technology,2024,84.0,15.1202
151204,Computer Software Technology,2023,7.0,15.1204
151204,Computer Software Technology,2024,10.0,15.1204
151299,Other Computer Engineering Technologies,2022,1.0,15.1299
151299,Other Computer Engineering Technologies,2023,4.0,15.1299
151299,Other Computer Engineering Technologies,2024,0.0,15.1299
151301,General Drafting & Design Technology,2017,53.0,15.1301
151301,General Drafting & Design Technology,2018,58.0,15.1301
151301,General Drafting & Design Technology,2019,100.0,15.1301
151301,General Drafting & Design Technology,2020,81.0,15.1301
151301,General Drafting & Design Technology,2021,92.0,15.1301
151301,General Drafting & Design Technology,2022,121.0,15.1301
151301,General Drafting & Design Technology,2023,130.0,15.1301
151301,General Drafting & Design Technology,2024,145.0,15.1301
151302,CAD/CADD Drafting & Design Technology,2012,6.0,15.1302
151302,CAD/CADD Drafting & Design Technology,2013,11.0,15.1302
151302,CAD/CADD Drafting & Design Technology,2014,1.0,15.1302
151302,CAD/CADD Drafting & Design Technology,2015,18.0,15.1302
151302,CAD/CADD Drafting & Design Technology,2016,18.0,15.1302
151302,CAD/CADD Drafting & Design Technology,2017,67.0,15.1302
151302,CAD/CADD Drafting & Design Technology,2018,62.0,15.1302
151302,CAD/CADD Drafting & Design Technology,2019,56.0,15.1302
151302,CAD/CADD Drafting & Design Technology,2020,45.0,15.1302
151302,CAD/CADD Drafting & Design Technology,2021,36.0,15.1302
151302,CAD/CADD Drafting & Design Technology,2022,39.0,15.1302
151302,CAD/CADD Drafting & Design Technology,2023,46.0,15.1302
151302,CAD/CADD Drafting & Design Technology,2024,43.0,15.1302
151303,Architectural Drafting & Architectural CAD/CADD,2017,34.0,15.1303
151303,Architectural Drafting & Architectural CAD/CADD,2018,34.0,15.1303
151303,Architectural Drafting & Architectural CAD/CADD,2019,22.0,15.1303
151303,Architectural Drafting & Architectural CAD/CADD,2020,28.0,15.1303
151303,Architectural Drafting & Architectural CAD/CADD,2021,16.0,15.1303
151303,Architectural Drafting & Architectural CAD/CADD,2022,32.0,15.1303
151303,Architectural Drafting & Architectural CAD/CADD,2023,14.0,15.1303
151303,Architectural Drafting & Architectural CAD/CADD,2024,64.0,15.1303
151307,3-D Modeling And Design Technology/Technician,2021,0.0,15.1307
151307,3-D Modeling And Design Technology/Technician,2022,0.0,15.1307
151307,3-D Modeling And Design Technology/Technician,2023,0.0,15.1307
151307,3-D Modeling And Design Technology/Technician,2024,3.0,15.1307
151401,Nuclear Engineering Technology,2016,0.0,15.1401
151401,Nuclear Engineering Technology,2017,0.0,15.1401
151401,Nuclear Engineering Technology,2018,1.0,15.1401
151401,Nuclear Engineering Technology,2019,0.0,15.1401
151401,Nuclear Engineering Technology,2020,0.0,15.1401
151401,Nuclear Engineering Technology,2021,0.0,15.1401
151401,Nuclear Engineering Technology,2022,0.0,15.1401
151401,Nuclear Engineering Technology,2023,0.0,15.1401
151401,Nuclear Engineering Technology,2024,0.0,15.1401
151501,Engineering & Industrial Management,2012,2815.0,15.1501
151501,Engineering & Industrial Management,2013,2922.0,15.1501
151501,Engineering & Industrial Management,2014,3068.0,15.1501
151501,Engineering & Industrial Management,2015,3156.0,15.1501
151501,Engineering & Industrial Management,2016,3632.0,15.1501
151501,Engineering & Industrial Management,2017,4152.0,15.1501
151501,Engineering & Industrial Management,2018,4196.0,15.1501
151501,Engineering & Industrial Management,2019,3403.0,15.1501
151501,Engineering & Industrial Management,2020,3592.0,15.1501
151501,Engineering & Industrial Management,2021,3899.0,15.1501
151501,Engineering & Industrial Management,2022,3748.0,15.1501
151501,Engineering & Industrial Management,2023,5028.0,15.1501
151501,Engineering & Industrial Management,2024,5539.0,15.1501
151502,Engineering Design,2013,32.0,15.1502
151502,Engineering Design,2014,40.0,15.1502
151502,Engineering Design,2015,56.0,15.1502
151502,Engineering Design,2016,37.0,15.1502
151502,Engineering Design,2017,51.0,15.1502
151502,Engineering Design,2018,77.0,15.1502
151502,Engineering Design,2019,75.0,15.1502
151502,Engineering Design,2020,74.0,15.1502
151502,Engineering Design,2021,93.0,15.1502
151502,Engineering Design,2022,94.0,15.1502
151502,Engineering Design,2023,123.0,15.1502
151502,Engineering Design,2024,150.0,15.1502
151503,Packaging Science,2012,30.0,15.1503
151503,Packaging Science,2013,51.0,15.1503
151503,Packaging Science,2014,38.0,15.1503
151503,Packaging Science,2015,35.0,15.1503
151503,Packaging Science,2016,44.0,15.1503
151503,Packaging Science,2017,49.0,15.1503
151503,Packaging Science,2018,38.0,15.1503
151503,Packaging Science,2019,47.0,15.1503
151503,Packaging Science,2020,59.0,15.1503
151503,Packaging Science,2021,39.0,15.1503
151503,Packaging Science,2022,38.0,15.1503
151503,Packaging Science,2023,61.0,15.1503
151503,Packaging Science,2024,87.0,15.1503
151599,Other Engineering-Related Fields,2013,4.0,15.1599
151599,Other Engineering-Related Fields,2014,5.0,15.1599
151599,Other Engineering-Related Fields,2015,14.0,15.1599
151599,Other Engineering-Related Fields,2016,27.0,15.1599
151599,Other Engineering-Related Fields,2017,13.0,15.1599
151599,Other Engineering-Related Fields,2018,18.0,15.1599
151599,Other Engineering-Related Fields,2019,17.0,15.1599
151599,Other Engineering-Related Fields,2020,23.0,15.1599
151599,Other Engineering-Related Fields,2021,22.0,15.1599
151599,Other Engineering-Related Fields,2022,27.0,15.1599
151599,Other Engineering-Related Fields,2023,130.0,15.1599
151599,Other Engineering-Related Fields,2024,96.0,15.1599
151601,Nanotechnology,2012,8.0,15.1601
151601,Nanotechnology,2013,19.0,15.1601
151601,Nanotechnology,2014,26.0,15.1601
151601,Nanotechnology,2015,22.0,15.1601
151601,Nanotechnology,2016,46.0,15.1601
151601,Nanotechnology,2017,57.0,15.1601
151601,Nanotechnology,2018,63.0,15.1601
151601,Nanotechnology,2019,61.0,15.1601
151601,Nanotechnology,2020,61.0,15.1601
151601,Nanotechnology,2021,68.0,15.1601
151601,Nanotechnology,2022,56.0,15.1601
151601,Nanotechnology,2023,53.0,15.1601
151601,Nanotechnology,2024,41.0,15.1601
151701,Energy Systems Technology/Technician,2020,72.0,15.1701
151701,Energy Systems Technology/Technician,2021,71.0,15.1701
151701,Energy Systems Technology/Technician,2022,75.0,15.1701
151701,Energy Systems Technology/Technician,2023,57.0,15.1701
151701,Energy Systems Technology/Technician,2024,44.0,15.1701
151703,Solar Energy Technology/Technician,2020,12.0,15.1703
151703,Solar Energy Technology/Technician,2021,6.0,15.1703
151703,Solar Energy Technology/Technician,2022,3.0,15.1703
159999,Other Engineering Technologies & Engineering-Related Fields,2012,102.0,15.9999
159999,Other Engineering Technologies & Engineering-Related Fields,2013,128.0,15.9999
159999,Other Engineering Technologies & Engineering-Related Fields,2014,126.0,15.9999
159999,Other Engineering Technologies & Engineering-Related Fields,2015,132.0,15.9999
159999,Other Engineering Technologies & Engineering-Related Fields,2016,145.0,15.9999
159999,Other Engineering Technologies & Engineering-Related Fields,2017,177.0,15.9999
159999,Other Engineering Technologies & Engineering-Related Fields,2018,208.0,15.9999
159999,Other Engineering Technologies & Engineering-Related Fields,2019,259.0,15.9999
159999,Other Engineering Technologies & Engineering-Related Fields,2020,272.0,15.9999
159999,Other Engineering Technologies & Engineering-Related Fields,2021,214.0,15.9999
159999,Other Engineering Technologies & Engineering-Related Fields,2022,234.0,15.9999
159999,Other Engineering Technologies & Engineering-Related Fields,2023,339.0,15.9999
159999,Other Engineering Technologies & Engineering-Related Fields,2024,336.0,15.9999
160101,General Foreign Languages & Literatures,2012,244.0,16.0101
160101,General Foreign Languages & Literatures,2013,237.0,16.0101
160101,General Foreign Languages & Literatures,2014,259.0,16.0101
160101,General Foreign Languages & Literatures,2015,242.0,16.0101
160101,General Foreign Languages & Literatures,2016,240.0,16.0101
160101,General Foreign Languages & Literatures,2017,234.0,16.0101
160101,General Foreign Languages & Literatures,2018,245.0,16.0101
160101,General Foreign Languages & Literatures,2019,223.0,16.0101
160101,General Foreign Languages & Literatures,2020,251.0,16.0101
160101,General Foreign Languages & Literatures,2021,239.0,16.0101
160101,General Foreign Languages & Literatures,2022,205.0,16.0101
160101,General Foreign Languages & Literatures,2023,199.0,16.0101
160101,General Foreign Languages & Literatures,2024,170.0,16.0101
160102,Linguistics,2012,760.0,16.0102
160102,Linguistics,2013,754.0,16.0102
160102,Linguistics,2014,682.0,16.0102
160102,Linguistics,2015,747.0,16.0102
160102,Linguistics,2016,720.0,16.0102
160102,Linguistics,2017,585.0,16.0102
160102,Linguistics,2018,552.0,16.0102
160102,Linguistics,2019,536.0,16.0102
160102,Linguistics,2020,456.0,16.0102
160102,Linguistics,2021,516.0,16.0102
160102,Linguistics,2022,482.0,16.0102
160102,Linguistics,2023,501.0,16.0102
160102,Linguistics,2024,499.0,16.0102
160103,Language Interpretation & Translation,2012,169.0,16.0103
160103,Language Interpretation & Translation,2013,157.0,16.0103
160103,Language Interpretation & Translation,2014,165.0,16.0103
160103,Language Interpretation & Translation,2015,170.0,16.0103
160103,Language Interpretation & Translation,2016,188.0,16.0103
160103,Language Interpretation & Translation,2017,214.0,16.0103
160103,Language Interpretation & Translation,2018,239.0,16.0103
160103,Language Interpretation & Translation,2019,185.0,16.0103
160103,Language Interpretation & Translation,2020,154.0,16.0103
160103,Language Interpretation & Translation,2021,140.0,16.0103
160103,Language Interpretation & Translation,2022,170.0,16.0103
160103,Language Interpretation & Translation,2023,185.0,16.0103
160103,Language Interpretation & Translation,2024,195.0,16.0103
160104,Comparative Literature,2012,146.0,16.0104
160104,Comparative Literature,2013,166.0,16.0104
160104,Comparative Literature,2014,142.0,16.0104
160104,Comparative Literature,2015,173.0,16.0104
160104,Comparative Literature,2016,153.0,16.0104
160104,Comparative Literature,2017,160.0,16.0104
160104,Comparative Literature,2018,165.0,16.0104
160104,Comparative Literature,2019,157.0,16.0104
160104,Comparative Literature,2020,145.0,16.0104
160104,Comparative Literature,2021,158.0,16.0104
160104,Comparative Literature,2022,170.0,16.0104
160104,Comparative Literature,2023,153.0,16.0104
160104,Comparative Literature,2024,122.0,16.0104
160105,Applied Linguistics,2012,21.0,16.0105
160105,Applied Linguistics,2013,7.0,16.0105
160105,Applied Linguistics,2014,16.0,16.0105
160105,Applied Linguistics,2015,12.0,16.0105
160105,Applied Linguistics,2016,25.0,16.0105
160105,Applied Linguistics,2017,58.0,16.0105
160105,Applied Linguistics,2018,88.0,16.0105
160105,Applied Linguistics,2019,79.0,16.0105
160105,Applied Linguistics,2020,100.0,16.0105
160105,Applied Linguistics,2021,98.0,16.0105
160105,Applied Linguistics,2022,103.0,16.0105
160105,Applied Linguistics,2023,111.0,16.0105
160105,Applied Linguistics,2024,98.0,16.0105
160199,"Other Linguistic, Comparative, Related Language Studies & Services",2012,12.0,16.0199
160199,"Other Linguistic, Comparative, Related Language Studies & Services",2013,25.0,16.0199
160199,"Other Linguistic, Comparative, Related Language Studies & Services",2014,33.0,16.0199
160199,"Other Linguistic, Comparative, Related Language Studies & Services",2015,23.0,16.0199
160199,"Other Linguistic, Comparative, Related Language Studies & Services",2016,30.0,16.0199
160199,"Other Linguistic, Comparative, Related Language Studies & Services",2017,46.0,16.0199
160199,"Other Linguistic, Comparative, Related Language Studies & Services",2018,28.0,16.0199
160199,"Other Linguistic, Comparative, Related Language Studies & Services",2019,31.0,16.0199
160199,"Other Linguistic, Comparative, Related Language Studies & Services",2020,27.0,16.0199
160199,"Other Linguistic, Comparative, Related Language Studies & Services",2021,16.0,16.0199
160199,"Other Linguistic, Comparative, Related Language Studies & Services",2022,17.0,16.0199
160199,"Other Linguistic, Comparative, Related Language Studies & Services",2023,19.0,16.0199
160199,"Other Linguistic, Comparative, Related Language Studies & Services",2024,22.0,16.0199
160201,"African Languages, Literatures, & Linguistics",2012,1.0,16.0201
160201,"African Languages, Literatures, & Linguistics",2013,2.0,16.0201
160201,"African Languages, Literatures, & Linguistics",2014,3.0,16.0201
160201,"African Languages, Literatures, & Linguistics",2015,1.0,16.0201
160201,"African Languages, Literatures, & Linguistics",2016,3.0,16.0201
160201,"African Languages, Literatures, & Linguistics",2017,4.0,16.0201
160201,"African Languages, Literatures, & Linguistics",2018,4.0,16.0201
160201,"African Languages, Literatures, & Linguistics",2019,5.0,16.0201
160201,"African Languages, Literatures, & Linguistics",2020,0.0,16.0201
160201,"African Languages, Literatures, & Linguistics",2021,2.0,16.0201
160201,"African Languages, Literatures, & Linguistics",2022,1.0,16.0201
160201,"African Languages, Literatures, & Linguistics",2023,3.0,16.0201
160201,"African Languages, Literatures, & Linguistics",2024,1.0,16.0201
160300,"General East Asian Languages, Literatures, & Linguistics",2012,96.0,16.03
160300,"General East Asian Languages, Literatures, & Linguistics",2013,73.0,16.03
160300,"General East Asian Languages, Literatures, & Linguistics",2014,77.0,16.03
160300,"General East Asian Languages, Literatures, & Linguistics",2015,83.0,16.03
160300,"General East Asian Languages, Literatures, & Linguistics",2016,86.0,16.03
160300,"General East Asian Languages, Literatures, & Linguistics",2017,74.0,16.03
160300,"General East Asian Languages, Literatures, & Linguistics",2018,88.0,16.03
160300,"General East Asian Languages, Literatures, & Linguistics",2019,87.0,16.03
160300,"General East Asian Languages, Literatures, & Linguistics",2020,73.0,16.03
160300,"General East Asian Languages, Literatures, & Linguistics",2021,73.0,16.03
160300,"General East Asian Languages, Literatures, & Linguistics",2022,62.0,16.03
160300,"General East Asian Languages, Literatures, & Linguistics",2023,101.0,16.03
160300,"General East Asian Languages, Literatures, & Linguistics",2024,76.0,16.03
160301,Chinese Language & Literature,2012,46.0,16.0301
160301,Chinese Language & Literature,2013,61.0,16.0301
160301,Chinese Language & Literature,2014,46.0,16.0301
160301,Chinese Language & Literature,2015,48.0,16.0301
160301,Chinese Language & Literature,2016,44.0,16.0301
160301,Chinese Language & Literature,2017,51.0,16.0301
160301,Chinese Language & Literature,2018,46.0,16.0301
160301,Chinese Language & Literature,2019,35.0,16.0301
160301,Chinese Language & Literature,2020,40.0,16.0301
160301,Chinese Language & Literature,2021,34.0,16.0301
160301,Chinese Language & Literature,2022,26.0,16.0301
160301,Chinese Language & Literature,2023,39.0,16.0301
160301,Chinese Language & Literature,2024,28.0,16.0301
160302,Japanese Language & Literature,2012,36.0,16.0302
160302,Japanese Language & Literature,2013,23.0,16.0302
160302,Japanese Language & Literature,2014,25.0,16.0302
160302,Japanese Language & Literature,2015,36.0,16.0302
160302,Japanese Language & Literature,2016,24.0,16.0302
160302,Japanese Language & Literature,2017,23.0,16.0302
160302,Japanese Language & Literature,2018,20.0,16.0302
160302,Japanese Language & Literature,2019,18.0,16.0302
160302,Japanese Language & Literature,2020,13.0,16.0302
160302,Japanese Language & Literature,2021,19.0,16.0302
160302,Japanese Language & Literature,2022,12.0,16.0302
160302,Japanese Language & Literature,2023,18.0,16.0302
160302,Japanese Language & Literature,2024,14.0,16.0302
160303,Korean Language & Literature,2012,8.0,16.0303
160303,Korean Language & Literature,2013,14.0,16.0303
160303,Korean Language & Literature,2014,10.0,16.0303
160303,Korean Language & Literature,2015,8.0,16.0303
160303,Korean Language & Literature,2016,6.0,16.0303
160303,Korean Language & Literature,2017,5.0,16.0303
160303,Korean Language & Literature,2018,6.0,16.0303
160303,Korean Language & Literature,2019,5.0,16.0303
160303,Korean Language & Literature,2020,4.0,16.0303
160303,Korean Language & Literature,2021,2.0,16.0303
160303,Korean Language & Literature,2022,1.0,16.0303
160303,Korean Language & Literature,2024,2.0,16.0303
160399,"Other East Asian Languages, Literatures, & Linguistics",2012,31.0,16.0399
160399,"Other East Asian Languages, Literatures, & Linguistics",2013,11.0,16.0399
160399,"Other East Asian Languages, Literatures, & Linguistics",2014,19.0,16.0399
160399,"Other East Asian Languages, Literatures, & Linguistics",2015,18.0,16.0399
160399,"Other East Asian Languages, Literatures, & Linguistics",2016,20.0,16.0399
160399,"Other East Asian Languages, Literatures, & Linguistics",2017,14.0,16.0399
160399,"Other East Asian Languages, Literatures, & Linguistics",2018,17.0,16.0399
160399,"Other East Asian Languages, Literatures, & Linguistics",2019,17.0,16.0399
160399,"Other East Asian Languages, Literatures, & Linguistics",2020,15.0,16.0399
160399,"Other East Asian Languages, Literatures, & Linguistics",2021,15.0,16.0399
160399,"Other East Asian Languages, Literatures, & Linguistics",2022,12.0,16.0399
160399,"Other East Asian Languages, Literatures, & Linguistics",2023,12.0,16.0399
160399,"Other East Asian Languages, Literatures, & Linguistics",2024,16.0,16.0399
160400,"General Slavic Languages, Literatures, & Linguistics",2012,55.0,16.04
160400,"General Slavic Languages, Literatures, & Linguistics",2013,71.0,16.04
160400,"General Slavic Languages, Literatures, & Linguistics",2014,46.0,16.04
160400,"General Slavic Languages, Literatures, & Linguistics",2015,50.0,16.04
160400,"General Slavic Languages, Literatures, & Linguistics",2016,36.0,16.04
160400,"General Slavic Languages, Literatures, & Linguistics",2017,44.0,16.04
160400,"General Slavic Languages, Literatures, & Linguistics",2018,44.0,16.04
160400,"General Slavic Languages, Literatures, & Linguistics",2019,47.0,16.04
160400,"General Slavic Languages, Literatures, & Linguistics",2020,39.0,16.04
160400,"General Slavic Languages, Literatures, & Linguistics",2021,37.0,16.04
160400,"General Slavic Languages, Literatures, & Linguistics",2022,36.0,16.04
160400,"General Slavic Languages, Literatures, & Linguistics",2023,51.0,16.04
160400,"General Slavic Languages, Literatures, & Linguistics",2024,43.0,16.04
160402,Russian Language & Literature,2012,17.0,16.0402
160402,Russian Language & Literature,2013,11.0,16.0402
160402,Russian Language & Literature,2014,14.0,16.0402
160402,Russian Language & Literature,2015,15.0,16.0402
160402,Russian Language & Literature,2016,13.0,16.0402
160402,Russian Language & Literature,2017,13.0,16.0402
160402,Russian Language & Literature,2018,10.0,16.0402
160402,Russian Language & Literature,2019,17.0,16.0402
160402,Russian Language & Literature,2020,9.0,16.0402
160402,Russian Language & Literature,2021,12.0,16.0402
160402,Russian Language & Literature,2022,11.0,16.0402
160402,Russian Language & Literature,2023,14.0,16.0402
160402,Russian Language & Literature,2024,8.0,16.0402
160499,"Other Slvaic, Baltic, & Albanian Languages, Literatures, & Linguistics",2012,0.0,16.0499
160499,"Other Slvaic, Baltic, & Albanian Languages, Literatures, & Linguistics",2013,3.0,16.0499
160499,"Other Slvaic, Baltic, & Albanian Languages, Literatures, & Linguistics",2014,1.0,16.0499
160499,"Other Slvaic, Baltic, & Albanian Languages, Literatures, & Linguistics",2015,1.0,16.0499
160499,"Other Slvaic, Baltic, & Albanian Languages, Literatures, & Linguistics",2017,0.0,16.0499
160500,"General Germanic Languages, Literatures, & Linguistics",2012,30.0,16.05
160500,"General Germanic Languages, Literatures, & Linguistics",2013,29.0,16.05
160500,"General Germanic Languages, Literatures, & Linguistics",2014,23.0,16.05
160500,"General Germanic Languages, Literatures, & Linguistics",2015,34.0,16.05
160500,"General Germanic Languages, Literatures, & Linguistics",2016,20.0,16.05
160500,"General Germanic Languages, Literatures, & Linguistics",2017,23.0,16.05
160500,"General Germanic Languages, Literatures, & Linguistics",2018,23.0,16.05
160500,"General Germanic Languages, Literatures, & Linguistics",2019,19.0,16.05
160500,"General Germanic Languages, Literatures, & Linguistics",2020,11.0,16.05
160500,"General Germanic Languages, Literatures, & Linguistics",2021,18.0,16.05
160500,"General Germanic Languages, Literatures, & Linguistics",2022,13.0,16.05
160500,"General Germanic Languages, Literatures, & Linguistics",2023,18.0,16.05
160500,"General Germanic Languages, Literatures, & Linguistics",2024,12.0,16.05
160501,German Language & Literature,2012,131.0,16.0501
160501,German Language & Literature,2013,102.0,16.0501
160501,German Language & Literature,2014,123.0,16.0501
160501,German Language & Literature,2015,115.0,16.0501
160501,German Language & Literature,2016,88.0,16.0501
160501,German Language & Literature,2017,96.0,16.0501
160501,German Language & Literature,2018,77.0,16.0501
160501,German Language & Literature,2019,110.0,16.0501
160501,German Language & Literature,2020,71.0,16.0501
160501,German Language & Literature,2021,69.0,16.0501
160501,German Language & Literature,2022,74.0,16.0501
160501,German Language & Literature,2023,87.0,16.0501
160501,German Language & Literature,2024,64.0,16.0501
160502,"Scandanavian Languages, Literatures, & Linguistics",2012,2.0,16.0502
160502,"Scandanavian Languages, Literatures, & Linguistics",2013,5.0,16.0502
160502,"Scandanavian Languages, Literatures, & Linguistics",2014,3.0,16.0502
160502,"Scandanavian Languages, Literatures, & Linguistics",2015,4.0,16.0502
160502,"Scandanavian Languages, Literatures, & Linguistics",2016,4.0,16.0502
160502,"Scandanavian Languages, Literatures, & Linguistics",2017,3.0,16.0502
160502,"Scandanavian Languages, Literatures, & Linguistics",2018,2.0,16.0502
160502,"Scandanavian Languages, Literatures, & Linguistics",2019,1.0,16.0502
160502,"Scandanavian Languages, Literatures, & Linguistics",2020,4.0,16.0502
160502,"Scandanavian Languages, Literatures, & Linguistics",2021,1.0,16.0502
160502,"Scandanavian Languages, Literatures, & Linguistics",2022,2.0,16.0502
160502,"Scandanavian Languages, Literatures, & Linguistics",2023,0.0,16.0502
160502,"Scandanavian Languages, Literatures, & Linguistics",2024,3.0,16.0502
160601,Modern Greek Language & Literature,2012,0.0,16.0601
160601,Modern Greek Language & Literature,2013,0.0,16.0601
160601,Modern Greek Language & Literature,2014,0.0,16.0601
160601,Modern Greek Language & Literature,2015,1.0,16.0601
160601,Modern Greek Language & Literature,2016,0.0,16.0601
160601,Modern Greek Language & Literature,2017,0.0,16.0601
160601,Modern Greek Language & Literature,2018,0.0,16.0601
160601,Modern Greek Language & Literature,2019,0.0,16.0601
160601,Modern Greek Language & Literature,2020,0.0,16.0601
160601,Modern Greek Language & Literature,2021,1.0,16.0601
160601,Modern Greek Language & Literature,2022,0.0,16.0601
160601,Modern Greek Language & Literature,2023,0.0,16.0601
160601,Modern Greek Language & Literature,2024,0.0,16.0601
160700,"General South Asian Languages, Literatures, & Linguistics",2012,2.0,16.07
160700,"General South Asian Languages, Literatures, & Linguistics",2013,1.0,16.07
160700,"General South Asian Languages, Literatures, & Linguistics",2014,2.0,16.07
160700,"General South Asian Languages, Literatures, & Linguistics",2015,4.0,16.07
160700,"General South Asian Languages, Literatures, & Linguistics",2016,3.0,16.07
160700,"General South Asian Languages, Literatures, & Linguistics",2017,1.0,16.07
160700,"General South Asian Languages, Literatures, & Linguistics",2018,1.0,16.07
160700,"General South Asian Languages, Literatures, & Linguistics",2019,1.0,16.07
160700,"General South Asian Languages, Literatures, & Linguistics",2020,1.0,16.07
160700,"General South Asian Languages, Literatures, & Linguistics",2021,2.0,16.07
160700,"General South Asian Languages, Literatures, & Linguistics",2022,5.0,16.07
160700,"General South Asian Languages, Literatures, & Linguistics",2023,5.0,16.07
160700,"General South Asian Languages, Literatures, & Linguistics",2024,1.0,16.07
160702,"Sanskrit & Classical Indian Languages, Literatures, & Linguistics",2017,1.0,16.0702
160702,"Sanskrit & Classical Indian Languages, Literatures, & Linguistics",2018,0.0,16.0702
160702,"Sanskrit & Classical Indian Languages, Literatures, & Linguistics",2019,0.0,16.0702
160702,"Sanskrit & Classical Indian Languages, Literatures, & Linguistics",2020,0.0,16.0702
160702,"Sanskrit & Classical Indian Languages, Literatures, & Linguistics",2021,17.0,16.0702
160702,"Sanskrit & Classical Indian Languages, Literatures, & Linguistics",2022,5.0,16.0702
160702,"Sanskrit & Classical Indian Languages, Literatures, & Linguistics",2023,0.0,16.0702
160702,"Sanskrit & Classical Indian Languages, Literatures, & Linguistics",2024,0.0,16.0702
160799,"South Asian Languages, Literatures, and Linguistics, Other",2022,0.0,16.0799
160799,"South Asian Languages, Literatures, and Linguistics, Other",2023,0.0,16.0799
160799,"South Asian Languages, Literatures, and Linguistics, Other",2024,15.0,16.0799
160801,"Iranian Languages, Literature, & Linguistics",2012,0.0,16.0801
160801,"Iranian Languages, Literature, & Linguistics",2013,0.0,16.0801
160801,"Iranian Languages, Literature, & Linguistics",2014,2.0,16.0801
160801,"Iranian Languages, Literature, & Linguistics",2015,0.0,16.0801
160801,"Iranian Languages, Literature, & Linguistics",2016,0.0,16.0801
160801,"Iranian Languages, Literature, & Linguistics",2017,0.0,16.0801
160801,"Iranian Languages, Literature, & Linguistics",2018,0.0,16.0801
160801,"Iranian Languages, Literature, & Linguistics",2019,0.0,16.0801
160801,"Iranian Languages, Literature, & Linguistics",2020,1.0,16.0801
160801,"Iranian Languages, Literature, & Linguistics",2021,0.0,16.0801
160801,"Iranian Languages, Literature, & Linguistics",2022,1.0,16.0801
160801,"Iranian Languages, Literature, & Linguistics",2023,1.0,16.0801
160801,"Iranian Languages, Literature, & Linguistics",2024,0.0,16.0801
160900,"General Romance Languages, Literatures, & Linguistics",2012,83.0,16.09
160900,"General Romance Languages, Literatures, & Linguistics",2013,83.0,16.09
160900,"General Romance Languages, Literatures, & Linguistics",2014,74.0,16.09
160900,"General Romance Languages, Literatures, & Linguistics",2015,92.0,16.09
160900,"General Romance Languages, Literatures, & Linguistics",2016,85.0,16.09
160900,"General Romance Languages, Literatures, & Linguistics",2017,85.0,16.09
160900,"General Romance Languages, Literatures, & Linguistics",2018,74.0,16.09
160900,"General Romance Languages, Literatures, & Linguistics",2019,87.0,16.09
160900,"General Romance Languages, Literatures, & Linguistics",2020,86.0,16.09
160900,"General Romance Languages, Literatures, & Linguistics",2021,82.0,16.09
160900,"General Romance Languages, Literatures, & Linguistics",2022,71.0,16.09
160900,"General Romance Languages, Literatures, & Linguistics",2023,79.0,16.09
160900,"General Romance Languages, Literatures, & Linguistics",2024,77.0,16.09
160901,French Language & Literature,2012,341.0,16.0901
160901,French Language & Literature,2013,332.0,16.0901
160901,French Language & Literature,2014,308.0,16.0901
160901,French Language & Literature,2015,270.0,16.0901
160901,French Language & Literature,2016,306.0,16.0901
160901,French Language & Literature,2017,265.0,16.0901
160901,French Language & Literature,2018,277.0,16.0901
160901,French Language & Literature,2019,216.0,16.0901
160901,French Language & Literature,2020,230.0,16.0901
160901,French Language & Literature,2021,181.0,16.0901
160901,French Language & Literature,2022,167.0,16.0901
160901,French Language & Literature,2023,185.0,16.0901
160901,French Language & Literature,2024,178.0,16.0901
160902,Italian Language & Literature,2012,72.0,16.0902
160902,Italian Language & Literature,2013,73.0,16.0902
160902,Italian Language & Literature,2014,58.0,16.0902
160902,Italian Language & Literature,2015,55.0,16.0902
160902,Italian Language & Literature,2016,34.0,16.0902
160902,Italian Language & Literature,2017,56.0,16.0902
160902,Italian Language & Literature,2018,36.0,16.0902
160902,Italian Language & Literature,2019,41.0,16.0902
160902,Italian Language & Literature,2020,42.0,16.0902
160902,Italian Language & Literature,2021,43.0,16.0902
160902,Italian Language & Literature,2022,31.0,16.0902
160902,Italian Language & Literature,2023,33.0,16.0902
160902,Italian Language & Literature,2024,38.0,16.0902
160904,Portuguese Language & Literature,2012,14.0,16.0904
160904,Portuguese Language & Literature,2013,11.0,16.0904
160904,Portuguese Language & Literature,2014,19.0,16.0904
160904,Portuguese Language & Literature,2015,18.0,16.0904
160904,Portuguese Language & Literature,2016,10.0,16.0904
160904,Portuguese Language & Literature,2017,17.0,16.0904
160904,Portuguese Language & Literature,2018,9.0,16.0904
160904,Portuguese Language & Literature,2019,12.0,16.0904
160904,Portuguese Language & Literature,2020,10.0,16.0904
160904,Portuguese Language & Literature,2021,7.0,16.0904
160904,Portuguese Language & Literature,2022,10.0,16.0904
160904,Portuguese Language & Literature,2023,9.0,16.0904
160904,Portuguese Language & Literature,2024,10.0,16.0904
160905,Spanish Language & Literature,2012,1001.0,16.0905
160905,Spanish Language & Literature,2013,935.0,16.0905
160905,Spanish Language & Literature,2014,844.0,16.0905
160905,Spanish Language & Literature,2015,835.0,16.0905
160905,Spanish Language & Literature,2016,751.0,16.0905
160905,Spanish Language & Literature,2017,741.0,16.0905
160905,Spanish Language & Literature,2018,742.0,16.0905
160905,Spanish Language & Literature,2019,683.0,16.0905
160905,Spanish Language & Literature,2020,660.0,16.0905
160905,Spanish Language & Literature,2021,605.0,16.0905
160905,Spanish Language & Literature,2022,592.0,16.0905
160905,Spanish Language & Literature,2023,620.0,16.0905
160905,Spanish Language & Literature,2024,576.0,16.0905
160908,"General Hispanic & Latin American Languages, Literatures, & Linguistics",2012,20.0,16.0908
160908,"General Hispanic & Latin American Languages, Literatures, & Linguistics",2013,16.0,16.0908
160908,"General Hispanic & Latin American Languages, Literatures, & Linguistics",2014,21.0,16.0908
160908,"General Hispanic & Latin American Languages, Literatures, & Linguistics",2015,17.0,16.0908
160908,"General Hispanic & Latin American Languages, Literatures, & Linguistics",2016,23.0,16.0908
160908,"General Hispanic & Latin American Languages, Literatures, & Linguistics",2017,18.0,16.0908
160908,"General Hispanic & Latin American Languages, Literatures, & Linguistics",2018,23.0,16.0908
160908,"General Hispanic & Latin American Languages, Literatures, & Linguistics",2019,26.0,16.0908
160908,"General Hispanic & Latin American Languages, Literatures, & Linguistics",2020,35.0,16.0908
160908,"General Hispanic & Latin American Languages, Literatures, & Linguistics",2021,32.0,16.0908
160908,"General Hispanic & Latin American Languages, Literatures, & Linguistics",2022,30.0,16.0908
160908,"General Hispanic & Latin American Languages, Literatures, & Linguistics",2023,14.0,16.0908
160908,"General Hispanic & Latin American Languages, Literatures, & Linguistics",2024,35.0,16.0908
160999,"Other Romance Languages, Literatures, & Linguistics",2012,64.0,16.0999
160999,"Other Romance Languages, Literatures, & Linguistics",2013,64.0,16.0999
160999,"Other Romance Languages, Literatures, & Linguistics",2014,40.0,16.0999
160999,"Other Romance Languages, Literatures, & Linguistics",2015,47.0,16.0999
160999,"Other Romance Languages, Literatures, & Linguistics",2016,42.0,16.0999
160999,"Other Romance Languages, Literatures, & Linguistics",2017,55.0,16.0999
160999,"Other Romance Languages, Literatures, & Linguistics",2018,51.0,16.0999
160999,"Other Romance Languages, Literatures, & Linguistics",2019,37.0,16.0999
160999,"Other Romance Languages, Literatures, & Linguistics",2020,35.0,16.0999
160999,"Other Romance Languages, Literatures, & Linguistics",2021,25.0,16.0999
160999,"Other Romance Languages, Literatures, & Linguistics",2022,27.0,16.0999
160999,"Other Romance Languages, Literatures, & Linguistics",2023,29.0,16.0999
160999,"Other Romance Languages, Literatures, & Linguistics",2024,20.0,16.0999
161001,"Native American Languages, Literatures, & Linguistics",2012,4.0,16.1001
161001,"Native American Languages, Literatures, & Linguistics",2013,6.0,16.1001
161001,"Native American Languages, Literatures, & Linguistics",2014,9.0,16.1001
161001,"Native American Languages, Literatures, & Linguistics",2015,0.0,16.1001
161001,"Native American Languages, Literatures, & Linguistics",2016,11.0,16.1001
161001,"Native American Languages, Literatures, & Linguistics",2017,1.0,16.1001
161001,"Native American Languages, Literatures, & Linguistics",2018,10.0,16.1001
161001,"Native American Languages, Literatures, & Linguistics",2019,1.0,16.1001
161001,"Native American Languages, Literatures, & Linguistics",2020,12.0,16.1001
161001,"Native American Languages, Literatures, & Linguistics",2021,0.0,16.1001
161001,"Native American Languages, Literatures, & Linguistics",2022,15.0,16.1001
161001,"Native American Languages, Literatures, & Linguistics",2023,1.0,16.1001
161001,"Native American Languages, Literatures, & Linguistics",2024,7.0,16.1001
161100,"Middle Eastern & Semetic Languages, Literatures, & Linguistics",2012,10.0,16.11
161100,"Middle Eastern & Semetic Languages, Literatures, & Linguistics",2013,25.0,16.11
161100,"Middle Eastern & Semetic Languages, Literatures, & Linguistics",2014,27.0,16.11
161100,"Middle Eastern & Semetic Languages, Literatures, & Linguistics",2015,31.0,16.11
161100,"Middle Eastern & Semetic Languages, Literatures, & Linguistics",2016,19.0,16.11
161100,"Middle Eastern & Semetic Languages, Literatures, & Linguistics",2017,20.0,16.11
161100,"Middle Eastern & Semetic Languages, Literatures, & Linguistics",2018,22.0,16.11
161100,"Middle Eastern & Semetic Languages, Literatures, & Linguistics",2019,8.0,16.11
161100,"Middle Eastern & Semetic Languages, Literatures, & Linguistics",2020,12.0,16.11
161100,"Middle Eastern & Semetic Languages, Literatures, & Linguistics",2021,7.0,16.11
161100,"Middle Eastern & Semetic Languages, Literatures, & Linguistics",2022,11.0,16.11
161100,"Middle Eastern & Semetic Languages, Literatures, & Linguistics",2023,7.0,16.11
161100,"Middle Eastern & Semetic Languages, Literatures, & Linguistics",2024,5.0,16.11
161101,Arabic Language & Literature,2012,8.0,16.1101
161101,Arabic Language & Literature,2013,12.0,16.1101
161101,Arabic Language & Literature,2014,6.0,16.1101
161101,Arabic Language & Literature,2015,4.0,16.1101
161101,Arabic Language & Literature,2016,18.0,16.1101
161101,Arabic Language & Literature,2017,8.0,16.1101
161101,Arabic Language & Literature,2018,6.0,16.1101
161101,Arabic Language & Literature,2019,12.0,16.1101
161101,Arabic Language & Literature,2020,28.0,16.1101
161101,Arabic Language & Literature,2021,27.0,16.1101
161101,Arabic Language & Literature,2022,51.0,16.1101
161101,Arabic Language & Literature,2023,34.0,16.1101
161101,Arabic Language & Literature,2024,36.0,16.1101
161102,Hebrew Language & Literature,2012,26.0,16.1102
161102,Hebrew Language & Literature,2013,31.0,16.1102
161102,Hebrew Language & Literature,2014,30.0,16.1102
161102,Hebrew Language & Literature,2015,19.0,16.1102
161102,Hebrew Language & Literature,2016,8.0,16.1102
161102,Hebrew Language & Literature,2017,8.0,16.1102
161102,Hebrew Language & Literature,2018,10.0,16.1102
161102,Hebrew Language & Literature,2019,18.0,16.1102
161102,Hebrew Language & Literature,2020,7.0,16.1102
161102,Hebrew Language & Literature,2021,7.0,16.1102
161102,Hebrew Language & Literature,2022,6.0,16.1102
161102,Hebrew Language & Literature,2023,9.0,16.1102
161102,Hebrew Language & Literature,2024,15.0,16.1102
161103,"Ancient Near Eastern & Biblical Languages, Literatures, & Linguistics",2012,20.0,16.1103
161103,"Ancient Near Eastern & Biblical Languages, Literatures, & Linguistics",2013,20.0,16.1103
161103,"Ancient Near Eastern & Biblical Languages, Literatures, & Linguistics",2014,26.0,16.1103
161103,"Ancient Near Eastern & Biblical Languages, Literatures, & Linguistics",2015,20.0,16.1103
161103,"Ancient Near Eastern & Biblical Languages, Literatures, & Linguistics",2016,17.0,16.1103
161103,"Ancient Near Eastern & Biblical Languages, Literatures, & Linguistics",2017,16.0,16.1103
161103,"Ancient Near Eastern & Biblical Languages, Literatures, & Linguistics",2018,19.0,16.1103
161103,"Ancient Near Eastern & Biblical Languages, Literatures, & Linguistics",2019,20.0,16.1103
161103,"Ancient Near Eastern & Biblical Languages, Literatures, & Linguistics",2020,14.0,16.1103
161103,"Ancient Near Eastern & Biblical Languages, Literatures, & Linguistics",2021,23.0,16.1103
161103,"Ancient Near Eastern & Biblical Languages, Literatures, & Linguistics",2022,31.0,16.1103
161103,"Ancient Near Eastern & Biblical Languages, Literatures, & Linguistics",2023,20.0,16.1103
161103,"Ancient Near Eastern & Biblical Languages, Literatures, & Linguistics",2024,37.0,16.1103
161199,"Other Middle/Near Eastern & Semetic Languages, Literatures, & Linguistics",2012,50.0,16.1199
161199,"Other Middle/Near Eastern & Semetic Languages, Literatures, & Linguistics",2013,46.0,16.1199
161199,"Other Middle/Near Eastern & Semetic Languages, Literatures, & Linguistics",2014,38.0,16.1199
161199,"Other Middle/Near Eastern & Semetic Languages, Literatures, & Linguistics",2015,49.0,16.1199
161199,"Other Middle/Near Eastern & Semetic Languages, Literatures, & Linguistics",2016,51.0,16.1199
161199,"Other Middle/Near Eastern & Semetic Languages, Literatures, & Linguistics",2017,31.0,16.1199
161199,"Other Middle/Near Eastern & Semetic Languages, Literatures, & Linguistics",2018,33.0,16.1199
161199,"Other Middle/Near Eastern & Semetic Languages, Literatures, & Linguistics",2019,39.0,16.1199
161199,"Other Middle/Near Eastern & Semetic Languages, Literatures, & Linguistics",2020,31.0,16.1199
161199,"Other Middle/Near Eastern & Semetic Languages, Literatures, & Linguistics",2021,24.0,16.1199
161199,"Other Middle/Near Eastern & Semetic Languages, Literatures, & Linguistics",2022,17.0,16.1199
161199,"Other Middle/Near Eastern & Semetic Languages, Literatures, & Linguistics",2023,28.0,16.1199
161199,"Other Middle/Near Eastern & Semetic Languages, Literatures, & Linguistics",2024,18.0,16.1199
161200,"General Classical Language, Literature, & Linguistics",2012,234.0,16.12
161200,"General Classical Language, Literature, & Linguistics",2013,199.0,16.12
161200,"General Classical Language, Literature, & Linguistics",2014,195.0,16.12
161200,"General Classical Language, Literature, & Linguistics",2015,219.0,16.12
161200,"General Classical Language, Literature, & Linguistics",2016,190.0,16.12
161200,"General Classical Language, Literature, & Linguistics",2017,167.0,16.12
161200,"General Classical Language, Literature, & Linguistics",2018,192.0,16.12
161200,"General Classical Language, Literature, & Linguistics",2019,191.0,16.12
161200,"General Classical Language, Literature, & Linguistics",2020,153.0,16.12
161200,"General Classical Language, Literature, & Linguistics",2021,172.0,16.12
161200,"General Classical Language, Literature, & Linguistics",2022,156.0,16.12
161200,"General Classical Language, Literature, & Linguistics",2023,184.0,16.12
161200,"General Classical Language, Literature, & Linguistics",2024,142.0,16.12
161202,Ancient/Classical Greek Language & Literature,2012,12.0,16.1202
161202,Ancient/Classical Greek Language & Literature,2013,1.0,16.1202
161202,Ancient/Classical Greek Language & Literature,2014,1.0,16.1202
161202,Ancient/Classical Greek Language & Literature,2015,1.0,16.1202
161202,Ancient/Classical Greek Language & Literature,2016,0.0,16.1202
161202,Ancient/Classical Greek Language & Literature,2017,1.0,16.1202
161202,Ancient/Classical Greek Language & Literature,2018,1.0,16.1202
161202,Ancient/Classical Greek Language & Literature,2019,0.0,16.1202
161202,Ancient/Classical Greek Language & Literature,2020,2.0,16.1202
161202,Ancient/Classical Greek Language & Literature,2021,2.0,16.1202
161202,Ancient/Classical Greek Language & Literature,2022,2.0,16.1202
161202,Ancient/Classical Greek Language & Literature,2023,1.0,16.1202
161202,Ancient/Classical Greek Language & Literature,2024,1.0,16.1202
161203,Latin Language & Literature,2012,18.0,16.1203
161203,Latin Language & Literature,2013,13.0,16.1203
161203,Latin Language & Literature,2014,20.0,16.1203
161203,Latin Language & Literature,2015,19.0,16.1203
161203,Latin Language & Literature,2016,12.0,16.1203
161203,Latin Language & Literature,2017,20.0,16.1203
161203,Latin Language & Literature,2018,18.0,16.1203
161203,Latin Language & Literature,2019,17.0,16.1203
161203,Latin Language & Literature,2020,5.0,16.1203
161203,Latin Language & Literature,2021,11.0,16.1203
161203,Latin Language & Literature,2022,11.0,16.1203
161203,Latin Language & Literature,2023,11.0,16.1203
161203,Latin Language & Literature,2024,5.0,16.1203
161299,"Other Classical Languages, Literature, & Linguistics",2012,14.0,16.1299
161299,"Other Classical Languages, Literature, & Linguistics",2013,13.0,16.1299
161299,"Other Classical Languages, Literature, & Linguistics",2014,23.0,16.1299
161299,"Other Classical Languages, Literature, & Linguistics",2015,17.0,16.1299
161299,"Other Classical Languages, Literature, & Linguistics",2016,12.0,16.1299
161299,"Other Classical Languages, Literature, & Linguistics",2017,19.0,16.1299
161299,"Other Classical Languages, Literature, & Linguistics",2018,14.0,16.1299
161299,"Other Classical Languages, Literature, & Linguistics",2019,17.0,16.1299
161299,"Other Classical Languages, Literature, & Linguistics",2020,14.0,16.1299
161299,"Other Classical Languages, Literature, & Linguistics",2021,32.0,16.1299
161299,"Other Classical Languages, Literature, & Linguistics",2022,33.0,16.1299
161299,"Other Classical Languages, Literature, & Linguistics",2023,42.0,16.1299
161299,"Other Classical Languages, Literature, & Linguistics",2024,49.0,16.1299
161301,"Celtic Languages, Literatures, & Linguistics",2012,1.0,16.1301
161301,"Celtic Languages, Literatures, & Linguistics",2013,2.0,16.1301
161301,"Celtic Languages, Literatures, & Linguistics",2014,0.0,16.1301
161301,"Celtic Languages, Literatures, & Linguistics",2015,1.0,16.1301
161301,"Celtic Languages, Literatures, & Linguistics",2016,4.0,16.1301
161301,"Celtic Languages, Literatures, & Linguistics",2017,0.0,16.1301
161301,"Celtic Languages, Literatures, & Linguistics",2018,2.0,16.1301
161301,"Celtic Languages, Literatures, & Linguistics",2019,2.0,16.1301
161301,"Celtic Languages, Literatures, & Linguistics",2020,0.0,16.1301
161301,"Celtic Languages, Literatures, & Linguistics",2021,2.0,16.1301
161301,"Celtic Languages, Literatures, & Linguistics",2022,4.0,16.1301
161301,"Celtic Languages, Literatures, & Linguistics",2023,0.0,16.1301
161301,"Celtic Languages, Literatures, & Linguistics",2024,4.0,16.1301
161409,Hawaiian Language And Literature,2021,1.0,16.1409
161409,Hawaiian Language And Literature,2022,0.0,16.1409
161409,Hawaiian Language And Literature,2023,4.0,16.1409
161409,Hawaiian Language And Literature,2024,6.0,16.1409
161501,Turkish Language & Literature,2012,0.0,16.1501
161501,Turkish Language & Literature,2013,0.0,16.1501
161501,Turkish Language & Literature,2014,0.0,16.1501
161501,Turkish Language & Literature,2015,0.0,16.1501
161501,Turkish Language & Literature,2016,0.0,16.1501
161501,Turkish Language & Literature,2017,0.0,16.1501
161501,Turkish Language & Literature,2018,0.0,16.1501
161501,Turkish Language & Literature,2019,0.0,16.1501
161501,Turkish Language & Literature,2020,0.0,16.1501
161501,Turkish Language & Literature,2021,0.0,16.1501
161501,Turkish Language & Literature,2022,0.0,16.1501
161501,Turkish Language & Literature,2023,0.0,16.1501
161501,Turkish Language & Literature,2024,0.0,16.1501
161601,American Sign Language (ASL),2012,2.0,16.1601
161601,American Sign Language (ASL),2013,22.0,16.1601
161601,American Sign Language (ASL),2014,31.0,16.1601
161601,American Sign Language (ASL),2015,24.0,16.1601
161601,American Sign Language (ASL),2016,31.0,16.1601
161601,American Sign Language (ASL),2017,27.0,16.1601
161601,American Sign Language (ASL),2018,25.0,16.1601
161601,American Sign Language (ASL),2019,33.0,16.1601
161601,American Sign Language (ASL),2020,26.0,16.1601
161601,American Sign Language (ASL),2021,32.0,16.1601
161601,American Sign Language (ASL),2022,50.0,16.1601
161601,American Sign Language (ASL),2023,28.0,16.1601
161601,American Sign Language (ASL),2024,20.0,16.1601
161602,Linguistics of ASL & Other Sign Languages,2016,8.0,16.1602
161602,Linguistics of ASL & Other Sign Languages,2017,6.0,16.1602
161602,Linguistics of ASL & Other Sign Languages,2018,13.0,16.1602
161602,Linguistics of ASL & Other Sign Languages,2019,19.0,16.1602
161602,Linguistics of ASL & Other Sign Languages,2020,12.0,16.1602
161602,Linguistics of ASL & Other Sign Languages,2021,19.0,16.1602
161602,Linguistics of ASL & Other Sign Languages,2022,20.0,16.1602
161602,Linguistics of ASL & Other Sign Languages,2023,7.0,16.1602
161602,Linguistics of ASL & Other Sign Languages,2024,10.0,16.1602
161603,Sign Language Interpretation & Translation,2012,17.0,16.1603
161603,Sign Language Interpretation & Translation,2013,17.0,16.1603
161603,Sign Language Interpretation & Translation,2014,29.0,16.1603
161603,Sign Language Interpretation & Translation,2015,24.0,16.1603
161603,Sign Language Interpretation & Translation,2016,43.0,16.1603
161603,Sign Language Interpretation & Translation,2017,41.0,16.1603
161603,Sign Language Interpretation & Translation,2018,40.0,16.1603
161603,Sign Language Interpretation & Translation,2019,41.0,16.1603
161603,Sign Language Interpretation & Translation,2020,74.0,16.1603
161603,Sign Language Interpretation & Translation,2021,61.0,16.1603
161603,Sign Language Interpretation & Translation,2022,80.0,16.1603
161603,Sign Language Interpretation & Translation,2023,71.0,16.1603
161603,Sign Language Interpretation & Translation,2024,70.0,16.1603
161701,English As A Second Language,2020,23.0,16.1701
161701,English As A Second Language,2021,19.0,16.1701
161701,English As A Second Language,2022,24.0,16.1701
161701,English As A Second Language,2023,14.0,16.1701
161701,English As A Second Language,2024,6.0,16.1701
169999,"Other Foreign Languages, Literatures, & Linguistics",2012,67.0,16.9999
169999,"Other Foreign Languages, Literatures, & Linguistics",2013,62.0,16.9999
169999,"Other Foreign Languages, Literatures, & Linguistics",2014,44.0,16.9999
169999,"Other Foreign Languages, Literatures, & Linguistics",2015,34.0,16.9999
169999,"Other Foreign Languages, Literatures, & Linguistics",2016,51.0,16.9999
169999,"Other Foreign Languages, Literatures, & Linguistics",2017,52.0,16.9999
169999,"Other Foreign Languages, Literatures, & Linguistics",2018,33.0,16.9999
169999,"Other Foreign Languages, Literatures, & Linguistics",2019,33.0,16.9999
169999,"Other Foreign Languages, Literatures, & Linguistics",2020,39.0,16.9999
169999,"Other Foreign Languages, Literatures, & Linguistics",2021,26.0,16.9999
169999,"Other Foreign Languages, Literatures, & Linguistics",2022,20.0,16.9999
169999,"Other Foreign Languages, Literatures, & Linguistics",2023,10.0,16.9999
169999,"Other Foreign Languages, Literatures, & Linguistics",2024,23.0,16.9999
190101,General Family & Consumer Sciences,2012,561.0,19.0101
190101,General Family & Consumer Sciences,2013,565.0,19.0101
190101,General Family & Consumer Sciences,2014,529.0,19.0101
190101,General Family & Consumer Sciences,2015,488.0,19.0101
190101,General Family & Consumer Sciences,2016,514.0,19.0101
190101,General Family & Consumer Sciences,2017,553.0,19.0101
190101,General Family & Consumer Sciences,2018,543.0,19.0101
190101,General Family & Consumer Sciences,2019,498.0,19.0101
190101,General Family & Consumer Sciences,2020,431.0,19.0101
190101,General Family & Consumer Sciences,2021,328.0,19.0101
190101,General Family & Consumer Sciences,2022,264.0,19.0101
190101,General Family & Consumer Sciences,2023,224.0,19.0101
190101,General Family & Consumer Sciences,2024,202.0,19.0101
190201,Business Family & Consumer Sciences,2012,5.0,19.0201
190201,Business Family & Consumer Sciences,2013,7.0,19.0201
190201,Business Family & Consumer Sciences,2014,4.0,19.0201
190201,Business Family & Consumer Sciences,2015,13.0,19.0201
190201,Business Family & Consumer Sciences,2016,9.0,19.0201
190201,Business Family & Consumer Sciences,2017,13.0,19.0201
190201,Business Family & Consumer Sciences,2018,13.0,19.0201
190201,Business Family & Consumer Sciences,2019,19.0,19.0201
190201,Business Family & Consumer Sciences,2020,15.0,19.0201
190201,Business Family & Consumer Sciences,2021,32.0,19.0201
190201,Business Family & Consumer Sciences,2022,17.0,19.0201
190201,Business Family & Consumer Sciences,2023,38.0,19.0201
190201,Business Family & Consumer Sciences,2024,47.0,19.0201
190203,Consumer Merchandising & Retail Management,2012,5.0,19.0203
190203,Consumer Merchandising & Retail Management,2013,6.0,19.0203
190203,Consumer Merchandising & Retail Management,2014,6.0,19.0203
190203,Consumer Merchandising & Retail Management,2015,16.0,19.0203
190203,Consumer Merchandising & Retail Management,2016,25.0,19.0203
190203,Consumer Merchandising & Retail Management,2017,19.0,19.0203
190203,Consumer Merchandising & Retail Management,2018,26.0,19.0203
190203,Consumer Merchandising & Retail Management,2019,20.0,19.0203
190203,Consumer Merchandising & Retail Management,2020,25.0,19.0203
190203,Consumer Merchandising & Retail Management,2021,19.0,19.0203
190203,Consumer Merchandising & Retail Management,2022,20.0,19.0203
190203,Consumer Merchandising & Retail Management,2023,16.0,19.0203
190203,Consumer Merchandising & Retail Management,2024,18.0,19.0203
190401,General Family Resource Mangement Studies,2012,85.0,19.0401
190401,General Family Resource Mangement Studies,2013,84.0,19.0401
190401,General Family Resource Mangement Studies,2014,58.0,19.0401
190401,General Family Resource Mangement Studies,2015,56.0,19.0401
190401,General Family Resource Mangement Studies,2016,164.0,19.0401
190401,General Family Resource Mangement Studies,2017,189.0,19.0401
190401,General Family Resource Mangement Studies,2018,236.0,19.0401
190401,General Family Resource Mangement Studies,2019,238.0,19.0401
190401,General Family Resource Mangement Studies,2020,209.0,19.0401
190401,General Family Resource Mangement Studies,2021,202.0,19.0401
190401,General Family Resource Mangement Studies,2022,179.0,19.0401
190401,General Family Resource Mangement Studies,2023,154.0,19.0401
190401,General Family Resource Mangement Studies,2024,157.0,19.0401
190402,Consumer Economics,2012,0.0,19.0402
190402,Consumer Economics,2013,1.0,19.0402
190402,Consumer Economics,2014,0.0,19.0402
190402,Consumer Economics,2015,0.0,19.0402
190402,Consumer Economics,2016,0.0,19.0402
190402,Consumer Economics,2017,0.0,19.0402
190402,Consumer Economics,2018,0.0,19.0402
190402,Consumer Economics,2019,0.0,19.0402
190403,Consumer Services & Advocacy,2013,0.0,19.0403
190403,Consumer Services & Advocacy,2014,0.0,19.0403
190403,Consumer Services & Advocacy,2015,2.0,19.0403
190403,Consumer Services & Advocacy,2016,1.0,19.0403
190403,Consumer Services & Advocacy,2017,1.0,19.0403
190403,Consumer Services & Advocacy,2018,0.0,19.0403
190403,Consumer Services & Advocacy,2019,2.0,19.0403
190403,Consumer Services & Advocacy,2020,1.0,19.0403
190403,Consumer Services & Advocacy,2021,2.0,19.0403
190403,Consumer Services & Advocacy,2022,1.0,19.0403
190403,Consumer Services & Advocacy,2023,1.0,19.0403
190403,Consumer Services & Advocacy,2024,1.0,19.0403
190499,Other Family & Consumer Economics & Related Services,2012,3.0,19.0499
190499,Other Family & Consumer Economics & Related Services,2013,2.0,19.0499
190499,Other Family & Consumer Economics & Related Services,2014,4.0,19.0499
190499,Other Family & Consumer Economics & Related Services,2015,3.0,19.0499
190499,Other Family & Consumer Economics & Related Services,2016,4.0,19.0499
190499,Other Family & Consumer Economics & Related Services,2017,4.0,19.0499
190499,Other Family & Consumer Economics & Related Services,2018,5.0,19.0499
190499,Other Family & Consumer Economics & Related Services,2019,3.0,19.0499
190499,Other Family & Consumer Economics & Related Services,2020,3.0,19.0499
190499,Other Family & Consumer Economics & Related Services,2021,1.0,19.0499
190499,Other Family & Consumer Economics & Related Services,2022,2.0,19.0499
190499,Other Family & Consumer Economics & Related Services,2023,3.0,19.0499
190499,Other Family & Consumer Economics & Related Services,2024,3.0,19.0499
190501,"General Food, Nutrition, & Wellness Studies",2012,599.0,19.0501
190501,"General Food, Nutrition, & Wellness Studies",2013,610.0,19.0501
190501,"General Food, Nutrition, & Wellness Studies",2014,581.0,19.0501
190501,"General Food, Nutrition, & Wellness Studies",2015,612.0,19.0501
190501,"General Food, Nutrition, & Wellness Studies",2016,613.0,19.0501
190501,"General Food, Nutrition, & Wellness Studies",2017,542.0,19.0501
190501,"General Food, Nutrition, & Wellness Studies",2018,571.0,19.0501
190501,"General Food, Nutrition, & Wellness Studies",2019,563.0,19.0501
190501,"General Food, Nutrition, & Wellness Studies",2020,555.0,19.0501
190501,"General Food, Nutrition, & Wellness Studies",2021,587.0,19.0501
190501,"General Food, Nutrition, & Wellness Studies",2022,560.0,19.0501
190501,"General Food, Nutrition, & Wellness Studies",2023,602.0,19.0501
190501,"General Food, Nutrition, & Wellness Studies",2024,582.0,19.0501
190504,Human Nutrition,2012,281.0,19.0504
190504,Human Nutrition,2013,347.0,19.0504
190504,Human Nutrition,2014,318.0,19.0504
190504,Human Nutrition,2015,245.0,19.0504
190504,Human Nutrition,2016,293.0,19.0504
190504,Human Nutrition,2017,285.0,19.0504
190504,Human Nutrition,2018,412.0,19.0504
190504,Human Nutrition,2019,362.0,19.0504
190504,Human Nutrition,2020,403.0,19.0504
190504,Human Nutrition,2021,438.0,19.0504
190504,Human Nutrition,2022,435.0,19.0504
190504,Human Nutrition,2023,446.0,19.0504
190504,Human Nutrition,2024,514.0,19.0504
190505,Foodservice System Management,2012,4.0,19.0505
190505,Foodservice System Management,2013,3.0,19.0505
190505,Foodservice System Management,2014,8.0,19.0505
190505,Foodservice System Management,2015,8.0,19.0505
190505,Foodservice System Management,2016,3.0,19.0505
190505,Foodservice System Management,2017,18.0,19.0505
190505,Foodservice System Management,2018,4.0,19.0505
190505,Foodservice System Management,2019,10.0,19.0505
190505,Foodservice System Management,2020,10.0,19.0505
190505,Foodservice System Management,2021,3.0,19.0505
190505,Foodservice System Management,2022,9.0,19.0505
190505,Foodservice System Management,2023,3.0,19.0505
190505,Foodservice System Management,2024,6.0,19.0505
190599,"Other Foods, Nutrition, & Related Services",2012,24.0,19.0599
190599,"Other Foods, Nutrition, & Related Services",2013,43.0,19.0599
190599,"Other Foods, Nutrition, & Related Services",2014,34.0,19.0599
190599,"Other Foods, Nutrition, & Related Services",2015,38.0,19.0599
190599,"Other Foods, Nutrition, & Related Services",2016,49.0,19.0599
190599,"Other Foods, Nutrition, & Related Services",2017,60.0,19.0599
190599,"Other Foods, Nutrition, & Related Services",2018,44.0,19.0599
190599,"Other Foods, Nutrition, & Related Services",2019,38.0,19.0599
190599,"Other Foods, Nutrition, & Related Services",2020,60.0,19.0599
190599,"Other Foods, Nutrition, & Related Services",2021,55.0,19.0599
190599,"Other Foods, Nutrition, & Related Services",2022,43.0,19.0599
190599,"Other Foods, Nutrition, & Related Services",2023,42.0,19.0599
190599,"Other Foods, Nutrition, & Related Services",2024,38.0,19.0599
190601,General Housing & Human Environments,2012,30.0,19.0601
190601,General Housing & Human Environments,2013,32.0,19.0601
190601,General Housing & Human Environments,2014,24.0,19.0601
190601,General Housing & Human Environments,2015,26.0,19.0601
190601,General Housing & Human Environments,2016,22.0,19.0601
190601,General Housing & Human Environments,2017,26.0,19.0601
190601,General Housing & Human Environments,2018,37.0,19.0601
190601,General Housing & Human Environments,2019,42.0,19.0601
190601,General Housing & Human Environments,2020,49.0,19.0601
190601,General Housing & Human Environments,2021,44.0,19.0601
190601,General Housing & Human Environments,2022,54.0,19.0601
190601,General Housing & Human Environments,2023,63.0,19.0601
190601,General Housing & Human Environments,2024,60.0,19.0601
190604,Facilities Planning & Management,2012,11.0,19.0604
190604,Facilities Planning & Management,2013,4.0,19.0604
190604,Facilities Planning & Management,2014,11.0,19.0604
190604,Facilities Planning & Management,2015,12.0,19.0604
190604,Facilities Planning & Management,2016,6.0,19.0604
190604,Facilities Planning & Management,2017,3.0,19.0604
190604,Facilities Planning & Management,2018,3.0,19.0604
190604,Facilities Planning & Management,2019,2.0,19.0604
190604,Facilities Planning & Management,2020,0.0,19.0604
190604,Facilities Planning & Management,2021,0.0,19.0604
190604,Facilities Planning & Management,2022,0.0,19.0604
190604,Facilities Planning & Management,2023,9.0,19.0604
190604,Facilities Planning & Management,2024,22.0,19.0604
190701,General Human Development & Family Studies,2012,613.0,19.0701
190701,General Human Development & Family Studies,2013,651.0,19.0701
190701,General Human Development & Family Studies,2014,602.0,19.0701
190701,General Human Development & Family Studies,2015,668.0,19.0701
190701,General Human Development & Family Studies,2016,673.0,19.0701
190701,General Human Development & Family Studies,2017,717.0,19.0701
190701,General Human Development & Family Studies,2018,622.0,19.0701
190701,General Human Development & Family Studies,2019,639.0,19.0701
190701,General Human Development & Family Studies,2020,651.0,19.0701
190701,General Human Development & Family Studies,2021,612.0,19.0701
190701,General Human Development & Family Studies,2022,554.0,19.0701
190701,General Human Development & Family Studies,2023,580.0,19.0701
190701,General Human Development & Family Studies,2024,566.0,19.0701
190702,Adult Development & Aging,2012,23.0,19.0702
190702,Adult Development & Aging,2013,44.0,19.0702
190702,Adult Development & Aging,2014,171.0,19.0702
190702,Adult Development & Aging,2015,195.0,19.0702
190702,Adult Development & Aging,2016,152.0,19.0702
190702,Adult Development & Aging,2017,133.0,19.0702
190702,Adult Development & Aging,2018,90.0,19.0702
190702,Adult Development & Aging,2019,88.0,19.0702
190702,Adult Development & Aging,2020,71.0,19.0702
190702,Adult Development & Aging,2021,46.0,19.0702
190702,Adult Development & Aging,2022,21.0,19.0702
190702,Adult Development & Aging,2023,32.0,19.0702
190702,Adult Development & Aging,2024,41.0,19.0702
190704,Family Systems,2012,28.0,19.0704
190704,Family Systems,2013,21.0,19.0704
190704,Family Systems,2014,24.0,19.0704
190704,Family Systems,2015,36.0,19.0704
190704,Family Systems,2016,39.0,19.0704
190704,Family Systems,2017,63.0,19.0704
190704,Family Systems,2018,33.0,19.0704
190704,Family Systems,2019,38.0,19.0704
190704,Family Systems,2020,15.0,19.0704
190704,Family Systems,2021,14.0,19.0704
190704,Family Systems,2022,10.0,19.0704
190704,Family Systems,2023,33.0,19.0704
190704,Family Systems,2024,30.0,19.0704
190706,Child Development,2012,231.0,19.0706
190706,Child Development,2013,204.0,19.0706
190706,Child Development,2014,237.0,19.0706
190706,Child Development,2015,241.0,19.0706
190706,Child Development,2016,183.0,19.0706
190706,Child Development,2017,193.0,19.0706
190706,Child Development,2018,210.0,19.0706
190706,Child Development,2019,174.0,19.0706
190706,Child Development,2020,265.0,19.0706
190706,Child Development,2021,246.0,19.0706
190706,Child Development,2022,262.0,19.0706
190706,Child Development,2023,302.0,19.0706
190706,Child Development,2024,296.0,19.0706
190707,Family & Community Services,2012,293.0,19.0707
190707,Family & Community Services,2013,274.0,19.0707
190707,Family & Community Services,2014,213.0,19.0707
190707,Family & Community Services,2015,250.0,19.0707
190707,Family & Community Services,2016,238.0,19.0707
190707,Family & Community Services,2017,249.0,19.0707
190707,Family & Community Services,2018,233.0,19.0707
190707,Family & Community Services,2019,202.0,19.0707
190707,Family & Community Services,2020,135.0,19.0707
190707,Family & Community Services,2021,92.0,19.0707
190707,Family & Community Services,2022,107.0,19.0707
190707,Family & Community Services,2023,117.0,19.0707
190707,Family & Community Services,2024,117.0,19.0707
190708,Child Care & Support Services Management,2012,45.0,19.0708
190708,Child Care & Support Services Management,2013,48.0,19.0708
190708,Child Care & Support Services Management,2014,39.0,19.0708
190708,Child Care & Support Services Management,2015,91.0,19.0708
190708,Child Care & Support Services Management,2016,61.0,19.0708
190708,Child Care & Support Services Management,2017,69.0,19.0708
190708,Child Care & Support Services Management,2018,75.0,19.0708
190708,Child Care & Support Services Management,2019,120.0,19.0708
190708,Child Care & Support Services Management,2020,100.0,19.0708
190708,Child Care & Support Services Management,2021,80.0,19.0708
190708,Child Care & Support Services Management,2022,87.0,19.0708
190708,Child Care & Support Services Management,2023,95.0,19.0708
190708,Child Care & Support Services Management,2024,91.0,19.0708
190709,Child Care Provider,2012,3.0,19.0709
190709,Child Care Provider,2013,4.0,19.0709
190709,Child Care Provider,2014,5.0,19.0709
190709,Child Care Provider,2017,0.0,19.0709
190709,Child Care Provider,2018,2.0,19.0709
190709,Child Care Provider,2019,5.0,19.0709
190709,Child Care Provider,2020,3.0,19.0709
190709,Child Care Provider,2021,6.0,19.0709
190709,Child Care Provider,2022,5.0,19.0709
190709,Child Care Provider,2023,18.0,19.0709
190709,Child Care Provider,2024,32.0,19.0709
190710,Developmental Services Worker,2015,0.0,19.071
190710,Developmental Services Worker,2016,0.0,19.071
190710,Developmental Services Worker,2017,3.0,19.071
190710,Developmental Services Worker,2019,2.0,19.071
190710,Developmental Services Worker,2020,1.0,19.071
190710,Developmental Services Worker,2021,4.0,19.071
190710,Developmental Services Worker,2022,11.0,19.071
190710,Developmental Services Worker,2023,9.0,19.071
190710,Developmental Services Worker,2024,8.0,19.071
190711,Early Childhood And Family Studies,2022,3.0,19.0711
190711,Early Childhood And Family Studies,2023,9.0,19.0711
190711,Early Childhood And Family Studies,2024,17.0,19.0711
190799,"Other Human Development, Family Studies, & Related Services",2012,46.0,19.0799
190799,"Other Human Development, Family Studies, & Related Services",2013,49.0,19.0799
190799,"Other Human Development, Family Studies, & Related Services",2014,58.0,19.0799
190799,"Other Human Development, Family Studies, & Related Services",2015,43.0,19.0799
190799,"Other Human Development, Family Studies, & Related Services",2016,49.0,19.0799
190799,"Other Human Development, Family Studies, & Related Services",2017,40.0,19.0799
190799,"Other Human Development, Family Studies, & Related Services",2018,48.0,19.0799
190799,"Other Human Development, Family Studies, & Related Services",2019,67.0,19.0799
190799,"Other Human Development, Family Studies, & Related Services",2020,106.0,19.0799
190799,"Other Human Development, Family Studies, & Related Services",2021,181.0,19.0799
190799,"Other Human Development, Family Studies, & Related Services",2022,193.0,19.0799
190799,"Other Human Development, Family Studies, & Related Services",2023,178.0,19.0799
190799,"Other Human Development, Family Studies, & Related Services",2024,125.0,19.0799
190901,General Apparel & Textiles,2012,75.0,19.0901
190901,General Apparel & Textiles,2013,63.0,19.0901
190901,General Apparel & Textiles,2014,72.0,19.0901
190901,General Apparel & Textiles,2015,54.0,19.0901
190901,General Apparel & Textiles,2016,56.0,19.0901
190901,General Apparel & Textiles,2017,54.0,19.0901
190901,General Apparel & Textiles,2018,42.0,19.0901
190901,General Apparel & Textiles,2019,50.0,19.0901
190901,General Apparel & Textiles,2020,52.0,19.0901
190901,General Apparel & Textiles,2021,44.0,19.0901
190901,General Apparel & Textiles,2022,89.0,19.0901
190901,General Apparel & Textiles,2023,68.0,19.0901
190901,General Apparel & Textiles,2024,52.0,19.0901
190902,Apparel & Textile Manufacture,2017,2.0,19.0902
190902,Apparel & Textile Manufacture,2018,2.0,19.0902
190902,Apparel & Textile Manufacture,2019,8.0,19.0902
190902,Apparel & Textile Manufacture,2020,5.0,19.0902
190902,Apparel & Textile Manufacture,2021,5.0,19.0902
190902,Apparel & Textile Manufacture,2022,5.0,19.0902
190902,Apparel & Textile Manufacture,2023,1.0,19.0902
190902,Apparel & Textile Manufacture,2024,6.0,19.0902
190905,Apparel & Textile Marketing Management,2012,42.0,19.0905
190905,Apparel & Textile Marketing Management,2013,42.0,19.0905
190905,Apparel & Textile Marketing Management,2014,46.0,19.0905
190905,Apparel & Textile Marketing Management,2015,40.0,19.0905
190905,Apparel & Textile Marketing Management,2016,66.0,19.0905
190905,Apparel & Textile Marketing Management,2017,52.0,19.0905
190905,Apparel & Textile Marketing Management,2018,67.0,19.0905
190905,Apparel & Textile Marketing Management,2019,112.0,19.0905
190905,Apparel & Textile Marketing Management,2020,106.0,19.0905
190905,Apparel & Textile Marketing Management,2021,88.0,19.0905
190905,Apparel & Textile Marketing Management,2022,16.0,19.0905
190905,Apparel & Textile Marketing Management,2023,10.0,19.0905
190905,Apparel & Textile Marketing Management,2024,16.0,19.0905
190906,Fashion & Fabric Consultant,2013,0.0,19.0906
190999,Other Apparel & Textiles,2012,1.0,19.0999
190999,Other Apparel & Textiles,2013,2.0,19.0999
190999,Other Apparel & Textiles,2014,1.0,19.0999
190999,Other Apparel & Textiles,2015,2.0,19.0999
190999,Other Apparel & Textiles,2016,4.0,19.0999
190999,Other Apparel & Textiles,2017,5.0,19.0999
190999,Other Apparel & Textiles,2018,7.0,19.0999
190999,Other Apparel & Textiles,2019,11.0,19.0999
190999,Other Apparel & Textiles,2020,6.0,19.0999
190999,Other Apparel & Textiles,2021,2.0,19.0999
199999,Other Family & Consumer Sciences,2012,35.0,19.9999
199999,Other Family & Consumer Sciences,2013,25.0,19.9999
199999,Other Family & Consumer Sciences,2014,41.0,19.9999
199999,Other Family & Consumer Sciences,2015,9.0,19.9999
199999,Other Family & Consumer Sciences,2016,14.0,19.9999
199999,Other Family & Consumer Sciences,2017,6.0,19.9999
199999,Other Family & Consumer Sciences,2018,9.0,19.9999
199999,Other Family & Consumer Sciences,2019,9.0,19.9999
199999,Other Family & Consumer Sciences,2020,5.0,19.9999
199999,Other Family & Consumer Sciences,2021,8.0,19.9999
199999,Other Family & Consumer Sciences,2022,3.0,19.9999
199999,Other Family & Consumer Sciences,2023,6.0,19.9999
199999,Other Family & Consumer Sciences,2024,5.0,19.9999
220000,General Legal Studies,2012,362.0,22.0
220000,General Legal Studies,2013,385.0,22.0
220000,General Legal Studies,2014,407.0,22.0
220000,General Legal Studies,2015,367.0,22.0
220000,General Legal Studies,2016,347.0,22.0
220000,General Legal Studies,2017,316.0,22.0
220000,General Legal Studies,2018,264.0,22.0
220000,General Legal Studies,2019,293.0,22.0
220000,General Legal Studies,2020,373.0,22.0
220000,General Legal Studies,2021,334.0,22.0
220000,General Legal Studies,2022,425.0,22.0
220000,General Legal Studies,2023,396.0,22.0
220000,General Legal Studies,2024,356.0,22.0
220001,Pre-Law Studies,2015,16.0,22.0001
220001,Pre-Law Studies,2016,14.0,22.0001
220001,Pre-Law Studies,2017,19.0,22.0001
220001,Pre-Law Studies,2018,36.0,22.0001
220001,Pre-Law Studies,2019,51.0,22.0001
220001,Pre-Law Studies,2020,114.0,22.0001
220001,Pre-Law Studies,2021,83.0,22.0001
220001,Pre-Law Studies,2022,59.0,22.0001
220001,Pre-Law Studies,2023,86.0,22.0001
220001,Pre-Law Studies,2024,42.0,22.0001
220099,"Non-Professional Legal Studies, Other",2021,1.0,22.0099
220099,"Non-Professional Legal Studies, Other",2022,0.0,22.0099
220201,General Advanced Legal Studies,2012,1306.0,22.0201
220201,General Advanced Legal Studies,2013,1467.0,22.0201
220201,General Advanced Legal Studies,2014,1717.0,22.0201
220201,General Advanced Legal Studies,2015,1880.0,22.0201
220201,General Advanced Legal Studies,2016,1981.0,22.0201
220201,General Advanced Legal Studies,2017,2245.0,22.0201
220201,General Advanced Legal Studies,2018,2241.0,22.0201
220201,General Advanced Legal Studies,2019,2260.0,22.0201
220201,General Advanced Legal Studies,2020,2645.0,22.0201
220201,General Advanced Legal Studies,2021,1869.0,22.0201
220201,General Advanced Legal Studies,2022,3757.0,22.0201
220201,General Advanced Legal Studies,2023,3536.0,22.0201
220201,General Advanced Legal Studies,2024,3668.0,22.0201
220202,Programs for Foreign Lawyers,2012,808.0,22.0202
220202,Programs for Foreign Lawyers,2013,952.0,22.0202
220202,Programs for Foreign Lawyers,2014,1065.0,22.0202
220202,Programs for Foreign Lawyers,2015,1201.0,22.0202
220202,Programs for Foreign Lawyers,2016,1277.0,22.0202
220202,Programs for Foreign Lawyers,2017,1387.0,22.0202
220202,Programs for Foreign Lawyers,2018,1757.0,22.0202
220202,Programs for Foreign Lawyers,2019,1905.0,22.0202
220202,Programs for Foreign Lawyers,2020,1823.0,22.0202
220202,Programs for Foreign Lawyers,2021,770.0,22.0202
220202,Programs for Foreign Lawyers,2022,2216.0,22.0202
220202,Programs for Foreign Lawyers,2023,1716.0,22.0202
220202,Programs for Foreign Lawyers,2024,1560.0,22.0202
220203,Legal Studies & Jurisprudence,2012,247.0,22.0203
220203,Legal Studies & Jurisprudence,2013,270.0,22.0203
220203,Legal Studies & Jurisprudence,2014,306.0,22.0203
220203,Legal Studies & Jurisprudence,2015,363.0,22.0203
220203,Legal Studies & Jurisprudence,2016,371.0,22.0203
220203,Legal Studies & Jurisprudence,2017,465.0,22.0203
220203,Legal Studies & Jurisprudence,2018,474.0,22.0203
220203,Legal Studies & Jurisprudence,2019,558.0,22.0203
220203,Legal Studies & Jurisprudence,2020,692.0,22.0203
220203,Legal Studies & Jurisprudence,2021,574.0,22.0203
220203,Legal Studies & Jurisprudence,2022,881.0,22.0203
220203,Legal Studies & Jurisprudence,2023,743.0,22.0203
220203,Legal Studies & Jurisprudence,2024,699.0,22.0203
220205,"Banking, Corporate, Finance, & Securities Law",2012,235.0,22.0205
220205,"Banking, Corporate, Finance, & Securities Law",2013,163.0,22.0205
220205,"Banking, Corporate, Finance, & Securities Law",2014,275.0,22.0205
220205,"Banking, Corporate, Finance, & Securities Law",2015,256.0,22.0205
220205,"Banking, Corporate, Finance, & Securities Law",2016,277.0,22.0205
220205,"Banking, Corporate, Finance, & Securities Law",2017,306.0,22.0205
220205,"Banking, Corporate, Finance, & Securities Law",2018,271.0,22.0205
220205,"Banking, Corporate, Finance, & Securities Law",2019,216.0,22.0205
220205,"Banking, Corporate, Finance, & Securities Law",2020,246.0,22.0205
220205,"Banking, Corporate, Finance, & Securities Law",2021,114.0,22.0205
220205,"Banking, Corporate, Finance, & Securities Law",2022,295.0,22.0205
220205,"Banking, Corporate, Finance, & Securities Law",2023,246.0,22.0205
220205,"Banking, Corporate, Finance, & Securities Law",2024,274.0,22.0205
220206,Comparative Law,2012,62.0,22.0206
220206,Comparative Law,2013,39.0,22.0206
220206,Comparative Law,2014,51.0,22.0206
220206,Comparative Law,2015,51.0,22.0206
220206,Comparative Law,2016,56.0,22.0206
220206,Comparative Law,2017,55.0,22.0206
220206,Comparative Law,2018,49.0,22.0206
220206,Comparative Law,2019,42.0,22.0206
220206,Comparative Law,2020,31.0,22.0206
220206,Comparative Law,2021,28.0,22.0206
220206,Comparative Law,2022,29.0,22.0206
220206,Comparative Law,2023,33.0,22.0206
220206,Comparative Law,2024,22.0,22.0206
220207,"Energy, Environment, & Natural Resources Law",2012,98.0,22.0207
220207,"Energy, Environment, & Natural Resources Law",2013,92.0,22.0207
220207,"Energy, Environment, & Natural Resources Law",2014,91.0,22.0207
220207,"Energy, Environment, & Natural Resources Law",2015,128.0,22.0207
220207,"Energy, Environment, & Natural Resources Law",2016,126.0,22.0207
220207,"Energy, Environment, & Natural Resources Law",2017,141.0,22.0207
220207,"Energy, Environment, & Natural Resources Law",2018,198.0,22.0207
220207,"Energy, Environment, & Natural Resources Law",2019,178.0,22.0207
220207,"Energy, Environment, & Natural Resources Law",2020,189.0,22.0207
220207,"Energy, Environment, & Natural Resources Law",2021,168.0,22.0207
220207,"Energy, Environment, & Natural Resources Law",2022,145.0,22.0207
220207,"Energy, Environment, & Natural Resources Law",2023,118.0,22.0207
220207,"Energy, Environment, & Natural Resources Law",2024,111.0,22.0207
220208,Health Law,2012,162.0,22.0208
220208,Health Law,2013,195.0,22.0208
220208,Health Law,2014,214.0,22.0208
220208,Health Law,2015,195.0,22.0208
220208,Health Law,2016,218.0,22.0208
220208,Health Law,2017,256.0,22.0208
220208,Health Law,2018,295.0,22.0208
220208,Health Law,2019,364.0,22.0208
220208,Health Law,2020,369.0,22.0208
220208,Health Law,2021,308.0,22.0208
220208,Health Law,2022,344.0,22.0208
220208,Health Law,2023,369.0,22.0208
220208,Health Law,2024,301.0,22.0208
220209,International Law & Legal Studies,2012,332.0,22.0209
220209,International Law & Legal Studies,2013,409.0,22.0209
220209,International Law & Legal Studies,2014,634.0,22.0209
220209,International Law & Legal Studies,2015,565.0,22.0209
220209,International Law & Legal Studies,2016,604.0,22.0209
220209,International Law & Legal Studies,2017,532.0,22.0209
220209,International Law & Legal Studies,2018,551.0,22.0209
220209,International Law & Legal Studies,2019,534.0,22.0209
220209,International Law & Legal Studies,2020,491.0,22.0209
220209,International Law & Legal Studies,2021,235.0,22.0209
220209,International Law & Legal Studies,2022,469.0,22.0209
220209,International Law & Legal Studies,2023,428.0,22.0209
220209,International Law & Legal Studies,2024,387.0,22.0209
220210,"International Business, Trade, & Tax Law",2012,139.0,22.021
220210,"International Business, Trade, & Tax Law",2013,217.0,22.021
220210,"International Business, Trade, & Tax Law",2014,268.0,22.021
220210,"International Business, Trade, & Tax Law",2015,261.0,22.021
220210,"International Business, Trade, & Tax Law",2016,317.0,22.021
220210,"International Business, Trade, & Tax Law",2017,249.0,22.021
220210,"International Business, Trade, & Tax Law",2018,293.0,22.021
220210,"International Business, Trade, & Tax Law",2019,261.0,22.021
220210,"International Business, Trade, & Tax Law",2020,319.0,22.021
220210,"International Business, Trade, & Tax Law",2021,187.0,22.021
220210,"International Business, Trade, & Tax Law",2022,363.0,22.021
220210,"International Business, Trade, & Tax Law",2023,242.0,22.021
220210,"International Business, Trade, & Tax Law",2024,288.0,22.021
220211,Tax Law,2012,704.0,22.0211
220211,Tax Law,2013,635.0,22.0211
220211,Tax Law,2014,755.0,22.0211
220211,Tax Law,2015,768.0,22.0211
220211,Tax Law,2016,824.0,22.0211
220211,Tax Law,2017,808.0,22.0211
220211,Tax Law,2018,804.0,22.0211
220211,Tax Law,2019,766.0,22.0211
220211,Tax Law,2020,776.0,22.0211
220211,Tax Law,2021,698.0,22.0211
220211,Tax Law,2022,872.0,22.0211
220211,Tax Law,2023,667.0,22.0211
220211,Tax Law,2024,636.0,22.0211
220212,Intellectual Property Law,2012,119.0,22.0212
220212,Intellectual Property Law,2013,118.0,22.0212
220212,Intellectual Property Law,2014,138.0,22.0212
220212,Intellectual Property Law,2015,144.0,22.0212
220212,Intellectual Property Law,2016,147.0,22.0212
220212,Intellectual Property Law,2017,136.0,22.0212
220212,Intellectual Property Law,2018,112.0,22.0212
220212,Intellectual Property Law,2019,111.0,22.0212
220212,Intellectual Property Law,2020,113.0,22.0212
220212,Intellectual Property Law,2021,62.0,22.0212
220212,Intellectual Property Law,2022,118.0,22.0212
220212,Intellectual Property Law,2023,91.0,22.0212
220212,Intellectual Property Law,2024,101.0,22.0212
220213,Patent Law,2020,4.0,22.0213
220213,Patent Law,2021,1.0,22.0213
220213,Patent Law,2022,2.0,22.0213
220213,Patent Law,2023,0.0,22.0213
220213,Patent Law,2024,0.0,22.0213
220216,Compliance Law,2021,0.0,22.0216
220216,Compliance Law,2022,0.0,22.0216
220216,Compliance Law,2023,7.0,22.0216
220216,Compliance Law,2024,10.0,22.0216
220217,Criminal Law And Procedure,2021,0.0,22.0217
220217,Criminal Law And Procedure,2022,0.0,22.0217
220217,Criminal Law And Procedure,2023,17.0,22.0217
220217,Criminal Law And Procedure,2024,19.0,22.0217
220220,Human Resources Law,2022,10.0,22.022
220220,Human Resources Law,2023,39.0,22.022
220220,Human Resources Law,2024,95.0,22.022
220222,Real Estate And Land Development Law,2020,0.0,22.0222
220222,Real Estate And Land Development Law,2021,4.0,22.0222
220222,Real Estate And Land Development Law,2022,1.0,22.0222
220222,Real Estate And Land Development Law,2023,4.0,22.0222
220222,Real Estate And Land Development Law,2024,9.0,22.0222
220224,Tribal/Indigenous Law,2020,11.0,22.0224
220224,Tribal/Indigenous Law,2021,14.0,22.0224
220224,Tribal/Indigenous Law,2022,20.0,22.0224
220224,Tribal/Indigenous Law,2023,9.0,22.0224
220224,Tribal/Indigenous Law,2024,23.0,22.0224
220299,Other Legal Research & Advanced Professional Studies,2012,571.0,22.0299
220299,Other Legal Research & Advanced Professional Studies,2013,657.0,22.0299
220299,Other Legal Research & Advanced Professional Studies,2014,769.0,22.0299
220299,Other Legal Research & Advanced Professional Studies,2015,824.0,22.0299
220299,Other Legal Research & Advanced Professional Studies,2016,884.0,22.0299
220299,Other Legal Research & Advanced Professional Studies,2017,827.0,22.0299
220299,Other Legal Research & Advanced Professional Studies,2018,907.0,22.0299
220299,Other Legal Research & Advanced Professional Studies,2019,894.0,22.0299
220299,Other Legal Research & Advanced Professional Studies,2020,774.0,22.0299
220299,Other Legal Research & Advanced Professional Studies,2021,549.0,22.0299
220299,Other Legal Research & Advanced Professional Studies,2022,899.0,22.0299
220299,Other Legal Research & Advanced Professional Studies,2023,764.0,22.0299
220299,Other Legal Research & Advanced Professional Studies,2024,822.0,22.0299
220301,Legal Administrative Assistant,2014,0.0,22.0301
220301,Legal Administrative Assistant,2015,4.0,22.0301
220301,Legal Administrative Assistant,2016,4.0,22.0301
220301,Legal Administrative Assistant,2017,5.0,22.0301
220301,Legal Administrative Assistant,2018,11.0,22.0301
220301,Legal Administrative Assistant,2019,13.0,22.0301
220301,Legal Administrative Assistant,2020,15.0,22.0301
220301,Legal Administrative Assistant,2021,8.0,22.0301
220301,Legal Administrative Assistant,2022,15.0,22.0301
220301,Legal Administrative Assistant,2023,13.0,22.0301
220301,Legal Administrative Assistant,2024,21.0,22.0301
220302,Paralegal,2012,111.0,22.0302
220302,Paralegal,2013,122.0,22.0302
220302,Paralegal,2014,103.0,22.0302
220302,Paralegal,2015,99.0,22.0302
220302,Paralegal,2016,66.0,22.0302
220302,Paralegal,2017,79.0,22.0302
220302,Paralegal,2018,99.0,22.0302
220302,Paralegal,2019,94.0,22.0302
220302,Paralegal,2020,95.0,22.0302
220302,Paralegal,2021,98.0,22.0302
220302,Paralegal,2022,75.0,22.0302
220302,Paralegal,2023,92.0,22.0302
220302,Paralegal,2024,102.0,22.0302
220399,Other Legal Support Services,2012,8.0,22.0399
220399,Other Legal Support Services,2013,9.0,22.0399
220399,Other Legal Support Services,2014,11.0,22.0399
220399,Other Legal Support Services,2015,14.0,22.0399
220399,Other Legal Support Services,2016,15.0,22.0399
220399,Other Legal Support Services,2017,4.0,22.0399
220399,Other Legal Support Services,2018,6.0,22.0399
220399,Other Legal Support Services,2019,13.0,22.0399
220399,Other Legal Support Services,2020,10.0,22.0399
220399,Other Legal Support Services,2021,0.0,22.0399
229999,Other Legal Professions & Studies,2012,1338.0,22.9999
229999,Other Legal Professions & Studies,2013,1344.0,22.9999
229999,Other Legal Professions & Studies,2014,928.0,22.9999
229999,Other Legal Professions & Studies,2015,885.0,22.9999
229999,Other Legal Professions & Studies,2016,842.0,22.9999
229999,Other Legal Professions & Studies,2017,976.0,22.9999
229999,Other Legal Professions & Studies,2018,968.0,22.9999
229999,Other Legal Professions & Studies,2019,1061.0,22.9999
229999,Other Legal Professions & Studies,2020,1074.0,22.9999
229999,Other Legal Professions & Studies,2021,1008.0,22.9999
229999,Other Legal Professions & Studies,2022,1138.0,22.9999
229999,Other Legal Professions & Studies,2023,1091.0,22.9999
229999,Other Legal Professions & Studies,2024,1115.0,22.9999
230101,General English Language & Literature,2012,5442.0,23.0101
230101,General English Language & Literature,2013,5301.0,23.0101
230101,General English Language & Literature,2014,5067.0,23.0101
230101,General English Language & Literature,2015,4637.0,23.0101
230101,General English Language & Literature,2016,4524.0,23.0101
230101,General English Language & Literature,2017,4281.0,23.0101
230101,General English Language & Literature,2018,4391.0,23.0101
230101,General English Language & Literature,2019,4112.0,23.0101
230101,General English Language & Literature,2020,3951.0,23.0101
230101,General English Language & Literature,2021,3951.0,23.0101
230101,General English Language & Literature,2022,3916.0,23.0101
230101,General English Language & Literature,2023,3937.0,23.0101
230101,General English Language & Literature,2024,3663.0,23.0101
231301,General Writing,2012,104.0,23.1301
231301,General Writing,2013,104.0,23.1301
231301,General Writing,2014,132.0,23.1301
231301,General Writing,2015,117.0,23.1301
231301,General Writing,2016,109.0,23.1301
231301,General Writing,2017,79.0,23.1301
231301,General Writing,2018,80.0,23.1301
231301,General Writing,2019,78.0,23.1301
231301,General Writing,2020,80.0,23.1301
231301,General Writing,2021,93.0,23.1301
231301,General Writing,2022,84.0,23.1301
231301,General Writing,2023,77.0,23.1301
231301,General Writing,2024,79.0,23.1301
231302,Creative Writing,2012,3357.0,23.1302
231302,Creative Writing,2013,3369.0,23.1302
231302,Creative Writing,2014,3193.0,23.1302
231302,Creative Writing,2015,3411.0,23.1302
231302,Creative Writing,2016,3175.0,23.1302
231302,Creative Writing,2017,2988.0,23.1302
231302,Creative Writing,2018,3003.0,23.1302
231302,Creative Writing,2019,3129.0,23.1302
231302,Creative Writing,2020,2979.0,23.1302
231302,Creative Writing,2021,2996.0,23.1302
231302,Creative Writing,2022,3225.0,23.1302
231302,Creative Writing,2023,3478.0,23.1302
231302,Creative Writing,2024,3274.0,23.1302
231303,"Professional, Technical, Business, & Scientific Writing",2012,335.0,23.1303
231303,"Professional, Technical, Business, & Scientific Writing",2013,329.0,23.1303
231303,"Professional, Technical, Business, & Scientific Writing",2014,314.0,23.1303
231303,"Professional, Technical, Business, & Scientific Writing",2015,354.0,23.1303
231303,"Professional, Technical, Business, & Scientific Writing",2016,326.0,23.1303
231303,"Professional, Technical, Business, & Scientific Writing",2017,370.0,23.1303
231303,"Professional, Technical, Business, & Scientific Writing",2018,317.0,23.1303
231303,"Professional, Technical, Business, & Scientific Writing",2019,364.0,23.1303
231303,"Professional, Technical, Business, & Scientific Writing",2020,369.0,23.1303
231303,"Professional, Technical, Business, & Scientific Writing",2021,338.0,23.1303
231303,"Professional, Technical, Business, & Scientific Writing",2022,418.0,23.1303
231303,"Professional, Technical, Business, & Scientific Writing",2023,377.0,23.1303
231303,"Professional, Technical, Business, & Scientific Writing",2024,299.0,23.1303
231304,Rhetoric & Composition,2012,349.0,23.1304
231304,Rhetoric & Composition,2013,285.0,23.1304
231304,Rhetoric & Composition,2014,265.0,23.1304
231304,Rhetoric & Composition,2015,168.0,23.1304
231304,Rhetoric & Composition,2016,162.0,23.1304
231304,Rhetoric & Composition,2017,130.0,23.1304
231304,Rhetoric & Composition,2018,153.0,23.1304
231304,Rhetoric & Composition,2019,166.0,23.1304
231304,Rhetoric & Composition,2020,139.0,23.1304
231304,Rhetoric & Composition,2021,119.0,23.1304
231304,Rhetoric & Composition,2022,130.0,23.1304
231304,Rhetoric & Composition,2023,109.0,23.1304
231304,Rhetoric & Composition,2024,124.0,23.1304
231399,"Other Rhetoric, Composition, or Writing Studies",2012,3.0,23.1399
231399,"Other Rhetoric, Composition, or Writing Studies",2013,1.0,23.1399
231399,"Other Rhetoric, Composition, or Writing Studies",2014,7.0,23.1399
231399,"Other Rhetoric, Composition, or Writing Studies",2015,15.0,23.1399
231399,"Other Rhetoric, Composition, or Writing Studies",2016,19.0,23.1399
231399,"Other Rhetoric, Composition, or Writing Studies",2017,145.0,23.1399
231399,"Other Rhetoric, Composition, or Writing Studies",2018,128.0,23.1399
231399,"Other Rhetoric, Composition, or Writing Studies",2019,140.0,23.1399
231399,"Other Rhetoric, Composition, or Writing Studies",2020,162.0,23.1399
231399,"Other Rhetoric, Composition, or Writing Studies",2021,151.0,23.1399
231399,"Other Rhetoric, Composition, or Writing Studies",2022,144.0,23.1399
231399,"Other Rhetoric, Composition, or Writing Studies",2023,119.0,23.1399
231399,"Other Rhetoric, Composition, or Writing Studies",2024,17.0,23.1399
231401,General Literature,2012,17.0,23.1401
231401,General Literature,2013,20.0,23.1401
231401,General Literature,2014,34.0,23.1401
231401,General Literature,2015,24.0,23.1401
231401,General Literature,2016,22.0,23.1401
231401,General Literature,2017,16.0,23.1401
231401,General Literature,2018,20.0,23.1401
231401,General Literature,2019,9.0,23.1401
231401,General Literature,2020,2.0,23.1401
231401,General Literature,2021,8.0,23.1401
231401,General Literature,2022,31.0,23.1401
231401,General Literature,2023,43.0,23.1401
231401,General Literature,2024,31.0,23.1401
231402,US English Literature,2012,6.0,23.1402
231402,US English Literature,2013,1.0,23.1402
231402,US English Literature,2014,7.0,23.1402
231402,US English Literature,2015,5.0,23.1402
231402,US English Literature,2016,5.0,23.1402
231402,US English Literature,2017,5.0,23.1402
231402,US English Literature,2018,8.0,23.1402
231402,US English Literature,2019,4.0,23.1402
231402,US English Literature,2020,4.0,23.1402
231402,US English Literature,2021,1.0,23.1402
231402,US English Literature,2022,0.0,23.1402
231402,US English Literature,2023,0.0,23.1402
231402,US English Literature,2024,0.0,23.1402
231404,British & Commonwealth English Literature,2012,177.0,23.1404
231404,British & Commonwealth English Literature,2013,154.0,23.1404
231404,British & Commonwealth English Literature,2014,117.0,23.1404
231404,British & Commonwealth English Literature,2015,101.0,23.1404
231404,British & Commonwealth English Literature,2016,82.0,23.1404
231404,British & Commonwealth English Literature,2017,99.0,23.1404
231404,British & Commonwealth English Literature,2018,84.0,23.1404
231404,British & Commonwealth English Literature,2019,122.0,23.1404
231404,British & Commonwealth English Literature,2020,74.0,23.1404
231404,British & Commonwealth English Literature,2021,70.0,23.1404
231404,British & Commonwealth English Literature,2022,63.0,23.1404
231404,British & Commonwealth English Literature,2023,72.0,23.1404
231404,British & Commonwealth English Literature,2024,67.0,23.1404
231405,Children's & Adolescent Literature,2016,31.0,23.1405
231405,Children's & Adolescent Literature,2017,10.0,23.1405
231405,Children's & Adolescent Literature,2018,15.0,23.1405
231405,Children's & Adolescent Literature,2019,9.0,23.1405
231405,Children's & Adolescent Literature,2020,11.0,23.1405
231405,Children's & Adolescent Literature,2021,26.0,23.1405
231405,Children's & Adolescent Literature,2022,15.0,23.1405
231405,Children's & Adolescent Literature,2023,10.0,23.1405
231405,Children's & Adolescent Literature,2024,14.0,23.1405
231499,Other Literature,2012,0.0,23.1499
231499,Other Literature,2013,0.0,23.1499
231499,Other Literature,2018,5.0,23.1499
231499,Other Literature,2019,15.0,23.1499
231499,Other Literature,2020,11.0,23.1499
231499,Other Literature,2021,11.0,23.1499
231499,Other Literature,2022,8.0,23.1499
231499,Other Literature,2023,9.0,23.1499
231499,Other Literature,2024,11.0,23.1499
239999,Other English Language & Literature,2012,163.0,23.9999
239999,Other English Language & Literature,2013,171.0,23.9999
239999,Other English Language & Literature,2014,167.0,23.9999
239999,Other English Language & Literature,2015,143.0,23.9999
239999,Other English Language & Literature,2016,178.0,23.9999
239999,Other English Language & Literature,2017,152.0,23.9999
239999,Other English Language & Literature,2018,143.0,23.9999
239999,Other English Language & Literature,2019,132.0,23.9999
239999,Other English Language & Literature,2020,124.0,23.9999
239999,Other English Language & Literature,2021,145.0,23.9999
239999,Other English Language & Literature,2022,135.0,23.9999
239999,Other English Language & Literature,2023,143.0,23.9999
239999,Other English Language & Literature,2024,131.0,23.9999
240101,Liberal Arts & Sciences,2012,2185.0,24.0101
240101,Liberal Arts & Sciences,2013,2130.0,24.0101
240101,Liberal Arts & Sciences,2014,1966.0,24.0101
240101,Liberal Arts & Sciences,2015,1766.0,24.0101
240101,Liberal Arts & Sciences,2016,1649.0,24.0101
240101,Liberal Arts & Sciences,2017,1448.0,24.0101
240101,Liberal Arts & Sciences,2018,1524.0,24.0101
240101,Liberal Arts & Sciences,2019,1275.0,24.0101
240101,Liberal Arts & Sciences,2020,1188.0,24.0101
240101,Liberal Arts & Sciences,2021,1218.0,24.0101
240101,Liberal Arts & Sciences,2022,1024.0,24.0101
240101,Liberal Arts & Sciences,2023,901.0,24.0101
240101,Liberal Arts & Sciences,2024,874.0,24.0101
240102,General Studies,2012,163.0,24.0102
240102,General Studies,2013,184.0,24.0102
240102,General Studies,2014,143.0,24.0102
240102,General Studies,2015,163.0,24.0102
240102,General Studies,2016,143.0,24.0102
240102,General Studies,2017,174.0,24.0102
240102,General Studies,2018,179.0,24.0102
240102,General Studies,2019,183.0,24.0102
240102,General Studies,2020,168.0,24.0102
240102,General Studies,2021,203.0,24.0102
240102,General Studies,2022,183.0,24.0102
240102,General Studies,2023,175.0,24.0102
240102,General Studies,2024,214.0,24.0102
240103,Humanistic Studies,2012,644.0,24.0103
240103,Humanistic Studies,2013,630.0,24.0103
240103,Humanistic Studies,2014,574.0,24.0103
240103,Humanistic Studies,2015,586.0,24.0103
240103,Humanistic Studies,2016,536.0,24.0103
240103,Humanistic Studies,2017,510.0,24.0103
240103,Humanistic Studies,2018,488.0,24.0103
240103,Humanistic Studies,2019,498.0,24.0103
240103,Humanistic Studies,2020,465.0,24.0103
240103,Humanistic Studies,2021,490.0,24.0103
240103,Humanistic Studies,2022,498.0,24.0103
240103,Humanistic Studies,2023,504.0,24.0103
240103,Humanistic Studies,2024,457.0,24.0103
240199,"Other Liberal Arts & Sciences, General Studies, & Humanities",2012,808.0,24.0199
240199,"Other Liberal Arts & Sciences, General Studies, & Humanities",2013,341.0,24.0199
240199,"Other Liberal Arts & Sciences, General Studies, & Humanities",2014,335.0,24.0199
240199,"Other Liberal Arts & Sciences, General Studies, & Humanities",2015,281.0,24.0199
240199,"Other Liberal Arts & Sciences, General Studies, & Humanities",2016,271.0,24.0199
240199,"Other Liberal Arts & Sciences, General Studies, & Humanities",2017,353.0,24.0199
240199,"Other Liberal Arts & Sciences, General Studies, & Humanities",2018,293.0,24.0199
240199,"Other Liberal Arts & Sciences, General Studies, & Humanities",2019,153.0,24.0199
240199,"Other Liberal Arts & Sciences, General Studies, & Humanities",2020,169.0,24.0199
240199,"Other Liberal Arts & Sciences, General Studies, & Humanities",2021,133.0,24.0199
240199,"Other Liberal Arts & Sciences, General Studies, & Humanities",2022,158.0,24.0199
240199,"Other Liberal Arts & Sciences, General Studies, & Humanities",2023,113.0,24.0199
240199,"Other Liberal Arts & Sciences, General Studies, & Humanities",2024,131.0,24.0199
250101,Library & Information Science,2012,7254.0,25.0101
250101,Library & Information Science,2013,6840.0,25.0101
250101,Library & Information Science,2014,5736.0,25.0101
250101,Library & Information Science,2015,5158.0,25.0101
250101,Library & Information Science,2016,4684.0,25.0101
250101,Library & Information Science,2017,4561.0,25.0101
250101,Library & Information Science,2018,4792.0,25.0101
250101,Library & Information Science,2019,4990.0,25.0101
250101,Library & Information Science,2020,4730.0,25.0101
250101,Library & Information Science,2021,5220.0,25.0101
250101,Library & Information Science,2022,5629.0,25.0101
250101,Library & Information Science,2023,5417.0,25.0101
250101,Library & Information Science,2024,5606.0,25.0101
250102,Children and Youth Library Services,2016,16.0,25.0102
250102,Children and Youth Library Services,2017,8.0,25.0102
250102,Children and Youth Library Services,2018,18.0,25.0102
250102,Children and Youth Library Services,2019,18.0,25.0102
250102,Children and Youth Library Services,2020,16.0,25.0102
250102,Children and Youth Library Services,2021,14.0,25.0102
250102,Children and Youth Library Services,2022,14.0,25.0102
250102,Children and Youth Library Services,2023,12.0,25.0102
250102,Children and Youth Library Services,2024,20.0,25.0102
250103,Archival Administration,2016,117.0,25.0103
250103,Archival Administration,2017,132.0,25.0103
250103,Archival Administration,2018,144.0,25.0103
250103,Archival Administration,2019,36.0,25.0103
250103,Archival Administration,2020,117.0,25.0103
250103,Archival Administration,2021,144.0,25.0103
250103,Archival Administration,2022,116.0,25.0103
250103,Archival Administration,2023,139.0,25.0103
250103,Archival Administration,2024,121.0,25.0103
259999,Other Library Science,2012,223.0,25.9999
259999,Other Library Science,2013,183.0,25.9999
259999,Other Library Science,2014,138.0,25.9999
259999,Other Library Science,2015,122.0,25.9999
259999,Other Library Science,2016,119.0,25.9999
259999,Other Library Science,2017,153.0,25.9999
259999,Other Library Science,2018,128.0,25.9999
259999,Other Library Science,2019,129.0,25.9999
259999,Other Library Science,2020,102.0,25.9999
259999,Other Library Science,2021,107.0,25.9999
259999,Other Library Science,2022,103.0,25.9999
259999,Other Library Science,2023,121.0,25.9999
259999,Other Library Science,2024,135.0,25.9999
260101,General Biological Sciences,2012,3518.0,26.0101
260101,General Biological Sciences,2013,3505.0,26.0101
260101,General Biological Sciences,2014,3480.0,26.0101
260101,General Biological Sciences,2015,3450.0,26.0101
260101,General Biological Sciences,2016,3470.0,26.0101
260101,General Biological Sciences,2017,3464.0,26.0101
260101,General Biological Sciences,2018,3599.0,26.0101
260101,General Biological Sciences,2019,3649.0,26.0101
260101,General Biological Sciences,2020,3613.0,26.0101
260101,General Biological Sciences,2021,3572.0,26.0101
260101,General Biological Sciences,2022,3566.0,26.0101
260101,General Biological Sciences,2023,3822.0,26.0101
260101,General Biological Sciences,2024,3727.0,26.0101
260102,General Biomedical Sciences,2012,1017.0,26.0102
260102,General Biomedical Sciences,2013,1271.0,26.0102
260102,General Biomedical Sciences,2014,1503.0,26.0102
260102,General Biomedical Sciences,2015,1689.0,26.0102
260102,General Biomedical Sciences,2016,1923.0,26.0102
260102,General Biomedical Sciences,2017,2226.0,26.0102
260102,General Biomedical Sciences,2018,2532.0,26.0102
260102,General Biomedical Sciences,2019,2846.0,26.0102
260102,General Biomedical Sciences,2020,3121.0,26.0102
260102,General Biomedical Sciences,2021,3396.0,26.0102
260102,General Biomedical Sciences,2022,3664.0,26.0102
260102,General Biomedical Sciences,2023,3939.0,26.0102
260102,General Biomedical Sciences,2024,4033.0,26.0102
260202,Biochemistry,2012,268.0,26.0202
260202,Biochemistry,2013,338.0,26.0202
260202,Biochemistry,2014,280.0,26.0202
260202,Biochemistry,2015,277.0,26.0202
260202,Biochemistry,2016,314.0,26.0202
260202,Biochemistry,2017,296.0,26.0202
260202,Biochemistry,2018,322.0,26.0202
260202,Biochemistry,2019,303.0,26.0202
260202,Biochemistry,2020,276.0,26.0202
260202,Biochemistry,2021,307.0,26.0202
260202,Biochemistry,2022,344.0,26.0202
260202,Biochemistry,2023,366.0,26.0202
260202,Biochemistry,2024,325.0,26.0202
260203,Biophysics,2012,47.0,26.0203
260203,Biophysics,2013,27.0,26.0203
260203,Biophysics,2014,28.0,26.0203
260203,Biophysics,2015,33.0,26.0203
260203,Biophysics,2016,34.0,26.0203
260203,Biophysics,2017,32.0,26.0203
260203,Biophysics,2018,26.0,26.0203
260203,Biophysics,2019,27.0,26.0203
260203,Biophysics,2020,27.0,26.0203
260203,Biophysics,2021,18.0,26.0203
260203,Biophysics,2022,32.0,26.0203
260203,Biophysics,2023,33.0,26.0203
260203,Biophysics,2024,62.0,26.0203
260204,Molecular Biology,2012,204.0,26.0204
260204,Molecular Biology,2013,235.0,26.0204
260204,Molecular Biology,2014,235.0,26.0204
260204,Molecular Biology,2015,225.0,26.0204
260204,Molecular Biology,2016,198.0,26.0204
260204,Molecular Biology,2017,220.0,26.0204
260204,Molecular Biology,2018,211.0,26.0204
260204,Molecular Biology,2019,229.0,26.0204
260204,Molecular Biology,2020,246.0,26.0204
260204,Molecular Biology,2021,241.0,26.0204
260204,Molecular Biology,2022,263.0,26.0204
260204,Molecular Biology,2023,252.0,26.0204
260204,Molecular Biology,2024,231.0,26.0204
260205,Molecular Biochemistry,2012,69.0,26.0205
260205,Molecular Biochemistry,2013,57.0,26.0205
260205,Molecular Biochemistry,2014,82.0,26.0205
260205,Molecular Biochemistry,2015,95.0,26.0205
260205,Molecular Biochemistry,2016,94.0,26.0205
260205,Molecular Biochemistry,2017,99.0,26.0205
260205,Molecular Biochemistry,2018,95.0,26.0205
260205,Molecular Biochemistry,2019,101.0,26.0205
260205,Molecular Biochemistry,2020,72.0,26.0205
260205,Molecular Biochemistry,2021,81.0,26.0205
260205,Molecular Biochemistry,2022,75.0,26.0205
260205,Molecular Biochemistry,2023,63.0,26.0205
260205,Molecular Biochemistry,2024,75.0,26.0205
260206,Molecular Biophysics,2012,1.0,26.0206
260206,Molecular Biophysics,2013,1.0,26.0206
260206,Molecular Biophysics,2014,3.0,26.0206
260206,Molecular Biophysics,2015,1.0,26.0206
260206,Molecular Biophysics,2016,1.0,26.0206
260206,Molecular Biophysics,2017,1.0,26.0206
260206,Molecular Biophysics,2018,1.0,26.0206
260206,Molecular Biophysics,2019,1.0,26.0206
260206,Molecular Biophysics,2020,3.0,26.0206
260206,Molecular Biophysics,2021,3.0,26.0206
260206,Molecular Biophysics,2022,0.0,26.0206
260206,Molecular Biophysics,2023,1.0,26.0206
260206,Molecular Biophysics,2024,0.0,26.0206
260207,Structural Biology,2012,2.0,26.0207
260207,Structural Biology,2013,2.0,26.0207
260207,Structural Biology,2014,2.0,26.0207
260207,Structural Biology,2015,1.0,26.0207
260207,Structural Biology,2016,3.0,26.0207
260207,Structural Biology,2017,1.0,26.0207
260207,Structural Biology,2018,0.0,26.0207
260207,Structural Biology,2019,3.0,26.0207
260207,Structural Biology,2020,3.0,26.0207
260207,Structural Biology,2021,4.0,26.0207
260207,Structural Biology,2022,0.0,26.0207
260207,Structural Biology,2023,1.0,26.0207
260207,Structural Biology,2024,0.0,26.0207
260209,Radiation Biology,2012,9.0,26.0209
260209,Radiation Biology,2013,10.0,26.0209
260209,Radiation Biology,2014,8.0,26.0209
260209,Radiation Biology,2015,11.0,26.0209
260209,Radiation Biology,2016,6.0,26.0209
260209,Radiation Biology,2017,9.0,26.0209
260209,Radiation Biology,2018,10.0,26.0209
260209,Radiation Biology,2019,10.0,26.0209
260209,Radiation Biology,2020,12.0,26.0209
260209,Radiation Biology,2021,8.0,26.0209
260209,Radiation Biology,2022,13.0,26.0209
260209,Radiation Biology,2023,9.0,26.0209
260209,Radiation Biology,2024,3.0,26.0209
260210,Biochemistry & Molecular Biology,2012,70.0,26.021
260210,Biochemistry & Molecular Biology,2013,76.0,26.021
260210,Biochemistry & Molecular Biology,2014,97.0,26.021
260210,Biochemistry & Molecular Biology,2015,56.0,26.021
260210,Biochemistry & Molecular Biology,2016,63.0,26.021
260210,Biochemistry & Molecular Biology,2017,115.0,26.021
260210,Biochemistry & Molecular Biology,2018,125.0,26.021
260210,Biochemistry & Molecular Biology,2019,116.0,26.021
260210,Biochemistry & Molecular Biology,2020,117.0,26.021
260210,Biochemistry & Molecular Biology,2021,156.0,26.021
260210,Biochemistry & Molecular Biology,2022,179.0,26.021
260210,Biochemistry & Molecular Biology,2023,199.0,26.021
260210,Biochemistry & Molecular Biology,2024,170.0,26.021
260299,"Other Biochemistry, Biophysics, & Molecular Biology",2012,3.0,26.0299
260299,"Other Biochemistry, Biophysics, & Molecular Biology",2013,5.0,26.0299
260299,"Other Biochemistry, Biophysics, & Molecular Biology",2014,5.0,26.0299
260299,"Other Biochemistry, Biophysics, & Molecular Biology",2015,11.0,26.0299
260299,"Other Biochemistry, Biophysics, & Molecular Biology",2016,4.0,26.0299
260299,"Other Biochemistry, Biophysics, & Molecular Biology",2017,10.0,26.0299
260299,"Other Biochemistry, Biophysics, & Molecular Biology",2018,22.0,26.0299
260299,"Other Biochemistry, Biophysics, & Molecular Biology",2019,19.0,26.0299
260299,"Other Biochemistry, Biophysics, & Molecular Biology",2020,16.0,26.0299
260299,"Other Biochemistry, Biophysics, & Molecular Biology",2021,22.0,26.0299
260299,"Other Biochemistry, Biophysics, & Molecular Biology",2022,28.0,26.0299
260299,"Other Biochemistry, Biophysics, & Molecular Biology",2023,29.0,26.0299
260299,"Other Biochemistry, Biophysics, & Molecular Biology",2024,36.0,26.0299
260301,Botany & Plant Biology,2012,95.0,26.0301
260301,Botany & Plant Biology,2013,86.0,26.0301
260301,Botany & Plant Biology,2014,87.0,26.0301
260301,Botany & Plant Biology,2015,85.0,26.0301
260301,Botany & Plant Biology,2016,80.0,26.0301
260301,Botany & Plant Biology,2017,81.0,26.0301
260301,Botany & Plant Biology,2018,93.0,26.0301
260301,Botany & Plant Biology,2019,85.0,26.0301
260301,Botany & Plant Biology,2020,77.0,26.0301
260301,Botany & Plant Biology,2021,73.0,26.0301
260301,Botany & Plant Biology,2022,78.0,26.0301
260301,Botany & Plant Biology,2023,85.0,26.0301
260301,Botany & Plant Biology,2024,88.0,26.0301
260305,Plant Pathology,2012,67.0,26.0305
260305,Plant Pathology,2013,69.0,26.0305
260305,Plant Pathology,2014,74.0,26.0305
260305,Plant Pathology,2015,78.0,26.0305
260305,Plant Pathology,2016,69.0,26.0305
260305,Plant Pathology,2017,77.0,26.0305
260305,Plant Pathology,2018,68.0,26.0305
260305,Plant Pathology,2019,63.0,26.0305
260305,Plant Pathology,2020,67.0,26.0305
260305,Plant Pathology,2021,67.0,26.0305
260305,Plant Pathology,2022,74.0,26.0305
260305,Plant Pathology,2023,59.0,26.0305
260305,Plant Pathology,2024,72.0,26.0305
260307,Plant Physiology,2012,2.0,26.0307
260307,Plant Physiology,2013,1.0,26.0307
260307,Plant Physiology,2014,3.0,26.0307
260307,Plant Physiology,2015,2.0,26.0307
260307,Plant Physiology,2016,2.0,26.0307
260307,Plant Physiology,2017,5.0,26.0307
260307,Plant Physiology,2018,5.0,26.0307
260307,Plant Physiology,2019,4.0,26.0307
260307,Plant Physiology,2020,1.0,26.0307
260307,Plant Physiology,2021,2.0,26.0307
260307,Plant Physiology,2022,2.0,26.0307
260307,Plant Physiology,2023,2.0,26.0307
260307,Plant Physiology,2024,2.0,26.0307
260308,Plant Molecular Biology,2012,1.0,26.0308
260308,Plant Molecular Biology,2013,3.0,26.0308
260308,Plant Molecular Biology,2014,0.0,26.0308
260308,Plant Molecular Biology,2015,0.0,26.0308
260308,Plant Molecular Biology,2016,1.0,26.0308
260308,Plant Molecular Biology,2017,0.0,26.0308
260308,Plant Molecular Biology,2018,2.0,26.0308
260308,Plant Molecular Biology,2019,0.0,26.0308
260308,Plant Molecular Biology,2020,0.0,26.0308
260308,Plant Molecular Biology,2021,0.0,26.0308
260308,Plant Molecular Biology,2022,0.0,26.0308
260308,Plant Molecular Biology,2023,0.0,26.0308
260308,Plant Molecular Biology,2024,1.0,26.0308
260399,Other Botany & Plant Biology,2012,10.0,26.0399
260399,Other Botany & Plant Biology,2013,15.0,26.0399
260399,Other Botany & Plant Biology,2014,9.0,26.0399
260399,Other Botany & Plant Biology,2015,11.0,26.0399
260399,Other Botany & Plant Biology,2016,12.0,26.0399
260399,Other Botany & Plant Biology,2017,14.0,26.0399
260399,Other Botany & Plant Biology,2018,8.0,26.0399
260399,Other Botany & Plant Biology,2019,12.0,26.0399
260399,Other Botany & Plant Biology,2020,10.0,26.0399
260399,Other Botany & Plant Biology,2021,16.0,26.0399
260399,Other Botany & Plant Biology,2022,14.0,26.0399
260399,Other Botany & Plant Biology,2023,25.0,26.0399
260399,Other Botany & Plant Biology,2024,15.0,26.0399
260401,Cellular Biology & Histology,2012,47.0,26.0401
260401,Cellular Biology & Histology,2013,25.0,26.0401
260401,Cellular Biology & Histology,2014,46.0,26.0401
260401,Cellular Biology & Histology,2015,25.0,26.0401
260401,Cellular Biology & Histology,2016,31.0,26.0401
260401,Cellular Biology & Histology,2017,38.0,26.0401
260401,Cellular Biology & Histology,2018,45.0,26.0401
260401,Cellular Biology & Histology,2019,75.0,26.0401
260401,Cellular Biology & Histology,2020,36.0,26.0401
260401,Cellular Biology & Histology,2021,31.0,26.0401
260401,Cellular Biology & Histology,2022,48.0,26.0401
260401,Cellular Biology & Histology,2023,29.0,26.0401
260401,Cellular Biology & Histology,2024,41.0,26.0401
260403,Anatomy,2012,103.0,26.0403
260403,Anatomy,2013,128.0,26.0403
260403,Anatomy,2014,142.0,26.0403
260403,Anatomy,2015,169.0,26.0403
260403,Anatomy,2016,184.0,26.0403
260403,Anatomy,2017,211.0,26.0403
260403,Anatomy,2018,235.0,26.0403
260403,Anatomy,2019,256.0,26.0403
260403,Anatomy,2020,250.0,26.0403
260403,Anatomy,2021,271.0,26.0403
260403,Anatomy,2022,225.0,26.0403
260403,Anatomy,2023,210.0,26.0403
260403,Anatomy,2024,168.0,26.0403
260404,Developmental Biology & Embryology,2012,28.0,26.0404
260404,Developmental Biology & Embryology,2013,22.0,26.0404
260404,Developmental Biology & Embryology,2014,29.0,26.0404
260404,Developmental Biology & Embryology,2015,28.0,26.0404
260404,Developmental Biology & Embryology,2016,3.0,26.0404
260404,Developmental Biology & Embryology,2017,1.0,26.0404
260404,Developmental Biology & Embryology,2018,5.0,26.0404
260404,Developmental Biology & Embryology,2019,8.0,26.0404
260404,Developmental Biology & Embryology,2020,5.0,26.0404
260404,Developmental Biology & Embryology,2021,7.0,26.0404
260404,Developmental Biology & Embryology,2022,9.0,26.0404
260404,Developmental Biology & Embryology,2023,11.0,26.0404
260404,Developmental Biology & Embryology,2024,8.0,26.0404
260406,Cellular & Molecular Biology,2012,201.0,26.0406
260406,Cellular & Molecular Biology,2013,181.0,26.0406
260406,Cellular & Molecular Biology,2014,193.0,26.0406
260406,Cellular & Molecular Biology,2015,203.0,26.0406
260406,Cellular & Molecular Biology,2016,209.0,26.0406
260406,Cellular & Molecular Biology,2017,208.0,26.0406
260406,Cellular & Molecular Biology,2018,194.0,26.0406
260406,Cellular & Molecular Biology,2019,213.0,26.0406
260406,Cellular & Molecular Biology,2020,203.0,26.0406
260406,Cellular & Molecular Biology,2021,242.0,26.0406
260406,Cellular & Molecular Biology,2022,259.0,26.0406
260406,Cellular & Molecular Biology,2023,271.0,26.0406
260406,Cellular & Molecular Biology,2024,310.0,26.0406
260407,Cell Biology & Anatomy,2012,10.0,26.0407
260407,Cell Biology & Anatomy,2013,8.0,26.0407
260407,Cell Biology & Anatomy,2014,10.0,26.0407
260407,Cell Biology & Anatomy,2015,27.0,26.0407
260407,Cell Biology & Anatomy,2016,32.0,26.0407
260407,Cell Biology & Anatomy,2017,36.0,26.0407
260407,Cell Biology & Anatomy,2018,34.0,26.0407
260407,Cell Biology & Anatomy,2019,44.0,26.0407
260407,Cell Biology & Anatomy,2020,55.0,26.0407
260407,Cell Biology & Anatomy,2021,34.0,26.0407
260407,Cell Biology & Anatomy,2022,55.0,26.0407
260407,Cell Biology & Anatomy,2023,73.0,26.0407
260407,Cell Biology & Anatomy,2024,51.0,26.0407
260499,Other Cellular Biology & Anatomical Sciences,2012,121.0,26.0499
260499,Other Cellular Biology & Anatomical Sciences,2013,104.0,26.0499
260499,Other Cellular Biology & Anatomical Sciences,2014,105.0,26.0499
260499,Other Cellular Biology & Anatomical Sciences,2015,132.0,26.0499
260499,Other Cellular Biology & Anatomical Sciences,2016,136.0,26.0499
260499,Other Cellular Biology & Anatomical Sciences,2017,150.0,26.0499
260499,Other Cellular Biology & Anatomical Sciences,2018,144.0,26.0499
260499,Other Cellular Biology & Anatomical Sciences,2019,103.0,26.0499
260499,Other Cellular Biology & Anatomical Sciences,2020,103.0,26.0499
260499,Other Cellular Biology & Anatomical Sciences,2021,96.0,26.0499
260499,Other Cellular Biology & Anatomical Sciences,2022,95.0,26.0499
260499,Other Cellular Biology & Anatomical Sciences,2023,109.0,26.0499
260499,Other Cellular Biology & Anatomical Sciences,2024,82.0,26.0499
260502,General Microbiology,2012,171.0,26.0502
260502,General Microbiology,2013,147.0,26.0502
260502,General Microbiology,2014,185.0,26.0502
260502,General Microbiology,2015,202.0,26.0502
260502,General Microbiology,2016,215.0,26.0502
260502,General Microbiology,2017,175.0,26.0502
260502,General Microbiology,2018,183.0,26.0502
260502,General Microbiology,2019,200.0,26.0502
260502,General Microbiology,2020,199.0,26.0502
260502,General Microbiology,2021,177.0,26.0502
260502,General Microbiology,2022,206.0,26.0502
260502,General Microbiology,2023,233.0,26.0502
260502,General Microbiology,2024,232.0,26.0502
260503,Medical Microbiology & Bacteriology,2012,135.0,26.0503
260503,Medical Microbiology & Bacteriology,2013,140.0,26.0503
260503,Medical Microbiology & Bacteriology,2014,152.0,26.0503
260503,Medical Microbiology & Bacteriology,2015,172.0,26.0503
260503,Medical Microbiology & Bacteriology,2016,138.0,26.0503
260503,Medical Microbiology & Bacteriology,2017,158.0,26.0503
260503,Medical Microbiology & Bacteriology,2018,206.0,26.0503
260503,Medical Microbiology & Bacteriology,2019,227.0,26.0503
260503,Medical Microbiology & Bacteriology,2020,278.0,26.0503
260503,Medical Microbiology & Bacteriology,2021,240.0,26.0503
260503,Medical Microbiology & Bacteriology,2022,336.0,26.0503
260503,Medical Microbiology & Bacteriology,2023,419.0,26.0503
260503,Medical Microbiology & Bacteriology,2024,373.0,26.0503
260504,Virology,2012,0.0,26.0504
260504,Virology,2013,0.0,26.0504
260504,Virology,2014,0.0,26.0504
260504,Virology,2015,2.0,26.0504
260504,Virology,2016,1.0,26.0504
260504,Virology,2017,2.0,26.0504
260504,Virology,2018,1.0,26.0504
260504,Virology,2019,16.0,26.0504
260504,Virology,2020,7.0,26.0504
260504,Virology,2021,0.0,26.0504
260504,Virology,2022,0.0,26.0504
260504,Virology,2023,1.0,26.0504
260504,Virology,2024,1.0,26.0504
260505,Parasitology,2012,3.0,26.0505
260505,Parasitology,2013,0.0,26.0505
260505,Parasitology,2014,1.0,26.0505
260505,Parasitology,2015,5.0,26.0505
260505,Parasitology,2016,0.0,26.0505
260505,Parasitology,2017,0.0,26.0505
260505,Parasitology,2018,0.0,26.0505
260505,Parasitology,2019,5.0,26.0505
260505,Parasitology,2020,5.0,26.0505
260505,Parasitology,2021,5.0,26.0505
260505,Parasitology,2022,2.0,26.0505
260505,Parasitology,2023,11.0,26.0505
260505,Parasitology,2024,4.0,26.0505
260507,Immunology,2012,23.0,26.0507
260507,Immunology,2013,27.0,26.0507
260507,Immunology,2014,39.0,26.0507
260507,Immunology,2015,53.0,26.0507
260507,Immunology,2016,81.0,26.0507
260507,Immunology,2017,56.0,26.0507
260507,Immunology,2018,90.0,26.0507
260507,Immunology,2019,55.0,26.0507
260507,Immunology,2020,37.0,26.0507
260507,Immunology,2021,60.0,26.0507
260507,Immunology,2022,43.0,26.0507
260507,Immunology,2023,49.0,26.0507
260507,Immunology,2024,26.0,26.0507
260508,Microbiology & Immunology,2012,31.0,26.0508
260508,Microbiology & Immunology,2013,46.0,26.0508
260508,Microbiology & Immunology,2014,33.0,26.0508
260508,Microbiology & Immunology,2015,41.0,26.0508
260508,Microbiology & Immunology,2016,58.0,26.0508
260508,Microbiology & Immunology,2017,68.0,26.0508
260508,Microbiology & Immunology,2018,74.0,26.0508
260508,Microbiology & Immunology,2019,81.0,26.0508
260508,Microbiology & Immunology,2020,99.0,26.0508
260508,Microbiology & Immunology,2021,108.0,26.0508
260508,Microbiology & Immunology,2022,104.0,26.0508
260508,Microbiology & Immunology,2023,120.0,26.0508
260508,Microbiology & Immunology,2024,129.0,26.0508
260509,Infectious Disease And Global Health,2021,11.0,26.0509
260509,Infectious Disease And Global Health,2022,58.0,26.0509
260509,Infectious Disease And Global Health,2023,132.0,26.0509
260509,Infectious Disease And Global Health,2024,146.0,26.0509
260599,Other Microbiological Science & Immunology,2012,26.0,26.0599
260599,Other Microbiological Science & Immunology,2013,39.0,26.0599
260599,Other Microbiological Science & Immunology,2014,55.0,26.0599
260599,Other Microbiological Science & Immunology,2015,35.0,26.0599
260599,Other Microbiological Science & Immunology,2016,34.0,26.0599
260599,Other Microbiological Science & Immunology,2017,32.0,26.0599
260599,Other Microbiological Science & Immunology,2018,37.0,26.0599
260599,Other Microbiological Science & Immunology,2019,33.0,26.0599
260599,Other Microbiological Science & Immunology,2020,24.0,26.0599
260599,Other Microbiological Science & Immunology,2021,30.0,26.0599
260599,Other Microbiological Science & Immunology,2022,22.0,26.0599
260599,Other Microbiological Science & Immunology,2023,33.0,26.0599
260599,Other Microbiological Science & Immunology,2024,33.0,26.0599
260701,Zoology,2012,133.0,26.0701
260701,Zoology,2013,171.0,26.0701
260701,Zoology,2014,179.0,26.0701
260701,Zoology,2015,167.0,26.0701
260701,Zoology,2016,215.0,26.0701
260701,Zoology,2017,119.0,26.0701
260701,Zoology,2018,87.0,26.0701
260701,Zoology,2019,100.0,26.0701
260701,Zoology,2020,84.0,26.0701
260701,Zoology,2021,81.0,26.0701
260701,Zoology,2022,82.0,26.0701
260701,Zoology,2023,88.0,26.0701
260701,Zoology,2024,75.0,26.0701
260702,Entomology,2012,120.0,26.0702
260702,Entomology,2013,145.0,26.0702
260702,Entomology,2014,170.0,26.0702
260702,Entomology,2015,146.0,26.0702
260702,Entomology,2016,160.0,26.0702
260702,Entomology,2017,150.0,26.0702
260702,Entomology,2018,137.0,26.0702
260702,Entomology,2019,122.0,26.0702
260702,Entomology,2020,153.0,26.0702
260702,Entomology,2021,142.0,26.0702
260702,Entomology,2022,149.0,26.0702
260702,Entomology,2023,168.0,26.0702
260702,Entomology,2024,147.0,26.0702
260707,Animal Physiology,2012,74.0,26.0707
260707,Animal Physiology,2013,67.0,26.0707
260707,Animal Physiology,2014,59.0,26.0707
260707,Animal Physiology,2015,63.0,26.0707
260707,Animal Physiology,2016,81.0,26.0707
260707,Animal Physiology,2017,86.0,26.0707
260707,Animal Physiology,2018,30.0,26.0707
260707,Animal Physiology,2019,7.0,26.0707
260707,Animal Physiology,2020,9.0,26.0707
260707,Animal Physiology,2021,8.0,26.0707
260707,Animal Physiology,2022,20.0,26.0707
260707,Animal Physiology,2023,16.0,26.0707
260707,Animal Physiology,2024,14.0,26.0707
260708,Animal Behavior & Ethology,2012,5.0,26.0708
260708,Animal Behavior & Ethology,2013,5.0,26.0708
260708,Animal Behavior & Ethology,2014,6.0,26.0708
260708,Animal Behavior & Ethology,2015,25.0,26.0708
260708,Animal Behavior & Ethology,2016,18.0,26.0708
260708,Animal Behavior & Ethology,2017,24.0,26.0708
260708,Animal Behavior & Ethology,2018,29.0,26.0708
260708,Animal Behavior & Ethology,2019,45.0,26.0708
260708,Animal Behavior & Ethology,2020,35.0,26.0708
260708,Animal Behavior & Ethology,2021,31.0,26.0708
260708,Animal Behavior & Ethology,2022,31.0,26.0708
260708,Animal Behavior & Ethology,2023,23.0,26.0708
260708,Animal Behavior & Ethology,2024,18.0,26.0708
260709,Wildlife Biology,2012,10.0,26.0709
260709,Wildlife Biology,2013,10.0,26.0709
260709,Wildlife Biology,2014,16.0,26.0709
260709,Wildlife Biology,2015,13.0,26.0709
260709,Wildlife Biology,2016,11.0,26.0709
260709,Wildlife Biology,2017,8.0,26.0709
260709,Wildlife Biology,2018,9.0,26.0709
260709,Wildlife Biology,2019,14.0,26.0709
260709,Wildlife Biology,2020,20.0,26.0709
260709,Wildlife Biology,2021,19.0,26.0709
260709,Wildlife Biology,2022,23.0,26.0709
260709,Wildlife Biology,2023,25.0,26.0709
260709,Wildlife Biology,2024,28.0,26.0709
260799,Other Zoology,2012,4.0,26.0799
260799,Other Zoology,2013,18.0,26.0799
260799,Other Zoology,2014,34.0,26.0799
260799,Other Zoology,2015,9.0,26.0799
260799,Other Zoology,2016,16.0,26.0799
260799,Other Zoology,2017,11.0,26.0799
260799,Other Zoology,2018,14.0,26.0799
260799,Other Zoology,2019,13.0,26.0799
260799,Other Zoology,2020,7.0,26.0799
260799,Other Zoology,2021,17.0,26.0799
260799,Other Zoology,2022,9.0,26.0799
260799,Other Zoology,2023,9.0,26.0799
260799,Other Zoology,2024,22.0,26.0799
260801,General Genetics,2012,68.0,26.0801
260801,General Genetics,2013,55.0,26.0801
260801,General Genetics,2014,57.0,26.0801
260801,General Genetics,2015,61.0,26.0801
260801,General Genetics,2016,41.0,26.0801
260801,General Genetics,2017,89.0,26.0801
260801,General Genetics,2018,58.0,26.0801
260801,General Genetics,2019,51.0,26.0801
260801,General Genetics,2020,56.0,26.0801
260801,General Genetics,2021,67.0,26.0801
260801,General Genetics,2022,80.0,26.0801
260801,General Genetics,2023,69.0,26.0801
260801,General Genetics,2024,79.0,26.0801
260802,Molecular Genetics,2012,18.0,26.0802
260802,Molecular Genetics,2013,17.0,26.0802
260802,Molecular Genetics,2014,20.0,26.0802
260802,Molecular Genetics,2015,22.0,26.0802
260802,Molecular Genetics,2016,14.0,26.0802
260802,Molecular Genetics,2017,18.0,26.0802
260802,Molecular Genetics,2018,16.0,26.0802
260802,Molecular Genetics,2019,21.0,26.0802
260802,Molecular Genetics,2020,25.0,26.0802
260802,Molecular Genetics,2021,28.0,26.0802
260802,Molecular Genetics,2022,28.0,26.0802
260802,Molecular Genetics,2023,24.0,26.0802
260802,Molecular Genetics,2024,22.0,26.0802
260804,Animal Genetics,2012,21.0,26.0804
260804,Animal Genetics,2013,30.0,26.0804
260804,Animal Genetics,2014,25.0,26.0804
260804,Animal Genetics,2015,14.0,26.0804
260804,Animal Genetics,2016,13.0,26.0804
260804,Animal Genetics,2017,2.0,26.0804
260804,Animal Genetics,2018,0.0,26.0804
260804,Animal Genetics,2019,1.0,26.0804
260804,Animal Genetics,2020,0.0,26.0804
260804,Animal Genetics,2021,2.0,26.0804
260804,Animal Genetics,2022,5.0,26.0804
260804,Animal Genetics,2023,5.0,26.0804
260804,Animal Genetics,2024,10.0,26.0804
260805,Plant Genetics,2012,7.0,26.0805
260805,Plant Genetics,2013,5.0,26.0805
260805,Plant Genetics,2014,7.0,26.0805
260805,Plant Genetics,2015,6.0,26.0805
260805,Plant Genetics,2016,5.0,26.0805
260805,Plant Genetics,2017,5.0,26.0805
260805,Plant Genetics,2018,4.0,26.0805
260805,Plant Genetics,2019,6.0,26.0805
260805,Plant Genetics,2020,3.0,26.0805
260805,Plant Genetics,2021,7.0,26.0805
260805,Plant Genetics,2022,11.0,26.0805
260805,Plant Genetics,2023,4.0,26.0805
260805,Plant Genetics,2024,9.0,26.0805
260806,Human & Medical Genetics,2012,97.0,26.0806
260806,Human & Medical Genetics,2013,87.0,26.0806
260806,Human & Medical Genetics,2014,115.0,26.0806
260806,Human & Medical Genetics,2015,124.0,26.0806
260806,Human & Medical Genetics,2016,133.0,26.0806
260806,Human & Medical Genetics,2017,157.0,26.0806
260806,Human & Medical Genetics,2018,184.0,26.0806
260806,Human & Medical Genetics,2019,181.0,26.0806
260806,Human & Medical Genetics,2020,190.0,26.0806
260806,Human & Medical Genetics,2021,185.0,26.0806
260806,Human & Medical Genetics,2022,215.0,26.0806
260806,Human & Medical Genetics,2023,215.0,26.0806
260806,Human & Medical Genetics,2024,267.0,26.0806
260807,Genome Sciences,2012,3.0,26.0807
260807,Genome Sciences,2013,1.0,26.0807
260807,Genome Sciences,2014,1.0,26.0807
260807,Genome Sciences,2015,3.0,26.0807
260807,Genome Sciences,2016,5.0,26.0807
260807,Genome Sciences,2017,10.0,26.0807
260807,Genome Sciences,2018,11.0,26.0807
260807,Genome Sciences,2019,20.0,26.0807
260807,Genome Sciences,2020,44.0,26.0807
260807,Genome Sciences,2021,60.0,26.0807
260807,Genome Sciences,2022,101.0,26.0807
260807,Genome Sciences,2023,143.0,26.0807
260807,Genome Sciences,2024,109.0,26.0807
260899,Other Genetics,2012,3.0,26.0899
260899,Other Genetics,2013,2.0,26.0899
260899,Other Genetics,2014,3.0,26.0899
260899,Other Genetics,2015,3.0,26.0899
260899,Other Genetics,2016,3.0,26.0899
260899,Other Genetics,2017,4.0,26.0899
260899,Other Genetics,2018,2.0,26.0899
260899,Other Genetics,2019,0.0,26.0899
260899,Other Genetics,2020,0.0,26.0899
260899,Other Genetics,2021,7.0,26.0899
260899,Other Genetics,2022,11.0,26.0899
260899,Other Genetics,2023,14.0,26.0899
260899,Other Genetics,2024,0.0,26.0899
260901,General Physiology,2012,427.0,26.0901
260901,General Physiology,2013,466.0,26.0901
260901,General Physiology,2014,554.0,26.0901
260901,General Physiology,2015,587.0,26.0901
260901,General Physiology,2016,654.0,26.0901
260901,General Physiology,2017,731.0,26.0901
260901,General Physiology,2018,812.0,26.0901
260901,General Physiology,2019,856.0,26.0901
260901,General Physiology,2020,793.0,26.0901
260901,General Physiology,2021,842.0,26.0901
260901,General Physiology,2022,802.0,26.0901
260901,General Physiology,2023,786.0,26.0901
260901,General Physiology,2024,572.0,26.0901
260902,Molecular Physiology,2012,10.0,26.0902
260902,Molecular Physiology,2013,14.0,26.0902
260902,Molecular Physiology,2014,5.0,26.0902
260902,Molecular Physiology,2015,2.0,26.0902
260902,Molecular Physiology,2016,6.0,26.0902
260902,Molecular Physiology,2017,2.0,26.0902
260902,Molecular Physiology,2018,0.0,26.0902
260902,Molecular Physiology,2019,0.0,26.0902
260902,Molecular Physiology,2020,2.0,26.0902
260902,Molecular Physiology,2021,4.0,26.0902
260902,Molecular Physiology,2022,1.0,26.0902
260902,Molecular Physiology,2023,1.0,26.0902
260902,Molecular Physiology,2024,3.0,26.0902
260903,Cell Physiology,2012,4.0,26.0903
260903,Cell Physiology,2013,5.0,26.0903
260903,Cell Physiology,2014,23.0,26.0903
260903,Cell Physiology,2015,16.0,26.0903
260903,Cell Physiology,2016,34.0,26.0903
260903,Cell Physiology,2017,39.0,26.0903
260903,Cell Physiology,2018,25.0,26.0903
260903,Cell Physiology,2019,48.0,26.0903
260903,Cell Physiology,2020,51.0,26.0903
260903,Cell Physiology,2021,31.0,26.0903
260903,Cell Physiology,2022,17.0,26.0903
260903,Cell Physiology,2023,8.0,26.0903
260903,Cell Physiology,2024,18.0,26.0903
260904,Endocrinology,2012,3.0,26.0904
260904,Endocrinology,2013,4.0,26.0904
260904,Endocrinology,2014,2.0,26.0904
260904,Endocrinology,2015,1.0,26.0904
260904,Endocrinology,2016,2.0,26.0904
260904,Endocrinology,2017,2.0,26.0904
260904,Endocrinology,2018,2.0,26.0904
260904,Endocrinology,2019,2.0,26.0904
260904,Endocrinology,2020,1.0,26.0904
260904,Endocrinology,2021,4.0,26.0904
260904,Endocrinology,2022,0.0,26.0904
260904,Endocrinology,2023,2.0,26.0904
260904,Endocrinology,2024,1.0,26.0904
260905,Reproductive Biology,2012,5.0,26.0905
260905,Reproductive Biology,2013,3.0,26.0905
260905,Reproductive Biology,2014,9.0,26.0905
260905,Reproductive Biology,2015,10.0,26.0905
260905,Reproductive Biology,2016,3.0,26.0905
260905,Reproductive Biology,2017,3.0,26.0905
260905,Reproductive Biology,2018,25.0,26.0905
260905,Reproductive Biology,2019,18.0,26.0905
260905,Reproductive Biology,2020,31.0,26.0905
260905,Reproductive Biology,2021,29.0,26.0905
260905,Reproductive Biology,2022,16.0,26.0905
260905,Reproductive Biology,2023,30.0,26.0905
260905,Reproductive Biology,2024,20.0,26.0905
260907,Cardiovascular Science,2012,17.0,26.0907
260907,Cardiovascular Science,2013,3.0,26.0907
260907,Cardiovascular Science,2014,7.0,26.0907
260907,Cardiovascular Science,2015,8.0,26.0907
260907,Cardiovascular Science,2016,12.0,26.0907
260907,Cardiovascular Science,2017,7.0,26.0907
260907,Cardiovascular Science,2018,7.0,26.0907
260907,Cardiovascular Science,2019,0.0,26.0907
260907,Cardiovascular Science,2020,0.0,26.0907
260907,Cardiovascular Science,2021,16.0,26.0907
260907,Cardiovascular Science,2022,2.0,26.0907
260907,Cardiovascular Science,2023,6.0,26.0907
260907,Cardiovascular Science,2024,48.0,26.0907
260908,Exercise Physiology,2012,207.0,26.0908
260908,Exercise Physiology,2013,209.0,26.0908
260908,Exercise Physiology,2014,245.0,26.0908
260908,Exercise Physiology,2015,320.0,26.0908
260908,Exercise Physiology,2016,312.0,26.0908
260908,Exercise Physiology,2017,413.0,26.0908
260908,Exercise Physiology,2018,531.0,26.0908
260908,Exercise Physiology,2019,517.0,26.0908
260908,Exercise Physiology,2020,751.0,26.0908
260908,Exercise Physiology,2021,818.0,26.0908
260908,Exercise Physiology,2022,836.0,26.0908
260908,Exercise Physiology,2023,984.0,26.0908
260908,Exercise Physiology,2024,1164.0,26.0908
260909,Vision Science & Physiological Optics,2012,18.0,26.0909
260909,Vision Science & Physiological Optics,2013,25.0,26.0909
260909,Vision Science & Physiological Optics,2014,26.0,26.0909
260909,Vision Science & Physiological Optics,2015,31.0,26.0909
260909,Vision Science & Physiological Optics,2016,30.0,26.0909
260909,Vision Science & Physiological Optics,2017,46.0,26.0909
260909,Vision Science & Physiological Optics,2018,40.0,26.0909
260909,Vision Science & Physiological Optics,2019,34.0,26.0909
260909,Vision Science & Physiological Optics,2020,48.0,26.0909
260909,Vision Science & Physiological Optics,2021,32.0,26.0909
260909,Vision Science & Physiological Optics,2022,48.0,26.0909
260909,Vision Science & Physiological Optics,2023,39.0,26.0909
260909,Vision Science & Physiological Optics,2024,44.0,26.0909
260910,Pathology & Experimental Pathology,2012,89.0,26.091
260910,Pathology & Experimental Pathology,2013,95.0,26.091
260910,Pathology & Experimental Pathology,2014,99.0,26.091
260910,Pathology & Experimental Pathology,2015,106.0,26.091
260910,Pathology & Experimental Pathology,2016,93.0,26.091
260910,Pathology & Experimental Pathology,2017,93.0,26.091
260910,Pathology & Experimental Pathology,2018,105.0,26.091
260910,Pathology & Experimental Pathology,2019,119.0,26.091
260910,Pathology & Experimental Pathology,2020,82.0,26.091
260910,Pathology & Experimental Pathology,2021,107.0,26.091
260910,Pathology & Experimental Pathology,2022,102.0,26.091
260910,Pathology & Experimental Pathology,2023,100.0,26.091
260910,Pathology & Experimental Pathology,2024,118.0,26.091
260911,Oncology & Cancer Biology,2012,32.0,26.0911
260911,Oncology & Cancer Biology,2013,36.0,26.0911
260911,Oncology & Cancer Biology,2014,35.0,26.0911
260911,Oncology & Cancer Biology,2015,30.0,26.0911
260911,Oncology & Cancer Biology,2016,21.0,26.0911
260911,Oncology & Cancer Biology,2017,30.0,26.0911
260911,Oncology & Cancer Biology,2018,25.0,26.0911
260911,Oncology & Cancer Biology,2019,30.0,26.0911
260911,Oncology & Cancer Biology,2020,38.0,26.0911
260911,Oncology & Cancer Biology,2021,37.0,26.0911
260911,Oncology & Cancer Biology,2022,40.0,26.0911
260911,Oncology & Cancer Biology,2023,39.0,26.0911
260911,Oncology & Cancer Biology,2024,47.0,26.0911
260912,Aerospace Physiology and Medicine,2024,2.0,26.0912
260913,Biomechanics,2020,3.0,26.0913
260913,Biomechanics,2021,0.0,26.0913
260913,Biomechanics,2022,10.0,26.0913
260913,Biomechanics,2023,13.0,26.0913
260913,Biomechanics,2024,19.0,26.0913
260999,"Other Physiology, Pathology, & Related Science",2012,13.0,26.0999
260999,"Other Physiology, Pathology, & Related Science",2013,10.0,26.0999
260999,"Other Physiology, Pathology, & Related Science",2014,5.0,26.0999
260999,"Other Physiology, Pathology, & Related Science",2015,0.0,26.0999
260999,"Other Physiology, Pathology, & Related Science",2016,3.0,26.0999
260999,"Other Physiology, Pathology, & Related Science",2017,15.0,26.0999
260999,"Other Physiology, Pathology, & Related Science",2018,20.0,26.0999
260999,"Other Physiology, Pathology, & Related Science",2019,18.0,26.0999
260999,"Other Physiology, Pathology, & Related Science",2020,28.0,26.0999
260999,"Other Physiology, Pathology, & Related Science",2021,12.0,26.0999
260999,"Other Physiology, Pathology, & Related Science",2022,15.0,26.0999
260999,"Other Physiology, Pathology, & Related Science",2023,67.0,26.0999
260999,"Other Physiology, Pathology, & Related Science",2024,27.0,26.0999
261001,Pharmacology,2012,117.0,26.1001
261001,Pharmacology,2013,104.0,26.1001
261001,Pharmacology,2014,166.0,26.1001
261001,Pharmacology,2015,171.0,26.1001
261001,Pharmacology,2016,185.0,26.1001
261001,Pharmacology,2017,181.0,26.1001
261001,Pharmacology,2018,226.0,26.1001
261001,Pharmacology,2019,218.0,26.1001
261001,Pharmacology,2020,265.0,26.1001
261001,Pharmacology,2021,252.0,26.1001
261001,Pharmacology,2022,258.0,26.1001
261001,Pharmacology,2023,246.0,26.1001
261001,Pharmacology,2024,211.0,26.1001
261002,Molecular Pharmacology,2012,8.0,26.1002
261002,Molecular Pharmacology,2013,10.0,26.1002
261002,Molecular Pharmacology,2014,5.0,26.1002
261002,Molecular Pharmacology,2015,9.0,26.1002
261002,Molecular Pharmacology,2016,11.0,26.1002
261002,Molecular Pharmacology,2017,7.0,26.1002
261002,Molecular Pharmacology,2018,5.0,26.1002
261002,Molecular Pharmacology,2019,15.0,26.1002
261002,Molecular Pharmacology,2020,16.0,26.1002
261002,Molecular Pharmacology,2021,11.0,26.1002
261002,Molecular Pharmacology,2022,17.0,26.1002
261002,Molecular Pharmacology,2023,11.0,26.1002
261002,Molecular Pharmacology,2024,29.0,26.1002
261003,Neuropharmacology,2012,13.0,26.1003
261003,Neuropharmacology,2013,10.0,26.1003
261003,Neuropharmacology,2014,14.0,26.1003
261003,Neuropharmacology,2015,11.0,26.1003
261003,Neuropharmacology,2016,22.0,26.1003
261003,Neuropharmacology,2017,34.0,26.1003
261003,Neuropharmacology,2018,32.0,26.1003
261003,Neuropharmacology,2019,36.0,26.1003
261003,Neuropharmacology,2020,24.0,26.1003
261003,Neuropharmacology,2021,22.0,26.1003
261003,Neuropharmacology,2022,27.0,26.1003
261003,Neuropharmacology,2023,30.0,26.1003
261003,Neuropharmacology,2024,35.0,26.1003
261004,Toxicology,2012,44.0,26.1004
261004,Toxicology,2013,52.0,26.1004
261004,Toxicology,2014,44.0,26.1004
261004,Toxicology,2015,48.0,26.1004
261004,Toxicology,2016,39.0,26.1004
261004,Toxicology,2017,51.0,26.1004
261004,Toxicology,2018,55.0,26.1004
261004,Toxicology,2019,47.0,26.1004
261004,Toxicology,2020,42.0,26.1004
261004,Toxicology,2021,49.0,26.1004
261004,Toxicology,2022,54.0,26.1004
261004,Toxicology,2023,56.0,26.1004
261004,Toxicology,2024,48.0,26.1004
261005,Molecular Toxicology,2012,0.0,26.1005
261005,Molecular Toxicology,2013,0.0,26.1005
261006,Environmental Toxicology,2012,34.0,26.1006
261006,Environmental Toxicology,2013,43.0,26.1006
261006,Environmental Toxicology,2014,33.0,26.1006
261006,Environmental Toxicology,2015,53.0,26.1006
261006,Environmental Toxicology,2016,60.0,26.1006
261006,Environmental Toxicology,2017,79.0,26.1006
261006,Environmental Toxicology,2018,46.0,26.1006
261006,Environmental Toxicology,2019,50.0,26.1006
261006,Environmental Toxicology,2020,47.0,26.1006
261006,Environmental Toxicology,2021,13.0,26.1006
261006,Environmental Toxicology,2022,16.0,26.1006
261006,Environmental Toxicology,2023,15.0,26.1006
261006,Environmental Toxicology,2024,15.0,26.1006
261007,Pharmacology & Toxicology,2012,54.0,26.1007
261007,Pharmacology & Toxicology,2013,62.0,26.1007
261007,Pharmacology & Toxicology,2014,72.0,26.1007
261007,Pharmacology & Toxicology,2015,92.0,26.1007
261007,Pharmacology & Toxicology,2016,124.0,26.1007
261007,Pharmacology & Toxicology,2017,100.0,26.1007
261007,Pharmacology & Toxicology,2018,102.0,26.1007
261007,Pharmacology & Toxicology,2019,115.0,26.1007
261007,Pharmacology & Toxicology,2020,115.0,26.1007
261007,Pharmacology & Toxicology,2021,112.0,26.1007
261007,Pharmacology & Toxicology,2022,102.0,26.1007
261007,Pharmacology & Toxicology,2023,144.0,26.1007
261007,Pharmacology & Toxicology,2024,160.0,26.1007
261099,Other Pharmacology & Toxicology,2012,0.0,26.1099
261099,Other Pharmacology & Toxicology,2013,0.0,26.1099
261099,Other Pharmacology & Toxicology,2014,0.0,26.1099
261099,Other Pharmacology & Toxicology,2015,0.0,26.1099
261099,Other Pharmacology & Toxicology,2016,0.0,26.1099
261099,Other Pharmacology & Toxicology,2017,13.0,26.1099
261099,Other Pharmacology & Toxicology,2018,0.0,26.1099
261099,Other Pharmacology & Toxicology,2019,2.0,26.1099
261099,Other Pharmacology & Toxicology,2020,0.0,26.1099
261099,Other Pharmacology & Toxicology,2021,0.0,26.1099
261099,Other Pharmacology & Toxicology,2022,2.0,26.1099
261099,Other Pharmacology & Toxicology,2023,0.0,26.1099
261099,Other Pharmacology & Toxicology,2024,5.0,26.1099
261101,Biometrics,2012,19.0,26.1101
261101,Biometrics,2013,18.0,26.1101
261101,Biometrics,2014,29.0,26.1101
261101,Biometrics,2015,32.0,26.1101
261101,Biometrics,2016,29.0,26.1101
261101,Biometrics,2017,39.0,26.1101
261101,Biometrics,2018,34.0,26.1101
261101,Biometrics,2019,34.0,26.1101
261101,Biometrics,2020,42.0,26.1101
261101,Biometrics,2021,47.0,26.1101
261101,Biometrics,2022,46.0,26.1101
261101,Biometrics,2023,57.0,26.1101
261101,Biometrics,2024,83.0,26.1101
261102,Biostatistics,2012,393.0,26.1102
261102,Biostatistics,2013,464.0,26.1102
261102,Biostatistics,2014,489.0,26.1102
261102,Biostatistics,2015,646.0,26.1102
261102,Biostatistics,2016,667.0,26.1102
261102,Biostatistics,2017,693.0,26.1102
261102,Biostatistics,2018,729.0,26.1102
261102,Biostatistics,2019,779.0,26.1102
261102,Biostatistics,2020,888.0,26.1102
261102,Biostatistics,2021,929.0,26.1102
261102,Biostatistics,2022,921.0,26.1102
261102,Biostatistics,2023,1130.0,26.1102
261102,Biostatistics,2024,1091.0,26.1102
261103,Bioinformatics,2012,291.0,26.1103
261103,Bioinformatics,2013,287.0,26.1103
261103,Bioinformatics,2014,262.0,26.1103
261103,Bioinformatics,2015,270.0,26.1103
261103,Bioinformatics,2016,315.0,26.1103
261103,Bioinformatics,2017,336.0,26.1103
261103,Bioinformatics,2018,420.0,26.1103
261103,Bioinformatics,2019,475.0,26.1103
261103,Bioinformatics,2020,575.0,26.1103
261103,Bioinformatics,2021,612.0,26.1103
261103,Bioinformatics,2022,605.0,26.1103
261103,Bioinformatics,2023,690.0,26.1103
261103,Bioinformatics,2024,749.0,26.1103
261104,Computational Biology,2012,9.0,26.1104
261104,Computational Biology,2013,8.0,26.1104
261104,Computational Biology,2014,8.0,26.1104
261104,Computational Biology,2015,8.0,26.1104
261104,Computational Biology,2016,22.0,26.1104
261104,Computational Biology,2017,27.0,26.1104
261104,Computational Biology,2018,30.0,26.1104
261104,Computational Biology,2019,43.0,26.1104
261104,Computational Biology,2020,41.0,26.1104
261104,Computational Biology,2021,47.0,26.1104
261104,Computational Biology,2022,64.0,26.1104
261104,Computational Biology,2023,74.0,26.1104
261104,Computational Biology,2024,82.0,26.1104
261199,"Other Biomathematics, Bioinformatics, & Computational Biology",2012,18.0,26.1199
261199,"Other Biomathematics, Bioinformatics, & Computational Biology",2013,22.0,26.1199
261199,"Other Biomathematics, Bioinformatics, & Computational Biology",2014,37.0,26.1199
261199,"Other Biomathematics, Bioinformatics, & Computational Biology",2015,48.0,26.1199
261199,"Other Biomathematics, Bioinformatics, & Computational Biology",2016,76.0,26.1199
261199,"Other Biomathematics, Bioinformatics, & Computational Biology",2017,78.0,26.1199
261199,"Other Biomathematics, Bioinformatics, & Computational Biology",2018,65.0,26.1199
261199,"Other Biomathematics, Bioinformatics, & Computational Biology",2019,62.0,26.1199
261199,"Other Biomathematics, Bioinformatics, & Computational Biology",2020,50.0,26.1199
261199,"Other Biomathematics, Bioinformatics, & Computational Biology",2021,51.0,26.1199
261199,"Other Biomathematics, Bioinformatics, & Computational Biology",2022,42.0,26.1199
261199,"Other Biomathematics, Bioinformatics, & Computational Biology",2023,44.0,26.1199
261199,"Other Biomathematics, Bioinformatics, & Computational Biology",2024,47.0,26.1199
261201,Biotechnology,2012,1131.0,26.1201
261201,Biotechnology,2013,1183.0,26.1201
261201,Biotechnology,2014,1235.0,26.1201
261201,Biotechnology,2015,1232.0,26.1201
261201,Biotechnology,2016,1339.0,26.1201
261201,Biotechnology,2017,1363.0,26.1201
261201,Biotechnology,2018,1364.0,26.1201
261201,Biotechnology,2019,1469.0,26.1201
261201,Biotechnology,2020,1469.0,26.1201
261201,Biotechnology,2021,1461.0,26.1201
261201,Biotechnology,2022,1668.0,26.1201
261201,Biotechnology,2023,1832.0,26.1201
261201,Biotechnology,2024,2055.0,26.1201
261301,Ecology,2012,189.0,26.1301
261301,Ecology,2013,182.0,26.1301
261301,Ecology,2014,125.0,26.1301
261301,Ecology,2015,155.0,26.1301
261301,Ecology,2016,172.0,26.1301
261301,Ecology,2017,145.0,26.1301
261301,Ecology,2018,159.0,26.1301
261301,Ecology,2019,150.0,26.1301
261301,Ecology,2020,114.0,26.1301
261301,Ecology,2021,136.0,26.1301
261301,Ecology,2022,154.0,26.1301
261301,Ecology,2023,152.0,26.1301
261301,Ecology,2024,186.0,26.1301
261302,Marine Biology & Biological Oceonography,2012,182.0,26.1302
261302,Marine Biology & Biological Oceonography,2013,196.0,26.1302
261302,Marine Biology & Biological Oceonography,2014,258.0,26.1302
261302,Marine Biology & Biological Oceonography,2015,228.0,26.1302
261302,Marine Biology & Biological Oceonography,2016,269.0,26.1302
261302,Marine Biology & Biological Oceonography,2017,221.0,26.1302
261302,Marine Biology & Biological Oceonography,2018,247.0,26.1302
261302,Marine Biology & Biological Oceonography,2019,244.0,26.1302
261302,Marine Biology & Biological Oceonography,2020,245.0,26.1302
261302,Marine Biology & Biological Oceonography,2021,204.0,26.1302
261302,Marine Biology & Biological Oceonography,2022,258.0,26.1302
261302,Marine Biology & Biological Oceonography,2023,383.0,26.1302
261302,Marine Biology & Biological Oceonography,2024,349.0,26.1302
261303,Evolutionary Biology,2012,10.0,26.1303
261303,Evolutionary Biology,2013,20.0,26.1303
261303,Evolutionary Biology,2014,15.0,26.1303
261303,Evolutionary Biology,2015,12.0,26.1303
261303,Evolutionary Biology,2016,13.0,26.1303
261303,Evolutionary Biology,2017,19.0,26.1303
261303,Evolutionary Biology,2018,22.0,26.1303
261303,Evolutionary Biology,2019,24.0,26.1303
261303,Evolutionary Biology,2020,24.0,26.1303
261303,Evolutionary Biology,2021,19.0,26.1303
261303,Evolutionary Biology,2022,33.0,26.1303
261303,Evolutionary Biology,2023,28.0,26.1303
261303,Evolutionary Biology,2024,29.0,26.1303
261304,Aquatic Biology,2012,5.0,26.1304
261304,Aquatic Biology,2013,15.0,26.1304
261304,Aquatic Biology,2014,13.0,26.1304
261304,Aquatic Biology,2015,11.0,26.1304
261304,Aquatic Biology,2016,14.0,26.1304
261304,Aquatic Biology,2017,13.0,26.1304
261304,Aquatic Biology,2018,9.0,26.1304
261304,Aquatic Biology,2019,10.0,26.1304
261304,Aquatic Biology,2020,2.0,26.1304
261304,Aquatic Biology,2021,6.0,26.1304
261304,Aquatic Biology,2022,9.0,26.1304
261304,Aquatic Biology,2023,10.0,26.1304
261304,Aquatic Biology,2024,9.0,26.1304
261305,Environmental Biology,2012,55.0,26.1305
261305,Environmental Biology,2013,44.0,26.1305
261305,Environmental Biology,2014,51.0,26.1305
261305,Environmental Biology,2015,37.0,26.1305
261305,Environmental Biology,2016,75.0,26.1305
261305,Environmental Biology,2017,30.0,26.1305
261305,Environmental Biology,2018,48.0,26.1305
261305,Environmental Biology,2019,48.0,26.1305
261305,Environmental Biology,2020,56.0,26.1305
261305,Environmental Biology,2021,35.0,26.1305
261305,Environmental Biology,2022,43.0,26.1305
261305,Environmental Biology,2023,50.0,26.1305
261305,Environmental Biology,2024,47.0,26.1305
261306,Population Biology,2012,12.0,26.1306
261306,Population Biology,2013,4.0,26.1306
261306,Population Biology,2014,3.0,26.1306
261306,Population Biology,2015,3.0,26.1306
261306,Population Biology,2016,3.0,26.1306
261306,Population Biology,2017,5.0,26.1306
261306,Population Biology,2018,8.0,26.1306
261306,Population Biology,2019,4.0,26.1306
261306,Population Biology,2020,4.0,26.1306
261306,Population Biology,2021,3.0,26.1306
261306,Population Biology,2022,2.0,26.1306
261306,Population Biology,2023,11.0,26.1306
261306,Population Biology,2024,4.0,26.1306
261307,Conservation Biology,2012,61.0,26.1307
261307,Conservation Biology,2013,90.0,26.1307
261307,Conservation Biology,2014,118.0,26.1307
261307,Conservation Biology,2015,96.0,26.1307
261307,Conservation Biology,2016,78.0,26.1307
261307,Conservation Biology,2017,104.0,26.1307
261307,Conservation Biology,2018,91.0,26.1307
261307,Conservation Biology,2019,94.0,26.1307
261307,Conservation Biology,2020,89.0,26.1307
261307,Conservation Biology,2021,91.0,26.1307
261307,Conservation Biology,2022,118.0,26.1307
261307,Conservation Biology,2023,132.0,26.1307
261307,Conservation Biology,2024,238.0,26.1307
261308,Systematic Biology & Biological Systematics,2013,1.0,26.1308
261308,Systematic Biology & Biological Systematics,2014,1.0,26.1308
261308,Systematic Biology & Biological Systematics,2015,1.0,26.1308
261308,Systematic Biology & Biological Systematics,2016,1.0,26.1308
261308,Systematic Biology & Biological Systematics,2017,1.0,26.1308
261308,Systematic Biology & Biological Systematics,2018,4.0,26.1308
261308,Systematic Biology & Biological Systematics,2019,5.0,26.1308
261308,Systematic Biology & Biological Systematics,2020,0.0,26.1308
261308,Systematic Biology & Biological Systematics,2021,3.0,26.1308
261308,Systematic Biology & Biological Systematics,2022,8.0,26.1308
261308,Systematic Biology & Biological Systematics,2023,7.0,26.1308
261308,Systematic Biology & Biological Systematics,2024,5.0,26.1308
261309,Epidemiology,2012,888.0,26.1309
261309,Epidemiology,2013,1059.0,26.1309
261309,Epidemiology,2014,1136.0,26.1309
261309,Epidemiology,2015,1258.0,26.1309
261309,Epidemiology,2016,1400.0,26.1309
261309,Epidemiology,2017,1324.0,26.1309
261309,Epidemiology,2018,1425.0,26.1309
261309,Epidemiology,2019,1483.0,26.1309
261309,Epidemiology,2020,1611.0,26.1309
261309,Epidemiology,2021,1572.0,26.1309
261309,Epidemiology,2022,1778.0,26.1309
261309,Epidemiology,2023,2361.0,26.1309
261309,Epidemiology,2024,2195.0,26.1309
261310,Ecology & Evolutionary Biology,2012,34.0,26.131
261310,Ecology & Evolutionary Biology,2013,38.0,26.131
261310,Ecology & Evolutionary Biology,2014,40.0,26.131
261310,Ecology & Evolutionary Biology,2015,54.0,26.131
261310,Ecology & Evolutionary Biology,2016,51.0,26.131
261310,Ecology & Evolutionary Biology,2017,63.0,26.131
261310,Ecology & Evolutionary Biology,2018,57.0,26.131
261310,Ecology & Evolutionary Biology,2019,62.0,26.131
261310,Ecology & Evolutionary Biology,2020,52.0,26.131
261310,Ecology & Evolutionary Biology,2021,50.0,26.131
261310,Ecology & Evolutionary Biology,2022,65.0,26.131
261310,Ecology & Evolutionary Biology,2023,61.0,26.131
261310,Ecology & Evolutionary Biology,2024,71.0,26.131
261311,Epidemiology And Biostatistics,2020,0.0,26.1311
261311,Epidemiology And Biostatistics,2021,0.0,26.1311
261311,Epidemiology And Biostatistics,2022,16.0,26.1311
261311,Epidemiology And Biostatistics,2023,22.0,26.1311
261311,Epidemiology And Biostatistics,2024,91.0,26.1311
261399,"Other Ecology, Evolution, Systematics, & Population Biology",2012,21.0,26.1399
261399,"Other Ecology, Evolution, Systematics, & Population Biology",2013,25.0,26.1399
261399,"Other Ecology, Evolution, Systematics, & Population Biology",2014,22.0,26.1399
261399,"Other Ecology, Evolution, Systematics, & Population Biology",2015,23.0,26.1399
261399,"Other Ecology, Evolution, Systematics, & Population Biology",2016,17.0,26.1399
261399,"Other Ecology, Evolution, Systematics, & Population Biology",2017,23.0,26.1399
261399,"Other Ecology, Evolution, Systematics, & Population Biology",2018,26.0,26.1399
261399,"Other Ecology, Evolution, Systematics, & Population Biology",2019,14.0,26.1399
261399,"Other Ecology, Evolution, Systematics, & Population Biology",2020,22.0,26.1399
261399,"Other Ecology, Evolution, Systematics, & Population Biology",2021,15.0,26.1399
261399,"Other Ecology, Evolution, Systematics, & Population Biology",2022,31.0,26.1399
261399,"Other Ecology, Evolution, Systematics, & Population Biology",2023,30.0,26.1399
261399,"Other Ecology, Evolution, Systematics, & Population Biology",2024,13.0,26.1399
261401,Molecular Medicine,2012,8.0,26.1401
261401,Molecular Medicine,2013,13.0,26.1401
261401,Molecular Medicine,2014,16.0,26.1401
261401,Molecular Medicine,2015,18.0,26.1401
261401,Molecular Medicine,2016,40.0,26.1401
261401,Molecular Medicine,2017,22.0,26.1401
261401,Molecular Medicine,2018,16.0,26.1401
261401,Molecular Medicine,2019,27.0,26.1401
261401,Molecular Medicine,2020,23.0,26.1401
261401,Molecular Medicine,2021,30.0,26.1401
261401,Molecular Medicine,2022,40.0,26.1401
261401,Molecular Medicine,2023,74.0,26.1401
261401,Molecular Medicine,2024,97.0,26.1401
261501,Neuroscience,2012,144.0,26.1501
261501,Neuroscience,2013,173.0,26.1501
261501,Neuroscience,2014,150.0,26.1501
261501,Neuroscience,2015,161.0,26.1501
261501,Neuroscience,2016,166.0,26.1501
261501,Neuroscience,2017,170.0,26.1501
261501,Neuroscience,2018,243.0,26.1501
261501,Neuroscience,2019,289.0,26.1501
261501,Neuroscience,2020,306.0,26.1501
261501,Neuroscience,2021,408.0,26.1501
261501,Neuroscience,2022,442.0,26.1501
261501,Neuroscience,2023,471.0,26.1501
261501,Neuroscience,2024,432.0,26.1501
261502,Neuroanatomy,2012,0.0,26.1502
261502,Neuroanatomy,2013,0.0,26.1502
261502,Neuroanatomy,2014,0.0,26.1502
261502,Neuroanatomy,2015,0.0,26.1502
261502,Neuroanatomy,2016,0.0,26.1502
261502,Neuroanatomy,2017,0.0,26.1502
261503,Neurobiology & Anatomy,2012,19.0,26.1503
261503,Neurobiology & Anatomy,2013,16.0,26.1503
261503,Neurobiology & Anatomy,2014,11.0,26.1503
261503,Neurobiology & Anatomy,2015,18.0,26.1503
261503,Neurobiology & Anatomy,2016,14.0,26.1503
261503,Neurobiology & Anatomy,2017,18.0,26.1503
261503,Neurobiology & Anatomy,2018,11.0,26.1503
261503,Neurobiology & Anatomy,2019,11.0,26.1503
261503,Neurobiology & Anatomy,2020,26.0,26.1503
261503,Neurobiology & Anatomy,2021,29.0,26.1503
261503,Neurobiology & Anatomy,2022,36.0,26.1503
261503,Neurobiology & Anatomy,2023,28.0,26.1503
261503,Neurobiology & Anatomy,2024,27.0,26.1503
261504,Neurobiology & Behavior,2012,32.0,26.1504
261504,Neurobiology & Behavior,2013,27.0,26.1504
261504,Neurobiology & Behavior,2014,26.0,26.1504
261504,Neurobiology & Behavior,2015,37.0,26.1504
261504,Neurobiology & Behavior,2016,33.0,26.1504
261504,Neurobiology & Behavior,2017,36.0,26.1504
261504,Neurobiology & Behavior,2018,33.0,26.1504
261504,Neurobiology & Behavior,2019,8.0,26.1504
261504,Neurobiology & Behavior,2020,12.0,26.1504
261504,Neurobiology & Behavior,2021,12.0,26.1504
261504,Neurobiology & Behavior,2022,12.0,26.1504
261504,Neurobiology & Behavior,2023,13.0,26.1504
261504,Neurobiology & Behavior,2024,11.0,26.1504
261599,Other Neurobiology & Neurosciences,2012,0.0,26.1599
261599,Other Neurobiology & Neurosciences,2013,0.0,26.1599
261599,Other Neurobiology & Neurosciences,2014,0.0,26.1599
261599,Other Neurobiology & Neurosciences,2015,0.0,26.1599
261599,Other Neurobiology & Neurosciences,2016,1.0,26.1599
261599,Other Neurobiology & Neurosciences,2017,1.0,26.1599
261599,Other Neurobiology & Neurosciences,2018,0.0,26.1599
261599,Other Neurobiology & Neurosciences,2019,2.0,26.1599
261599,Other Neurobiology & Neurosciences,2020,0.0,26.1599
261599,Other Neurobiology & Neurosciences,2021,0.0,26.1599
261599,Other Neurobiology & Neurosciences,2022,2.0,26.1599
261599,Other Neurobiology & Neurosciences,2023,1.0,26.1599
261599,Other Neurobiology & Neurosciences,2024,2.0,26.1599
269999,Other Biological & Biomedical Sciences,2012,917.0,26.9999
269999,Other Biological & Biomedical Sciences,2013,1097.0,26.9999
269999,Other Biological & Biomedical Sciences,2014,1181.0,26.9999
269999,Other Biological & Biomedical Sciences,2015,1206.0,26.9999
269999,Other Biological & Biomedical Sciences,2016,1392.0,26.9999
269999,Other Biological & Biomedical Sciences,2017,1466.0,26.9999
269999,Other Biological & Biomedical Sciences,2018,1298.0,26.9999
269999,Other Biological & Biomedical Sciences,2019,1462.0,26.9999
269999,Other Biological & Biomedical Sciences,2020,1439.0,26.9999
269999,Other Biological & Biomedical Sciences,2021,1552.0,26.9999
269999,Other Biological & Biomedical Sciences,2022,1524.0,26.9999
269999,Other Biological & Biomedical Sciences,2023,1778.0,26.9999
269999,Other Biological & Biomedical Sciences,2024,1810.0,26.9999
270101,General Mathematics,2012,2893.0,27.0101
270101,General Mathematics,2013,2875.0,27.0101
270101,General Mathematics,2014,2919.0,27.0101
270101,General Mathematics,2015,2946.0,27.0101
270101,General Mathematics,2016,2889.0,27.0101
270101,General Mathematics,2017,2689.0,27.0101
270101,General Mathematics,2018,2717.0,27.0101
270101,General Mathematics,2019,2670.0,27.0101
270101,General Mathematics,2020,2550.0,27.0101
270101,General Mathematics,2021,2504.0,27.0101
270101,General Mathematics,2022,2413.0,27.0101
270101,General Mathematics,2023,2526.0,27.0101
270101,General Mathematics,2024,2233.0,27.0101
270103,Analysis & Functional Analysis,2023,6.0,27.0103
270103,Analysis & Functional Analysis,2024,0.0,27.0103
270199,Other Mathematics,2012,24.0,27.0199
270199,Other Mathematics,2013,48.0,27.0199
270199,Other Mathematics,2014,37.0,27.0199
270199,Other Mathematics,2015,28.0,27.0199
270199,Other Mathematics,2016,40.0,27.0199
270199,Other Mathematics,2017,44.0,27.0199
270199,Other Mathematics,2018,30.0,27.0199
270199,Other Mathematics,2019,35.0,27.0199
270199,Other Mathematics,2020,33.0,27.0199
270199,Other Mathematics,2021,29.0,27.0199
270199,Other Mathematics,2022,58.0,27.0199
270199,Other Mathematics,2023,40.0,27.0199
270199,Other Mathematics,2024,31.0,27.0199
270301,General Applied Mathematics,2012,775.0,27.0301
270301,General Applied Mathematics,2013,880.0,27.0301
270301,General Applied Mathematics,2014,830.0,27.0301
270301,General Applied Mathematics,2015,946.0,27.0301
270301,General Applied Mathematics,2016,986.0,27.0301
270301,General Applied Mathematics,2017,994.0,27.0301
270301,General Applied Mathematics,2018,1062.0,27.0301
270301,General Applied Mathematics,2019,1063.0,27.0301
270301,General Applied Mathematics,2020,963.0,27.0301
270301,General Applied Mathematics,2021,1033.0,27.0301
270301,General Applied Mathematics,2022,889.0,27.0301
270301,General Applied Mathematics,2023,997.0,27.0301
270301,General Applied Mathematics,2024,949.0,27.0301
270303,Computational Mathematics,2012,24.0,27.0303
270303,Computational Mathematics,2013,16.0,27.0303
270303,Computational Mathematics,2014,26.0,27.0303
270303,Computational Mathematics,2015,12.0,27.0303
270303,Computational Mathematics,2016,14.0,27.0303
270303,Computational Mathematics,2017,15.0,27.0303
270303,Computational Mathematics,2018,9.0,27.0303
270303,Computational Mathematics,2019,7.0,27.0303
270303,Computational Mathematics,2020,20.0,27.0303
270303,Computational Mathematics,2021,9.0,27.0303
270303,Computational Mathematics,2022,15.0,27.0303
270303,Computational Mathematics,2023,12.0,27.0303
270303,Computational Mathematics,2024,9.0,27.0303
270304,Computational & Applied Mathematics,2012,48.0,27.0304
270304,Computational & Applied Mathematics,2013,49.0,27.0304
270304,Computational & Applied Mathematics,2014,63.0,27.0304
270304,Computational & Applied Mathematics,2015,74.0,27.0304
270304,Computational & Applied Mathematics,2016,114.0,27.0304
270304,Computational & Applied Mathematics,2017,152.0,27.0304
270304,Computational & Applied Mathematics,2018,229.0,27.0304
270304,Computational & Applied Mathematics,2019,302.0,27.0304
270304,Computational & Applied Mathematics,2020,513.0,27.0304
270304,Computational & Applied Mathematics,2021,662.0,27.0304
270304,Computational & Applied Mathematics,2022,585.0,27.0304
270304,Computational & Applied Mathematics,2023,419.0,27.0304
270304,Computational & Applied Mathematics,2024,377.0,27.0304
270305,Financial Mathematics,2012,275.0,27.0305
270305,Financial Mathematics,2013,547.0,27.0305
270305,Financial Mathematics,2014,773.0,27.0305
270305,Financial Mathematics,2015,824.0,27.0305
270305,Financial Mathematics,2016,1141.0,27.0305
270305,Financial Mathematics,2017,1838.0,27.0305
270305,Financial Mathematics,2018,2886.0,27.0305
270305,Financial Mathematics,2019,3554.0,27.0305
270305,Financial Mathematics,2020,3940.0,27.0305
270305,Financial Mathematics,2021,4149.0,27.0305
270305,Financial Mathematics,2022,4298.0,27.0305
270305,Financial Mathematics,2023,5107.0,27.0305
270305,Financial Mathematics,2024,4608.0,27.0305
270306,Mathematical Biology,2012,1.0,27.0306
270306,Mathematical Biology,2015,0.0,27.0306
270306,Mathematical Biology,2017,0.0,27.0306
270306,Mathematical Biology,2018,0.0,27.0306
270399,Other Applied Mathematics,2012,110.0,27.0399
270399,Other Applied Mathematics,2013,122.0,27.0399
270399,Other Applied Mathematics,2014,119.0,27.0399
270399,Other Applied Mathematics,2015,5.0,27.0399
270399,Other Applied Mathematics,2016,21.0,27.0399
270399,Other Applied Mathematics,2017,12.0,27.0399
270399,Other Applied Mathematics,2018,8.0,27.0399
270399,Other Applied Mathematics,2019,6.0,27.0399
270399,Other Applied Mathematics,2020,2.0,27.0399
270399,Other Applied Mathematics,2021,9.0,27.0399
270399,Other Applied Mathematics,2022,7.0,27.0399
270399,Other Applied Mathematics,2023,6.0,27.0399
270399,Other Applied Mathematics,2024,1.0,27.0399
270501,General Statistics,2012,1819.0,27.0501
270501,General Statistics,2013,2077.0,27.0501
270501,General Statistics,2014,2292.0,27.0501
270501,General Statistics,2015,2523.0,27.0501
270501,General Statistics,2016,3031.0,27.0501
270501,General Statistics,2017,3098.0,27.0501
270501,General Statistics,2018,3205.0,27.0501
270501,General Statistics,2019,3317.0,27.0501
270501,General Statistics,2020,3440.0,27.0501
270501,General Statistics,2021,3415.0,27.0501
270501,General Statistics,2022,2810.0,27.0501
270501,General Statistics,2023,3146.0,27.0501
270501,General Statistics,2024,2725.0,27.0501
270502,Mathematical Statistics & Probability,2012,124.0,27.0502
270502,Mathematical Statistics & Probability,2013,113.0,27.0502
270502,Mathematical Statistics & Probability,2014,112.0,27.0502
270502,Mathematical Statistics & Probability,2015,157.0,27.0502
270502,Mathematical Statistics & Probability,2016,126.0,27.0502
270502,Mathematical Statistics & Probability,2017,152.0,27.0502
270502,Mathematical Statistics & Probability,2018,168.0,27.0502
270502,Mathematical Statistics & Probability,2019,174.0,27.0502
270502,Mathematical Statistics & Probability,2020,166.0,27.0502
270502,Mathematical Statistics & Probability,2021,202.0,27.0502
270502,Mathematical Statistics & Probability,2022,132.0,27.0502
270502,Mathematical Statistics & Probability,2023,186.0,27.0502
270502,Mathematical Statistics & Probability,2024,171.0,27.0502
270503,Mathematics & Statistics,2012,53.0,27.0503
270503,Mathematics & Statistics,2013,64.0,27.0503
270503,Mathematics & Statistics,2014,50.0,27.0503
270503,Mathematics & Statistics,2015,69.0,27.0503
270503,Mathematics & Statistics,2016,60.0,27.0503
270503,Mathematics & Statistics,2017,70.0,27.0503
270503,Mathematics & Statistics,2018,86.0,27.0503
270503,Mathematics & Statistics,2019,124.0,27.0503
270503,Mathematics & Statistics,2020,166.0,27.0503
270503,Mathematics & Statistics,2021,191.0,27.0503
270503,Mathematics & Statistics,2022,200.0,27.0503
270503,Mathematics & Statistics,2023,258.0,27.0503
270503,Mathematics & Statistics,2024,549.0,27.0503
270599,Other Statistics,2012,12.0,27.0599
270599,Other Statistics,2013,20.0,27.0599
270599,Other Statistics,2014,36.0,27.0599
270599,Other Statistics,2015,27.0,27.0599
270599,Other Statistics,2016,38.0,27.0599
270599,Other Statistics,2017,50.0,27.0599
270599,Other Statistics,2018,58.0,27.0599
270599,Other Statistics,2019,141.0,27.0599
270599,Other Statistics,2020,128.0,27.0599
270599,Other Statistics,2021,93.0,27.0599
270599,Other Statistics,2022,126.0,27.0599
270599,Other Statistics,2023,113.0,27.0599
270599,Other Statistics,2024,115.0,27.0599
270601,"Applied Statistics, General",2020,130.0,27.0601
270601,"Applied Statistics, General",2021,312.0,27.0601
270601,"Applied Statistics, General",2022,308.0,27.0601
270601,"Applied Statistics, General",2023,321.0,27.0601
270601,"Applied Statistics, General",2024,369.0,27.0601
279999,Other Mathematics & Statistics,2012,48.0,27.9999
279999,Other Mathematics & Statistics,2013,35.0,27.9999
279999,Other Mathematics & Statistics,2014,38.0,27.9999
279999,Other Mathematics & Statistics,2015,38.0,27.9999
279999,Other Mathematics & Statistics,2016,32.0,27.9999
279999,Other Mathematics & Statistics,2017,27.0,27.9999
279999,Other Mathematics & Statistics,2018,41.0,27.9999
279999,Other Mathematics & Statistics,2019,44.0,27.9999
279999,Other Mathematics & Statistics,2020,49.0,27.9999
279999,Other Mathematics & Statistics,2021,50.0,27.9999
279999,Other Mathematics & Statistics,2022,38.0,27.9999
279999,Other Mathematics & Statistics,2023,50.0,27.9999
279999,Other Mathematics & Statistics,2024,61.0,27.9999
290201,General Intelligence,2013,0.0,29.0201
290201,General Intelligence,2014,0.0,29.0201
290201,General Intelligence,2015,36.0,29.0201
290201,General Intelligence,2016,56.0,29.0201
290201,General Intelligence,2017,63.0,29.0201
290201,General Intelligence,2018,62.0,29.0201
290201,General Intelligence,2019,115.0,29.0201
290201,General Intelligence,2020,381.0,29.0201
290201,General Intelligence,2021,432.0,29.0201
290201,General Intelligence,2022,424.0,29.0201
290201,General Intelligence,2023,524.0,29.0201
290201,General Intelligence,2024,439.0,29.0201
290202,Strategic Intelligence,2012,27.0,29.0202
290202,Strategic Intelligence,2013,24.0,29.0202
290202,Strategic Intelligence,2014,25.0,29.0202
290202,Strategic Intelligence,2015,31.0,29.0202
290202,Strategic Intelligence,2016,34.0,29.0202
290202,Strategic Intelligence,2017,28.0,29.0202
290202,Strategic Intelligence,2018,44.0,29.0202
290202,Strategic Intelligence,2019,57.0,29.0202
290202,Strategic Intelligence,2020,29.0,29.0202
290202,Strategic Intelligence,2021,106.0,29.0202
290202,Strategic Intelligence,2022,94.0,29.0202
290202,Strategic Intelligence,2023,87.0,29.0202
290202,Strategic Intelligence,2024,85.0,29.0202
290203,Signal & Geospatial Intelligence,2017,5.0,29.0203
290203,Signal & Geospatial Intelligence,2018,2.0,29.0203
290203,Signal & Geospatial Intelligence,2019,8.0,29.0203
290203,Signal & Geospatial Intelligence,2020,9.0,29.0203
290203,Signal & Geospatial Intelligence,2021,20.0,29.0203
290203,Signal & Geospatial Intelligence,2022,22.0,29.0203
290203,Signal & Geospatial Intelligence,2023,30.0,29.0203
290203,Signal & Geospatial Intelligence,2024,20.0,29.0203
290204,"Command & Control (C3, C4I) Systems & Operations",2023,0.0,29.0204
290204,"Command & Control (C3, C4I) Systems & Operations",2024,3.0,29.0204
290205,Information Operations/Joint Information Operations,2012,11.0,29.0205
290205,Information Operations/Joint Information Operations,2018,4.0,29.0205
290205,Information Operations/Joint Information Operations,2019,9.0,29.0205
290206,Information & Psychological Warfare & Military Media Relations,2013,9.0,29.0206
290206,Information & Psychological Warfare & Military Media Relations,2014,3.0,29.0206
290206,Information & Psychological Warfare & Military Media Relations,2015,31.0,29.0206
290206,Information & Psychological Warfare & Military Media Relations,2016,27.0,29.0206
290206,Information & Psychological Warfare & Military Media Relations,2017,22.0,29.0206
290206,Information & Psychological Warfare & Military Media Relations,2018,28.0,29.0206
290206,Information & Psychological Warfare & Military Media Relations,2019,29.0,29.0206
290206,Information & Psychological Warfare & Military Media Relations,2020,40.0,29.0206
290206,Information & Psychological Warfare & Military Media Relations,2021,21.0,29.0206
290206,Information & Psychological Warfare & Military Media Relations,2022,21.0,29.0206
290206,Information & Psychological Warfare & Military Media Relations,2023,28.0,29.0206
290206,Information & Psychological Warfare & Military Media Relations,2024,9.0,29.0206
290207,Electronic Operations & Warfare,2014,9.0,29.0207
290207,Electronic Operations & Warfare,2015,13.0,29.0207
290207,Electronic Operations & Warfare,2016,83.0,29.0207
290207,Electronic Operations & Warfare,2017,163.0,29.0207
290207,Electronic Operations & Warfare,2018,241.0,29.0207
290207,Electronic Operations & Warfare,2019,363.0,29.0207
290207,Electronic Operations & Warfare,2020,416.0,29.0207
290207,Electronic Operations & Warfare,2021,351.0,29.0207
290207,Electronic Operations & Warfare,2022,314.0,29.0207
290207,Electronic Operations & Warfare,2023,321.0,29.0207
290207,Electronic Operations & Warfare,2024,424.0,29.0207
290299,"Other Intelligence, Command Control, & Information Operations",2012,1.0,29.0299
290299,"Other Intelligence, Command Control, & Information Operations",2013,6.0,29.0299
290299,"Other Intelligence, Command Control, & Information Operations",2014,4.0,29.0299
290299,"Other Intelligence, Command Control, & Information Operations",2015,0.0,29.0299
290301,Combat Systems Engineering,2012,28.0,29.0301
290301,Combat Systems Engineering,2013,9.0,29.0301
290301,Combat Systems Engineering,2014,4.0,29.0301
290301,Combat Systems Engineering,2015,3.0,29.0301
290301,Combat Systems Engineering,2016,1.0,29.0301
290301,Combat Systems Engineering,2017,1.0,29.0301
290301,Combat Systems Engineering,2018,1.0,29.0301
290301,Combat Systems Engineering,2019,0.0,29.0301
290301,Combat Systems Engineering,2020,8.0,29.0301
290301,Combat Systems Engineering,2021,17.0,29.0301
290301,Combat Systems Engineering,2022,32.0,29.0301
290301,Combat Systems Engineering,2023,42.0,29.0301
290301,Combat Systems Engineering,2024,13.0,29.0301
290303,Engineering Acoustics,2012,3.0,29.0303
290303,Engineering Acoustics,2015,19.0,29.0303
290303,Engineering Acoustics,2016,1.0,29.0303
290303,Engineering Acoustics,2017,2.0,29.0303
290303,Engineering Acoustics,2018,4.0,29.0303
290303,Engineering Acoustics,2019,2.0,29.0303
290303,Engineering Acoustics,2020,7.0,29.0303
290303,Engineering Acoustics,2021,1.0,29.0303
290303,Engineering Acoustics,2022,12.0,29.0303
290303,Engineering Acoustics,2023,1.0,29.0303
290303,Engineering Acoustics,2024,8.0,29.0303
290305,Space Systems Operations,2012,0.0,29.0305
290305,Space Systems Operations,2019,24.0,29.0305
290305,Space Systems Operations,2020,34.0,29.0305
290305,Space Systems Operations,2021,64.0,29.0305
290305,Space Systems Operations,2022,40.0,29.0305
290305,Space Systems Operations,2023,61.0,29.0305
290305,Space Systems Operations,2024,93.0,29.0305
290306,Operational Oceanography,2021,1.0,29.0306
290306,Operational Oceanography,2022,0.0,29.0306
290306,Operational Oceanography,2023,0.0,29.0306
290306,Operational Oceanography,2024,0.0,29.0306
290307,Undersea Warfare,2015,12.0,29.0307
290307,Undersea Warfare,2016,10.0,29.0307
290307,Undersea Warfare,2017,15.0,29.0307
290307,Undersea Warfare,2018,10.0,29.0307
290307,Undersea Warfare,2019,11.0,29.0307
290307,Undersea Warfare,2020,0.0,29.0307
290307,Undersea Warfare,2021,15.0,29.0307
290307,Undersea Warfare,2022,10.0,29.0307
290307,Undersea Warfare,2023,12.0,29.0307
290307,Undersea Warfare,2024,15.0,29.0307
290399,Other Military Applied Sciences,2012,2.0,29.0399
290399,Other Military Applied Sciences,2013,2.0,29.0399
290402,Air & Space Operations Technology,2022,0.0,29.0402
290402,Air & Space Operations Technology,2023,0.0,29.0402
290402,Air & Space Operations Technology,2024,0.0,29.0402
290405,"Joint Command & Task Force (C3, C4I) Systems",2012,12.0,29.0405
290405,"Joint Command & Task Force (C3, C4I) Systems",2013,8.0,29.0405
290405,"Joint Command & Task Force (C3, C4I) Systems",2014,2.0,29.0405
290405,"Joint Command & Task Force (C3, C4I) Systems",2015,5.0,29.0405
290405,"Joint Command & Task Force (C3, C4I) Systems",2016,3.0,29.0405
290405,"Joint Command & Task Force (C3, C4I) Systems",2017,1.0,29.0405
290405,"Joint Command & Task Force (C3, C4I) Systems",2018,4.0,29.0405
290405,"Joint Command & Task Force (C3, C4I) Systems",2019,2.0,29.0405
290405,"Joint Command & Task Force (C3, C4I) Systems",2020,5.0,29.0405
290405,"Joint Command & Task Force (C3, C4I) Systems",2021,3.0,29.0405
290405,"Joint Command & Task Force (C3, C4I) Systems",2022,1.0,29.0405
290405,"Joint Command & Task Force (C3, C4I) Systems",2023,0.0,29.0405
290405,"Joint Command & Task Force (C3, C4I) Systems",2024,0.0,29.0405
299999,Other Military Technologies & Applied Sciences,2012,62.0,29.9999
299999,Other Military Technologies & Applied Sciences,2015,1.0,29.9999
299999,Other Military Technologies & Applied Sciences,2016,1.0,29.9999
299999,Other Military Technologies & Applied Sciences,2017,20.0,29.9999
299999,Other Military Technologies & Applied Sciences,2018,30.0,29.9999
299999,Other Military Technologies & Applied Sciences,2019,24.0,29.9999
299999,Other Military Technologies & Applied Sciences,2020,43.0,29.9999
299999,Other Military Technologies & Applied Sciences,2021,4.0,29.9999
299999,Other Military Technologies & Applied Sciences,2022,9.0,29.9999
299999,Other Military Technologies & Applied Sciences,2023,16.0,29.9999
299999,Other Military Technologies & Applied Sciences,2024,22.0,29.9999
300000,General Interdisciplinary Studies,2012,31.0,30.0
300000,General Interdisciplinary Studies,2013,27.0,30.0
300000,General Interdisciplinary Studies,2014,76.0,30.0
300000,General Interdisciplinary Studies,2015,90.0,30.0
300000,General Interdisciplinary Studies,2016,110.0,30.0
300000,General Interdisciplinary Studies,2017,134.0,30.0
300000,General Interdisciplinary Studies,2018,141.0,30.0
300000,General Interdisciplinary Studies,2019,176.0,30.0
300000,General Interdisciplinary Studies,2020,223.0,30.0
300000,General Interdisciplinary Studies,2021,308.0,30.0
300000,General Interdisciplinary Studies,2022,411.0,30.0
300000,General Interdisciplinary Studies,2023,351.0,30.0
300000,General Interdisciplinary Studies,2024,412.0,30.0
300101,Biological & Physical Sciences,2012,371.0,30.0101
300101,Biological & Physical Sciences,2013,410.0,30.0101
300101,Biological & Physical Sciences,2014,428.0,30.0101
300101,Biological & Physical Sciences,2015,420.0,30.0101
300101,Biological & Physical Sciences,2016,543.0,30.0101
300101,Biological & Physical Sciences,2017,518.0,30.0101
300101,Biological & Physical Sciences,2018,450.0,30.0101
300101,Biological & Physical Sciences,2019,466.0,30.0101
300101,Biological & Physical Sciences,2020,487.0,30.0101
300101,Biological & Physical Sciences,2021,496.0,30.0101
300101,Biological & Physical Sciences,2022,536.0,30.0101
300101,Biological & Physical Sciences,2023,551.0,30.0101
300101,Biological & Physical Sciences,2024,546.0,30.0101
300501,Peace Studies & Conflict Resolution,2012,593.0,30.0501
300501,Peace Studies & Conflict Resolution,2013,620.0,30.0501
300501,Peace Studies & Conflict Resolution,2014,551.0,30.0501
300501,Peace Studies & Conflict Resolution,2015,584.0,30.0501
300501,Peace Studies & Conflict Resolution,2016,611.0,30.0501
300501,Peace Studies & Conflict Resolution,2017,607.0,30.0501
300501,Peace Studies & Conflict Resolution,2018,471.0,30.0501
300501,Peace Studies & Conflict Resolution,2019,521.0,30.0501
300501,Peace Studies & Conflict Resolution,2020,456.0,30.0501
300501,Peace Studies & Conflict Resolution,2021,449.0,30.0501
300501,Peace Studies & Conflict Resolution,2022,338.0,30.0501
300501,Peace Studies & Conflict Resolution,2023,398.0,30.0501
300501,Peace Studies & Conflict Resolution,2024,374.0,30.0501
300601,Systems Science & Theory,2012,209.0,30.0601
300601,Systems Science & Theory,2013,261.0,30.0601
300601,Systems Science & Theory,2014,221.0,30.0601
300601,Systems Science & Theory,2015,210.0,30.0601
300601,Systems Science & Theory,2016,239.0,30.0601
300601,Systems Science & Theory,2017,228.0,30.0601
300601,Systems Science & Theory,2018,244.0,30.0601
300601,Systems Science & Theory,2019,350.0,30.0601
300601,Systems Science & Theory,2020,331.0,30.0601
300601,Systems Science & Theory,2021,342.0,30.0601
300601,Systems Science & Theory,2022,423.0,30.0601
300601,Systems Science & Theory,2023,471.0,30.0601
300601,Systems Science & Theory,2024,423.0,30.0601
300801,Mathematics & Computer Science,2012,45.0,30.0801
300801,Mathematics & Computer Science,2013,31.0,30.0801
300801,Mathematics & Computer Science,2014,26.0,30.0801
300801,Mathematics & Computer Science,2015,27.0,30.0801
300801,Mathematics & Computer Science,2016,68.0,30.0801
300801,Mathematics & Computer Science,2017,93.0,30.0801
300801,Mathematics & Computer Science,2018,118.0,30.0801
300801,Mathematics & Computer Science,2019,165.0,30.0801
300801,Mathematics & Computer Science,2020,167.0,30.0801
300801,Mathematics & Computer Science,2021,256.0,30.0801
300801,Mathematics & Computer Science,2022,140.0,30.0801
300801,Mathematics & Computer Science,2023,266.0,30.0801
300801,Mathematics & Computer Science,2024,375.0,30.0801
301001,Biopsychology,2012,4.0,30.1001
301001,Biopsychology,2013,2.0,30.1001
301001,Biopsychology,2014,8.0,30.1001
301001,Biopsychology,2015,3.0,30.1001
301001,Biopsychology,2016,2.0,30.1001
301001,Biopsychology,2017,4.0,30.1001
301001,Biopsychology,2018,3.0,30.1001
301001,Biopsychology,2019,0.0,30.1001
301001,Biopsychology,2020,0.0,30.1001
301001,Biopsychology,2021,0.0,30.1001
301001,Biopsychology,2022,0.0,30.1001
301001,Biopsychology,2023,0.0,30.1001
301001,Biopsychology,2024,0.0,30.1001
301101,Gerontology,2012,384.0,30.1101
301101,Gerontology,2013,444.0,30.1101
301101,Gerontology,2014,468.0,30.1101
301101,Gerontology,2015,457.0,30.1101
301101,Gerontology,2016,441.0,30.1101
301101,Gerontology,2017,449.0,30.1101
301101,Gerontology,2018,494.0,30.1101
301101,Gerontology,2019,416.0,30.1101
301101,Gerontology,2020,383.0,30.1101
301101,Gerontology,2021,393.0,30.1101
301101,Gerontology,2022,402.0,30.1101
301101,Gerontology,2023,336.0,30.1101
301101,Gerontology,2024,266.0,30.1101
301201,Historic Preservation & Conservation,2012,216.0,30.1201
301201,Historic Preservation & Conservation,2013,221.0,30.1201
301201,Historic Preservation & Conservation,2014,225.0,30.1201
301201,Historic Preservation & Conservation,2015,170.0,30.1201
301201,Historic Preservation & Conservation,2016,192.0,30.1201
301201,Historic Preservation & Conservation,2017,192.0,30.1201
301201,Historic Preservation & Conservation,2018,200.0,30.1201
301201,Historic Preservation & Conservation,2019,184.0,30.1201
301201,Historic Preservation & Conservation,2020,142.0,30.1201
301201,Historic Preservation & Conservation,2021,133.0,30.1201
301201,Historic Preservation & Conservation,2022,140.0,30.1201
301201,Historic Preservation & Conservation,2023,155.0,30.1201
301201,Historic Preservation & Conservation,2024,173.0,30.1201
301202,Cultural Resource Management & Policy Analysis,2012,29.0,30.1202
301202,Cultural Resource Management & Policy Analysis,2013,29.0,30.1202
301202,Cultural Resource Management & Policy Analysis,2014,26.0,30.1202
301202,Cultural Resource Management & Policy Analysis,2015,26.0,30.1202
301202,Cultural Resource Management & Policy Analysis,2016,29.0,30.1202
301202,Cultural Resource Management & Policy Analysis,2017,41.0,30.1202
301202,Cultural Resource Management & Policy Analysis,2018,37.0,30.1202
301202,Cultural Resource Management & Policy Analysis,2019,30.0,30.1202
301202,Cultural Resource Management & Policy Analysis,2020,37.0,30.1202
301202,Cultural Resource Management & Policy Analysis,2021,43.0,30.1202
301202,Cultural Resource Management & Policy Analysis,2022,52.0,30.1202
301202,Cultural Resource Management & Policy Analysis,2023,42.0,30.1202
301202,Cultural Resource Management & Policy Analysis,2024,47.0,30.1202
301299,Other Historic Preservation & Conservation,2014,6.0,30.1299
301299,Other Historic Preservation & Conservation,2015,5.0,30.1299
301299,Other Historic Preservation & Conservation,2016,9.0,30.1299
301299,Other Historic Preservation & Conservation,2017,10.0,30.1299
301299,Other Historic Preservation & Conservation,2018,12.0,30.1299
301299,Other Historic Preservation & Conservation,2019,12.0,30.1299
301299,Other Historic Preservation & Conservation,2020,24.0,30.1299
301299,Other Historic Preservation & Conservation,2021,23.0,30.1299
301299,Other Historic Preservation & Conservation,2022,20.0,30.1299
301299,Other Historic Preservation & Conservation,2023,9.0,30.1299
301299,Other Historic Preservation & Conservation,2024,7.0,30.1299
301301,Medieval & Renaissance Studies,2012,16.0,30.1301
301301,Medieval & Renaissance Studies,2013,20.0,30.1301
301301,Medieval & Renaissance Studies,2014,25.0,30.1301
301301,Medieval & Renaissance Studies,2015,10.0,30.1301
301301,Medieval & Renaissance Studies,2016,18.0,30.1301
301301,Medieval & Renaissance Studies,2017,21.0,30.1301
301301,Medieval & Renaissance Studies,2018,27.0,30.1301
301301,Medieval & Renaissance Studies,2019,27.0,30.1301
301301,Medieval & Renaissance Studies,2020,23.0,30.1301
301301,Medieval & Renaissance Studies,2021,20.0,30.1301
301301,Medieval & Renaissance Studies,2022,27.0,30.1301
301301,Medieval & Renaissance Studies,2023,19.0,30.1301
301301,Medieval & Renaissance Studies,2024,15.0,30.1301
301401,Museum Studies,2012,442.0,30.1401
301401,Museum Studies,2013,444.0,30.1401
301401,Museum Studies,2014,526.0,30.1401
301401,Museum Studies,2015,534.0,30.1401
301401,Museum Studies,2016,495.0,30.1401
301401,Museum Studies,2017,526.0,30.1401
301401,Museum Studies,2018,579.0,30.1401
301401,Museum Studies,2019,587.0,30.1401
301401,Museum Studies,2020,549.0,30.1401
301401,Museum Studies,2021,490.0,30.1401
301401,Museum Studies,2022,536.0,30.1401
301401,Museum Studies,2023,562.0,30.1401
301401,Museum Studies,2024,506.0,30.1401
301501,"Science, Technology, & Society",2012,132.0,30.1501
301501,"Science, Technology, & Society",2013,143.0,30.1501
301501,"Science, Technology, & Society",2014,124.0,30.1501
301501,"Science, Technology, & Society",2015,131.0,30.1501
301501,"Science, Technology, & Society",2016,113.0,30.1501
301501,"Science, Technology, & Society",2017,147.0,30.1501
301501,"Science, Technology, & Society",2018,132.0,30.1501
301501,"Science, Technology, & Society",2019,143.0,30.1501
301501,"Science, Technology, & Society",2020,144.0,30.1501
301501,"Science, Technology, & Society",2021,136.0,30.1501
301501,"Science, Technology, & Society",2022,70.0,30.1501
301501,"Science, Technology, & Society",2023,102.0,30.1501
301501,"Science, Technology, & Society",2024,82.0,30.1501
301601,Accounting & Computer Science,2012,12.0,30.1601
301601,Accounting & Computer Science,2013,13.0,30.1601
301601,Accounting & Computer Science,2014,4.0,30.1601
301601,Accounting & Computer Science,2015,8.0,30.1601
301601,Accounting & Computer Science,2016,5.0,30.1601
301601,Accounting & Computer Science,2017,5.0,30.1601
301601,Accounting & Computer Science,2018,5.0,30.1601
301601,Accounting & Computer Science,2019,10.0,30.1601
301601,Accounting & Computer Science,2020,6.0,30.1601
301601,Accounting & Computer Science,2021,6.0,30.1601
301601,Accounting & Computer Science,2022,0.0,30.1601
301601,Accounting & Computer Science,2023,0.0,30.1601
301601,Accounting & Computer Science,2024,0.0,30.1601
301701,Behavioral Sciences,2012,82.0,30.1701
301701,Behavioral Sciences,2013,74.0,30.1701
301701,Behavioral Sciences,2014,52.0,30.1701
301701,Behavioral Sciences,2015,90.0,30.1701
301701,Behavioral Sciences,2016,99.0,30.1701
301701,Behavioral Sciences,2017,261.0,30.1701
301701,Behavioral Sciences,2018,327.0,30.1701
301701,Behavioral Sciences,2019,612.0,30.1701
301701,Behavioral Sciences,2020,853.0,30.1701
301701,Behavioral Sciences,2021,1148.0,30.1701
301701,Behavioral Sciences,2022,1268.0,30.1701
301701,Behavioral Sciences,2023,1629.0,30.1701
301701,Behavioral Sciences,2024,1862.0,30.1701
301801,Natural Sciences,2012,141.0,30.1801
301801,Natural Sciences,2013,124.0,30.1801
301801,Natural Sciences,2014,97.0,30.1801
301801,Natural Sciences,2015,88.0,30.1801
301801,Natural Sciences,2016,72.0,30.1801
301801,Natural Sciences,2017,81.0,30.1801
301801,Natural Sciences,2018,58.0,30.1801
301801,Natural Sciences,2019,80.0,30.1801
301801,Natural Sciences,2020,50.0,30.1801
301801,Natural Sciences,2021,58.0,30.1801
301801,Natural Sciences,2022,58.0,30.1801
301801,Natural Sciences,2023,67.0,30.1801
301801,Natural Sciences,2024,69.0,30.1801
301901,Nutrition Sciences,2012,657.0,30.1901
301901,Nutrition Sciences,2013,640.0,30.1901
301901,Nutrition Sciences,2014,735.0,30.1901
301901,Nutrition Sciences,2015,782.0,30.1901
301901,Nutrition Sciences,2016,849.0,30.1901
301901,Nutrition Sciences,2017,1026.0,30.1901
301901,Nutrition Sciences,2018,1237.0,30.1901
301901,Nutrition Sciences,2019,1182.0,30.1901
301901,Nutrition Sciences,2020,1253.0,30.1901
301901,Nutrition Sciences,2021,1196.0,30.1901
301901,Nutrition Sciences,2022,1380.0,30.1901
301901,Nutrition Sciences,2023,1636.0,30.1901
301901,Nutrition Sciences,2024,1727.0,30.1901
302001,International & Global Studies,2012,1171.0,30.2001
302001,International & Global Studies,2013,1254.0,30.2001
302001,International & Global Studies,2014,1201.0,30.2001
302001,International & Global Studies,2015,1090.0,30.2001
302001,International & Global Studies,2016,1116.0,30.2001
302001,International & Global Studies,2017,1069.0,30.2001
302001,International & Global Studies,2018,1141.0,30.2001
302001,International & Global Studies,2019,1084.0,30.2001
302001,International & Global Studies,2020,883.0,30.2001
302001,International & Global Studies,2021,834.0,30.2001
302001,International & Global Studies,2022,854.0,30.2001
302001,International & Global Studies,2023,938.0,30.2001
302001,International & Global Studies,2024,827.0,30.2001
302101,Holocaust & Related Studies,2012,6.0,30.2101
302101,Holocaust & Related Studies,2013,17.0,30.2101
302101,Holocaust & Related Studies,2014,15.0,30.2101
302101,Holocaust & Related Studies,2015,13.0,30.2101
302101,Holocaust & Related Studies,2016,29.0,30.2101
302101,Holocaust & Related Studies,2017,27.0,30.2101
302101,Holocaust & Related Studies,2018,34.0,30.2101
302101,Holocaust & Related Studies,2019,17.0,30.2101
302101,Holocaust & Related Studies,2020,30.0,30.2101
302101,Holocaust & Related Studies,2021,24.0,30.2101
302101,Holocaust & Related Studies,2022,12.0,30.2101
302101,Holocaust & Related Studies,2023,30.0,30.2101
302101,Holocaust & Related Studies,2024,21.0,30.2101
302201,Ancient Civilization Studies,2012,2.0,30.2201
302201,Ancient Civilization Studies,2013,2.0,30.2201
302201,Ancient Civilization Studies,2014,6.0,30.2201
302201,Ancient Civilization Studies,2015,4.0,30.2201
302201,Ancient Civilization Studies,2016,8.0,30.2201
302201,Ancient Civilization Studies,2017,8.0,30.2201
302201,Ancient Civilization Studies,2018,5.0,30.2201
302201,Ancient Civilization Studies,2019,8.0,30.2201
302201,Ancient Civilization Studies,2020,6.0,30.2201
302201,Ancient Civilization Studies,2021,9.0,30.2201
302201,Ancient Civilization Studies,2022,10.0,30.2201
302201,Ancient Civilization Studies,2023,14.0,30.2201
302201,Ancient Civilization Studies,2024,9.0,30.2201
302202,"Classical, Ancient Mediterranean, & Near Eastern Studies & Archeology",2012,3.0,30.2202
302202,"Classical, Ancient Mediterranean, & Near Eastern Studies & Archeology",2013,3.0,30.2202
302202,"Classical, Ancient Mediterranean, & Near Eastern Studies & Archeology",2014,4.0,30.2202
302202,"Classical, Ancient Mediterranean, & Near Eastern Studies & Archeology",2015,1.0,30.2202
302202,"Classical, Ancient Mediterranean, & Near Eastern Studies & Archeology",2016,6.0,30.2202
302202,"Classical, Ancient Mediterranean, & Near Eastern Studies & Archeology",2017,7.0,30.2202
302202,"Classical, Ancient Mediterranean, & Near Eastern Studies & Archeology",2018,4.0,30.2202
302202,"Classical, Ancient Mediterranean, & Near Eastern Studies & Archeology",2019,4.0,30.2202
302202,"Classical, Ancient Mediterranean, & Near Eastern Studies & Archeology",2020,5.0,30.2202
302202,"Classical, Ancient Mediterranean, & Near Eastern Studies & Archeology",2021,2.0,30.2202
302202,"Classical, Ancient Mediterranean, & Near Eastern Studies & Archeology",2022,5.0,30.2202
302202,"Classical, Ancient Mediterranean, & Near Eastern Studies & Archeology",2023,7.0,30.2202
302202,"Classical, Ancient Mediterranean, & Near Eastern Studies & Archeology",2024,3.0,30.2202
302301,"Intercultural, Multicultural, & Diversity Studies",2012,86.0,30.2301
302301,"Intercultural, Multicultural, & Diversity Studies",2013,134.0,30.2301
302301,"Intercultural, Multicultural, & Diversity Studies",2014,137.0,30.2301
302301,"Intercultural, Multicultural, & Diversity Studies",2015,142.0,30.2301
302301,"Intercultural, Multicultural, & Diversity Studies",2016,139.0,30.2301
302301,"Intercultural, Multicultural, & Diversity Studies",2017,96.0,30.2301
302301,"Intercultural, Multicultural, & Diversity Studies",2018,117.0,30.2301
302301,"Intercultural, Multicultural, & Diversity Studies",2019,87.0,30.2301
302301,"Intercultural, Multicultural, & Diversity Studies",2020,126.0,30.2301
302301,"Intercultural, Multicultural, & Diversity Studies",2021,106.0,30.2301
302301,"Intercultural, Multicultural, & Diversity Studies",2022,95.0,30.2301
302301,"Intercultural, Multicultural, & Diversity Studies",2023,118.0,30.2301
302301,"Intercultural, Multicultural, & Diversity Studies",2024,133.0,30.2301
302501,Cognitive Science,2012,82.0,30.2501
302501,Cognitive Science,2013,56.0,30.2501
302501,Cognitive Science,2014,72.0,30.2501
302501,Cognitive Science,2015,83.0,30.2501
302501,Cognitive Science,2016,101.0,30.2501
302501,Cognitive Science,2017,105.0,30.2501
302501,Cognitive Science,2018,110.0,30.2501
302501,Cognitive Science,2019,92.0,30.2501
302501,Cognitive Science,2020,105.0,30.2501
302501,Cognitive Science,2021,59.0,30.2501
302501,Cognitive Science,2022,35.0,30.2501
302501,Cognitive Science,2023,66.0,30.2501
302501,Cognitive Science,2024,82.0,30.2501
302601,"Cultural Studies, Critical Theory, & Analysis",2012,3.0,30.2601
302601,"Cultural Studies, Critical Theory, & Analysis",2013,31.0,30.2601
302601,"Cultural Studies, Critical Theory, & Analysis",2014,37.0,30.2601
302601,"Cultural Studies, Critical Theory, & Analysis",2015,46.0,30.2601
302601,"Cultural Studies, Critical Theory, & Analysis",2016,45.0,30.2601
302601,"Cultural Studies, Critical Theory, & Analysis",2017,53.0,30.2601
302601,"Cultural Studies, Critical Theory, & Analysis",2018,46.0,30.2601
302601,"Cultural Studies, Critical Theory, & Analysis",2019,27.0,30.2601
302601,"Cultural Studies, Critical Theory, & Analysis",2020,38.0,30.2601
302601,"Cultural Studies, Critical Theory, & Analysis",2021,53.0,30.2601
302601,"Cultural Studies, Critical Theory, & Analysis",2022,36.0,30.2601
302601,"Cultural Studies, Critical Theory, & Analysis",2023,59.0,30.2601
302601,"Cultural Studies, Critical Theory, & Analysis",2024,42.0,30.2601
302701,Human Biology,2019,1.0,30.2701
302701,Human Biology,2020,1.0,30.2701
302701,Human Biology,2021,7.0,30.2701
302701,Human Biology,2022,30.0,30.2701
302701,Human Biology,2023,36.0,30.2701
302701,Human Biology,2024,40.0,30.2701
302801,Dispute Resolution,2012,219.0,30.2801
302801,Dispute Resolution,2013,266.0,30.2801
302801,Dispute Resolution,2014,288.0,30.2801
302801,Dispute Resolution,2015,297.0,30.2801
302801,Dispute Resolution,2016,288.0,30.2801
302801,Dispute Resolution,2017,312.0,30.2801
302801,Dispute Resolution,2018,311.0,30.2801
302801,Dispute Resolution,2019,326.0,30.2801
302801,Dispute Resolution,2020,293.0,30.2801
302801,Dispute Resolution,2021,292.0,30.2801
302801,Dispute Resolution,2022,293.0,30.2801
302801,Dispute Resolution,2023,313.0,30.2801
302801,Dispute Resolution,2024,232.0,30.2801
302901,Maritime Studies,2017,1.0,30.2901
302901,Maritime Studies,2018,5.0,30.2901
302901,Maritime Studies,2019,20.0,30.2901
302901,Maritime Studies,2020,17.0,30.2901
302901,Maritime Studies,2021,9.0,30.2901
302901,Maritime Studies,2022,22.0,30.2901
302901,Maritime Studies,2023,12.0,30.2901
302901,Maritime Studies,2024,22.0,30.2901
303001,Computational Science,2012,26.0,30.3001
303001,Computational Science,2013,24.0,30.3001
303001,Computational Science,2014,56.0,30.3001
303001,Computational Science,2015,84.0,30.3001
303001,Computational Science,2016,168.0,30.3001
303001,Computational Science,2017,311.0,30.3001
303001,Computational Science,2018,511.0,30.3001
303001,Computational Science,2019,682.0,30.3001
303001,Computational Science,2020,832.0,30.3001
303001,Computational Science,2021,953.0,30.3001
303001,Computational Science,2022,869.0,30.3001
303001,Computational Science,2023,1477.0,30.3001
303001,Computational Science,2024,1682.0,30.3001
303101,Human Computer Interaction,2012,63.0,30.3101
303101,Human Computer Interaction,2013,137.0,30.3101
303101,Human Computer Interaction,2014,136.0,30.3101
303101,Human Computer Interaction,2015,195.0,30.3101
303101,Human Computer Interaction,2016,221.0,30.3101
303101,Human Computer Interaction,2017,381.0,30.3101
303101,Human Computer Interaction,2018,405.0,30.3101
303101,Human Computer Interaction,2019,505.0,30.3101
303101,Human Computer Interaction,2020,620.0,30.3101
303101,Human Computer Interaction,2021,748.0,30.3101
303101,Human Computer Interaction,2022,713.0,30.3101
303101,Human Computer Interaction,2023,1048.0,30.3101
303101,Human Computer Interaction,2024,1261.0,30.3101
303201,Maritime Sciences,2012,38.0,30.3201
303201,Maritime Sciences,2013,39.0,30.3201
303201,Maritime Sciences,2014,51.0,30.3201
303201,Maritime Sciences,2015,61.0,30.3201
303201,Maritime Sciences,2016,61.0,30.3201
303201,Maritime Sciences,2017,62.0,30.3201
303201,Maritime Sciences,2018,79.0,30.3201
303201,Maritime Sciences,2019,73.0,30.3201
303201,Maritime Sciences,2020,93.0,30.3201
303201,Maritime Sciences,2021,68.0,30.3201
303201,Maritime Sciences,2022,81.0,30.3201
303201,Maritime Sciences,2023,89.0,30.3201
303201,Maritime Sciences,2024,98.0,30.3201
303301,Sustainability Studies,2012,197.0,30.3301
303301,Sustainability Studies,2013,276.0,30.3301
303301,Sustainability Studies,2014,327.0,30.3301
303301,Sustainability Studies,2015,397.0,30.3301
303301,Sustainability Studies,2016,395.0,30.3301
303301,Sustainability Studies,2017,594.0,30.3301
303301,Sustainability Studies,2018,816.0,30.3301
303301,Sustainability Studies,2019,1014.0,30.3301
303301,Sustainability Studies,2020,1087.0,30.3301
303301,Sustainability Studies,2021,1227.0,30.3301
303301,Sustainability Studies,2022,1435.0,30.3301
303301,Sustainability Studies,2023,1914.0,30.3301
303301,Sustainability Studies,2024,1850.0,30.3301
303401,Anthrozoology,2021,0.0,30.3401
303401,Anthrozoology,2022,10.0,30.3401
303401,Anthrozoology,2023,12.0,30.3401
303401,Anthrozoology,2024,23.0,30.3401
303501,Climate Science,2022,40.0,30.3501
303501,Climate Science,2023,106.0,30.3501
303501,Climate Science,2024,91.0,30.3501
303801,Earth Systems Science,2020,6.0,30.3801
303801,Earth Systems Science,2021,4.0,30.3801
303801,Earth Systems Science,2023,0.0,30.3801
303801,Earth Systems Science,2024,8.0,30.3801
303901,Economics And Computer Science,2023,30.0,30.3901
303901,Economics And Computer Science,2024,42.0,30.3901
304101,Environmental Geosciences,2020,0.0,30.4101
304101,Environmental Geosciences,2021,6.0,30.4101
304101,Environmental Geosciences,2022,5.0,30.4101
304101,Environmental Geosciences,2023,5.0,30.4101
304101,Environmental Geosciences,2024,3.0,30.4101
304401,Geography And Environmental Studies,2022,24.0,30.4401
304401,Geography And Environmental Studies,2023,126.0,30.4401
304401,Geography And Environmental Studies,2024,186.0,30.4401
304601,History And Political Science,2021,4.0,30.4601
304601,History And Political Science,2022,5.0,30.4601
304601,History And Political Science,2023,8.0,30.4601
304601,History And Political Science,2024,5.0,30.4601
304801,Linguistics And Computer Science,2020,6.0,30.4801
304801,Linguistics And Computer Science,2021,6.0,30.4801
304801,Linguistics And Computer Science,2022,3.0,30.4801
304801,Linguistics And Computer Science,2023,4.0,30.4801
304801,Linguistics And Computer Science,2024,7.0,30.4801
304901,Mathematical Economics,2023,4.0,30.4901
304901,Mathematical Economics,2024,8.0,30.4901
305202,Digital Humanities,2024,2.0,30.5202
305301,Thanatology,2020,0.0,30.5301
305301,Thanatology,2022,0.0,30.5301
305301,Thanatology,2023,0.0,30.5301
305301,Thanatology,2024,1.0,30.5301
307001,"Data Science, General",2020,160.0,30.7001
307001,"Data Science, General",2021,271.0,30.7001
307001,"Data Science, General",2022,1183.0,30.7001
307001,"Data Science, General",2023,2325.0,30.7001
307001,"Data Science, General",2024,4322.0,30.7001
307099,"Data Science, Other",2022,25.0,30.7099
307099,"Data Science, Other",2023,1.0,30.7099
307099,"Data Science, Other",2024,6.0,30.7099
307101,"Data Analytics, General",2020,88.0,30.7101
307101,"Data Analytics, General",2021,223.0,30.7101
307101,"Data Analytics, General",2022,362.0,30.7101
307101,"Data Analytics, General",2023,691.0,30.7101
307101,"Data Analytics, General",2024,931.0,30.7101
307102,Business Analytics,2020,258.0,30.7102
307102,Business Analytics,2021,306.0,30.7102
307102,Business Analytics,2022,1220.0,30.7102
307102,Business Analytics,2023,3488.0,30.7102
307102,Business Analytics,2024,6456.0,30.7102
307103,Data Visualization,2023,10.0,30.7103
307103,Data Visualization,2024,17.0,30.7103
307104,Financial Analytics,2022,89.0,30.7104
307104,Financial Analytics,2023,416.0,30.7104
307104,Financial Analytics,2024,965.0,30.7104
307199,"Data Analytics, Other",2020,0.0,30.7199
307199,"Data Analytics, Other",2021,1.0,30.7199
307199,"Data Analytics, Other",2022,10.0,30.7199
307199,"Data Analytics, Other",2023,4.0,30.7199
307199,"Data Analytics, Other",2024,70.0,30.7199
309999,Other Multidisciplinary Studies,2012,2553.0,30.9999
309999,Other Multidisciplinary Studies,2013,2237.0,30.9999
309999,Other Multidisciplinary Studies,2014,2264.0,30.9999
309999,Other Multidisciplinary Studies,2015,2148.0,30.9999
309999,Other Multidisciplinary Studies,2016,2122.0,30.9999
309999,Other Multidisciplinary Studies,2017,1927.0,30.9999
309999,Other Multidisciplinary Studies,2018,2162.0,30.9999
309999,Other Multidisciplinary Studies,2019,1894.0,30.9999
309999,Other Multidisciplinary Studies,2020,1835.0,30.9999
309999,Other Multidisciplinary Studies,2021,1716.0,30.9999
309999,Other Multidisciplinary Studies,2022,1886.0,30.9999
309999,Other Multidisciplinary Studies,2023,1860.0,30.9999
309999,Other Multidisciplinary Studies,2024,2025.0,30.9999
310101,"Parks, Recreation, & Leisure Studies",2012,302.0,31.0101
310101,"Parks, Recreation, & Leisure Studies",2013,236.0,31.0101
310101,"Parks, Recreation, & Leisure Studies",2014,236.0,31.0101
310101,"Parks, Recreation, & Leisure Studies",2015,180.0,31.0101
310101,"Parks, Recreation, & Leisure Studies",2016,162.0,31.0101
310101,"Parks, Recreation, & Leisure Studies",2017,188.0,31.0101
310101,"Parks, Recreation, & Leisure Studies",2018,173.0,31.0101
310101,"Parks, Recreation, & Leisure Studies",2019,167.0,31.0101
310101,"Parks, Recreation, & Leisure Studies",2020,158.0,31.0101
310101,"Parks, Recreation, & Leisure Studies",2021,198.0,31.0101
310101,"Parks, Recreation, & Leisure Studies",2022,196.0,31.0101
310101,"Parks, Recreation, & Leisure Studies",2023,174.0,31.0101
310101,"Parks, Recreation, & Leisure Studies",2024,164.0,31.0101
310301,"General Parks, Recreation, & Leisure Facilities Management",2012,427.0,31.0301
310301,"General Parks, Recreation, & Leisure Facilities Management",2013,432.0,31.0301
310301,"General Parks, Recreation, & Leisure Facilities Management",2014,415.0,31.0301
310301,"General Parks, Recreation, & Leisure Facilities Management",2015,383.0,31.0301
310301,"General Parks, Recreation, & Leisure Facilities Management",2016,439.0,31.0301
310301,"General Parks, Recreation, & Leisure Facilities Management",2017,405.0,31.0301
310301,"General Parks, Recreation, & Leisure Facilities Management",2018,411.0,31.0301
310301,"General Parks, Recreation, & Leisure Facilities Management",2019,331.0,31.0301
310301,"General Parks, Recreation, & Leisure Facilities Management",2020,384.0,31.0301
310301,"General Parks, Recreation, & Leisure Facilities Management",2021,396.0,31.0301
310301,"General Parks, Recreation, & Leisure Facilities Management",2022,344.0,31.0301
310301,"General Parks, Recreation, & Leisure Facilities Management",2023,360.0,31.0301
310301,"General Parks, Recreation, & Leisure Facilities Management",2024,283.0,31.0301
310302,Golf Course Operation & Grounds Management,2022,0.0,31.0302
310302,Golf Course Operation & Grounds Management,2023,0.0,31.0302
310302,Golf Course Operation & Grounds Management,2024,5.0,31.0302
310399,"Other Parks, Recreation, & Leisure Facilities Management",2012,0.0,31.0399
310399,"Other Parks, Recreation, & Leisure Facilities Management",2013,2.0,31.0399
310399,"Other Parks, Recreation, & Leisure Facilities Management",2014,0.0,31.0399
310501,General Health & Physical Education,2012,1174.0,31.0501
310501,General Health & Physical Education,2013,1064.0,31.0501
310501,General Health & Physical Education,2014,1117.0,31.0501
310501,General Health & Physical Education,2015,1055.0,31.0501
310501,General Health & Physical Education,2016,1140.0,31.0501
310501,General Health & Physical Education,2017,1244.0,31.0501
310501,General Health & Physical Education,2018,1191.0,31.0501
310501,General Health & Physical Education,2019,1106.0,31.0501
310501,General Health & Physical Education,2020,1086.0,31.0501
310501,General Health & Physical Education,2021,1003.0,31.0501
310501,General Health & Physical Education,2022,1021.0,31.0501
310501,General Health & Physical Education,2023,1102.0,31.0501
310501,General Health & Physical Education,2024,936.0,31.0501
310504,Sport & Fitness Management,2012,3014.0,31.0504
310504,Sport & Fitness Management,2013,3058.0,31.0504
310504,Sport & Fitness Management,2014,3483.0,31.0504
310504,Sport & Fitness Management,2015,3655.0,31.0504
310504,Sport & Fitness Management,2016,3882.0,31.0504
310504,Sport & Fitness Management,2017,4106.0,31.0504
310504,Sport & Fitness Management,2018,4390.0,31.0504
310504,Sport & Fitness Management,2019,4439.0,31.0504
310504,Sport & Fitness Management,2020,4431.0,31.0504
310504,Sport & Fitness Management,2021,4986.0,31.0504
310504,Sport & Fitness Management,2022,5252.0,31.0504
310504,Sport & Fitness Management,2023,4864.0,31.0504
310504,Sport & Fitness Management,2024,4581.0,31.0504
310505,Kinesiology & Exercise Science,2012,1956.0,31.0505
310505,Kinesiology & Exercise Science,2013,2174.0,31.0505
310505,Kinesiology & Exercise Science,2014,2171.0,31.0505
310505,Kinesiology & Exercise Science,2015,2207.0,31.0505
310505,Kinesiology & Exercise Science,2016,2479.0,31.0505
310505,Kinesiology & Exercise Science,2017,2485.0,31.0505
310505,Kinesiology & Exercise Science,2018,2591.0,31.0505
310505,Kinesiology & Exercise Science,2019,2599.0,31.0505
310505,Kinesiology & Exercise Science,2020,2727.0,31.0505
310505,Kinesiology & Exercise Science,2021,2913.0,31.0505
310505,Kinesiology & Exercise Science,2022,2900.0,31.0505
310505,Kinesiology & Exercise Science,2023,2880.0,31.0505
310505,Kinesiology & Exercise Science,2024,2684.0,31.0505
310507,Physical Fitness Technician,2017,12.0,31.0507
310507,Physical Fitness Technician,2018,15.0,31.0507
310507,Physical Fitness Technician,2019,9.0,31.0507
310507,Physical Fitness Technician,2020,17.0,31.0507
310507,Physical Fitness Technician,2021,2.0,31.0507
310507,Physical Fitness Technician,2022,18.0,31.0507
310507,Physical Fitness Technician,2023,10.0,31.0507
310507,Physical Fitness Technician,2024,16.0,31.0507
310508,Sports Studies,2012,78.0,31.0508
310508,Sports Studies,2013,102.0,31.0508
310508,Sports Studies,2014,105.0,31.0508
310508,Sports Studies,2015,115.0,31.0508
310508,Sports Studies,2016,113.0,31.0508
310508,Sports Studies,2017,105.0,31.0508
310508,Sports Studies,2018,114.0,31.0508
310508,Sports Studies,2019,107.0,31.0508
310508,Sports Studies,2020,145.0,31.0508
310508,Sports Studies,2021,180.0,31.0508
310508,Sports Studies,2022,165.0,31.0508
310508,Sports Studies,2023,186.0,31.0508
310508,Sports Studies,2024,172.0,31.0508
310599,Other Health & Physical Education,2012,39.0,31.0599
310599,Other Health & Physical Education,2013,43.0,31.0599
310599,Other Health & Physical Education,2014,48.0,31.0599
310599,Other Health & Physical Education,2015,49.0,31.0599
310599,Other Health & Physical Education,2016,62.0,31.0599
310599,Other Health & Physical Education,2017,86.0,31.0599
310599,Other Health & Physical Education,2018,153.0,31.0599
310599,Other Health & Physical Education,2019,163.0,31.0599
310599,Other Health & Physical Education,2020,161.0,31.0599
310599,Other Health & Physical Education,2021,158.0,31.0599
310599,Other Health & Physical Education,2022,142.0,31.0599
310599,Other Health & Physical Education,2023,150.0,31.0599
310599,Other Health & Physical Education,2024,62.0,31.0599
310601,Outdoor Education,2012,28.0,31.0601
310601,Outdoor Education,2013,31.0,31.0601
310601,Outdoor Education,2014,52.0,31.0601
310601,Outdoor Education,2015,43.0,31.0601
310601,Outdoor Education,2016,33.0,31.0601
310601,Outdoor Education,2017,47.0,31.0601
310601,Outdoor Education,2018,35.0,31.0601
310601,Outdoor Education,2019,39.0,31.0601
310601,Outdoor Education,2020,21.0,31.0601
310601,Outdoor Education,2021,28.0,31.0601
310601,Outdoor Education,2022,61.0,31.0601
310601,Outdoor Education,2023,65.0,31.0601
310601,Outdoor Education,2024,64.0,31.0601
319999,"Other Parks, Recreation, Leisure, & Fitness Studies",2012,8.0,31.9999
319999,"Other Parks, Recreation, Leisure, & Fitness Studies",2013,8.0,31.9999
319999,"Other Parks, Recreation, Leisure, & Fitness Studies",2014,14.0,31.9999
319999,"Other Parks, Recreation, Leisure, & Fitness Studies",2015,19.0,31.9999
319999,"Other Parks, Recreation, Leisure, & Fitness Studies",2016,17.0,31.9999
319999,"Other Parks, Recreation, Leisure, & Fitness Studies",2017,10.0,31.9999
319999,"Other Parks, Recreation, Leisure, & Fitness Studies",2018,18.0,31.9999
319999,"Other Parks, Recreation, Leisure, & Fitness Studies",2019,21.0,31.9999
319999,"Other Parks, Recreation, Leisure, & Fitness Studies",2020,25.0,31.9999
319999,"Other Parks, Recreation, Leisure, & Fitness Studies",2021,30.0,31.9999
319999,"Other Parks, Recreation, Leisure, & Fitness Studies",2022,40.0,31.9999
319999,"Other Parks, Recreation, Leisure, & Fitness Studies",2023,25.0,31.9999
319999,"Other Parks, Recreation, Leisure, & Fitness Studies",2024,6.0,31.9999
380001,General Philosophy & Religious Studies,2012,3.0,38.0001
380001,General Philosophy & Religious Studies,2013,11.0,38.0001
380001,General Philosophy & Religious Studies,2014,7.0,38.0001
380001,General Philosophy & Religious Studies,2015,3.0,38.0001
380001,General Philosophy & Religious Studies,2016,4.0,38.0001
380001,General Philosophy & Religious Studies,2017,4.0,38.0001
380001,General Philosophy & Religious Studies,2018,26.0,38.0001
380001,General Philosophy & Religious Studies,2019,9.0,38.0001
380001,General Philosophy & Religious Studies,2020,18.0,38.0001
380001,General Philosophy & Religious Studies,2021,15.0,38.0001
380001,General Philosophy & Religious Studies,2022,25.0,38.0001
380001,General Philosophy & Religious Studies,2023,20.0,38.0001
380001,General Philosophy & Religious Studies,2024,36.0,38.0001
380101,Philosophy,2012,812.0,38.0101
380101,Philosophy,2013,799.0,38.0101
380101,Philosophy,2014,870.0,38.0101
380101,Philosophy,2015,786.0,38.0101
380101,Philosophy,2016,767.0,38.0101
380101,Philosophy,2017,752.0,38.0101
380101,Philosophy,2018,714.0,38.0101
380101,Philosophy,2019,728.0,38.0101
380101,Philosophy,2020,675.0,38.0101
380101,Philosophy,2021,702.0,38.0101
380101,Philosophy,2022,683.0,38.0101
380101,Philosophy,2023,703.0,38.0101
380101,Philosophy,2024,722.0,38.0101
380102,Logic,2012,10.0,38.0102
380102,Logic,2013,3.0,38.0102
380102,Logic,2014,10.0,38.0102
380102,Logic,2015,8.0,38.0102
380102,Logic,2016,7.0,38.0102
380102,Logic,2017,9.0,38.0102
380102,Logic,2018,4.0,38.0102
380102,Logic,2019,7.0,38.0102
380102,Logic,2020,8.0,38.0102
380102,Logic,2021,7.0,38.0102
380102,Logic,2022,6.0,38.0102
380102,Logic,2023,7.0,38.0102
380102,Logic,2024,3.0,38.0102
380103,Ethics,2012,37.0,38.0103
380103,Ethics,2013,33.0,38.0103
380103,Ethics,2014,59.0,38.0103
380103,Ethics,2015,42.0,38.0103
380103,Ethics,2016,36.0,38.0103
380103,Ethics,2017,47.0,38.0103
380103,Ethics,2018,50.0,38.0103
380103,Ethics,2019,47.0,38.0103
380103,Ethics,2020,56.0,38.0103
380103,Ethics,2021,44.0,38.0103
380103,Ethics,2022,49.0,38.0103
380103,Ethics,2023,72.0,38.0103
380103,Ethics,2024,50.0,38.0103
380104,Applied & Professional Ethics,2012,18.0,38.0104
380104,Applied & Professional Ethics,2013,18.0,38.0104
380104,Applied & Professional Ethics,2014,16.0,38.0104
380104,Applied & Professional Ethics,2015,30.0,38.0104
380104,Applied & Professional Ethics,2016,19.0,38.0104
380104,Applied & Professional Ethics,2017,18.0,38.0104
380104,Applied & Professional Ethics,2018,18.0,38.0104
380104,Applied & Professional Ethics,2019,17.0,38.0104
380104,Applied & Professional Ethics,2020,59.0,38.0104
380104,Applied & Professional Ethics,2021,31.0,38.0104
380104,Applied & Professional Ethics,2022,52.0,38.0104
380104,Applied & Professional Ethics,2023,50.0,38.0104
380104,Applied & Professional Ethics,2024,44.0,38.0104
380199,Other Philosophy,2012,7.0,38.0199
380199,Other Philosophy,2013,3.0,38.0199
380199,Other Philosophy,2014,1.0,38.0199
380199,Other Philosophy,2015,3.0,38.0199
380199,Other Philosophy,2016,1.0,38.0199
380199,Other Philosophy,2017,10.0,38.0199
380199,Other Philosophy,2018,8.0,38.0199
380199,Other Philosophy,2019,12.0,38.0199
380199,Other Philosophy,2020,6.0,38.0199
380199,Other Philosophy,2021,5.0,38.0199
380199,Other Philosophy,2022,16.0,38.0199
380199,Other Philosophy,2023,14.0,38.0199
380199,Other Philosophy,2024,9.0,38.0199
380201,Religious Studies,2012,626.0,38.0201
380201,Religious Studies,2013,608.0,38.0201
380201,Religious Studies,2014,546.0,38.0201
380201,Religious Studies,2015,548.0,38.0201
380201,Religious Studies,2016,542.0,38.0201
380201,Religious Studies,2017,460.0,38.0201
380201,Religious Studies,2018,490.0,38.0201
380201,Religious Studies,2019,488.0,38.0201
380201,Religious Studies,2020,439.0,38.0201
380201,Religious Studies,2021,426.0,38.0201
380201,Religious Studies,2022,441.0,38.0201
380201,Religious Studies,2023,350.0,38.0201
380201,Religious Studies,2024,331.0,38.0201
380202,Buddhist Studies,2012,0.0,38.0202
380202,Buddhist Studies,2013,0.0,38.0202
380202,Buddhist Studies,2014,2.0,38.0202
380202,Buddhist Studies,2015,2.0,38.0202
380202,Buddhist Studies,2016,0.0,38.0202
380202,Buddhist Studies,2017,5.0,38.0202
380202,Buddhist Studies,2018,5.0,38.0202
380202,Buddhist Studies,2019,2.0,38.0202
380202,Buddhist Studies,2020,3.0,38.0202
380202,Buddhist Studies,2021,1.0,38.0202
380202,Buddhist Studies,2022,3.0,38.0202
380202,Buddhist Studies,2023,1.0,38.0202
380202,Buddhist Studies,2024,9.0,38.0202
380203,Christian Studies,2012,252.0,38.0203
380203,Christian Studies,2013,245.0,38.0203
380203,Christian Studies,2014,357.0,38.0203
380203,Christian Studies,2015,199.0,38.0203
380203,Christian Studies,2016,186.0,38.0203
380203,Christian Studies,2017,216.0,38.0203
380203,Christian Studies,2018,214.0,38.0203
380203,Christian Studies,2019,204.0,38.0203
380203,Christian Studies,2020,221.0,38.0203
380203,Christian Studies,2021,293.0,38.0203
380203,Christian Studies,2022,270.0,38.0203
380203,Christian Studies,2023,251.0,38.0203
380203,Christian Studies,2024,245.0,38.0203
380204,Hindu Studies,2016,1.0,38.0204
380204,Hindu Studies,2017,0.0,38.0204
380204,Hindu Studies,2018,0.0,38.0204
380204,Hindu Studies,2019,0.0,38.0204
380204,Hindu Studies,2020,0.0,38.0204
380204,Hindu Studies,2021,0.0,38.0204
380205,Islamic Studies,2012,13.0,38.0205
380205,Islamic Studies,2013,7.0,38.0205
380205,Islamic Studies,2014,13.0,38.0205
380205,Islamic Studies,2015,12.0,38.0205
380205,Islamic Studies,2016,18.0,38.0205
380205,Islamic Studies,2017,17.0,38.0205
380205,Islamic Studies,2018,20.0,38.0205
380205,Islamic Studies,2019,15.0,38.0205
380205,Islamic Studies,2020,24.0,38.0205
380205,Islamic Studies,2021,31.0,38.0205
380205,Islamic Studies,2022,14.0,38.0205
380205,Islamic Studies,2023,11.0,38.0205
380205,Islamic Studies,2024,22.0,38.0205
380206,Judaic Studies,2012,64.0,38.0206
380206,Judaic Studies,2013,86.0,38.0206
380206,Judaic Studies,2014,85.0,38.0206
380206,Judaic Studies,2015,139.0,38.0206
380206,Judaic Studies,2016,92.0,38.0206
380206,Judaic Studies,2017,91.0,38.0206
380206,Judaic Studies,2018,89.0,38.0206
380206,Judaic Studies,2019,94.0,38.0206
380206,Judaic Studies,2020,88.0,38.0206
380206,Judaic Studies,2021,89.0,38.0206
380206,Judaic Studies,2022,90.0,38.0206
380206,Judaic Studies,2023,95.0,38.0206
380206,Judaic Studies,2024,99.0,38.0206
380207,Talmudic Studies,2020,481.0,38.0207
380207,Talmudic Studies,2021,307.0,38.0207
380207,Talmudic Studies,2022,473.0,38.0207
380207,Talmudic Studies,2023,716.0,38.0207
380207,Talmudic Studies,2024,579.0,38.0207
380208,Catholic Studies,2020,7.0,38.0208
380208,Catholic Studies,2021,4.0,38.0208
380208,Catholic Studies,2022,15.0,38.0208
380208,Catholic Studies,2023,31.0,38.0208
380208,Catholic Studies,2024,35.0,38.0208
380299,Other Religious Studies,2012,66.0,38.0299
380299,Other Religious Studies,2013,36.0,38.0299
380299,Other Religious Studies,2014,45.0,38.0299
380299,Other Religious Studies,2015,44.0,38.0299
380299,Other Religious Studies,2016,29.0,38.0299
380299,Other Religious Studies,2017,29.0,38.0299
380299,Other Religious Studies,2018,41.0,38.0299
380299,Other Religious Studies,2019,25.0,38.0299
380299,Other Religious Studies,2020,27.0,38.0299
380299,Other Religious Studies,2021,34.0,38.0299
380299,Other Religious Studies,2022,26.0,38.0299
380299,Other Religious Studies,2023,12.0,38.0299
380299,Other Religious Studies,2024,21.0,38.0299
389999,Other Philosophy & Religious Studies,2012,123.0,38.9999
389999,Other Philosophy & Religious Studies,2013,126.0,38.9999
389999,Other Philosophy & Religious Studies,2014,108.0,38.9999
389999,Other Philosophy & Religious Studies,2015,118.0,38.9999
389999,Other Philosophy & Religious Studies,2016,89.0,38.9999
389999,Other Philosophy & Religious Studies,2017,79.0,38.9999
389999,Other Philosophy & Religious Studies,2018,67.0,38.9999
389999,Other Philosophy & Religious Studies,2019,82.0,38.9999
389999,Other Philosophy & Religious Studies,2020,86.0,38.9999
389999,Other Philosophy & Religious Studies,2021,98.0,38.9999
389999,Other Philosophy & Religious Studies,2022,73.0,38.9999
389999,Other Philosophy & Religious Studies,2023,92.0,38.9999
389999,Other Philosophy & Religious Studies,2024,86.0,38.9999
390201,Biblical Studies,2012,517.0,39.0201
390201,Biblical Studies,2013,532.0,39.0201
390201,Biblical Studies,2014,523.0,39.0201
390201,Biblical Studies,2015,571.0,39.0201
390201,Biblical Studies,2016,595.0,39.0201
390201,Biblical Studies,2017,681.0,39.0201
390201,Biblical Studies,2018,757.0,39.0201
390201,Biblical Studies,2019,682.0,39.0201
390201,Biblical Studies,2020,774.0,39.0201
390201,Biblical Studies,2021,844.0,39.0201
390201,Biblical Studies,2022,764.0,39.0201
390201,Biblical Studies,2023,781.0,39.0201
390201,Biblical Studies,2024,730.0,39.0201
390301,Missionary Studies & Missiology,2012,289.0,39.0301
390301,Missionary Studies & Missiology,2013,329.0,39.0301
390301,Missionary Studies & Missiology,2014,293.0,39.0301
390301,Missionary Studies & Missiology,2015,273.0,39.0301
390301,Missionary Studies & Missiology,2016,333.0,39.0301
390301,Missionary Studies & Missiology,2017,330.0,39.0301
390301,Missionary Studies & Missiology,2018,424.0,39.0301
390301,Missionary Studies & Missiology,2019,319.0,39.0301
390301,Missionary Studies & Missiology,2020,332.0,39.0301
390301,Missionary Studies & Missiology,2021,294.0,39.0301
390301,Missionary Studies & Missiology,2022,299.0,39.0301
390301,Missionary Studies & Missiology,2023,308.0,39.0301
390301,Missionary Studies & Missiology,2024,343.0,39.0301
390302,Church Planting,2021,0.0,39.0302
390302,Church Planting,2022,0.0,39.0302
390302,Church Planting,2023,4.0,39.0302
390302,Church Planting,2024,9.0,39.0302
390401,Religious Education,2012,610.0,39.0401
390401,Religious Education,2013,529.0,39.0401
390401,Religious Education,2014,536.0,39.0401
390401,Religious Education,2015,696.0,39.0401
390401,Religious Education,2016,616.0,39.0401
390401,Religious Education,2017,550.0,39.0401
390401,Religious Education,2018,586.0,39.0401
390401,Religious Education,2019,523.0,39.0401
390401,Religious Education,2020,506.0,39.0401
390401,Religious Education,2021,570.0,39.0401
390401,Religious Education,2022,456.0,39.0401
390401,Religious Education,2023,425.0,39.0401
390401,Religious Education,2024,416.0,39.0401
390501,Religious & Sacred Music,2012,119.0,39.0501
390501,Religious & Sacred Music,2013,126.0,39.0501
390501,Religious & Sacred Music,2014,121.0,39.0501
390501,Religious & Sacred Music,2015,123.0,39.0501
390501,Religious & Sacred Music,2016,109.0,39.0501
390501,Religious & Sacred Music,2017,125.0,39.0501
390501,Religious & Sacred Music,2018,96.0,39.0501
390501,Religious & Sacred Music,2019,114.0,39.0501
390501,Religious & Sacred Music,2020,123.0,39.0501
390501,Religious & Sacred Music,2021,109.0,39.0501
390501,Religious & Sacred Music,2022,105.0,39.0501
390501,Religious & Sacred Music,2023,108.0,39.0501
390501,Religious & Sacred Music,2024,107.0,39.0501
390502,Worship Ministry,2020,0.0,39.0502
390502,Worship Ministry,2021,14.0,39.0502
390502,Worship Ministry,2022,8.0,39.0502
390502,Worship Ministry,2023,23.0,39.0502
390502,Worship Ministry,2024,10.0,39.0502
390599,"Religious Music And Worship, Other",2021,1.0,39.0599
390599,"Religious Music And Worship, Other",2022,0.0,39.0599
390599,"Religious Music And Worship, Other",2023,3.0,39.0599
390599,"Religious Music And Worship, Other",2024,1.0,39.0599
390601,Theological Studies,2012,4092.0,39.0601
390601,Theological Studies,2013,4028.0,39.0601
390601,Theological Studies,2014,4130.0,39.0601
390601,Theological Studies,2015,4015.0,39.0601
390601,Theological Studies,2016,4349.0,39.0601
390601,Theological Studies,2017,4013.0,39.0601
390601,Theological Studies,2018,4056.0,39.0601
390601,Theological Studies,2019,4142.0,39.0601
390601,Theological Studies,2020,3700.0,39.0601
390601,Theological Studies,2021,3814.0,39.0601
390601,Theological Studies,2022,3734.0,39.0601
390601,Theological Studies,2023,3785.0,39.0601
390601,Theological Studies,2024,3719.0,39.0601
390602,Divinity & Ministry,2012,5224.0,39.0602
390602,Divinity & Ministry,2013,6017.0,39.0602
390602,Divinity & Ministry,2014,6001.0,39.0602
390602,Divinity & Ministry,2015,6136.0,39.0602
390602,Divinity & Ministry,2016,5942.0,39.0602
390602,Divinity & Ministry,2017,5602.0,39.0602
390602,Divinity & Ministry,2018,5611.0,39.0602
390602,Divinity & Ministry,2019,5636.0,39.0602
390602,Divinity & Ministry,2020,5372.0,39.0602
390602,Divinity & Ministry,2021,5606.0,39.0602
390602,Divinity & Ministry,2022,5288.0,39.0602
390602,Divinity & Ministry,2023,5094.0,39.0602
390602,Divinity & Ministry,2024,4958.0,39.0602
390604,Pre-Theology & Pre-Ministerial Studies,2012,0.0,39.0604
390604,Pre-Theology & Pre-Ministerial Studies,2013,0.0,39.0604
390604,Pre-Theology & Pre-Ministerial Studies,2014,2.0,39.0604
390604,Pre-Theology & Pre-Ministerial Studies,2015,2.0,39.0604
390604,Pre-Theology & Pre-Ministerial Studies,2016,4.0,39.0604
390604,Pre-Theology & Pre-Ministerial Studies,2017,2.0,39.0604
390604,Pre-Theology & Pre-Ministerial Studies,2018,10.0,39.0604
390604,Pre-Theology & Pre-Ministerial Studies,2019,11.0,39.0604
390604,Pre-Theology & Pre-Ministerial Studies,2020,36.0,39.0604
390604,Pre-Theology & Pre-Ministerial Studies,2021,14.0,39.0604
390604,Pre-Theology & Pre-Ministerial Studies,2022,14.0,39.0604
390604,Pre-Theology & Pre-Ministerial Studies,2023,9.0,39.0604
390604,Pre-Theology & Pre-Ministerial Studies,2024,7.0,39.0604
390605,Rabbinical Studies,2012,136.0,39.0605
390605,Rabbinical Studies,2013,111.0,39.0605
390605,Rabbinical Studies,2014,109.0,39.0605
390605,Rabbinical Studies,2015,117.0,39.0605
390605,Rabbinical Studies,2016,92.0,39.0605
390605,Rabbinical Studies,2017,115.0,39.0605
390605,Rabbinical Studies,2018,96.0,39.0605
390605,Rabbinical Studies,2019,98.0,39.0605
390605,Rabbinical Studies,2020,97.0,39.0605
390605,Rabbinical Studies,2021,93.0,39.0605
390605,Rabbinical Studies,2022,99.0,39.0605
390605,Rabbinical Studies,2023,98.0,39.0605
390605,Rabbinical Studies,2024,91.0,39.0605
390699,Other Theological & Ministerial Studies,2012,582.0,39.0699
390699,Other Theological & Ministerial Studies,2013,743.0,39.0699
390699,Other Theological & Ministerial Studies,2014,696.0,39.0699
390699,Other Theological & Ministerial Studies,2015,716.0,39.0699
390699,Other Theological & Ministerial Studies,2016,721.0,39.0699
390699,Other Theological & Ministerial Studies,2017,774.0,39.0699
390699,Other Theological & Ministerial Studies,2018,709.0,39.0699
390699,Other Theological & Ministerial Studies,2019,754.0,39.0699
390699,Other Theological & Ministerial Studies,2020,822.0,39.0699
390699,Other Theological & Ministerial Studies,2021,942.0,39.0699
390699,Other Theological & Ministerial Studies,2022,866.0,39.0699
390699,Other Theological & Ministerial Studies,2023,886.0,39.0699
390699,Other Theological & Ministerial Studies,2024,778.0,39.0699
390701,Pastoral Studies & Counseling,2012,776.0,39.0701
390701,Pastoral Studies & Counseling,2013,830.0,39.0701
390701,Pastoral Studies & Counseling,2014,843.0,39.0701
390701,Pastoral Studies & Counseling,2015,713.0,39.0701
390701,Pastoral Studies & Counseling,2016,670.0,39.0701
390701,Pastoral Studies & Counseling,2017,707.0,39.0701
390701,Pastoral Studies & Counseling,2018,638.0,39.0701
390701,Pastoral Studies & Counseling,2019,670.0,39.0701
390701,Pastoral Studies & Counseling,2020,650.0,39.0701
390701,Pastoral Studies & Counseling,2021,684.0,39.0701
390701,Pastoral Studies & Counseling,2022,672.0,39.0701
390701,Pastoral Studies & Counseling,2023,688.0,39.0701
390701,Pastoral Studies & Counseling,2024,612.0,39.0701
390702,Youth Ministry,2012,68.0,39.0702
390702,Youth Ministry,2013,79.0,39.0702
390702,Youth Ministry,2014,55.0,39.0702
390702,Youth Ministry,2015,57.0,39.0702
390702,Youth Ministry,2016,50.0,39.0702
390702,Youth Ministry,2017,46.0,39.0702
390702,Youth Ministry,2018,46.0,39.0702
390702,Youth Ministry,2019,40.0,39.0702
390702,Youth Ministry,2020,38.0,39.0702
390702,Youth Ministry,2021,49.0,39.0702
390702,Youth Ministry,2022,41.0,39.0702
390702,Youth Ministry,2023,29.0,39.0702
390702,Youth Ministry,2024,30.0,39.0702
390703,Urban Ministry,2012,51.0,39.0703
390703,Urban Ministry,2013,32.0,39.0703
390703,Urban Ministry,2014,23.0,39.0703
390703,Urban Ministry,2015,48.0,39.0703
390703,Urban Ministry,2016,36.0,39.0703
390703,Urban Ministry,2017,26.0,39.0703
390703,Urban Ministry,2018,38.0,39.0703
390703,Urban Ministry,2019,30.0,39.0703
390703,Urban Ministry,2020,22.0,39.0703
390703,Urban Ministry,2021,25.0,39.0703
390703,Urban Ministry,2022,23.0,39.0703
390703,Urban Ministry,2023,13.0,39.0703
390703,Urban Ministry,2024,10.0,39.0703
390704,Women's Ministry,2012,0.0,39.0704
390704,Women's Ministry,2013,0.0,39.0704
390704,Women's Ministry,2014,0.0,39.0704
390704,Women's Ministry,2015,0.0,39.0704
390704,Women's Ministry,2016,0.0,39.0704
390704,Women's Ministry,2017,2.0,39.0704
390704,Women's Ministry,2018,4.0,39.0704
390704,Women's Ministry,2019,5.0,39.0704
390704,Women's Ministry,2020,2.0,39.0704
390704,Women's Ministry,2021,10.0,39.0704
390704,Women's Ministry,2022,10.0,39.0704
390704,Women's Ministry,2023,7.0,39.0704
390704,Women's Ministry,2024,11.0,39.0704
390705,Lay Ministry,2012,68.0,39.0705
390705,Lay Ministry,2013,57.0,39.0705
390705,Lay Ministry,2014,79.0,39.0705
390705,Lay Ministry,2015,56.0,39.0705
390705,Lay Ministry,2016,128.0,39.0705
390705,Lay Ministry,2017,89.0,39.0705
390705,Lay Ministry,2018,122.0,39.0705
390705,Lay Ministry,2019,152.0,39.0705
390705,Lay Ministry,2020,166.0,39.0705
390705,Lay Ministry,2021,188.0,39.0705
390705,Lay Ministry,2022,298.0,39.0705
390705,Lay Ministry,2023,260.0,39.0705
390705,Lay Ministry,2024,317.0,39.0705
390706,Chaplain/Chaplaincy Studies,2020,27.0,39.0706
390706,Chaplain/Chaplaincy Studies,2021,17.0,39.0706
390706,Chaplain/Chaplaincy Studies,2022,14.0,39.0706
390706,Chaplain/Chaplaincy Studies,2023,24.0,39.0706
390706,Chaplain/Chaplaincy Studies,2024,30.0,39.0706
390799,Other Pastoral Counseling & Specialized Ministries,2012,150.0,39.0799
390799,Other Pastoral Counseling & Specialized Ministries,2013,188.0,39.0799
390799,Other Pastoral Counseling & Specialized Ministries,2014,211.0,39.0799
390799,Other Pastoral Counseling & Specialized Ministries,2015,222.0,39.0799
390799,Other Pastoral Counseling & Specialized Ministries,2016,239.0,39.0799
390799,Other Pastoral Counseling & Specialized Ministries,2017,230.0,39.0799
390799,Other Pastoral Counseling & Specialized Ministries,2018,207.0,39.0799
390799,Other Pastoral Counseling & Specialized Ministries,2019,203.0,39.0799
390799,Other Pastoral Counseling & Specialized Ministries,2020,163.0,39.0799
390799,Other Pastoral Counseling & Specialized Ministries,2021,218.0,39.0799
390799,Other Pastoral Counseling & Specialized Ministries,2022,163.0,39.0799
390799,Other Pastoral Counseling & Specialized Ministries,2023,206.0,39.0799
390799,Other Pastoral Counseling & Specialized Ministries,2024,212.0,39.0799
390801,Religious Institution Administration And Management,2020,18.0,39.0801
390801,Religious Institution Administration And Management,2021,23.0,39.0801
390801,Religious Institution Administration And Management,2022,31.0,39.0801
390801,Religious Institution Administration And Management,2023,41.0,39.0801
390801,Religious Institution Administration And Management,2024,39.0,39.0801
399999,Other Theology & Religious Vocations,2012,551.0,39.9999
399999,Other Theology & Religious Vocations,2013,620.0,39.9999
399999,Other Theology & Religious Vocations,2014,608.0,39.9999
399999,Other Theology & Religious Vocations,2015,667.0,39.9999
399999,Other Theology & Religious Vocations,2016,768.0,39.9999
399999,Other Theology & Religious Vocations,2017,523.0,39.9999
399999,Other Theology & Religious Vocations,2018,604.0,39.9999
399999,Other Theology & Religious Vocations,2019,626.0,39.9999
399999,Other Theology & Religious Vocations,2020,579.0,39.9999
399999,Other Theology & Religious Vocations,2021,512.0,39.9999
399999,Other Theology & Religious Vocations,2022,551.0,39.9999
399999,Other Theology & Religious Vocations,2023,518.0,39.9999
399999,Other Theology & Religious Vocations,2024,573.0,39.9999
400101,Physical Sciences,2012,63.0,40.0101
400101,Physical Sciences,2013,58.0,40.0101
400101,Physical Sciences,2014,58.0,40.0101
400101,Physical Sciences,2015,58.0,40.0101
400101,Physical Sciences,2016,49.0,40.0101
400101,Physical Sciences,2017,78.0,40.0101
400101,Physical Sciences,2018,49.0,40.0101
400101,Physical Sciences,2019,82.0,40.0101
400101,Physical Sciences,2020,41.0,40.0101
400101,Physical Sciences,2021,75.0,40.0101
400101,Physical Sciences,2022,75.0,40.0101
400101,Physical Sciences,2023,50.0,40.0101
400101,Physical Sciences,2024,36.0,40.0101
400201,Astronomy,2012,101.0,40.0201
400201,Astronomy,2013,98.0,40.0201
400201,Astronomy,2014,103.0,40.0201
400201,Astronomy,2015,102.0,40.0201
400201,Astronomy,2016,85.0,40.0201
400201,Astronomy,2017,100.0,40.0201
400201,Astronomy,2018,90.0,40.0201
400201,Astronomy,2019,141.0,40.0201
400201,Astronomy,2020,115.0,40.0201
400201,Astronomy,2021,98.0,40.0201
400201,Astronomy,2022,104.0,40.0201
400201,Astronomy,2023,164.0,40.0201
400201,Astronomy,2024,128.0,40.0201
400202,Astrophysics,2012,15.0,40.0202
400202,Astrophysics,2013,47.0,40.0202
400202,Astrophysics,2014,33.0,40.0202
400202,Astrophysics,2015,20.0,40.0202
400202,Astrophysics,2016,27.0,40.0202
400202,Astrophysics,2017,42.0,40.0202
400202,Astrophysics,2018,27.0,40.0202
400202,Astrophysics,2019,55.0,40.0202
400202,Astrophysics,2020,44.0,40.0202
400202,Astrophysics,2021,65.0,40.0202
400202,Astrophysics,2022,31.0,40.0202
400202,Astrophysics,2023,48.0,40.0202
400202,Astrophysics,2024,49.0,40.0202
400203,Planetary Astronomy & Science,2012,6.0,40.0203
400203,Planetary Astronomy & Science,2013,16.0,40.0203
400203,Planetary Astronomy & Science,2014,12.0,40.0203
400203,Planetary Astronomy & Science,2015,19.0,40.0203
400203,Planetary Astronomy & Science,2016,17.0,40.0203
400203,Planetary Astronomy & Science,2017,15.0,40.0203
400203,Planetary Astronomy & Science,2018,12.0,40.0203
400203,Planetary Astronomy & Science,2019,20.0,40.0203
400203,Planetary Astronomy & Science,2020,20.0,40.0203
400203,Planetary Astronomy & Science,2021,16.0,40.0203
400203,Planetary Astronomy & Science,2022,25.0,40.0203
400203,Planetary Astronomy & Science,2023,22.0,40.0203
400203,Planetary Astronomy & Science,2024,21.0,40.0203
400299,Other Astronomy & Astrophysics,2012,5.0,40.0299
400299,Other Astronomy & Astrophysics,2013,9.0,40.0299
400299,Other Astronomy & Astrophysics,2014,12.0,40.0299
400299,Other Astronomy & Astrophysics,2015,15.0,40.0299
400299,Other Astronomy & Astrophysics,2016,12.0,40.0299
400299,Other Astronomy & Astrophysics,2017,12.0,40.0299
400299,Other Astronomy & Astrophysics,2018,16.0,40.0299
400299,Other Astronomy & Astrophysics,2019,9.0,40.0299
400299,Other Astronomy & Astrophysics,2020,16.0,40.0299
400299,Other Astronomy & Astrophysics,2021,8.0,40.0299
400299,Other Astronomy & Astrophysics,2022,13.0,40.0299
400299,Other Astronomy & Astrophysics,2023,19.0,40.0299
400299,Other Astronomy & Astrophysics,2024,13.0,40.0299
400401,General Atmospheric Sciences & Meteorology,2012,217.0,40.0401
400401,General Atmospheric Sciences & Meteorology,2013,219.0,40.0401
400401,General Atmospheric Sciences & Meteorology,2014,249.0,40.0401
400401,General Atmospheric Sciences & Meteorology,2015,231.0,40.0401
400401,General Atmospheric Sciences & Meteorology,2016,209.0,40.0401
400401,General Atmospheric Sciences & Meteorology,2017,219.0,40.0401
400401,General Atmospheric Sciences & Meteorology,2018,242.0,40.0401
400401,General Atmospheric Sciences & Meteorology,2019,216.0,40.0401
400401,General Atmospheric Sciences & Meteorology,2020,209.0,40.0401
400401,General Atmospheric Sciences & Meteorology,2021,185.0,40.0401
400401,General Atmospheric Sciences & Meteorology,2022,173.0,40.0401
400401,General Atmospheric Sciences & Meteorology,2023,223.0,40.0401
400401,General Atmospheric Sciences & Meteorology,2024,227.0,40.0401
400402,Atmospheric Chemistry and Climatology,2023,1.0,40.0402
400402,Atmospheric Chemistry and Climatology,2024,1.0,40.0402
400403,Atmospheric Physics & Dynamics,2012,0.0,40.0403
400403,Atmospheric Physics & Dynamics,2013,1.0,40.0403
400403,Atmospheric Physics & Dynamics,2014,0.0,40.0403
400403,Atmospheric Physics & Dynamics,2015,1.0,40.0403
400403,Atmospheric Physics & Dynamics,2016,0.0,40.0403
400403,Atmospheric Physics & Dynamics,2017,1.0,40.0403
400403,Atmospheric Physics & Dynamics,2018,1.0,40.0403
400403,Atmospheric Physics & Dynamics,2019,0.0,40.0403
400403,Atmospheric Physics & Dynamics,2020,1.0,40.0403
400403,Atmospheric Physics & Dynamics,2021,0.0,40.0403
400403,Atmospheric Physics & Dynamics,2022,1.0,40.0403
400403,Atmospheric Physics & Dynamics,2023,0.0,40.0403
400403,Atmospheric Physics & Dynamics,2024,0.0,40.0403
400404,Meteorology,2012,51.0,40.0404
400404,Meteorology,2013,33.0,40.0404
400404,Meteorology,2014,29.0,40.0404
400404,Meteorology,2015,34.0,40.0404
400404,Meteorology,2016,25.0,40.0404
400404,Meteorology,2017,31.0,40.0404
400404,Meteorology,2018,16.0,40.0404
400404,Meteorology,2019,20.0,40.0404
400404,Meteorology,2020,15.0,40.0404
400404,Meteorology,2021,27.0,40.0404
400404,Meteorology,2022,32.0,40.0404
400404,Meteorology,2023,31.0,40.0404
400404,Meteorology,2024,32.0,40.0404
400499,Other Atmospheric Sciences & Meteorology,2012,3.0,40.0499
400499,Other Atmospheric Sciences & Meteorology,2013,7.0,40.0499
400499,Other Atmospheric Sciences & Meteorology,2014,1.0,40.0499
400499,Other Atmospheric Sciences & Meteorology,2015,0.0,40.0499
400499,Other Atmospheric Sciences & Meteorology,2016,2.0,40.0499
400499,Other Atmospheric Sciences & Meteorology,2017,1.0,40.0499
400499,Other Atmospheric Sciences & Meteorology,2018,2.0,40.0499
400499,Other Atmospheric Sciences & Meteorology,2019,2.0,40.0499
400499,Other Atmospheric Sciences & Meteorology,2020,2.0,40.0499
400499,Other Atmospheric Sciences & Meteorology,2021,1.0,40.0499
400499,Other Atmospheric Sciences & Meteorology,2022,3.0,40.0499
400499,Other Atmospheric Sciences & Meteorology,2023,3.0,40.0499
400499,Other Atmospheric Sciences & Meteorology,2024,8.0,40.0499
400501,General Chemistry,2012,2311.0,40.0501
400501,General Chemistry,2013,2264.0,40.0501
400501,General Chemistry,2014,2241.0,40.0501
400501,General Chemistry,2015,2314.0,40.0501
400501,General Chemistry,2016,2329.0,40.0501
400501,General Chemistry,2017,2371.0,40.0501
400501,General Chemistry,2018,2270.0,40.0501
400501,General Chemistry,2019,2229.0,40.0501
400501,General Chemistry,2020,2145.0,40.0501
400501,General Chemistry,2021,2104.0,40.0501
400501,General Chemistry,2022,2207.0,40.0501
400501,General Chemistry,2023,2285.0,40.0501
400501,General Chemistry,2024,2389.0,40.0501
400502,Analytical Chemistry,2012,37.0,40.0502
400502,Analytical Chemistry,2013,41.0,40.0502
400502,Analytical Chemistry,2014,23.0,40.0502
400502,Analytical Chemistry,2015,18.0,40.0502
400502,Analytical Chemistry,2016,23.0,40.0502
400502,Analytical Chemistry,2017,23.0,40.0502
400502,Analytical Chemistry,2018,28.0,40.0502
400502,Analytical Chemistry,2019,17.0,40.0502
400502,Analytical Chemistry,2020,15.0,40.0502
400502,Analytical Chemistry,2021,22.0,40.0502
400502,Analytical Chemistry,2022,17.0,40.0502
400502,Analytical Chemistry,2023,15.0,40.0502
400502,Analytical Chemistry,2024,15.0,40.0502
400503,Inorganic Chemistry,2015,1.0,40.0503
400503,Inorganic Chemistry,2016,1.0,40.0503
400503,Inorganic Chemistry,2017,0.0,40.0503
400503,Inorganic Chemistry,2018,1.0,40.0503
400503,Inorganic Chemistry,2019,0.0,40.0503
400503,Inorganic Chemistry,2020,1.0,40.0503
400503,Inorganic Chemistry,2021,0.0,40.0503
400503,Inorganic Chemistry,2022,1.0,40.0503
400503,Inorganic Chemistry,2023,0.0,40.0503
400503,Inorganic Chemistry,2024,0.0,40.0503
400504,Organic Chemistry,2013,2.0,40.0504
400504,Organic Chemistry,2014,2.0,40.0504
400504,Organic Chemistry,2015,1.0,40.0504
400504,Organic Chemistry,2016,2.0,40.0504
400504,Organic Chemistry,2017,3.0,40.0504
400504,Organic Chemistry,2018,0.0,40.0504
400504,Organic Chemistry,2019,3.0,40.0504
400504,Organic Chemistry,2020,1.0,40.0504
400504,Organic Chemistry,2021,0.0,40.0504
400504,Organic Chemistry,2022,0.0,40.0504
400504,Organic Chemistry,2023,0.0,40.0504
400504,Organic Chemistry,2024,2.0,40.0504
400506,Physical Chemistry,2012,1.0,40.0506
400506,Physical Chemistry,2013,0.0,40.0506
400506,Physical Chemistry,2014,1.0,40.0506
400506,Physical Chemistry,2015,0.0,40.0506
400506,Physical Chemistry,2016,2.0,40.0506
400506,Physical Chemistry,2017,0.0,40.0506
400506,Physical Chemistry,2018,0.0,40.0506
400506,Physical Chemistry,2019,1.0,40.0506
400506,Physical Chemistry,2020,2.0,40.0506
400506,Physical Chemistry,2021,0.0,40.0506
400506,Physical Chemistry,2022,0.0,40.0506
400506,Physical Chemistry,2023,1.0,40.0506
400506,Physical Chemistry,2024,0.0,40.0506
400507,Polymer Chemistry,2012,15.0,40.0507
400507,Polymer Chemistry,2013,32.0,40.0507
400507,Polymer Chemistry,2014,51.0,40.0507
400507,Polymer Chemistry,2015,46.0,40.0507
400507,Polymer Chemistry,2016,51.0,40.0507
400507,Polymer Chemistry,2017,60.0,40.0507
400507,Polymer Chemistry,2018,63.0,40.0507
400507,Polymer Chemistry,2019,66.0,40.0507
400507,Polymer Chemistry,2020,34.0,40.0507
400507,Polymer Chemistry,2021,55.0,40.0507
400507,Polymer Chemistry,2022,37.0,40.0507
400507,Polymer Chemistry,2023,51.0,40.0507
400507,Polymer Chemistry,2024,49.0,40.0507
400508,Chemical Physics,2012,4.0,40.0508
400508,Chemical Physics,2013,4.0,40.0508
400508,Chemical Physics,2014,1.0,40.0508
400508,Chemical Physics,2015,7.0,40.0508
400508,Chemical Physics,2016,14.0,40.0508
400508,Chemical Physics,2017,7.0,40.0508
400508,Chemical Physics,2018,6.0,40.0508
400508,Chemical Physics,2019,8.0,40.0508
400508,Chemical Physics,2020,9.0,40.0508
400508,Chemical Physics,2021,14.0,40.0508
400508,Chemical Physics,2022,6.0,40.0508
400508,Chemical Physics,2023,0.0,40.0508
400508,Chemical Physics,2024,2.0,40.0508
400509,Environmental Chemistry,2014,1.0,40.0509
400509,Environmental Chemistry,2015,6.0,40.0509
400509,Environmental Chemistry,2016,3.0,40.0509
400509,Environmental Chemistry,2017,1.0,40.0509
400509,Environmental Chemistry,2018,3.0,40.0509
400509,Environmental Chemistry,2019,3.0,40.0509
400509,Environmental Chemistry,2020,12.0,40.0509
400509,Environmental Chemistry,2021,11.0,40.0509
400509,Environmental Chemistry,2022,8.0,40.0509
400509,Environmental Chemistry,2023,3.0,40.0509
400509,Environmental Chemistry,2024,4.0,40.0509
400510,Forensic Chemistry,2017,1.0,40.051
400510,Forensic Chemistry,2018,6.0,40.051
400510,Forensic Chemistry,2019,6.0,40.051
400510,Forensic Chemistry,2020,5.0,40.051
400510,Forensic Chemistry,2021,11.0,40.051
400510,Forensic Chemistry,2022,16.0,40.051
400510,Forensic Chemistry,2023,27.0,40.051
400510,Forensic Chemistry,2024,23.0,40.051
400599,Other Chemistry,2012,60.0,40.0599
400599,Other Chemistry,2013,52.0,40.0599
400599,Other Chemistry,2014,44.0,40.0599
400599,Other Chemistry,2015,37.0,40.0599
400599,Other Chemistry,2016,32.0,40.0599
400599,Other Chemistry,2017,29.0,40.0599
400599,Other Chemistry,2018,25.0,40.0599
400599,Other Chemistry,2019,27.0,40.0599
400599,Other Chemistry,2020,20.0,40.0599
400599,Other Chemistry,2021,29.0,40.0599
400599,Other Chemistry,2022,21.0,40.0599
400599,Other Chemistry,2023,31.0,40.0599
400599,Other Chemistry,2024,56.0,40.0599
400601,General Geology & Earch Science,2012,1323.0,40.0601
400601,General Geology & Earch Science,2013,1405.0,40.0601
400601,General Geology & Earch Science,2014,1430.0,40.0601
400601,General Geology & Earch Science,2015,1459.0,40.0601
400601,General Geology & Earch Science,2016,1403.0,40.0601
400601,General Geology & Earch Science,2017,1391.0,40.0601
400601,General Geology & Earch Science,2018,1314.0,40.0601
400601,General Geology & Earch Science,2019,1357.0,40.0601
400601,General Geology & Earch Science,2020,1233.0,40.0601
400601,General Geology & Earch Science,2021,1154.0,40.0601
400601,General Geology & Earch Science,2022,1164.0,40.0601
400601,General Geology & Earch Science,2023,1122.0,40.0601
400601,General Geology & Earch Science,2024,1173.0,40.0601
400602,Geochemistry,2012,16.0,40.0602
400602,Geochemistry,2013,7.0,40.0602
400602,Geochemistry,2014,6.0,40.0602
400602,Geochemistry,2015,5.0,40.0602
400602,Geochemistry,2016,6.0,40.0602
400602,Geochemistry,2017,4.0,40.0602
400602,Geochemistry,2018,5.0,40.0602
400602,Geochemistry,2019,14.0,40.0602
400602,Geochemistry,2020,9.0,40.0602
400602,Geochemistry,2021,12.0,40.0602
400602,Geochemistry,2022,3.0,40.0602
400602,Geochemistry,2023,8.0,40.0602
400602,Geochemistry,2024,11.0,40.0602
400603,Geophysics & Seismology,2012,104.0,40.0603
400603,Geophysics & Seismology,2013,122.0,40.0603
400603,Geophysics & Seismology,2014,134.0,40.0603
400603,Geophysics & Seismology,2015,124.0,40.0603
400603,Geophysics & Seismology,2016,113.0,40.0603
400603,Geophysics & Seismology,2017,121.0,40.0603
400603,Geophysics & Seismology,2018,99.0,40.0603
400603,Geophysics & Seismology,2019,86.0,40.0603
400603,Geophysics & Seismology,2020,70.0,40.0603
400603,Geophysics & Seismology,2021,79.0,40.0603
400603,Geophysics & Seismology,2022,65.0,40.0603
400603,Geophysics & Seismology,2023,56.0,40.0603
400603,Geophysics & Seismology,2024,67.0,40.0603
400604,Paleontology,2012,1.0,40.0604
400604,Paleontology,2013,2.0,40.0604
400604,Paleontology,2014,4.0,40.0604
400604,Paleontology,2015,3.0,40.0604
400604,Paleontology,2016,6.0,40.0604
400604,Paleontology,2017,1.0,40.0604
400604,Paleontology,2018,4.0,40.0604
400604,Paleontology,2019,3.0,40.0604
400604,Paleontology,2020,2.0,40.0604
400604,Paleontology,2021,2.0,40.0604
400604,Paleontology,2022,3.0,40.0604
400604,Paleontology,2023,7.0,40.0604
400604,Paleontology,2024,3.0,40.0604
400605,Hydrology & Water Resources Science,2012,66.0,40.0605
400605,Hydrology & Water Resources Science,2013,69.0,40.0605
400605,Hydrology & Water Resources Science,2014,67.0,40.0605
400605,Hydrology & Water Resources Science,2015,86.0,40.0605
400605,Hydrology & Water Resources Science,2016,89.0,40.0605
400605,Hydrology & Water Resources Science,2017,94.0,40.0605
400605,Hydrology & Water Resources Science,2018,87.0,40.0605
400605,Hydrology & Water Resources Science,2019,103.0,40.0605
400605,Hydrology & Water Resources Science,2020,102.0,40.0605
400605,Hydrology & Water Resources Science,2021,97.0,40.0605
400605,Hydrology & Water Resources Science,2022,93.0,40.0605
400605,Hydrology & Water Resources Science,2023,98.0,40.0605
400605,Hydrology & Water Resources Science,2024,99.0,40.0605
400607,Chemical & Physical Oceanography,2012,159.0,40.0607
400607,Chemical & Physical Oceanography,2013,149.0,40.0607
400607,Chemical & Physical Oceanography,2014,155.0,40.0607
400607,Chemical & Physical Oceanography,2015,147.0,40.0607
400607,Chemical & Physical Oceanography,2016,155.0,40.0607
400607,Chemical & Physical Oceanography,2017,168.0,40.0607
400607,Chemical & Physical Oceanography,2018,155.0,40.0607
400607,Chemical & Physical Oceanography,2019,146.0,40.0607
400607,Chemical & Physical Oceanography,2020,160.0,40.0607
400607,Chemical & Physical Oceanography,2021,182.0,40.0607
400607,Chemical & Physical Oceanography,2022,194.0,40.0607
400607,Chemical & Physical Oceanography,2023,175.0,40.0607
400607,Chemical & Physical Oceanography,2024,204.0,40.0607
400699,Other Geological & Earth Sciences,2012,154.0,40.0699
400699,Other Geological & Earth Sciences,2013,106.0,40.0699
400699,Other Geological & Earth Sciences,2014,144.0,40.0699
400699,Other Geological & Earth Sciences,2015,143.0,40.0699
400699,Other Geological & Earth Sciences,2016,152.0,40.0699
400699,Other Geological & Earth Sciences,2017,173.0,40.0699
400699,Other Geological & Earth Sciences,2018,161.0,40.0699
400699,Other Geological & Earth Sciences,2019,169.0,40.0699
400699,Other Geological & Earth Sciences,2020,144.0,40.0699
400699,Other Geological & Earth Sciences,2021,137.0,40.0699
400699,Other Geological & Earth Sciences,2022,139.0,40.0699
400699,Other Geological & Earth Sciences,2023,146.0,40.0699
400699,Other Geological & Earth Sciences,2024,134.0,40.0699
400801,General Physics,2012,1696.0,40.0801
400801,General Physics,2013,1768.0,40.0801
400801,General Physics,2014,1682.0,40.0801
400801,General Physics,2015,1703.0,40.0801
400801,General Physics,2016,1691.0,40.0801
400801,General Physics,2017,1628.0,40.0801
400801,General Physics,2018,1896.0,40.0801
400801,General Physics,2019,1686.0,40.0801
400801,General Physics,2020,1782.0,40.0801
400801,General Physics,2021,1643.0,40.0801
400801,General Physics,2022,1725.0,40.0801
400801,General Physics,2023,1774.0,40.0801
400801,General Physics,2024,1938.0,40.0801
400802,Atomic & Molecular Physics,2012,11.0,40.0802
400802,Atomic & Molecular Physics,2013,10.0,40.0802
400802,Atomic & Molecular Physics,2014,3.0,40.0802
400802,Atomic & Molecular Physics,2015,12.0,40.0802
400802,Atomic & Molecular Physics,2016,21.0,40.0802
400802,Atomic & Molecular Physics,2017,13.0,40.0802
400802,Atomic & Molecular Physics,2018,11.0,40.0802
400802,Atomic & Molecular Physics,2019,3.0,40.0802
400802,Atomic & Molecular Physics,2020,5.0,40.0802
400802,Atomic & Molecular Physics,2021,1.0,40.0802
400802,Atomic & Molecular Physics,2022,3.0,40.0802
400802,Atomic & Molecular Physics,2023,7.0,40.0802
400802,Atomic & Molecular Physics,2024,4.0,40.0802
400804,Elementary Particle Physics,2013,1.0,40.0804
400804,Elementary Particle Physics,2014,0.0,40.0804
400804,Elementary Particle Physics,2015,0.0,40.0804
400804,Elementary Particle Physics,2016,5.0,40.0804
400804,Elementary Particle Physics,2017,1.0,40.0804
400804,Elementary Particle Physics,2018,0.0,40.0804
400804,Elementary Particle Physics,2019,0.0,40.0804
400804,Elementary Particle Physics,2020,0.0,40.0804
400804,Elementary Particle Physics,2021,1.0,40.0804
400804,Elementary Particle Physics,2022,0.0,40.0804
400804,Elementary Particle Physics,2023,1.0,40.0804
400804,Elementary Particle Physics,2024,0.0,40.0804
400806,Nuclear Physics,2013,1.0,40.0806
400806,Nuclear Physics,2014,1.0,40.0806
400806,Nuclear Physics,2015,0.0,40.0806
400806,Nuclear Physics,2016,0.0,40.0806
400806,Nuclear Physics,2017,0.0,40.0806
400806,Nuclear Physics,2018,1.0,40.0806
400806,Nuclear Physics,2019,0.0,40.0806
400806,Nuclear Physics,2020,2.0,40.0806
400806,Nuclear Physics,2021,1.0,40.0806
400806,Nuclear Physics,2022,0.0,40.0806
400806,Nuclear Physics,2023,0.0,40.0806
400806,Nuclear Physics,2024,1.0,40.0806
400807,Optical Sciences,2012,79.0,40.0807
400807,Optical Sciences,2013,78.0,40.0807
400807,Optical Sciences,2014,77.0,40.0807
400807,Optical Sciences,2015,92.0,40.0807
400807,Optical Sciences,2016,122.0,40.0807
400807,Optical Sciences,2017,73.0,40.0807
400807,Optical Sciences,2018,98.0,40.0807
400807,Optical Sciences,2019,106.0,40.0807
400807,Optical Sciences,2020,83.0,40.0807
400807,Optical Sciences,2021,99.0,40.0807
400807,Optical Sciences,2022,110.0,40.0807
400807,Optical Sciences,2023,132.0,40.0807
400807,Optical Sciences,2024,120.0,40.0807
400808,Condensed Matter & Materials Physics,2012,1.0,40.0808
400808,Condensed Matter & Materials Physics,2013,0.0,40.0808
400808,Condensed Matter & Materials Physics,2014,2.0,40.0808
400808,Condensed Matter & Materials Physics,2015,2.0,40.0808
400808,Condensed Matter & Materials Physics,2016,2.0,40.0808
400808,Condensed Matter & Materials Physics,2017,2.0,40.0808
400808,Condensed Matter & Materials Physics,2018,3.0,40.0808
400808,Condensed Matter & Materials Physics,2019,4.0,40.0808
400808,Condensed Matter & Materials Physics,2020,4.0,40.0808
400808,Condensed Matter & Materials Physics,2021,3.0,40.0808
400808,Condensed Matter & Materials Physics,2022,0.0,40.0808
400808,Condensed Matter & Materials Physics,2023,1.0,40.0808
400808,Condensed Matter & Materials Physics,2024,0.0,40.0808
400809,Acoustics,2012,17.0,40.0809
400809,Acoustics,2013,21.0,40.0809
400809,Acoustics,2014,19.0,40.0809
400809,Acoustics,2015,20.0,40.0809
400809,Acoustics,2016,23.0,40.0809
400809,Acoustics,2017,25.0,40.0809
400809,Acoustics,2018,32.0,40.0809
400809,Acoustics,2019,59.0,40.0809
400809,Acoustics,2020,69.0,40.0809
400809,Acoustics,2021,54.0,40.0809
400809,Acoustics,2022,52.0,40.0809
400809,Acoustics,2023,85.0,40.0809
400809,Acoustics,2024,67.0,40.0809
400810,Theoretical & Mathematical Physics,2023,0.0,40.081
400810,Theoretical & Mathematical Physics,2024,0.0,40.081
400899,Other Physics,2012,85.0,40.0899
400899,Other Physics,2013,120.0,40.0899
400899,Other Physics,2014,107.0,40.0899
400899,Other Physics,2015,110.0,40.0899
400899,Other Physics,2016,113.0,40.0899
400899,Other Physics,2017,124.0,40.0899
400899,Other Physics,2018,119.0,40.0899
400899,Other Physics,2019,140.0,40.0899
400899,Other Physics,2020,148.0,40.0899
400899,Other Physics,2021,147.0,40.0899
400899,Other Physics,2022,154.0,40.0899
400899,Other Physics,2023,152.0,40.0899
400899,Other Physics,2024,154.0,40.0899
401001,Materials Science,2012,183.0,40.1001
401001,Materials Science,2013,182.0,40.1001
401001,Materials Science,2014,201.0,40.1001
401001,Materials Science,2015,176.0,40.1001
401001,Materials Science,2016,242.0,40.1001
401001,Materials Science,2017,228.0,40.1001
401001,Materials Science,2018,238.0,40.1001
401001,Materials Science,2019,252.0,40.1001
401001,Materials Science,2020,285.0,40.1001
401001,Materials Science,2021,248.0,40.1001
401001,Materials Science,2022,228.0,40.1001
401001,Materials Science,2023,258.0,40.1001
401001,Materials Science,2024,250.0,40.1001
401002,Materials Chemistry,2012,9.0,40.1002
401002,Materials Chemistry,2013,12.0,40.1002
401002,Materials Chemistry,2014,12.0,40.1002
401002,Materials Chemistry,2015,20.0,40.1002
401002,Materials Chemistry,2016,10.0,40.1002
401002,Materials Chemistry,2017,11.0,40.1002
401002,Materials Chemistry,2018,7.0,40.1002
401002,Materials Chemistry,2019,9.0,40.1002
401002,Materials Chemistry,2020,18.0,40.1002
401002,Materials Chemistry,2021,14.0,40.1002
401002,Materials Chemistry,2022,13.0,40.1002
401002,Materials Chemistry,2023,8.0,40.1002
401002,Materials Chemistry,2024,5.0,40.1002
401099,Other Materials Sciences,2012,1.0,40.1099
401099,Other Materials Sciences,2013,1.0,40.1099
401099,Other Materials Sciences,2014,0.0,40.1099
401099,Other Materials Sciences,2015,0.0,40.1099
401099,Other Materials Sciences,2016,2.0,40.1099
401099,Other Materials Sciences,2017,2.0,40.1099
401099,Other Materials Sciences,2018,3.0,40.1099
401099,Other Materials Sciences,2019,5.0,40.1099
401099,Other Materials Sciences,2020,4.0,40.1099
401099,Other Materials Sciences,2021,8.0,40.1099
401099,Other Materials Sciences,2022,11.0,40.1099
401099,Other Materials Sciences,2023,13.0,40.1099
401099,Other Materials Sciences,2024,6.0,40.1099
401101,Physics And Astronomy,2020,37.0,40.1101
401101,Physics And Astronomy,2021,9.0,40.1101
401101,Physics And Astronomy,2022,17.0,40.1101
401101,Physics And Astronomy,2023,4.0,40.1101
401101,Physics And Astronomy,2024,16.0,40.1101
409999,Other Physical Sciences,2012,136.0,40.9999
409999,Other Physical Sciences,2013,106.0,40.9999
409999,Other Physical Sciences,2014,108.0,40.9999
409999,Other Physical Sciences,2015,84.0,40.9999
409999,Other Physical Sciences,2016,63.0,40.9999
409999,Other Physical Sciences,2017,88.0,40.9999
409999,Other Physical Sciences,2018,105.0,40.9999
409999,Other Physical Sciences,2019,99.0,40.9999
409999,Other Physical Sciences,2020,107.0,40.9999
409999,Other Physical Sciences,2021,148.0,40.9999
409999,Other Physical Sciences,2022,131.0,40.9999
409999,Other Physical Sciences,2023,153.0,40.9999
409999,Other Physical Sciences,2024,132.0,40.9999
410000,General Science Technology,2018,7.0,41.0
410000,General Science Technology,2019,3.0,41.0
410000,General Science Technology,2020,12.0,41.0
410000,General Science Technology,2021,3.0,41.0
410000,General Science Technology,2022,8.0,41.0
410000,General Science Technology,2023,3.0,41.0
410000,General Science Technology,2024,1.0,41.0
410101,Biology Laboratory Technician,2019,0.0,41.0101
410101,Biology Laboratory Technician,2020,4.0,41.0101
410101,Biology Laboratory Technician,2021,3.0,41.0101
410101,Biology Laboratory Technician,2022,1.0,41.0101
410101,Biology Laboratory Technician,2023,3.0,41.0101
410101,Biology Laboratory Technician,2024,2.0,41.0101
410205,Nuclear Power Technology,2012,5.0,41.0205
410205,Nuclear Power Technology,2013,5.0,41.0205
410205,Nuclear Power Technology,2014,0.0,41.0205
410205,Nuclear Power Technology,2015,5.0,41.0205
410205,Nuclear Power Technology,2016,4.0,41.0205
410205,Nuclear Power Technology,2017,0.0,41.0205
410205,Nuclear Power Technology,2018,0.0,41.0205
410205,Nuclear Power Technology,2019,0.0,41.0205
410205,Nuclear Power Technology,2020,0.0,41.0205
410205,Nuclear Power Technology,2021,0.0,41.0205
410205,Nuclear Power Technology,2022,0.0,41.0205
410205,Nuclear Power Technology,2023,0.0,41.0205
410205,Nuclear Power Technology,2024,0.0,41.0205
410301,Chemical Technology,2012,9.0,41.0301
410301,Chemical Technology,2013,6.0,41.0301
410301,Chemical Technology,2014,5.0,41.0301
410301,Chemical Technology,2015,2.0,41.0301
410301,Chemical Technology,2016,3.0,41.0301
410301,Chemical Technology,2017,2.0,41.0301
410301,Chemical Technology,2019,0.0,41.0301
410301,Chemical Technology,2020,0.0,41.0301
410301,Chemical Technology,2021,11.0,41.0301
410301,Chemical Technology,2022,19.0,41.0301
410301,Chemical Technology,2023,30.0,41.0301
410301,Chemical Technology,2024,36.0,41.0301
410303,Chemical Process Technology,2020,0.0,41.0303
410303,Chemical Process Technology,2021,2.0,41.0303
410303,Chemical Process Technology,2022,0.0,41.0303
410303,Chemical Process Technology,2023,1.0,41.0303
410303,Chemical Process Technology,2024,3.0,41.0303
419999,Other Science Technologies,2012,27.0,41.9999
419999,Other Science Technologies,2013,29.0,41.9999
419999,Other Science Technologies,2014,29.0,41.9999
419999,Other Science Technologies,2015,43.0,41.9999
419999,Other Science Technologies,2016,76.0,41.9999
419999,Other Science Technologies,2017,48.0,41.9999
419999,Other Science Technologies,2018,58.0,41.9999
419999,Other Science Technologies,2019,51.0,41.9999
419999,Other Science Technologies,2020,49.0,41.9999
419999,Other Science Technologies,2021,47.0,41.9999
419999,Other Science Technologies,2022,48.0,41.9999
419999,Other Science Technologies,2023,56.0,41.9999
419999,Other Science Technologies,2024,51.0,41.9999
420101,General Psychology,2012,6406.0,42.0101
420101,General Psychology,2013,6344.0,42.0101
420101,General Psychology,2014,6390.0,42.0101
420101,General Psychology,2015,6142.0,42.0101
420101,General Psychology,2016,6630.0,42.0101
420101,General Psychology,2017,6349.0,42.0101
420101,General Psychology,2018,6331.0,42.0101
420101,General Psychology,2019,6210.0,42.0101
420101,General Psychology,2020,5985.0,42.0101
420101,General Psychology,2021,6330.0,42.0101
420101,General Psychology,2022,6370.0,42.0101
420101,General Psychology,2023,6995.0,42.0101
420101,General Psychology,2024,6999.0,42.0101
422701,Cognitive Psychology & Psycholinguistics,2012,10.0,42.2701
422701,Cognitive Psychology & Psycholinguistics,2013,7.0,42.2701
422701,Cognitive Psychology & Psycholinguistics,2014,5.0,42.2701
422701,Cognitive Psychology & Psycholinguistics,2015,8.0,42.2701
422701,Cognitive Psychology & Psycholinguistics,2016,33.0,42.2701
422701,Cognitive Psychology & Psycholinguistics,2017,32.0,42.2701
422701,Cognitive Psychology & Psycholinguistics,2018,26.0,42.2701
422701,Cognitive Psychology & Psycholinguistics,2019,46.0,42.2701
422701,Cognitive Psychology & Psycholinguistics,2020,38.0,42.2701
422701,Cognitive Psychology & Psycholinguistics,2021,31.0,42.2701
422701,Cognitive Psychology & Psycholinguistics,2022,37.0,42.2701
422701,Cognitive Psychology & Psycholinguistics,2023,49.0,42.2701
422701,Cognitive Psychology & Psycholinguistics,2024,61.0,42.2701
422702,Comparative Psychology,2012,5.0,42.2702
422702,Comparative Psychology,2013,5.0,42.2702
422702,Comparative Psychology,2014,5.0,42.2702
422702,Comparative Psychology,2015,15.0,42.2702
422702,Comparative Psychology,2016,17.0,42.2702
422702,Comparative Psychology,2017,19.0,42.2702
422702,Comparative Psychology,2018,14.0,42.2702
422702,Comparative Psychology,2019,13.0,42.2702
422702,Comparative Psychology,2020,13.0,42.2702
422702,Comparative Psychology,2021,24.0,42.2702
422702,Comparative Psychology,2022,21.0,42.2702
422702,Comparative Psychology,2023,16.0,42.2702
422702,Comparative Psychology,2024,9.0,42.2702
422703,Developmental & Child Psychology,2012,294.0,42.2703
422703,Developmental & Child Psychology,2013,318.0,42.2703
422703,Developmental & Child Psychology,2014,359.0,42.2703
422703,Developmental & Child Psychology,2015,308.0,42.2703
422703,Developmental & Child Psychology,2016,314.0,42.2703
422703,Developmental & Child Psychology,2017,307.0,42.2703
422703,Developmental & Child Psychology,2018,319.0,42.2703
422703,Developmental & Child Psychology,2019,337.0,42.2703
422703,Developmental & Child Psychology,2020,601.0,42.2703
422703,Developmental & Child Psychology,2021,694.0,42.2703
422703,Developmental & Child Psychology,2022,795.0,42.2703
422703,Developmental & Child Psychology,2023,1169.0,42.2703
422703,Developmental & Child Psychology,2024,1007.0,42.2703
422704,Experimental Psychology,2012,149.0,42.2704
422704,Experimental Psychology,2013,165.0,42.2704
422704,Experimental Psychology,2014,180.0,42.2704
422704,Experimental Psychology,2015,204.0,42.2704
422704,Experimental Psychology,2016,244.0,42.2704
422704,Experimental Psychology,2017,224.0,42.2704
422704,Experimental Psychology,2018,274.0,42.2704
422704,Experimental Psychology,2019,312.0,42.2704
422704,Experimental Psychology,2020,336.0,42.2704
422704,Experimental Psychology,2021,343.0,42.2704
422704,Experimental Psychology,2022,398.0,42.2704
422704,Experimental Psychology,2023,457.0,42.2704
422704,Experimental Psychology,2024,334.0,42.2704
422705,Personality Psychology,2012,6.0,42.2705
422705,Personality Psychology,2013,3.0,42.2705
422705,Personality Psychology,2014,7.0,42.2705
422705,Personality Psychology,2015,11.0,42.2705
422705,Personality Psychology,2016,2.0,42.2705
422705,Personality Psychology,2017,10.0,42.2705
422705,Personality Psychology,2018,8.0,42.2705
422705,Personality Psychology,2019,5.0,42.2705
422705,Personality Psychology,2020,6.0,42.2705
422705,Personality Psychology,2021,5.0,42.2705
422705,Personality Psychology,2022,9.0,42.2705
422705,Personality Psychology,2023,8.0,42.2705
422705,Personality Psychology,2024,4.0,42.2705
422706,Physiological Psychology & Psychobiology,2012,13.0,42.2706
422706,Physiological Psychology & Psychobiology,2013,26.0,42.2706
422706,Physiological Psychology & Psychobiology,2014,28.0,42.2706
422706,Physiological Psychology & Psychobiology,2015,35.0,42.2706
422706,Physiological Psychology & Psychobiology,2016,44.0,42.2706
422706,Physiological Psychology & Psychobiology,2017,53.0,42.2706
422706,Physiological Psychology & Psychobiology,2018,42.0,42.2706
422706,Physiological Psychology & Psychobiology,2019,28.0,42.2706
422706,Physiological Psychology & Psychobiology,2020,37.0,42.2706
422706,Physiological Psychology & Psychobiology,2021,41.0,42.2706
422706,Physiological Psychology & Psychobiology,2022,47.0,42.2706
422706,Physiological Psychology & Psychobiology,2023,49.0,42.2706
422706,Physiological Psychology & Psychobiology,2024,55.0,42.2706
422707,Social Psychology,2012,40.0,42.2707
422707,Social Psychology,2013,49.0,42.2707
422707,Social Psychology,2014,53.0,42.2707
422707,Social Psychology,2015,173.0,42.2707
422707,Social Psychology,2016,37.0,42.2707
422707,Social Psychology,2017,36.0,42.2707
422707,Social Psychology,2018,36.0,42.2707
422707,Social Psychology,2019,41.0,42.2707
422707,Social Psychology,2020,46.0,42.2707
422707,Social Psychology,2021,41.0,42.2707
422707,Social Psychology,2022,57.0,42.2707
422707,Social Psychology,2023,63.0,42.2707
422707,Social Psychology,2024,55.0,42.2707
422708,Psychometrics & Quantitative Psychology,2012,15.0,42.2708
422708,Psychometrics & Quantitative Psychology,2013,11.0,42.2708
422708,Psychometrics & Quantitative Psychology,2014,14.0,42.2708
422708,Psychometrics & Quantitative Psychology,2015,15.0,42.2708
422708,Psychometrics & Quantitative Psychology,2016,14.0,42.2708
422708,Psychometrics & Quantitative Psychology,2017,16.0,42.2708
422708,Psychometrics & Quantitative Psychology,2018,19.0,42.2708
422708,Psychometrics & Quantitative Psychology,2019,26.0,42.2708
422708,Psychometrics & Quantitative Psychology,2020,33.0,42.2708
422708,Psychometrics & Quantitative Psychology,2021,53.0,42.2708
422708,Psychometrics & Quantitative Psychology,2022,53.0,42.2708
422708,Psychometrics & Quantitative Psychology,2023,63.0,42.2708
422708,Psychometrics & Quantitative Psychology,2024,42.0,42.2708
422709,Psychopharmacology,2012,37.0,42.2709
422709,Psychopharmacology,2013,39.0,42.2709
422709,Psychopharmacology,2014,36.0,42.2709
422709,Psychopharmacology,2015,42.0,42.2709
422709,Psychopharmacology,2016,10.0,42.2709
422709,Psychopharmacology,2017,16.0,42.2709
422709,Psychopharmacology,2018,43.0,42.2709
422709,Psychopharmacology,2019,23.0,42.2709
422709,Psychopharmacology,2020,25.0,42.2709
422709,Psychopharmacology,2021,11.0,42.2709
422709,Psychopharmacology,2022,24.0,42.2709
422709,Psychopharmacology,2023,33.0,42.2709
422709,Psychopharmacology,2024,67.0,42.2709
422799,Other Research & Experimental Psychology,2013,5.0,42.2799
422799,Other Research & Experimental Psychology,2014,18.0,42.2799
422799,Other Research & Experimental Psychology,2015,37.0,42.2799
422799,Other Research & Experimental Psychology,2016,37.0,42.2799
422799,Other Research & Experimental Psychology,2017,97.0,42.2799
422799,Other Research & Experimental Psychology,2018,195.0,42.2799
422799,Other Research & Experimental Psychology,2019,227.0,42.2799
422799,Other Research & Experimental Psychology,2020,436.0,42.2799
422799,Other Research & Experimental Psychology,2021,443.0,42.2799
422799,Other Research & Experimental Psychology,2022,494.0,42.2799
422799,Other Research & Experimental Psychology,2023,637.0,42.2799
422799,Other Research & Experimental Psychology,2024,670.0,42.2799
422801,Clinical Psychology,2012,2534.0,42.2801
422801,Clinical Psychology,2013,2818.0,42.2801
422801,Clinical Psychology,2014,2845.0,42.2801
422801,Clinical Psychology,2015,2473.0,42.2801
422801,Clinical Psychology,2016,2680.0,42.2801
422801,Clinical Psychology,2017,2466.0,42.2801
422801,Clinical Psychology,2018,2466.0,42.2801
422801,Clinical Psychology,2019,2751.0,42.2801
422801,Clinical Psychology,2020,2349.0,42.2801
422801,Clinical Psychology,2021,2410.0,42.2801
422801,Clinical Psychology,2022,2701.0,42.2801
422801,Clinical Psychology,2023,2956.0,42.2801
422801,Clinical Psychology,2024,3156.0,42.2801
422802,Community Psychology,2012,266.0,42.2802
422802,Community Psychology,2013,226.0,42.2802
422802,Community Psychology,2014,225.0,42.2802
422802,Community Psychology,2015,214.0,42.2802
422802,Community Psychology,2016,219.0,42.2802
422802,Community Psychology,2017,235.0,42.2802
422802,Community Psychology,2018,222.0,42.2802
422802,Community Psychology,2019,230.0,42.2802
422802,Community Psychology,2020,194.0,42.2802
422802,Community Psychology,2021,223.0,42.2802
422802,Community Psychology,2022,283.0,42.2802
422802,Community Psychology,2023,206.0,42.2802
422802,Community Psychology,2024,229.0,42.2802
422803,Counseling Psychology,2012,8592.0,42.2803
422803,Counseling Psychology,2013,9597.0,42.2803
422803,Counseling Psychology,2014,9537.0,42.2803
422803,Counseling Psychology,2015,9496.0,42.2803
422803,Counseling Psychology,2016,9355.0,42.2803
422803,Counseling Psychology,2017,8824.0,42.2803
422803,Counseling Psychology,2018,8312.0,42.2803
422803,Counseling Psychology,2019,8374.0,42.2803
422803,Counseling Psychology,2020,8003.0,42.2803
422803,Counseling Psychology,2021,8317.0,42.2803
422803,Counseling Psychology,2022,8991.0,42.2803
422803,Counseling Psychology,2023,9589.0,42.2803
422803,Counseling Psychology,2024,10254.0,42.2803
422804,Industrial & Organizational Psychology,2012,1127.0,42.2804
422804,Industrial & Organizational Psychology,2013,1070.0,42.2804
422804,Industrial & Organizational Psychology,2014,1084.0,42.2804
422804,Industrial & Organizational Psychology,2015,1099.0,42.2804
422804,Industrial & Organizational Psychology,2016,1305.0,42.2804
422804,Industrial & Organizational Psychology,2017,1395.0,42.2804
422804,Industrial & Organizational Psychology,2018,1434.0,42.2804
422804,Industrial & Organizational Psychology,2019,1524.0,42.2804
422804,Industrial & Organizational Psychology,2020,1553.0,42.2804
422804,Industrial & Organizational Psychology,2021,1694.0,42.2804
422804,Industrial & Organizational Psychology,2022,1722.0,42.2804
422804,Industrial & Organizational Psychology,2023,2091.0,42.2804
422804,Industrial & Organizational Psychology,2024,1990.0,42.2804
422805,School Psychology,2012,1673.0,42.2805
422805,School Psychology,2013,1762.0,42.2805
422805,School Psychology,2014,1689.0,42.2805
422805,School Psychology,2015,1742.0,42.2805
422805,School Psychology,2016,1880.0,42.2805
422805,School Psychology,2017,2054.0,42.2805
422805,School Psychology,2018,1881.0,42.2805
422805,School Psychology,2019,1861.0,42.2805
422805,School Psychology,2020,2150.0,42.2805
422805,School Psychology,2021,2017.0,42.2805
422805,School Psychology,2022,2348.0,42.2805
422805,School Psychology,2023,2441.0,42.2805
422805,School Psychology,2024,2408.0,42.2805
422806,Educational Psychology,2012,1376.0,42.2806
422806,Educational Psychology,2013,1355.0,42.2806
422806,Educational Psychology,2014,1291.0,42.2806
422806,Educational Psychology,2015,1360.0,42.2806
422806,Educational Psychology,2016,1252.0,42.2806
422806,Educational Psychology,2017,1276.0,42.2806
422806,Educational Psychology,2018,1285.0,42.2806
422806,Educational Psychology,2019,1292.0,42.2806
422806,Educational Psychology,2020,1311.0,42.2806
422806,Educational Psychology,2021,1343.0,42.2806
422806,Educational Psychology,2022,1393.0,42.2806
422806,Educational Psychology,2023,1541.0,42.2806
422806,Educational Psychology,2024,1372.0,42.2806
422807,Clinical Child Psychology,2012,28.0,42.2807
422807,Clinical Child Psychology,2013,12.0,42.2807
422807,Clinical Child Psychology,2014,17.0,42.2807
422807,Clinical Child Psychology,2015,11.0,42.2807
422807,Clinical Child Psychology,2016,20.0,42.2807
422807,Clinical Child Psychology,2017,27.0,42.2807
422807,Clinical Child Psychology,2018,21.0,42.2807
422807,Clinical Child Psychology,2019,34.0,42.2807
422807,Clinical Child Psychology,2020,41.0,42.2807
422807,Clinical Child Psychology,2021,42.0,42.2807
422807,Clinical Child Psychology,2022,35.0,42.2807
422807,Clinical Child Psychology,2023,41.0,42.2807
422807,Clinical Child Psychology,2024,26.0,42.2807
422808,Environmental Psychology,2012,25.0,42.2808
422808,Environmental Psychology,2013,23.0,42.2808
422808,Environmental Psychology,2014,71.0,42.2808
422808,Environmental Psychology,2015,23.0,42.2808
422808,Environmental Psychology,2016,12.0,42.2808
422808,Environmental Psychology,2017,22.0,42.2808
422808,Environmental Psychology,2018,9.0,42.2808
422808,Environmental Psychology,2019,2.0,42.2808
422808,Environmental Psychology,2020,4.0,42.2808
422808,Environmental Psychology,2021,4.0,42.2808
422808,Environmental Psychology,2022,0.0,42.2808
422808,Environmental Psychology,2023,0.0,42.2808
422808,Environmental Psychology,2024,0.0,42.2808
422809,Geropsychology,2012,1.0,42.2809
422809,Geropsychology,2014,1.0,42.2809
422809,Geropsychology,2015,5.0,42.2809
422809,Geropsychology,2016,1.0,42.2809
422809,Geropsychology,2017,5.0,42.2809
422809,Geropsychology,2018,2.0,42.2809
422809,Geropsychology,2019,2.0,42.2809
422809,Geropsychology,2020,2.0,42.2809
422809,Geropsychology,2021,2.0,42.2809
422809,Geropsychology,2022,4.0,42.2809
422809,Geropsychology,2023,0.0,42.2809
422809,Geropsychology,2024,0.0,42.2809
422810,Health & Medical Psychology,2012,56.0,42.281
422810,Health & Medical Psychology,2013,57.0,42.281
422810,Health & Medical Psychology,2014,32.0,42.281
422810,Health & Medical Psychology,2015,19.0,42.281
422810,Health & Medical Psychology,2016,2.0,42.281
422810,Health & Medical Psychology,2017,10.0,42.281
422810,Health & Medical Psychology,2018,9.0,42.281
422810,Health & Medical Psychology,2019,20.0,42.281
422810,Health & Medical Psychology,2020,36.0,42.281
422810,Health & Medical Psychology,2021,36.0,42.281
422810,Health & Medical Psychology,2022,48.0,42.281
422810,Health & Medical Psychology,2023,35.0,42.281
422810,Health & Medical Psychology,2024,67.0,42.281
422811,Family Psychology,2012,39.0,42.2811
422811,Family Psychology,2013,79.0,42.2811
422811,Family Psychology,2014,44.0,42.2811
422811,Family Psychology,2015,66.0,42.2811
422811,Family Psychology,2016,50.0,42.2811
422811,Family Psychology,2017,77.0,42.2811
422811,Family Psychology,2018,74.0,42.2811
422811,Family Psychology,2019,66.0,42.2811
422811,Family Psychology,2020,55.0,42.2811
422811,Family Psychology,2021,48.0,42.2811
422811,Family Psychology,2022,34.0,42.2811
422811,Family Psychology,2023,41.0,42.2811
422811,Family Psychology,2024,46.0,42.2811
422812,Forensic Psychology,2012,774.0,42.2812
422812,Forensic Psychology,2013,686.0,42.2812
422812,Forensic Psychology,2014,831.0,42.2812
422812,Forensic Psychology,2015,861.0,42.2812
422812,Forensic Psychology,2016,848.0,42.2812
422812,Forensic Psychology,2017,746.0,42.2812
422812,Forensic Psychology,2018,781.0,42.2812
422812,Forensic Psychology,2019,921.0,42.2812
422812,Forensic Psychology,2020,1157.0,42.2812
422812,Forensic Psychology,2021,1245.0,42.2812
422812,Forensic Psychology,2022,1439.0,42.2812
422812,Forensic Psychology,2023,1487.0,42.2812
422812,Forensic Psychology,2024,1587.0,42.2812
422813,Applied Psychology,2012,580.0,42.2813
422813,Applied Psychology,2013,539.0,42.2813
422813,Applied Psychology,2014,530.0,42.2813
422813,Applied Psychology,2015,195.0,42.2813
422813,Applied Psychology,2016,230.0,42.2813
422813,Applied Psychology,2017,345.0,42.2813
422813,Applied Psychology,2018,420.0,42.2813
422813,Applied Psychology,2019,486.0,42.2813
422813,Applied Psychology,2020,629.0,42.2813
422813,Applied Psychology,2021,764.0,42.2813
422813,Applied Psychology,2022,903.0,42.2813
422813,Applied Psychology,2023,1017.0,42.2813
422813,Applied Psychology,2024,1258.0,42.2813
422814,Applied Behavior Analysis,2012,207.0,42.2814
422814,Applied Behavior Analysis,2013,229.0,42.2814
422814,Applied Behavior Analysis,2014,290.0,42.2814
422814,Applied Behavior Analysis,2015,498.0,42.2814
422814,Applied Behavior Analysis,2016,802.0,42.2814
422814,Applied Behavior Analysis,2017,1209.0,42.2814
422814,Applied Behavior Analysis,2018,1871.0,42.2814
422814,Applied Behavior Analysis,2019,2445.0,42.2814
422814,Applied Behavior Analysis,2020,2942.0,42.2814
422814,Applied Behavior Analysis,2021,3834.0,42.2814
422814,Applied Behavior Analysis,2022,3548.0,42.2814
422814,Applied Behavior Analysis,2023,4526.0,42.2814
422814,Applied Behavior Analysis,2024,4599.0,42.2814
422815,Performance And Sport Psychology,2020,61.0,42.2815
422815,Performance And Sport Psychology,2021,70.0,42.2815
422815,Performance And Sport Psychology,2022,167.0,42.2815
422815,Performance And Sport Psychology,2023,132.0,42.2815
422815,Performance And Sport Psychology,2024,179.0,42.2815
422817,Transpersonal/Spiritual Psychology,2020,11.0,42.2817
422817,Transpersonal/Spiritual Psychology,2021,9.0,42.2817
422817,Transpersonal/Spiritual Psychology,2022,6.0,42.2817
422817,Transpersonal/Spiritual Psychology,2023,20.0,42.2817
422817,Transpersonal/Spiritual Psychology,2024,15.0,42.2817
422899,"Other Clinical, Counseling, & Applied Psychology",2012,626.0,42.2899
422899,"Other Clinical, Counseling, & Applied Psychology",2013,500.0,42.2899
422899,"Other Clinical, Counseling, & Applied Psychology",2014,457.0,42.2899
422899,"Other Clinical, Counseling, & Applied Psychology",2015,275.0,42.2899
422899,"Other Clinical, Counseling, & Applied Psychology",2016,233.0,42.2899
422899,"Other Clinical, Counseling, & Applied Psychology",2017,308.0,42.2899
422899,"Other Clinical, Counseling, & Applied Psychology",2018,329.0,42.2899
422899,"Other Clinical, Counseling, & Applied Psychology",2019,376.0,42.2899
422899,"Other Clinical, Counseling, & Applied Psychology",2020,523.0,42.2899
422899,"Other Clinical, Counseling, & Applied Psychology",2021,419.0,42.2899
422899,"Other Clinical, Counseling, & Applied Psychology",2022,378.0,42.2899
422899,"Other Clinical, Counseling, & Applied Psychology",2023,406.0,42.2899
422899,"Other Clinical, Counseling, & Applied Psychology",2024,347.0,42.2899
429999,Other Psychology,2012,934.0,42.9999
429999,Other Psychology,2013,1116.0,42.9999
429999,Other Psychology,2014,2384.0,42.9999
429999,Other Psychology,2015,1983.0,42.9999
429999,Other Psychology,2016,1955.0,42.9999
429999,Other Psychology,2017,1893.0,42.9999
429999,Other Psychology,2018,2025.0,42.9999
429999,Other Psychology,2019,1930.0,42.9999
429999,Other Psychology,2020,1706.0,42.9999
429999,Other Psychology,2021,1777.0,42.9999
429999,Other Psychology,2022,1833.0,42.9999
429999,Other Psychology,2023,1975.0,42.9999
429999,Other Psychology,2024,2060.0,42.9999
430100,"Criminal Justice And Corrections, General",2020,14.0,43.01
430100,"Criminal Justice And Corrections, General",2021,33.0,43.01
430100,"Criminal Justice And Corrections, General",2022,17.0,43.01
430100,"Criminal Justice And Corrections, General",2023,36.0,43.01
430100,"Criminal Justice And Corrections, General",2024,27.0,43.01
430102,Corrections,2012,13.0,43.0102
430102,Corrections,2013,19.0,43.0102
430102,Corrections,2014,18.0,43.0102
430102,Corrections,2015,25.0,43.0102
430102,Corrections,2016,13.0,43.0102
430102,Corrections,2017,9.0,43.0102
430102,Corrections,2018,7.0,43.0102
430102,Corrections,2019,3.0,43.0102
430102,Corrections,2020,4.0,43.0102
430102,Corrections,2021,1.0,43.0102
430102,Corrections,2022,1.0,43.0102
430102,Corrections,2023,2.0,43.0102
430102,Corrections,2024,0.0,43.0102
430103,Criminal Justice - Law Enforcement Administration,2012,2141.0,43.0103
430103,Criminal Justice - Law Enforcement Administration,2013,2153.0,43.0103
430103,Criminal Justice - Law Enforcement Administration,2014,2931.0,43.0103
430103,Criminal Justice - Law Enforcement Administration,2015,2920.0,43.0103
430103,Criminal Justice - Law Enforcement Administration,2016,3061.0,43.0103
430103,Criminal Justice - Law Enforcement Administration,2017,2754.0,43.0103
430103,Criminal Justice - Law Enforcement Administration,2018,2574.0,43.0103
430103,Criminal Justice - Law Enforcement Administration,2019,2638.0,43.0103
430103,Criminal Justice - Law Enforcement Administration,2020,2574.0,43.0103
430103,Criminal Justice - Law Enforcement Administration,2021,2792.0,43.0103
430103,Criminal Justice - Law Enforcement Administration,2022,2823.0,43.0103
430103,Criminal Justice - Law Enforcement Administration,2023,2651.0,43.0103
430103,Criminal Justice - Law Enforcement Administration,2024,2605.0,43.0103
430104,Criminal Justice - Safety Studies,2012,2806.0,43.0104
430104,Criminal Justice - Safety Studies,2013,2943.0,43.0104
430104,Criminal Justice - Safety Studies,2014,2876.0,43.0104
430104,Criminal Justice - Safety Studies,2015,3035.0,43.0104
430104,Criminal Justice - Safety Studies,2016,2822.0,43.0104
430104,Criminal Justice - Safety Studies,2017,3213.0,43.0104
430104,Criminal Justice - Safety Studies,2018,3223.0,43.0104
430104,Criminal Justice - Safety Studies,2019,3050.0,43.0104
430104,Criminal Justice - Safety Studies,2020,3321.0,43.0104
430104,Criminal Justice - Safety Studies,2021,3405.0,43.0104
430104,Criminal Justice - Safety Studies,2022,3524.0,43.0104
430104,Criminal Justice - Safety Studies,2023,3316.0,43.0104
430104,Criminal Justice - Safety Studies,2024,3043.0,43.0104
430107,Criminal Justice - Police Science,2012,71.0,43.0107
430107,Criminal Justice - Police Science,2013,83.0,43.0107
430107,Criminal Justice - Police Science,2014,70.0,43.0107
430107,Criminal Justice - Police Science,2015,67.0,43.0107
430107,Criminal Justice - Police Science,2016,56.0,43.0107
430107,Criminal Justice - Police Science,2017,55.0,43.0107
430107,Criminal Justice - Police Science,2018,51.0,43.0107
430107,Criminal Justice - Police Science,2019,58.0,43.0107
430107,Criminal Justice - Police Science,2020,90.0,43.0107
430107,Criminal Justice - Police Science,2021,90.0,43.0107
430107,Criminal Justice - Police Science,2022,107.0,43.0107
430107,Criminal Justice - Police Science,2023,99.0,43.0107
430107,Criminal Justice - Police Science,2024,109.0,43.0107
430109,Security & Loss Prevention Services,2012,25.0,43.0109
430109,Security & Loss Prevention Services,2013,28.0,43.0109
430109,Security & Loss Prevention Services,2014,17.0,43.0109
430109,Security & Loss Prevention Services,2015,25.0,43.0109
430109,Security & Loss Prevention Services,2016,27.0,43.0109
430109,Security & Loss Prevention Services,2017,38.0,43.0109
430109,Security & Loss Prevention Services,2018,32.0,43.0109
430109,Security & Loss Prevention Services,2019,29.0,43.0109
430109,Security & Loss Prevention Services,2020,22.0,43.0109
430109,Security & Loss Prevention Services,2021,62.0,43.0109
430109,Security & Loss Prevention Services,2022,162.0,43.0109
430109,Security & Loss Prevention Services,2023,26.0,43.0109
430109,Security & Loss Prevention Services,2024,20.0,43.0109
430110,Juvenile Corrections,2012,5.0,43.011
430110,Juvenile Corrections,2013,0.0,43.011
430110,Juvenile Corrections,2014,6.0,43.011
430110,Juvenile Corrections,2015,16.0,43.011
430110,Juvenile Corrections,2016,15.0,43.011
430110,Juvenile Corrections,2017,10.0,43.011
430110,Juvenile Corrections,2018,10.0,43.011
430110,Juvenile Corrections,2019,10.0,43.011
430110,Juvenile Corrections,2020,11.0,43.011
430110,Juvenile Corrections,2021,20.0,43.011
430110,Juvenile Corrections,2022,20.0,43.011
430110,Juvenile Corrections,2023,17.0,43.011
430110,Juvenile Corrections,2024,30.0,43.011
430112,Securities Services Management,2012,226.0,43.0112
430112,Securities Services Management,2013,284.0,43.0112
430112,Securities Services Management,2014,287.0,43.0112
430112,Securities Services Management,2015,269.0,43.0112
430112,Securities Services Management,2016,222.0,43.0112
430112,Securities Services Management,2017,205.0,43.0112
430112,Securities Services Management,2018,174.0,43.0112
430112,Securities Services Management,2019,163.0,43.0112
430112,Securities Services Management,2020,133.0,43.0112
430112,Securities Services Management,2021,130.0,43.0112
430112,Securities Services Management,2022,140.0,43.0112
430112,Securities Services Management,2023,132.0,43.0112
430112,Securities Services Management,2024,117.0,43.0112
430113,Corrections Administration,2012,8.0,43.0113
430113,Corrections Administration,2013,25.0,43.0113
430113,Corrections Administration,2014,11.0,43.0113
430113,Corrections Administration,2015,12.0,43.0113
430113,Corrections Administration,2016,17.0,43.0113
430113,Corrections Administration,2017,8.0,43.0113
430113,Corrections Administration,2018,6.0,43.0113
430113,Corrections Administration,2019,5.0,43.0113
430113,Corrections Administration,2020,6.0,43.0113
430113,Corrections Administration,2021,8.0,43.0113
430113,Corrections Administration,2022,5.0,43.0113
430113,Corrections Administration,2023,9.0,43.0113
430113,Corrections Administration,2024,7.0,43.0113
430114,Law Enforcement Investigation & Interviewing,2015,0.0,43.0114
430114,Law Enforcement Investigation & Interviewing,2016,0.0,43.0114
430114,Law Enforcement Investigation & Interviewing,2017,22.0,43.0114
430114,Law Enforcement Investigation & Interviewing,2018,59.0,43.0114
430114,Law Enforcement Investigation & Interviewing,2019,77.0,43.0114
430114,Law Enforcement Investigation & Interviewing,2020,76.0,43.0114
430114,Law Enforcement Investigation & Interviewing,2021,125.0,43.0114
430114,Law Enforcement Investigation & Interviewing,2022,133.0,43.0114
430114,Law Enforcement Investigation & Interviewing,2023,118.0,43.0114
430114,Law Enforcement Investigation & Interviewing,2024,97.0,43.0114
430119,Critical Incident Response & Special Police Operations,2012,6.0,43.0119
430119,Critical Incident Response & Special Police Operations,2013,0.0,43.0119
430119,Critical Incident Response & Special Police Operations,2014,0.0,43.0119
430119,Critical Incident Response & Special Police Operations,2015,0.0,43.0119
430119,Critical Incident Response & Special Police Operations,2016,0.0,43.0119
430119,Critical Incident Response & Special Police Operations,2017,0.0,43.0119
430119,Critical Incident Response & Special Police Operations,2018,0.0,43.0119
430119,Critical Incident Response & Special Police Operations,2019,0.0,43.0119
430119,Critical Incident Response & Special Police Operations,2020,0.0,43.0119
430119,Critical Incident Response & Special Police Operations,2021,0.0,43.0119
430119,Critical Incident Response & Special Police Operations,2022,0.0,43.0119
430119,Critical Incident Response & Special Police Operations,2023,0.0,43.0119
430119,Critical Incident Response & Special Police Operations,2024,0.0,43.0119
430120,Protective Services Operations,2013,11.0,43.012
430120,Protective Services Operations,2014,0.0,43.012
430120,Protective Services Operations,2015,0.0,43.012
430120,Protective Services Operations,2016,0.0,43.012
430120,Protective Services Operations,2017,0.0,43.012
430120,Protective Services Operations,2018,0.0,43.012
430120,Protective Services Operations,2019,0.0,43.012
430120,Protective Services Operations,2020,0.0,43.012
430120,Protective Services Operations,2021,0.0,43.012
430120,Protective Services Operations,2022,0.0,43.012
430120,Protective Services Operations,2023,0.0,43.012
430120,Protective Services Operations,2024,0.0,43.012
430199,Other Corrections & Criminal Justice,2012,188.0,43.0199
430199,Other Corrections & Criminal Justice,2013,208.0,43.0199
430199,Other Corrections & Criminal Justice,2014,264.0,43.0199
430199,Other Corrections & Criminal Justice,2015,275.0,43.0199
430199,Other Corrections & Criminal Justice,2016,390.0,43.0199
430199,Other Corrections & Criminal Justice,2017,353.0,43.0199
430199,Other Corrections & Criminal Justice,2018,494.0,43.0199
430199,Other Corrections & Criminal Justice,2019,418.0,43.0199
430199,Other Corrections & Criminal Justice,2020,402.0,43.0199
430199,Other Corrections & Criminal Justice,2021,469.0,43.0199
430199,Other Corrections & Criminal Justice,2022,455.0,43.0199
430199,Other Corrections & Criminal Justice,2023,424.0,43.0199
430199,Other Corrections & Criminal Justice,2024,482.0,43.0199
430201,Fire Prevention & Safety Technology,2012,5.0,43.0201
430201,Fire Prevention & Safety Technology,2013,7.0,43.0201
430201,Fire Prevention & Safety Technology,2014,12.0,43.0201
430201,Fire Prevention & Safety Technology,2015,13.0,43.0201
430201,Fire Prevention & Safety Technology,2016,10.0,43.0201
430201,Fire Prevention & Safety Technology,2017,9.0,43.0201
430201,Fire Prevention & Safety Technology,2018,9.0,43.0201
430201,Fire Prevention & Safety Technology,2019,8.0,43.0201
430201,Fire Prevention & Safety Technology,2020,5.0,43.0201
430201,Fire Prevention & Safety Technology,2021,3.0,43.0201
430201,Fire Prevention & Safety Technology,2022,4.0,43.0201
430201,Fire Prevention & Safety Technology,2023,0.0,43.0201
430201,Fire Prevention & Safety Technology,2024,0.0,43.0201
430202,Fire Services Administration,2012,39.0,43.0202
430202,Fire Services Administration,2013,74.0,43.0202
430202,Fire Services Administration,2014,122.0,43.0202
430202,Fire Services Administration,2015,194.0,43.0202
430202,Fire Services Administration,2016,100.0,43.0202
430202,Fire Services Administration,2017,72.0,43.0202
430202,Fire Services Administration,2018,65.0,43.0202
430202,Fire Services Administration,2019,77.0,43.0202
430202,Fire Services Administration,2020,75.0,43.0202
430202,Fire Services Administration,2021,121.0,43.0202
430202,Fire Services Administration,2022,125.0,43.0202
430202,Fire Services Administration,2023,79.0,43.0202
430202,Fire Services Administration,2024,154.0,43.0202
430203,Fire Science & Fire-Fighting,2012,0.0,43.0203
430203,Fire Science & Fire-Fighting,2013,3.0,43.0203
430203,Fire Science & Fire-Fighting,2014,0.0,43.0203
430203,Fire Science & Fire-Fighting,2015,0.0,43.0203
430203,Fire Science & Fire-Fighting,2016,0.0,43.0203
430203,Fire Science & Fire-Fighting,2017,5.0,43.0203
430203,Fire Science & Fire-Fighting,2018,6.0,43.0203
430203,Fire Science & Fire-Fighting,2019,4.0,43.0203
430203,Fire Science & Fire-Fighting,2020,2.0,43.0203
430203,Fire Science & Fire-Fighting,2021,13.0,43.0203
430203,Fire Science & Fire-Fighting,2022,8.0,43.0203
430203,Fire Science & Fire-Fighting,2023,19.0,43.0203
430203,Fire Science & Fire-Fighting,2024,16.0,43.0203
430205,Fire/Arson Investigation & Prevention,2023,7.0,43.0205
430205,Fire/Arson Investigation & Prevention,2024,5.0,43.0205
430206,Forest Firefighting & Investigation,2016,0.0,43.0206
430206,Forest Firefighting & Investigation,2017,0.0,43.0206
430206,Forest Firefighting & Investigation,2018,0.0,43.0206
430206,Forest Firefighting & Investigation,2019,0.0,43.0206
430299,Other Fire Protection,2012,0.0,43.0299
430299,Other Fire Protection,2013,2.0,43.0299
430299,Other Fire Protection,2014,1.0,43.0299
430299,Other Fire Protection,2015,8.0,43.0299
430299,Other Fire Protection,2016,21.0,43.0299
430299,Other Fire Protection,2017,25.0,43.0299
430299,Other Fire Protection,2018,17.0,43.0299
430299,Other Fire Protection,2019,9.0,43.0299
430299,Other Fire Protection,2020,10.0,43.0299
430299,Other Fire Protection,2021,16.0,43.0299
430299,Other Fire Protection,2022,10.0,43.0299
430299,Other Fire Protection,2023,27.0,43.0299
430299,Other Fire Protection,2024,11.0,43.0299
430301,Homeland Security,2012,327.0,43.0301
430301,Homeland Security,2013,417.0,43.0301
430301,Homeland Security,2014,479.0,43.0301
430301,Homeland Security,2015,426.0,43.0301
430301,Homeland Security,2016,533.0,43.0301
430301,Homeland Security,2017,553.0,43.0301
430301,Homeland Security,2018,757.0,43.0301
430301,Homeland Security,2019,783.0,43.0301
430301,Homeland Security,2020,715.0,43.0301
430301,Homeland Security,2021,861.0,43.0301
430301,Homeland Security,2022,831.0,43.0301
430301,Homeland Security,2023,923.0,43.0301
430301,Homeland Security,2024,855.0,43.0301
430302,Crisis/Disaster Management,2012,248.0,43.0302
430302,Crisis/Disaster Management,2013,386.0,43.0302
430302,Crisis/Disaster Management,2014,449.0,43.0302
430302,Crisis/Disaster Management,2015,555.0,43.0302
430302,Crisis/Disaster Management,2016,594.0,43.0302
430302,Crisis/Disaster Management,2017,808.0,43.0302
430302,Crisis/Disaster Management,2018,768.0,43.0302
430302,Crisis/Disaster Management,2019,755.0,43.0302
430302,Crisis/Disaster Management,2020,852.0,43.0302
430302,Crisis/Disaster Management,2021,848.0,43.0302
430302,Crisis/Disaster Management,2022,859.0,43.0302
430302,Crisis/Disaster Management,2023,808.0,43.0302
430302,Crisis/Disaster Management,2024,825.0,43.0302
430303,Critical Infrastructure Protection,2012,124.0,43.0303
430303,Critical Infrastructure Protection,2013,164.0,43.0303
430303,Critical Infrastructure Protection,2014,185.0,43.0303
430303,Critical Infrastructure Protection,2015,190.0,43.0303
430303,Critical Infrastructure Protection,2016,291.0,43.0303
430303,Critical Infrastructure Protection,2017,414.0,43.0303
430303,Critical Infrastructure Protection,2018,506.0,43.0303
430303,Critical Infrastructure Protection,2019,597.0,43.0303
430303,Critical Infrastructure Protection,2020,621.0,43.0303
430303,Critical Infrastructure Protection,2021,582.0,43.0303
430303,Critical Infrastructure Protection,2022,274.0,43.0303
430303,Critical Infrastructure Protection,2023,179.0,43.0303
430303,Critical Infrastructure Protection,2024,169.0,43.0303
430304,Terrorism & Counterterrorism Operations,2012,28.0,43.0304
430304,Terrorism & Counterterrorism Operations,2013,9.0,43.0304
430304,Terrorism & Counterterrorism Operations,2014,12.0,43.0304
430304,Terrorism & Counterterrorism Operations,2015,10.0,43.0304
430304,Terrorism & Counterterrorism Operations,2016,14.0,43.0304
430304,Terrorism & Counterterrorism Operations,2017,7.0,43.0304
430304,Terrorism & Counterterrorism Operations,2018,15.0,43.0304
430304,Terrorism & Counterterrorism Operations,2019,53.0,43.0304
430304,Terrorism & Counterterrorism Operations,2020,21.0,43.0304
430304,Terrorism & Counterterrorism Operations,2021,33.0,43.0304
430304,Terrorism & Counterterrorism Operations,2022,37.0,43.0304
430304,Terrorism & Counterterrorism Operations,2023,49.0,43.0304
430304,Terrorism & Counterterrorism Operations,2024,46.0,43.0304
430399,Other Homeland Security,2012,10.0,43.0399
430399,Other Homeland Security,2013,111.0,43.0399
430399,Other Homeland Security,2014,138.0,43.0399
430399,Other Homeland Security,2015,23.0,43.0399
430399,Other Homeland Security,2016,19.0,43.0399
430399,Other Homeland Security,2017,17.0,43.0399
430399,Other Homeland Security,2018,19.0,43.0399
430399,Other Homeland Security,2019,20.0,43.0399
430399,Other Homeland Security,2020,32.0,43.0399
430399,Other Homeland Security,2021,33.0,43.0399
430399,Other Homeland Security,2022,48.0,43.0399
430399,Other Homeland Security,2023,50.0,43.0399
430399,Other Homeland Security,2024,60.0,43.0399
430402,Criminalistics And Criminal Science,2020,48.0,43.0402
430402,Criminalistics And Criminal Science,2021,54.0,43.0402
430402,Criminalistics And Criminal Science,2022,55.0,43.0402
430402,Criminalistics And Criminal Science,2023,73.0,43.0402
430402,Criminalistics And Criminal Science,2024,63.0,43.0402
430403,Cyber/Computer Forensics And Counterterrorism,2020,581.0,43.0403
430403,Cyber/Computer Forensics And Counterterrorism,2021,556.0,43.0403
430403,Cyber/Computer Forensics And Counterterrorism,2022,618.0,43.0403
430403,Cyber/Computer Forensics And Counterterrorism,2023,675.0,43.0403
430403,Cyber/Computer Forensics And Counterterrorism,2024,747.0,43.0403
430404,Cybersecurity Defense Strategy/Policy,2020,44.0,43.0404
430404,Cybersecurity Defense Strategy/Policy,2021,68.0,43.0404
430404,Cybersecurity Defense Strategy/Policy,2022,152.0,43.0404
430404,Cybersecurity Defense Strategy/Policy,2023,197.0,43.0404
430404,Cybersecurity Defense Strategy/Policy,2024,300.0,43.0404
430405,Financial Forensics And Fraud Investigation,2020,140.0,43.0405
430405,Financial Forensics And Fraud Investigation,2021,150.0,43.0405
430405,Financial Forensics And Fraud Investigation,2022,133.0,43.0405
430405,Financial Forensics And Fraud Investigation,2023,152.0,43.0405
430405,Financial Forensics And Fraud Investigation,2024,149.0,43.0405
430406,Forensic Science And Technology,2020,661.0,43.0406
430406,Forensic Science And Technology,2021,685.0,43.0406
430406,Forensic Science And Technology,2022,760.0,43.0406
430406,Forensic Science And Technology,2023,832.0,43.0406
430406,Forensic Science And Technology,2024,895.0,43.0406
430407,Geospatial Intelligence,2023,0.0,43.0407
430408,Law Enforcement Intelligence Analysis,2020,17.0,43.0408
430408,Law Enforcement Intelligence Analysis,2021,40.0,43.0408
430408,Law Enforcement Intelligence Analysis,2022,53.0,43.0408
430408,Law Enforcement Intelligence Analysis,2023,57.0,43.0408
430408,Law Enforcement Intelligence Analysis,2024,51.0,43.0408
439999,"Other Homeland Security, Law Enforcement, Firefighting, & Related Protective Services",2012,631.0,43.9999
439999,"Other Homeland Security, Law Enforcement, Firefighting, & Related Protective Services",2013,650.0,43.9999
439999,"Other Homeland Security, Law Enforcement, Firefighting, & Related Protective Services",2014,639.0,43.9999
439999,"Other Homeland Security, Law Enforcement, Firefighting, & Related Protective Services",2015,780.0,43.9999
439999,"Other Homeland Security, Law Enforcement, Firefighting, & Related Protective Services",2016,816.0,43.9999
439999,"Other Homeland Security, Law Enforcement, Firefighting, & Related Protective Services",2017,768.0,43.9999
439999,"Other Homeland Security, Law Enforcement, Firefighting, & Related Protective Services",2018,515.0,43.9999
439999,"Other Homeland Security, Law Enforcement, Firefighting, & Related Protective Services",2019,534.0,43.9999
439999,"Other Homeland Security, Law Enforcement, Firefighting, & Related Protective Services",2020,448.0,43.9999
439999,"Other Homeland Security, Law Enforcement, Firefighting, & Related Protective Services",2021,416.0,43.9999
439999,"Other Homeland Security, Law Enforcement, Firefighting, & Related Protective Services",2022,435.0,43.9999
439999,"Other Homeland Security, Law Enforcement, Firefighting, & Related Protective Services",2023,374.0,43.9999
439999,"Other Homeland Security, Law Enforcement, Firefighting, & Related Protective Services",2024,329.0,43.9999
440000,General Human Services,2012,1773.0,44.0
440000,General Human Services,2013,1997.0,44.0
440000,General Human Services,2014,2509.0,44.0
440000,General Human Services,2015,3029.0,44.0
440000,General Human Services,2016,3178.0,44.0
440000,General Human Services,2017,1262.0,44.0
440000,General Human Services,2018,1406.0,44.0
440000,General Human Services,2019,1236.0,44.0
440000,General Human Services,2020,1095.0,44.0
440000,General Human Services,2021,1153.0,44.0
440000,General Human Services,2022,1042.0,44.0
440000,General Human Services,2023,873.0,44.0
440000,General Human Services,2024,842.0,44.0
440201,Community Organization & Advocacy,2012,604.0,44.0201
440201,Community Organization & Advocacy,2013,638.0,44.0201
440201,Community Organization & Advocacy,2014,568.0,44.0201
440201,Community Organization & Advocacy,2015,596.0,44.0201
440201,Community Organization & Advocacy,2016,553.0,44.0201
440201,Community Organization & Advocacy,2017,349.0,44.0201
440201,Community Organization & Advocacy,2018,311.0,44.0201
440201,Community Organization & Advocacy,2019,469.0,44.0201
440201,Community Organization & Advocacy,2020,537.0,44.0201
440201,Community Organization & Advocacy,2021,633.0,44.0201
440201,Community Organization & Advocacy,2022,567.0,44.0201
440201,Community Organization & Advocacy,2023,478.0,44.0201
440201,Community Organization & Advocacy,2024,472.0,44.0201
440401,Public Administration,2012,12770.0,44.0401
440401,Public Administration,2013,13207.0,44.0401
440401,Public Administration,2014,13258.0,44.0401
440401,Public Administration,2015,12883.0,44.0401
440401,Public Administration,2016,12737.0,44.0401
440401,Public Administration,2017,12656.0,44.0401
440401,Public Administration,2018,12239.0,44.0401
440401,Public Administration,2019,12640.0,44.0401
440401,Public Administration,2020,12512.0,44.0401
440401,Public Administration,2021,12282.0,44.0401
440401,Public Administration,2022,11787.0,44.0401
440401,Public Administration,2023,11965.0,44.0401
440401,Public Administration,2024,10493.0,44.0401
440403,Transportation And Infrastructure Planning/Studies,2021,8.0,44.0403
440403,Transportation And Infrastructure Planning/Studies,2022,16.0,44.0403
440403,Transportation And Infrastructure Planning/Studies,2023,13.0,44.0403
440403,Transportation And Infrastructure Planning/Studies,2024,4.0,44.0403
440499,"Public Administration, Other",2022,4.0,44.0499
440499,"Public Administration, Other",2023,6.0,44.0499
440499,"Public Administration, Other",2024,25.0,44.0499
440501,General Public Policy Analysis,2012,2733.0,44.0501
440501,General Public Policy Analysis,2013,2857.0,44.0501
440501,General Public Policy Analysis,2014,2719.0,44.0501
440501,General Public Policy Analysis,2015,2795.0,44.0501
440501,General Public Policy Analysis,2016,2711.0,44.0501
440501,General Public Policy Analysis,2017,2632.0,44.0501
440501,General Public Policy Analysis,2018,2695.0,44.0501
440501,General Public Policy Analysis,2019,2964.0,44.0501
440501,General Public Policy Analysis,2020,2885.0,44.0501
440501,General Public Policy Analysis,2021,2840.0,44.0501
440501,General Public Policy Analysis,2022,2882.0,44.0501
440501,General Public Policy Analysis,2023,2935.0,44.0501
440501,General Public Policy Analysis,2024,2551.0,44.0501
440502,Education Policy Analysis,2012,15.0,44.0502
440502,Education Policy Analysis,2013,22.0,44.0502
440502,Education Policy Analysis,2014,40.0,44.0502
440502,Education Policy Analysis,2015,20.0,44.0502
440502,Education Policy Analysis,2016,19.0,44.0502
440502,Education Policy Analysis,2017,51.0,44.0502
440502,Education Policy Analysis,2018,63.0,44.0502
440502,Education Policy Analysis,2019,47.0,44.0502
440502,Education Policy Analysis,2020,64.0,44.0502
440502,Education Policy Analysis,2021,66.0,44.0502
440502,Education Policy Analysis,2022,59.0,44.0502
440502,Education Policy Analysis,2023,99.0,44.0502
440502,Education Policy Analysis,2024,67.0,44.0502
440503,Health Policy Analysis,2012,36.0,44.0503
440503,Health Policy Analysis,2013,79.0,44.0503
440503,Health Policy Analysis,2014,105.0,44.0503
440503,Health Policy Analysis,2015,62.0,44.0503
440503,Health Policy Analysis,2016,65.0,44.0503
440503,Health Policy Analysis,2017,60.0,44.0503
440503,Health Policy Analysis,2018,85.0,44.0503
440503,Health Policy Analysis,2019,72.0,44.0503
440503,Health Policy Analysis,2020,58.0,44.0503
440503,Health Policy Analysis,2021,79.0,44.0503
440503,Health Policy Analysis,2022,118.0,44.0503
440503,Health Policy Analysis,2023,160.0,44.0503
440503,Health Policy Analysis,2024,105.0,44.0503
440504,International Policy Analysis,2012,40.0,44.0504
440504,International Policy Analysis,2013,30.0,44.0504
440504,International Policy Analysis,2014,43.0,44.0504
440504,International Policy Analysis,2015,42.0,44.0504
440504,International Policy Analysis,2016,27.0,44.0504
440504,International Policy Analysis,2017,9.0,44.0504
440504,International Policy Analysis,2018,12.0,44.0504
440504,International Policy Analysis,2019,49.0,44.0504
440504,International Policy Analysis,2020,75.0,44.0504
440504,International Policy Analysis,2021,83.0,44.0504
440504,International Policy Analysis,2022,81.0,44.0504
440504,International Policy Analysis,2023,104.0,44.0504
440504,International Policy Analysis,2024,102.0,44.0504
440599,Other Public Policy Analysis,2013,2.0,44.0599
440599,Other Public Policy Analysis,2014,57.0,44.0599
440599,Other Public Policy Analysis,2015,53.0,44.0599
440599,Other Public Policy Analysis,2016,71.0,44.0599
440599,Other Public Policy Analysis,2017,109.0,44.0599
440599,Other Public Policy Analysis,2018,80.0,44.0599
440599,Other Public Policy Analysis,2019,87.0,44.0599
440599,Other Public Policy Analysis,2020,78.0,44.0599
440599,Other Public Policy Analysis,2021,85.0,44.0599
440599,Other Public Policy Analysis,2022,73.0,44.0599
440599,Other Public Policy Analysis,2023,93.0,44.0599
440599,Other Public Policy Analysis,2024,45.0,44.0599
440701,Social Work,2012,22340.0,44.0701
440701,Social Work,2013,23313.0,44.0701
440701,Social Work,2014,24538.0,44.0701
440701,Social Work,2015,26187.0,44.0701
440701,Social Work,2016,27207.0,44.0701
440701,Social Work,2017,28159.0,44.0701
440701,Social Work,2018,29471.0,44.0701
440701,Social Work,2019,30981.0,44.0701
440701,Social Work,2020,32208.0,44.0701
440701,Social Work,2021,32079.0,44.0701
440701,Social Work,2022,33304.0,44.0701
440701,Social Work,2023,34563.0,44.0701
440701,Social Work,2024,34458.0,44.0701
440702,Youth Services Administration,2012,12.0,44.0702
440702,Youth Services Administration,2013,39.0,44.0702
440702,Youth Services Administration,2014,60.0,44.0702
440702,Youth Services Administration,2015,58.0,44.0702
440702,Youth Services Administration,2016,30.0,44.0702
440702,Youth Services Administration,2017,63.0,44.0702
440702,Youth Services Administration,2018,92.0,44.0702
440702,Youth Services Administration,2019,108.0,44.0702
440702,Youth Services Administration,2020,113.0,44.0702
440702,Youth Services Administration,2021,88.0,44.0702
440702,Youth Services Administration,2022,82.0,44.0702
440702,Youth Services Administration,2023,64.0,44.0702
440702,Youth Services Administration,2024,63.0,44.0702
440799,Other Social Work,2012,92.0,44.0799
440799,Other Social Work,2013,288.0,44.0799
440799,Other Social Work,2014,193.0,44.0799
440799,Other Social Work,2015,203.0,44.0799
440799,Other Social Work,2016,195.0,44.0799
440799,Other Social Work,2017,202.0,44.0799
440799,Other Social Work,2018,137.0,44.0799
440799,Other Social Work,2019,181.0,44.0799
440799,Other Social Work,2020,64.0,44.0799
440799,Other Social Work,2021,51.0,44.0799
440799,Other Social Work,2022,50.0,44.0799
440799,Other Social Work,2023,80.0,44.0799
440799,Other Social Work,2024,81.0,44.0799
449999,Other Public Administration & Social Service Professions,2012,1199.0,44.9999
449999,Other Public Administration & Social Service Professions,2013,941.0,44.9999
449999,Other Public Administration & Social Service Professions,2014,551.0,44.9999
449999,Other Public Administration & Social Service Professions,2015,357.0,44.9999
449999,Other Public Administration & Social Service Professions,2016,332.0,44.9999
449999,Other Public Administration & Social Service Professions,2017,264.0,44.9999
449999,Other Public Administration & Social Service Professions,2018,268.0,44.9999
449999,Other Public Administration & Social Service Professions,2019,280.0,44.9999
449999,Other Public Administration & Social Service Professions,2020,221.0,44.9999
449999,Other Public Administration & Social Service Professions,2021,213.0,44.9999
449999,Other Public Administration & Social Service Professions,2022,248.0,44.9999
449999,Other Public Administration & Social Service Professions,2023,222.0,44.9999
449999,Other Public Administration & Social Service Professions,2024,155.0,44.9999
450101,General Social Sciences,2012,602.0,45.0101
450101,General Social Sciences,2013,593.0,45.0101
450101,General Social Sciences,2014,578.0,45.0101
450101,General Social Sciences,2015,596.0,45.0101
450101,General Social Sciences,2016,578.0,45.0101
450101,General Social Sciences,2017,671.0,45.0101
450101,General Social Sciences,2018,639.0,45.0101
450101,General Social Sciences,2019,658.0,45.0101
450101,General Social Sciences,2020,557.0,45.0101
450101,General Social Sciences,2021,498.0,45.0101
450101,General Social Sciences,2022,522.0,45.0101
450101,General Social Sciences,2023,439.0,45.0101
450101,General Social Sciences,2024,400.0,45.0101
450102,Research Methodology & Quantitative Methods,2012,5.0,45.0102
450102,Research Methodology & Quantitative Methods,2013,3.0,45.0102
450102,Research Methodology & Quantitative Methods,2014,11.0,45.0102
450102,Research Methodology & Quantitative Methods,2015,2.0,45.0102
450102,Research Methodology & Quantitative Methods,2016,18.0,45.0102
450102,Research Methodology & Quantitative Methods,2017,43.0,45.0102
450102,Research Methodology & Quantitative Methods,2018,54.0,45.0102
450102,Research Methodology & Quantitative Methods,2019,63.0,45.0102
450102,Research Methodology & Quantitative Methods,2020,74.0,45.0102
450102,Research Methodology & Quantitative Methods,2021,98.0,45.0102
450102,Research Methodology & Quantitative Methods,2022,332.0,45.0102
450102,Research Methodology & Quantitative Methods,2023,1179.0,45.0102
450102,Research Methodology & Quantitative Methods,2024,1549.0,45.0102
450103,Survey Research/Methodology,2024,5.0,45.0103
450201,Anthropology,2012,1185.0,45.0201
450201,Anthropology,2013,1121.0,45.0201
450201,Anthropology,2014,1193.0,45.0201
450201,Anthropology,2015,1149.0,45.0201
450201,Anthropology,2016,1100.0,45.0201
450201,Anthropology,2017,1081.0,45.0201
450201,Anthropology,2018,1096.0,45.0201
450201,Anthropology,2019,1025.0,45.0201
450201,Anthropology,2020,974.0,45.0201
450201,Anthropology,2021,879.0,45.0201
450201,Anthropology,2022,915.0,45.0201
450201,Anthropology,2023,926.0,45.0201
450201,Anthropology,2024,912.0,45.0201
450202,Physical & Biological Anthropology,2012,12.0,45.0202
450202,Physical & Biological Anthropology,2013,15.0,45.0202
450202,Physical & Biological Anthropology,2014,18.0,45.0202
450202,Physical & Biological Anthropology,2015,13.0,45.0202
450202,Physical & Biological Anthropology,2016,11.0,45.0202
450202,Physical & Biological Anthropology,2017,16.0,45.0202
450202,Physical & Biological Anthropology,2018,29.0,45.0202
450202,Physical & Biological Anthropology,2019,19.0,45.0202
450202,Physical & Biological Anthropology,2020,17.0,45.0202
450202,Physical & Biological Anthropology,2021,16.0,45.0202
450202,Physical & Biological Anthropology,2022,28.0,45.0202
450202,Physical & Biological Anthropology,2023,35.0,45.0202
450202,Physical & Biological Anthropology,2024,11.0,45.0202
450203,Medical Anthropology,2018,7.0,45.0203
450203,Medical Anthropology,2019,3.0,45.0203
450203,Medical Anthropology,2020,7.0,45.0203
450203,Medical Anthropology,2021,3.0,45.0203
450203,Medical Anthropology,2022,0.0,45.0203
450203,Medical Anthropology,2023,1.0,45.0203
450203,Medical Anthropology,2024,21.0,45.0203
450204,Cultural Anthropology,2014,19.0,45.0204
450204,Cultural Anthropology,2015,16.0,45.0204
450204,Cultural Anthropology,2016,19.0,45.0204
450204,Cultural Anthropology,2017,11.0,45.0204
450204,Cultural Anthropology,2018,14.0,45.0204
450204,Cultural Anthropology,2019,11.0,45.0204
450204,Cultural Anthropology,2020,14.0,45.0204
450204,Cultural Anthropology,2021,17.0,45.0204
450204,Cultural Anthropology,2022,8.0,45.0204
450204,Cultural Anthropology,2023,19.0,45.0204
450204,Cultural Anthropology,2024,12.0,45.0204
450205,Forensic Anthropology,2022,6.0,45.0205
450205,Forensic Anthropology,2023,10.0,45.0205
450205,Forensic Anthropology,2024,10.0,45.0205
450299,Other Anthropology,2012,36.0,45.0299
450299,Other Anthropology,2013,15.0,45.0299
450299,Other Anthropology,2014,26.0,45.0299
450299,Other Anthropology,2015,22.0,45.0299
450299,Other Anthropology,2016,27.0,45.0299
450299,Other Anthropology,2017,13.0,45.0299
450299,Other Anthropology,2018,36.0,45.0299
450299,Other Anthropology,2019,27.0,45.0299
450299,Other Anthropology,2020,33.0,45.0299
450299,Other Anthropology,2021,26.0,45.0299
450299,Other Anthropology,2022,44.0,45.0299
450299,Other Anthropology,2023,37.0,45.0299
450299,Other Anthropology,2024,43.0,45.0299
450301,Archeology,2012,46.0,45.0301
450301,Archeology,2013,44.0,45.0301
450301,Archeology,2014,60.0,45.0301
450301,Archeology,2015,58.0,45.0301
450301,Archeology,2016,48.0,45.0301
450301,Archeology,2017,41.0,45.0301
450301,Archeology,2018,47.0,45.0301
450301,Archeology,2019,42.0,45.0301
450301,Archeology,2020,52.0,45.0301
450301,Archeology,2021,48.0,45.0301
450301,Archeology,2022,60.0,45.0301
450301,Archeology,2023,52.0,45.0301
450301,Archeology,2024,51.0,45.0301
450401,Criminology,2012,743.0,45.0401
450401,Criminology,2013,667.0,45.0401
450401,Criminology,2014,763.0,45.0401
450401,Criminology,2015,756.0,45.0401
450401,Criminology,2016,702.0,45.0401
450401,Criminology,2017,724.0,45.0401
450401,Criminology,2018,729.0,45.0401
450401,Criminology,2019,795.0,45.0401
450401,Criminology,2020,783.0,45.0401
450401,Criminology,2021,789.0,45.0401
450401,Criminology,2022,815.0,45.0401
450401,Criminology,2023,778.0,45.0401
450401,Criminology,2024,792.0,45.0401
450501,Demography & Population Studies,2012,100.0,45.0501
450501,Demography & Population Studies,2013,39.0,45.0501
450501,Demography & Population Studies,2014,40.0,45.0501
450501,Demography & Population Studies,2015,28.0,45.0501
450501,Demography & Population Studies,2016,50.0,45.0501
450501,Demography & Population Studies,2017,36.0,45.0501
450501,Demography & Population Studies,2018,53.0,45.0501
450501,Demography & Population Studies,2019,60.0,45.0501
450501,Demography & Population Studies,2020,46.0,45.0501
450501,Demography & Population Studies,2021,50.0,45.0501
450501,Demography & Population Studies,2022,33.0,45.0501
450501,Demography & Population Studies,2023,46.0,45.0501
450501,Demography & Population Studies,2024,80.0,45.0501
450502,Applied Demography,2021,1.0,45.0502
450502,Applied Demography,2022,4.0,45.0502
450502,Applied Demography,2023,0.0,45.0502
450502,Applied Demography,2024,0.0,45.0502
450601,General Economics,2012,2906.0,45.0601
450601,General Economics,2013,2846.0,45.0601
450601,General Economics,2014,2890.0,45.0601
450601,General Economics,2015,2779.0,45.0601
450601,General Economics,2016,2656.0,45.0601
450601,General Economics,2017,2294.0,45.0601
450601,General Economics,2018,1727.0,45.0601
450601,General Economics,2019,1426.0,45.0601
450601,General Economics,2020,1132.0,45.0601
450601,General Economics,2021,827.0,45.0601
450601,General Economics,2022,638.0,45.0601
450601,General Economics,2023,553.0,45.0601
450601,General Economics,2024,400.0,45.0601
450602,Applied Economices,2012,264.0,45.0602
450602,Applied Economices,2013,268.0,45.0602
450602,Applied Economices,2014,392.0,45.0602
450602,Applied Economices,2015,370.0,45.0602
450602,Applied Economices,2016,322.0,45.0602
450602,Applied Economices,2017,327.0,45.0602
450602,Applied Economices,2018,309.0,45.0602
450602,Applied Economices,2019,342.0,45.0602
450602,Applied Economices,2020,236.0,45.0602
450602,Applied Economices,2021,240.0,45.0602
450602,Applied Economices,2022,176.0,45.0602
450602,Applied Economices,2023,138.0,45.0602
450602,Applied Economices,2024,123.0,45.0602
450603,Econometrics & Quantitative Economics,2012,37.0,45.0603
450603,Econometrics & Quantitative Economics,2013,53.0,45.0603
450603,Econometrics & Quantitative Economics,2014,84.0,45.0603
450603,Econometrics & Quantitative Economics,2015,128.0,45.0603
450603,Econometrics & Quantitative Economics,2016,331.0,45.0603
450603,Econometrics & Quantitative Economics,2017,921.0,45.0603
450603,Econometrics & Quantitative Economics,2018,1639.0,45.0603
450603,Econometrics & Quantitative Economics,2019,2251.0,45.0603
450603,Econometrics & Quantitative Economics,2020,2779.0,45.0603
450603,Econometrics & Quantitative Economics,2021,3384.0,45.0603
450603,Econometrics & Quantitative Economics,2022,3577.0,45.0603
450603,Econometrics & Quantitative Economics,2023,4337.0,45.0603
450603,Econometrics & Quantitative Economics,2024,4198.0,45.0603
450604,Developmental Economics & International Development,2012,398.0,45.0604
450604,Developmental Economics & International Development,2013,337.0,45.0604
450604,Developmental Economics & International Development,2014,389.0,45.0604
450604,Developmental Economics & International Development,2015,402.0,45.0604
450604,Developmental Economics & International Development,2016,399.0,45.0604
450604,Developmental Economics & International Development,2017,354.0,45.0604
450604,Developmental Economics & International Development,2018,302.0,45.0604
450604,Developmental Economics & International Development,2019,264.0,45.0604
450604,Developmental Economics & International Development,2020,239.0,45.0604
450604,Developmental Economics & International Development,2021,238.0,45.0604
450604,Developmental Economics & International Development,2022,218.0,45.0604
450604,Developmental Economics & International Development,2023,206.0,45.0604
450604,Developmental Economics & International Development,2024,164.0,45.0604
450605,International Economics,2012,213.0,45.0605
450605,International Economics,2013,227.0,45.0605
450605,International Economics,2014,215.0,45.0605
450605,International Economics,2015,194.0,45.0605
450605,International Economics,2016,163.0,45.0605
450605,International Economics,2017,45.0,45.0605
450605,International Economics,2018,39.0,45.0605
450605,International Economics,2019,22.0,45.0605
450605,International Economics,2020,39.0,45.0605
450605,International Economics,2021,28.0,45.0605
450605,International Economics,2022,28.0,45.0605
450605,International Economics,2023,34.0,45.0605
450605,International Economics,2024,35.0,45.0605
450699,Other Economics,2012,92.0,45.0699
450699,Other Economics,2013,158.0,45.0699
450699,Other Economics,2014,155.0,45.0699
450699,Other Economics,2015,132.0,45.0699
450699,Other Economics,2016,97.0,45.0699
450699,Other Economics,2017,127.0,45.0699
450699,Other Economics,2018,110.0,45.0699
450699,Other Economics,2019,86.0,45.0699
450699,Other Economics,2020,68.0,45.0699
450699,Other Economics,2021,86.0,45.0699
450699,Other Economics,2022,49.0,45.0699
450699,Other Economics,2023,49.0,45.0699
450699,Other Economics,2024,49.0,45.0699
450701,Geography,2012,929.0,45.0701
450701,Geography,2013,852.0,45.0701
450701,Geography,2014,792.0,45.0701
450701,Geography,2015,778.0,45.0701
450701,Geography,2016,742.0,45.0701
450701,Geography,2017,610.0,45.0701
450701,Geography,2018,617.0,45.0701
450701,Geography,2019,534.0,45.0701
450701,Geography,2020,522.0,45.0701
450701,Geography,2021,414.0,45.0701
450701,Geography,2022,493.0,45.0701
450701,Geography,2023,409.0,45.0701
450701,Geography,2024,349.0,45.0701
450702,Geographic Information Science & Cartography,2012,177.0,45.0702
450702,Geographic Information Science & Cartography,2013,298.0,45.0702
450702,Geographic Information Science & Cartography,2014,327.0,45.0702
450702,Geographic Information Science & Cartography,2015,422.0,45.0702
450702,Geographic Information Science & Cartography,2016,473.0,45.0702
450702,Geographic Information Science & Cartography,2017,496.0,45.0702
450702,Geographic Information Science & Cartography,2018,566.0,45.0702
450702,Geographic Information Science & Cartography,2019,605.0,45.0702
450702,Geographic Information Science & Cartography,2020,704.0,45.0702
450702,Geographic Information Science & Cartography,2021,601.0,45.0702
450702,Geographic Information Science & Cartography,2022,669.0,45.0702
450702,Geographic Information Science & Cartography,2023,728.0,45.0702
450702,Geographic Information Science & Cartography,2024,694.0,45.0702
450799,Other Geography,2012,20.0,45.0799
450799,Other Geography,2013,19.0,45.0799
450799,Other Geography,2014,21.0,45.0799
450799,Other Geography,2015,8.0,45.0799
450799,Other Geography,2016,16.0,45.0799
450799,Other Geography,2017,52.0,45.0799
450799,Other Geography,2018,60.0,45.0799
450799,Other Geography,2019,53.0,45.0799
450799,Other Geography,2020,65.0,45.0799
450799,Other Geography,2021,61.0,45.0799
450799,Other Geography,2022,86.0,45.0799
450799,Other Geography,2023,56.0,45.0799
450799,Other Geography,2024,64.0,45.0799
450901,International Relations & Affairs,2012,4585.0,45.0901
450901,International Relations & Affairs,2013,4664.0,45.0901
450901,International Relations & Affairs,2014,4392.0,45.0901
450901,International Relations & Affairs,2015,4167.0,45.0901
450901,International Relations & Affairs,2016,4029.0,45.0901
450901,International Relations & Affairs,2017,4170.0,45.0901
450901,International Relations & Affairs,2018,4134.0,45.0901
450901,International Relations & Affairs,2019,4109.0,45.0901
450901,International Relations & Affairs,2020,3819.0,45.0901
450901,International Relations & Affairs,2021,3711.0,45.0901
450901,International Relations & Affairs,2022,3807.0,45.0901
450901,International Relations & Affairs,2023,4455.0,45.0901
450901,International Relations & Affairs,2024,3988.0,45.0901
450902,National Security Policy Studies,2012,331.0,45.0902
450902,National Security Policy Studies,2013,423.0,45.0902
450902,National Security Policy Studies,2014,438.0,45.0902
450902,National Security Policy Studies,2015,488.0,45.0902
450902,National Security Policy Studies,2016,451.0,45.0902
450902,National Security Policy Studies,2017,404.0,45.0902
450902,National Security Policy Studies,2018,415.0,45.0902
450902,National Security Policy Studies,2019,470.0,45.0902
450902,National Security Policy Studies,2020,475.0,45.0902
450902,National Security Policy Studies,2021,372.0,45.0902
450902,National Security Policy Studies,2022,428.0,45.0902
450902,National Security Policy Studies,2023,432.0,45.0902
450902,National Security Policy Studies,2024,466.0,45.0902
450999,Other International Relations & National Security Studies,2012,53.0,45.0999
450999,Other International Relations & National Security Studies,2013,74.0,45.0999
450999,Other International Relations & National Security Studies,2014,118.0,45.0999
450999,Other International Relations & National Security Studies,2015,76.0,45.0999
450999,Other International Relations & National Security Studies,2016,132.0,45.0999
450999,Other International Relations & National Security Studies,2017,151.0,45.0999
450999,Other International Relations & National Security Studies,2018,175.0,45.0999
450999,Other International Relations & National Security Studies,2019,239.0,45.0999
450999,Other International Relations & National Security Studies,2020,259.0,45.0999
450999,Other International Relations & National Security Studies,2021,343.0,45.0999
450999,Other International Relations & National Security Studies,2022,415.0,45.0999
450999,Other International Relations & National Security Studies,2023,375.0,45.0999
450999,Other International Relations & National Security Studies,2024,354.0,45.0999
451001,General Political Science & Government,2012,2231.0,45.1001
451001,General Political Science & Government,2013,2080.0,45.1001
451001,General Political Science & Government,2014,2020.0,45.1001
451001,General Political Science & Government,2015,1818.0,45.1001
451001,General Political Science & Government,2016,1723.0,45.1001
451001,General Political Science & Government,2017,1602.0,45.1001
451001,General Political Science & Government,2018,1590.0,45.1001
451001,General Political Science & Government,2019,1718.0,45.1001
451001,General Political Science & Government,2020,1601.0,45.1001
451001,General Political Science & Government,2021,1676.0,45.1001
451001,General Political Science & Government,2022,1652.0,45.1001
451001,General Political Science & Government,2023,1731.0,45.1001
451001,General Political Science & Government,2024,1659.0,45.1001
451002,US Government & Politics,2012,171.0,45.1002
451002,US Government & Politics,2013,148.0,45.1002
451002,US Government & Politics,2014,174.0,45.1002
451002,US Government & Politics,2015,146.0,45.1002
451002,US Government & Politics,2016,188.0,45.1002
451002,US Government & Politics,2017,147.0,45.1002
451002,US Government & Politics,2018,178.0,45.1002
451002,US Government & Politics,2019,162.0,45.1002
451002,US Government & Politics,2020,179.0,45.1002
451002,US Government & Politics,2021,176.0,45.1002
451002,US Government & Politics,2022,153.0,45.1002
451002,US Government & Politics,2023,165.0,45.1002
451002,US Government & Politics,2024,84.0,45.1002
451004,Political Economy,2013,1.0,45.1004
451004,Political Economy,2015,2.0,45.1004
451004,Political Economy,2016,0.0,45.1004
451004,Political Economy,2017,4.0,45.1004
451004,Political Economy,2018,10.0,45.1004
451004,Political Economy,2019,16.0,45.1004
451004,Political Economy,2020,17.0,45.1004
451004,Political Economy,2021,12.0,45.1004
451004,Political Economy,2022,9.0,45.1004
451004,Political Economy,2023,13.0,45.1004
451004,Political Economy,2024,8.0,45.1004
451099,Other Political Science & Government,2012,111.0,45.1099
451099,Other Political Science & Government,2013,106.0,45.1099
451099,Other Political Science & Government,2014,102.0,45.1099
451099,Other Political Science & Government,2015,131.0,45.1099
451099,Other Political Science & Government,2016,86.0,45.1099
451099,Other Political Science & Government,2017,101.0,45.1099
451099,Other Political Science & Government,2018,99.0,45.1099
451099,Other Political Science & Government,2019,88.0,45.1099
451099,Other Political Science & Government,2020,53.0,45.1099
451099,Other Political Science & Government,2021,72.0,45.1099
451099,Other Political Science & Government,2022,75.0,45.1099
451099,Other Political Science & Government,2023,91.0,45.1099
451099,Other Political Science & Government,2024,113.0,45.1099
451101,Sociology,2012,1700.0,45.1101
451101,Sociology,2013,1607.0,45.1101
451101,Sociology,2014,1616.0,45.1101
451101,Sociology,2015,1449.0,45.1101
451101,Sociology,2016,1367.0,45.1101
451101,Sociology,2017,1402.0,45.1101
451101,Sociology,2018,1418.0,45.1101
451101,Sociology,2019,1442.0,45.1101
451101,Sociology,2020,1307.0,45.1101
451101,Sociology,2021,1289.0,45.1101
451101,Sociology,2022,1403.0,45.1101
451101,Sociology,2023,1319.0,45.1101
451101,Sociology,2024,1199.0,45.1101
451102,Applied/Public Sociology,2020,4.0,45.1102
451102,Applied/Public Sociology,2021,9.0,45.1102
451102,Applied/Public Sociology,2022,25.0,45.1102
451102,Applied/Public Sociology,2023,39.0,45.1102
451102,Applied/Public Sociology,2024,24.0,45.1102
451103,Rural Sociology,2024,2.0,45.1103
451201,Urban Studies,2012,479.0,45.1201
451201,Urban Studies,2013,457.0,45.1201
451201,Urban Studies,2014,444.0,45.1201
451201,Urban Studies,2015,393.0,45.1201
451201,Urban Studies,2016,342.0,45.1201
451201,Urban Studies,2017,413.0,45.1201
451201,Urban Studies,2018,345.0,45.1201
451201,Urban Studies,2019,331.0,45.1201
451201,Urban Studies,2020,300.0,45.1201
451201,Urban Studies,2021,351.0,45.1201
451201,Urban Studies,2022,382.0,45.1201
451201,Urban Studies,2023,327.0,45.1201
451201,Urban Studies,2024,315.0,45.1201
451301,Sociology & Anthropology,2012,10.0,45.1301
451301,Sociology & Anthropology,2013,8.0,45.1301
451301,Sociology & Anthropology,2014,9.0,45.1301
451301,Sociology & Anthropology,2015,4.0,45.1301
451301,Sociology & Anthropology,2016,4.0,45.1301
451301,Sociology & Anthropology,2017,9.0,45.1301
451301,Sociology & Anthropology,2018,2.0,45.1301
451301,Sociology & Anthropology,2019,4.0,45.1301
451301,Sociology & Anthropology,2020,0.0,45.1301
451301,Sociology & Anthropology,2021,0.0,45.1301
451301,Sociology & Anthropology,2022,0.0,45.1301
451301,Sociology & Anthropology,2023,1.0,45.1301
451301,Sociology & Anthropology,2024,2.0,45.1301
459999,Other Social Sciences,2012,489.0,45.9999
459999,Other Social Sciences,2013,672.0,45.9999
459999,Other Social Sciences,2014,556.0,45.9999
459999,Other Social Sciences,2015,622.0,45.9999
459999,Other Social Sciences,2016,623.0,45.9999
459999,Other Social Sciences,2017,620.0,45.9999
459999,Other Social Sciences,2018,502.0,45.9999
459999,Other Social Sciences,2019,449.0,45.9999
459999,Other Social Sciences,2020,369.0,45.9999
459999,Other Social Sciences,2021,378.0,45.9999
459999,Other Social Sciences,2022,351.0,45.9999
459999,Other Social Sciences,2023,315.0,45.9999
459999,Other Social Sciences,2024,280.0,45.9999
460401,Building & Property Maintenance,2012,5.0,46.0401
460401,Building & Property Maintenance,2013,6.0,46.0401
460401,Building & Property Maintenance,2014,0.0,46.0401
460401,Building & Property Maintenance,2015,0.0,46.0401
460401,Building & Property Maintenance,2022,0.0,46.0401
460401,Building & Property Maintenance,2023,0.0,46.0401
460401,Building & Property Maintenance,2024,0.0,46.0401
460412,Construction Site Manager,2012,0.0,46.0412
460412,Construction Site Manager,2013,0.0,46.0412
469999,Other Construction Trade,2024,0.0,46.9999
470604,Automobile Mechanics Technology,2022,0.0,47.0604
470604,Automobile Mechanics Technology,2023,0.0,47.0604
470604,Automobile Mechanics Technology,2024,0.0,47.0604
470608,Aircraft Powerplant Technology,2017,0.0,47.0608
470608,Aircraft Powerplant Technology,2018,1.0,47.0608
470608,Aircraft Powerplant Technology,2019,7.0,47.0608
470608,Aircraft Powerplant Technology,2020,22.0,47.0608
470608,Aircraft Powerplant Technology,2021,25.0,47.0608
470608,Aircraft Powerplant Technology,2022,27.0,47.0608
470608,Aircraft Powerplant Technology,2023,29.0,47.0608
470608,Aircraft Powerplant Technology,2024,23.0,47.0608
470699,Other Vehicle Maintenance & Repair Technologies,2022,0.0,47.0699
470699,Other Vehicle Maintenance & Repair Technologies,2023,0.0,47.0699
470699,Other Vehicle Maintenance & Repair Technologies,2024,0.0,47.0699
470701,Energy Systems Installation And Repair Technology/Technician,2021,2.0,47.0701
470701,Energy Systems Installation And Repair Technology/Technician,2022,0.0,47.0701
480702,Furniture Design & Manufacturing,2012,11.0,48.0702
480702,Furniture Design & Manufacturing,2013,9.0,48.0702
480702,Furniture Design & Manufacturing,2014,15.0,48.0702
480702,Furniture Design & Manufacturing,2015,4.0,48.0702
480702,Furniture Design & Manufacturing,2016,10.0,48.0702
480702,Furniture Design & Manufacturing,2017,14.0,48.0702
480702,Furniture Design & Manufacturing,2018,11.0,48.0702
480702,Furniture Design & Manufacturing,2019,12.0,48.0702
480702,Furniture Design & Manufacturing,2020,11.0,48.0702
480702,Furniture Design & Manufacturing,2021,8.0,48.0702
480702,Furniture Design & Manufacturing,2022,11.0,48.0702
480702,Furniture Design & Manufacturing,2023,10.0,48.0702
480702,Furniture Design & Manufacturing,2024,11.0,48.0702
490101,General Aeronautics & Aerospace Science & Technology,2012,149.0,49.0101
490101,General Aeronautics & Aerospace Science & Technology,2013,1142.0,49.0101
490101,General Aeronautics & Aerospace Science & Technology,2014,937.0,49.0101
490101,General Aeronautics & Aerospace Science & Technology,2015,723.0,49.0101
490101,General Aeronautics & Aerospace Science & Technology,2016,605.0,49.0101
490101,General Aeronautics & Aerospace Science & Technology,2017,570.0,49.0101
490101,General Aeronautics & Aerospace Science & Technology,2018,556.0,49.0101
490101,General Aeronautics & Aerospace Science & Technology,2019,553.0,49.0101
490101,General Aeronautics & Aerospace Science & Technology,2020,552.0,49.0101
490101,General Aeronautics & Aerospace Science & Technology,2021,590.0,49.0101
490101,General Aeronautics & Aerospace Science & Technology,2022,578.0,49.0101
490101,General Aeronautics & Aerospace Science & Technology,2023,601.0,49.0101
490101,General Aeronautics & Aerospace Science & Technology,2024,707.0,49.0101
490102,Airline Professional Pilot & Flight Crew,2012,1264.0,49.0102
490102,Airline Professional Pilot & Flight Crew,2013,0.0,49.0102
490102,Airline Professional Pilot & Flight Crew,2014,0.0,49.0102
490102,Airline Professional Pilot & Flight Crew,2015,0.0,49.0102
490104,Airway Management & Operations,2012,227.0,49.0104
490104,Airway Management & Operations,2013,260.0,49.0104
490104,Airway Management & Operations,2014,224.0,49.0104
490104,Airway Management & Operations,2015,184.0,49.0104
490104,Airway Management & Operations,2016,255.0,49.0104
490104,Airway Management & Operations,2017,237.0,49.0104
490104,Airway Management & Operations,2018,224.0,49.0104
490104,Airway Management & Operations,2019,198.0,49.0104
490104,Airway Management & Operations,2020,75.0,49.0104
490104,Airway Management & Operations,2021,79.0,49.0104
490104,Airway Management & Operations,2022,96.0,49.0104
490104,Airway Management & Operations,2023,124.0,49.0104
490104,Airway Management & Operations,2024,110.0,49.0104
490199,Other Air Transportation,2012,47.0,49.0199
490199,Other Air Transportation,2013,27.0,49.0199
490199,Other Air Transportation,2014,58.0,49.0199
490199,Other Air Transportation,2015,44.0,49.0199
490199,Other Air Transportation,2016,50.0,49.0199
490199,Other Air Transportation,2017,26.0,49.0199
490199,Other Air Transportation,2018,29.0,49.0199
490199,Other Air Transportation,2019,17.0,49.0199
490199,Other Air Transportation,2020,4.0,49.0199
490199,Other Air Transportation,2021,0.0,49.0199
490199,Other Air Transportation,2022,0.0,49.0199
490199,Other Air Transportation,2023,0.0,49.0199
490199,Other Air Transportation,2024,0.0,49.0199
499999,Other Transportation & Materials Moving,2012,0.0,49.9999
499999,Other Transportation & Materials Moving,2013,2.0,49.9999
499999,Other Transportation & Materials Moving,2014,6.0,49.9999
499999,Other Transportation & Materials Moving,2015,6.0,49.9999
499999,Other Transportation & Materials Moving,2016,1.0,49.9999
499999,Other Transportation & Materials Moving,2017,6.0,49.9999
499999,Other Transportation & Materials Moving,2018,6.0,49.9999
499999,Other Transportation & Materials Moving,2019,6.0,49.9999
499999,Other Transportation & Materials Moving,2020,0.0,49.9999
499999,Other Transportation & Materials Moving,2021,1.0,49.9999
499999,Other Transportation & Materials Moving,2022,0.0,49.9999
499999,Other Transportation & Materials Moving,2023,1.0,49.9999
499999,Other Transportation & Materials Moving,2024,0.0,49.9999
500101,General Visual & Performing Arts,2012,148.0,50.0101
500101,General Visual & Performing Arts,2013,194.0,50.0101
500101,General Visual & Performing Arts,2014,166.0,50.0101
500101,General Visual & Performing Arts,2015,138.0,50.0101
500101,General Visual & Performing Arts,2016,166.0,50.0101
500101,General Visual & Performing Arts,2017,114.0,50.0101
500101,General Visual & Performing Arts,2018,134.0,50.0101
500101,General Visual & Performing Arts,2019,116.0,50.0101
500101,General Visual & Performing Arts,2020,145.0,50.0101
500101,General Visual & Performing Arts,2021,129.0,50.0101
500101,General Visual & Performing Arts,2022,122.0,50.0101
500101,General Visual & Performing Arts,2023,119.0,50.0101
500101,General Visual & Performing Arts,2024,92.0,50.0101
500102,Digital Arts,2012,103.0,50.0102
500102,Digital Arts,2013,113.0,50.0102
500102,Digital Arts,2014,137.0,50.0102
500102,Digital Arts,2015,229.0,50.0102
500102,Digital Arts,2016,264.0,50.0102
500102,Digital Arts,2017,169.0,50.0102
500102,Digital Arts,2018,238.0,50.0102
500102,Digital Arts,2019,257.0,50.0102
500102,Digital Arts,2020,210.0,50.0102
500102,Digital Arts,2021,214.0,50.0102
500102,Digital Arts,2022,243.0,50.0102
500102,Digital Arts,2023,208.0,50.0102
500102,Digital Arts,2024,114.0,50.0102
500201,"Crafts Design, Folk Art, & Artisanry",2012,2.0,50.0201
500201,"Crafts Design, Folk Art, & Artisanry",2013,6.0,50.0201
500201,"Crafts Design, Folk Art, & Artisanry",2014,7.0,50.0201
500201,"Crafts Design, Folk Art, & Artisanry",2015,16.0,50.0201
500201,"Crafts Design, Folk Art, & Artisanry",2016,11.0,50.0201
500201,"Crafts Design, Folk Art, & Artisanry",2017,19.0,50.0201
500201,"Crafts Design, Folk Art, & Artisanry",2018,22.0,50.0201
500201,"Crafts Design, Folk Art, & Artisanry",2019,2.0,50.0201
500201,"Crafts Design, Folk Art, & Artisanry",2020,6.0,50.0201
500201,"Crafts Design, Folk Art, & Artisanry",2021,13.0,50.0201
500201,"Crafts Design, Folk Art, & Artisanry",2022,5.0,50.0201
500201,"Crafts Design, Folk Art, & Artisanry",2023,0.0,50.0201
500201,"Crafts Design, Folk Art, & Artisanry",2024,0.0,50.0201
500301,General Dance,2012,237.0,50.0301
500301,General Dance,2013,246.0,50.0301
500301,General Dance,2014,215.0,50.0301
500301,General Dance,2015,191.0,50.0301
500301,General Dance,2016,223.0,50.0301
500301,General Dance,2017,208.0,50.0301
500301,General Dance,2018,226.0,50.0301
500301,General Dance,2019,217.0,50.0301
500301,General Dance,2020,218.0,50.0301
500301,General Dance,2021,243.0,50.0301
500301,General Dance,2022,232.0,50.0301
500301,General Dance,2023,244.0,50.0301
500301,General Dance,2024,202.0,50.0301
500302,Ballet,2012,4.0,50.0302
500302,Ballet,2013,3.0,50.0302
500302,Ballet,2014,0.0,50.0302
500302,Ballet,2015,0.0,50.0302
500302,Ballet,2016,0.0,50.0302
500302,Ballet,2017,0.0,50.0302
500302,Ballet,2018,0.0,50.0302
500302,Ballet,2019,4.0,50.0302
500302,Ballet,2020,1.0,50.0302
500302,Ballet,2021,2.0,50.0302
500302,Ballet,2022,1.0,50.0302
500302,Ballet,2023,0.0,50.0302
500302,Ballet,2024,2.0,50.0302
500399,Other Dance,2012,2.0,50.0399
500399,Other Dance,2013,2.0,50.0399
500399,Other Dance,2014,2.0,50.0399
500399,Other Dance,2015,1.0,50.0399
500399,Other Dance,2016,0.0,50.0399
500399,Other Dance,2017,0.0,50.0399
500399,Other Dance,2018,0.0,50.0399
500399,Other Dance,2019,0.0,50.0399
500399,Other Dance,2020,0.0,50.0399
500399,Other Dance,2021,0.0,50.0399
500399,Other Dance,2022,0.0,50.0399
500399,Other Dance,2023,0.0,50.0399
500399,Other Dance,2024,7.0,50.0399
500401,General Design & Visual Communications,2012,510.0,50.0401
500401,General Design & Visual Communications,2013,526.0,50.0401
500401,General Design & Visual Communications,2014,508.0,50.0401
500401,General Design & Visual Communications,2015,455.0,50.0401
500401,General Design & Visual Communications,2016,368.0,50.0401
500401,General Design & Visual Communications,2017,449.0,50.0401
500401,General Design & Visual Communications,2018,390.0,50.0401
500401,General Design & Visual Communications,2019,432.0,50.0401
500401,General Design & Visual Communications,2020,459.0,50.0401
500401,General Design & Visual Communications,2021,481.0,50.0401
500401,General Design & Visual Communications,2022,466.0,50.0401
500401,General Design & Visual Communications,2023,423.0,50.0401
500401,General Design & Visual Communications,2024,396.0,50.0401
500402,Commercial & Advertising Art,2012,115.0,50.0402
500402,Commercial & Advertising Art,2013,93.0,50.0402
500402,Commercial & Advertising Art,2014,88.0,50.0402
500402,Commercial & Advertising Art,2015,83.0,50.0402
500402,Commercial & Advertising Art,2016,100.0,50.0402
500402,Commercial & Advertising Art,2017,87.0,50.0402
500402,Commercial & Advertising Art,2018,39.0,50.0402
500402,Commercial & Advertising Art,2019,11.0,50.0402
500402,Commercial & Advertising Art,2020,15.0,50.0402
500402,Commercial & Advertising Art,2021,14.0,50.0402
500402,Commercial & Advertising Art,2022,33.0,50.0402
500402,Commercial & Advertising Art,2023,38.0,50.0402
500402,Commercial & Advertising Art,2024,16.0,50.0402
500404,Industrial & Product Design,2012,179.0,50.0404
500404,Industrial & Product Design,2013,198.0,50.0404
500404,Industrial & Product Design,2014,189.0,50.0404
500404,Industrial & Product Design,2015,204.0,50.0404
500404,Industrial & Product Design,2016,216.0,50.0404
500404,Industrial & Product Design,2017,209.0,50.0404
500404,Industrial & Product Design,2018,205.0,50.0404
500404,Industrial & Product Design,2019,216.0,50.0404
500404,Industrial & Product Design,2020,233.0,50.0404
500404,Industrial & Product Design,2021,180.0,50.0404
500404,Industrial & Product Design,2022,148.0,50.0404
500404,Industrial & Product Design,2023,108.0,50.0404
500404,Industrial & Product Design,2024,95.0,50.0404
500406,Commercial Photography,2012,12.0,50.0406
500406,Commercial Photography,2013,18.0,50.0406
500406,Commercial Photography,2014,20.0,50.0406
500406,Commercial Photography,2015,7.0,50.0406
500406,Commercial Photography,2016,18.0,50.0406
500406,Commercial Photography,2017,14.0,50.0406
500406,Commercial Photography,2018,3.0,50.0406
500406,Commercial Photography,2019,6.0,50.0406
500406,Commercial Photography,2020,12.0,50.0406
500406,Commercial Photography,2021,21.0,50.0406
500406,Commercial Photography,2022,10.0,50.0406
500406,Commercial Photography,2023,6.0,50.0406
500406,Commercial Photography,2024,6.0,50.0406
500407,Fashion & Apparel Design,2012,196.0,50.0407
500407,Fashion & Apparel Design,2013,213.0,50.0407
500407,Fashion & Apparel Design,2014,246.0,50.0407
500407,Fashion & Apparel Design,2015,246.0,50.0407
500407,Fashion & Apparel Design,2016,185.0,50.0407
500407,Fashion & Apparel Design,2017,198.0,50.0407
500407,Fashion & Apparel Design,2018,154.0,50.0407
500407,Fashion & Apparel Design,2019,157.0,50.0407
500407,Fashion & Apparel Design,2020,144.0,50.0407
500407,Fashion & Apparel Design,2021,103.0,50.0407
500407,Fashion & Apparel Design,2022,119.0,50.0407
500407,Fashion & Apparel Design,2023,112.0,50.0407
500407,Fashion & Apparel Design,2024,96.0,50.0407
500408,Interior Design,2012,449.0,50.0408
500408,Interior Design,2013,430.0,50.0408
500408,Interior Design,2014,388.0,50.0408
500408,Interior Design,2015,440.0,50.0408
500408,Interior Design,2016,437.0,50.0408
500408,Interior Design,2017,338.0,50.0408
500408,Interior Design,2018,300.0,50.0408
500408,Interior Design,2019,257.0,50.0408
500408,Interior Design,2020,271.0,50.0408
500408,Interior Design,2021,244.0,50.0408
500408,Interior Design,2022,302.0,50.0408
500408,Interior Design,2023,249.0,50.0408
500408,Interior Design,2024,225.0,50.0408
500409,Graphic Design,2012,256.0,50.0409
500409,Graphic Design,2013,353.0,50.0409
500409,Graphic Design,2014,336.0,50.0409
500409,Graphic Design,2015,259.0,50.0409
500409,Graphic Design,2016,289.0,50.0409
500409,Graphic Design,2017,211.0,50.0409
500409,Graphic Design,2018,174.0,50.0409
500409,Graphic Design,2019,226.0,50.0409
500409,Graphic Design,2020,254.0,50.0409
500409,Graphic Design,2021,230.0,50.0409
500409,Graphic Design,2022,194.0,50.0409
500409,Graphic Design,2023,162.0,50.0409
500409,Graphic Design,2024,169.0,50.0409
500410,Illustration,2012,134.0,50.041
500410,Illustration,2013,125.0,50.041
500410,Illustration,2014,159.0,50.041
500410,Illustration,2015,174.0,50.041
500410,Illustration,2016,179.0,50.041
500410,Illustration,2017,174.0,50.041
500410,Illustration,2018,160.0,50.041
500410,Illustration,2019,213.0,50.041
500410,Illustration,2020,212.0,50.041
500410,Illustration,2021,194.0,50.041
500410,Illustration,2022,221.0,50.041
500410,Illustration,2023,168.0,50.041
500410,Illustration,2024,291.0,50.041
500411,Game & Interactive Media Design,2012,121.0,50.0411
500411,Game & Interactive Media Design,2013,123.0,50.0411
500411,Game & Interactive Media Design,2014,167.0,50.0411
500411,Game & Interactive Media Design,2015,192.0,50.0411
500411,Game & Interactive Media Design,2016,157.0,50.0411
500411,Game & Interactive Media Design,2017,152.0,50.0411
500411,Game & Interactive Media Design,2018,123.0,50.0411
500411,Game & Interactive Media Design,2019,134.0,50.0411
500411,Game & Interactive Media Design,2020,94.0,50.0411
500411,Game & Interactive Media Design,2021,121.0,50.0411
500411,Game & Interactive Media Design,2022,45.0,50.0411
500411,Game & Interactive Media Design,2023,48.0,50.0411
500411,Game & Interactive Media Design,2024,50.0,50.0411
500499,Other Design & Applied Arts,2012,284.0,50.0499
500499,Other Design & Applied Arts,2013,281.0,50.0499
500499,Other Design & Applied Arts,2014,272.0,50.0499
500499,Other Design & Applied Arts,2015,249.0,50.0499
500499,Other Design & Applied Arts,2016,281.0,50.0499
500499,Other Design & Applied Arts,2017,250.0,50.0499
500499,Other Design & Applied Arts,2018,278.0,50.0499
500499,Other Design & Applied Arts,2019,242.0,50.0499
500499,Other Design & Applied Arts,2020,293.0,50.0499
500499,Other Design & Applied Arts,2021,343.0,50.0499
500499,Other Design & Applied Arts,2022,406.0,50.0499
500499,Other Design & Applied Arts,2023,374.0,50.0499
500499,Other Design & Applied Arts,2024,339.0,50.0499
500501,General Drama & Theater Arts,2012,1212.0,50.0501
500501,General Drama & Theater Arts,2013,1151.0,50.0501
500501,General Drama & Theater Arts,2014,975.0,50.0501
500501,General Drama & Theater Arts,2015,955.0,50.0501
500501,General Drama & Theater Arts,2016,936.0,50.0501
500501,General Drama & Theater Arts,2017,904.0,50.0501
500501,General Drama & Theater Arts,2018,997.0,50.0501
500501,General Drama & Theater Arts,2019,894.0,50.0501
500501,General Drama & Theater Arts,2020,819.0,50.0501
500501,General Drama & Theater Arts,2021,832.0,50.0501
500501,General Drama & Theater Arts,2022,842.0,50.0501
500501,General Drama & Theater Arts,2023,927.0,50.0501
500501,General Drama & Theater Arts,2024,820.0,50.0501
500502,Technical Theatre Design & Technology,2012,142.0,50.0502
500502,Technical Theatre Design & Technology,2013,155.0,50.0502
500502,Technical Theatre Design & Technology,2014,160.0,50.0502
500502,Technical Theatre Design & Technology,2015,161.0,50.0502
500502,Technical Theatre Design & Technology,2016,160.0,50.0502
500502,Technical Theatre Design & Technology,2017,157.0,50.0502
500502,Technical Theatre Design & Technology,2018,176.0,50.0502
500502,Technical Theatre Design & Technology,2019,165.0,50.0502
500502,Technical Theatre Design & Technology,2020,176.0,50.0502
500502,Technical Theatre Design & Technology,2021,162.0,50.0502
500502,Technical Theatre Design & Technology,2022,154.0,50.0502
500502,Technical Theatre Design & Technology,2023,142.0,50.0502
500502,Technical Theatre Design & Technology,2024,150.0,50.0502
500504,Playwriting & Screenwriting,2012,184.0,50.0504
500504,Playwriting & Screenwriting,2013,183.0,50.0504
500504,Playwriting & Screenwriting,2014,220.0,50.0504
500504,Playwriting & Screenwriting,2015,266.0,50.0504
500504,Playwriting & Screenwriting,2016,276.0,50.0504
500504,Playwriting & Screenwriting,2017,321.0,50.0504
500504,Playwriting & Screenwriting,2018,354.0,50.0504
500504,Playwriting & Screenwriting,2019,350.0,50.0504
500504,Playwriting & Screenwriting,2020,335.0,50.0504
500504,Playwriting & Screenwriting,2021,333.0,50.0504
500504,Playwriting & Screenwriting,2022,388.0,50.0504
500504,Playwriting & Screenwriting,2023,375.0,50.0504
500504,Playwriting & Screenwriting,2024,304.0,50.0504
500505,"Theatre Literature, History, & Criticism",2012,8.0,50.0505
500505,"Theatre Literature, History, & Criticism",2013,8.0,50.0505
500505,"Theatre Literature, History, & Criticism",2014,8.0,50.0505
500505,"Theatre Literature, History, & Criticism",2015,7.0,50.0505
500505,"Theatre Literature, History, & Criticism",2016,9.0,50.0505
500505,"Theatre Literature, History, & Criticism",2017,10.0,50.0505
500505,"Theatre Literature, History, & Criticism",2018,7.0,50.0505
500505,"Theatre Literature, History, & Criticism",2019,9.0,50.0505
500505,"Theatre Literature, History, & Criticism",2020,2.0,50.0505
500505,"Theatre Literature, History, & Criticism",2021,0.0,50.0505
500505,"Theatre Literature, History, & Criticism",2022,6.0,50.0505
500505,"Theatre Literature, History, & Criticism",2023,7.0,50.0505
500505,"Theatre Literature, History, & Criticism",2024,5.0,50.0505
500506,Acting,2012,206.0,50.0506
500506,Acting,2013,201.0,50.0506
500506,Acting,2014,251.0,50.0506
500506,Acting,2015,230.0,50.0506
500506,Acting,2016,217.0,50.0506
500506,Acting,2017,193.0,50.0506
500506,Acting,2018,189.0,50.0506
500506,Acting,2019,190.0,50.0506
500506,Acting,2020,189.0,50.0506
500506,Acting,2021,158.0,50.0506
500506,Acting,2022,142.0,50.0506
500506,Acting,2023,174.0,50.0506
500506,Acting,2024,151.0,50.0506
500507,Directing & Theatrical Production,2012,83.0,50.0507
500507,Directing & Theatrical Production,2013,72.0,50.0507
500507,Directing & Theatrical Production,2014,84.0,50.0507
500507,Directing & Theatrical Production,2015,102.0,50.0507
500507,Directing & Theatrical Production,2016,87.0,50.0507
500507,Directing & Theatrical Production,2017,85.0,50.0507
500507,Directing & Theatrical Production,2018,84.0,50.0507
500507,Directing & Theatrical Production,2019,87.0,50.0507
500507,Directing & Theatrical Production,2020,75.0,50.0507
500507,Directing & Theatrical Production,2021,63.0,50.0507
500507,Directing & Theatrical Production,2022,76.0,50.0507
500507,Directing & Theatrical Production,2023,69.0,50.0507
500507,Directing & Theatrical Production,2024,63.0,50.0507
500509,Musical Theatre,2016,13.0,50.0509
500509,Musical Theatre,2017,14.0,50.0509
500509,Musical Theatre,2018,18.0,50.0509
500509,Musical Theatre,2019,17.0,50.0509
500509,Musical Theatre,2020,11.0,50.0509
500509,Musical Theatre,2021,12.0,50.0509
500509,Musical Theatre,2022,20.0,50.0509
500509,Musical Theatre,2023,5.0,50.0509
500509,Musical Theatre,2024,7.0,50.0509
500510,Costume Design,2012,3.0,50.051
500510,Costume Design,2013,5.0,50.051
500510,Costume Design,2014,6.0,50.051
500510,Costume Design,2015,6.0,50.051
500510,Costume Design,2016,4.0,50.051
500510,Costume Design,2017,7.0,50.051
500510,Costume Design,2018,5.0,50.051
500510,Costume Design,2019,16.0,50.051
500510,Costume Design,2020,17.0,50.051
500510,Costume Design,2021,8.0,50.051
500510,Costume Design,2022,8.0,50.051
500510,Costume Design,2023,8.0,50.051
500510,Costume Design,2024,11.0,50.051
500599,Other Dramatic Arts & Stagecraft,2012,44.0,50.0599
500599,Other Dramatic Arts & Stagecraft,2013,63.0,50.0599
500599,Other Dramatic Arts & Stagecraft,2014,56.0,50.0599
500599,Other Dramatic Arts & Stagecraft,2015,68.0,50.0599
500599,Other Dramatic Arts & Stagecraft,2016,50.0,50.0599
500599,Other Dramatic Arts & Stagecraft,2017,44.0,50.0599
500599,Other Dramatic Arts & Stagecraft,2018,66.0,50.0599
500599,Other Dramatic Arts & Stagecraft,2019,55.0,50.0599
500599,Other Dramatic Arts & Stagecraft,2020,60.0,50.0599
500599,Other Dramatic Arts & Stagecraft,2021,43.0,50.0599
500599,Other Dramatic Arts & Stagecraft,2022,34.0,50.0599
500599,Other Dramatic Arts & Stagecraft,2023,49.0,50.0599
500599,Other Dramatic Arts & Stagecraft,2024,61.0,50.0599
500601,"Film, Cinema, & Video Studies",2012,382.0,50.0601
500601,"Film, Cinema, & Video Studies",2013,408.0,50.0601
500601,"Film, Cinema, & Video Studies",2014,322.0,50.0601
500601,"Film, Cinema, & Video Studies",2015,444.0,50.0601
500601,"Film, Cinema, & Video Studies",2016,398.0,50.0601
500601,"Film, Cinema, & Video Studies",2017,768.0,50.0601
500601,"Film, Cinema, & Video Studies",2018,560.0,50.0601
500601,"Film, Cinema, & Video Studies",2019,587.0,50.0601
500601,"Film, Cinema, & Video Studies",2020,555.0,50.0601
500601,"Film, Cinema, & Video Studies",2021,491.0,50.0601
500601,"Film, Cinema, & Video Studies",2022,506.0,50.0601
500601,"Film, Cinema, & Video Studies",2023,574.0,50.0601
500601,"Film, Cinema, & Video Studies",2024,586.0,50.0601
500602,Cinematography & Film Production,2012,813.0,50.0602
500602,Cinematography & Film Production,2013,901.0,50.0602
500602,Cinematography & Film Production,2014,860.0,50.0602
500602,Cinematography & Film Production,2015,982.0,50.0602
500602,Cinematography & Film Production,2016,1018.0,50.0602
500602,Cinematography & Film Production,2017,916.0,50.0602
500602,Cinematography & Film Production,2018,1056.0,50.0602
500602,Cinematography & Film Production,2019,1038.0,50.0602
500602,Cinematography & Film Production,2020,967.0,50.0602
500602,Cinematography & Film Production,2021,854.0,50.0602
500602,Cinematography & Film Production,2022,928.0,50.0602
500602,Cinematography & Film Production,2023,1011.0,50.0602
500602,Cinematography & Film Production,2024,999.0,50.0602
500605,Photography,2012,253.0,50.0605
500605,Photography,2013,321.0,50.0605
500605,Photography,2014,280.0,50.0605
500605,Photography,2015,309.0,50.0605
500605,Photography,2016,268.0,50.0605
500605,Photography,2017,286.0,50.0605
500605,Photography,2018,263.0,50.0605
500605,Photography,2019,255.0,50.0605
500605,Photography,2020,242.0,50.0605
500605,Photography,2021,217.0,50.0605
500605,Photography,2022,209.0,50.0605
500605,Photography,2023,215.0,50.0605
500605,Photography,2024,188.0,50.0605
500607,Documentary Production,2012,10.0,50.0607
500607,Documentary Production,2013,24.0,50.0607
500607,Documentary Production,2014,24.0,50.0607
500607,Documentary Production,2015,8.0,50.0607
500607,Documentary Production,2016,25.0,50.0607
500607,Documentary Production,2017,34.0,50.0607
500607,Documentary Production,2018,46.0,50.0607
500607,Documentary Production,2019,33.0,50.0607
500607,Documentary Production,2020,32.0,50.0607
500607,Documentary Production,2021,24.0,50.0607
500607,Documentary Production,2022,34.0,50.0607
500607,Documentary Production,2023,43.0,50.0607
500607,Documentary Production,2024,36.0,50.0607
500699,Other Film & Photographic Arts,2012,92.0,50.0699
500699,Other Film & Photographic Arts,2013,187.0,50.0699
500699,Other Film & Photographic Arts,2014,178.0,50.0699
500699,Other Film & Photographic Arts,2015,57.0,50.0699
500699,Other Film & Photographic Arts,2016,59.0,50.0699
500699,Other Film & Photographic Arts,2017,59.0,50.0699
500699,Other Film & Photographic Arts,2018,56.0,50.0699
500699,Other Film & Photographic Arts,2019,50.0,50.0699
500699,Other Film & Photographic Arts,2020,41.0,50.0699
500699,Other Film & Photographic Arts,2021,24.0,50.0699
500699,Other Film & Photographic Arts,2022,27.0,50.0699
500699,Other Film & Photographic Arts,2023,28.0,50.0699
500699,Other Film & Photographic Arts,2024,22.0,50.0699
500701,General Art Studies,2012,810.0,50.0701
500701,General Art Studies,2013,790.0,50.0701
500701,General Art Studies,2014,770.0,50.0701
500701,General Art Studies,2015,662.0,50.0701
500701,General Art Studies,2016,772.0,50.0701
500701,General Art Studies,2017,668.0,50.0701
500701,General Art Studies,2018,714.0,50.0701
500701,General Art Studies,2019,649.0,50.0701
500701,General Art Studies,2020,521.0,50.0701
500701,General Art Studies,2021,512.0,50.0701
500701,General Art Studies,2022,532.0,50.0701
500701,General Art Studies,2023,537.0,50.0701
500701,General Art Studies,2024,525.0,50.0701
500702,General Fine Studio Arts,2012,1414.0,50.0702
500702,General Fine Studio Arts,2013,1490.0,50.0702
500702,General Fine Studio Arts,2014,1521.0,50.0702
500702,General Fine Studio Arts,2015,1468.0,50.0702
500702,General Fine Studio Arts,2016,1409.0,50.0702
500702,General Fine Studio Arts,2017,1310.0,50.0702
500702,General Fine Studio Arts,2018,1394.0,50.0702
500702,General Fine Studio Arts,2019,1350.0,50.0702
500702,General Fine Studio Arts,2020,1208.0,50.0702
500702,General Fine Studio Arts,2021,1196.0,50.0702
500702,General Fine Studio Arts,2022,1156.0,50.0702
500702,General Fine Studio Arts,2023,1177.0,50.0702
500702,General Fine Studio Arts,2024,1195.0,50.0702
500703,"Art History, Criticism, & Conservation",2012,903.0,50.0703
500703,"Art History, Criticism, & Conservation",2013,976.0,50.0703
500703,"Art History, Criticism, & Conservation",2014,941.0,50.0703
500703,"Art History, Criticism, & Conservation",2015,868.0,50.0703
500703,"Art History, Criticism, & Conservation",2016,885.0,50.0703
500703,"Art History, Criticism, & Conservation",2017,828.0,50.0703
500703,"Art History, Criticism, & Conservation",2018,851.0,50.0703
500703,"Art History, Criticism, & Conservation",2019,877.0,50.0703
500703,"Art History, Criticism, & Conservation",2020,774.0,50.0703
500703,"Art History, Criticism, & Conservation",2021,764.0,50.0703
500703,"Art History, Criticism, & Conservation",2022,762.0,50.0703
500703,"Art History, Criticism, & Conservation",2023,755.0,50.0703
500703,"Art History, Criticism, & Conservation",2024,768.0,50.0703
500705,Drawing,2012,31.0,50.0705
500705,Drawing,2013,21.0,50.0705
500705,Drawing,2014,21.0,50.0705
500705,Drawing,2015,23.0,50.0705
500705,Drawing,2016,23.0,50.0705
500705,Drawing,2017,21.0,50.0705
500705,Drawing,2018,25.0,50.0705
500705,Drawing,2019,31.0,50.0705
500705,Drawing,2020,24.0,50.0705
500705,Drawing,2021,19.0,50.0705
500705,Drawing,2022,13.0,50.0705
500705,Drawing,2023,17.0,50.0705
500705,Drawing,2024,10.0,50.0705
500706,Multimedia,2012,35.0,50.0706
500706,Multimedia,2013,28.0,50.0706
500706,Multimedia,2014,63.0,50.0706
500706,Multimedia,2015,51.0,50.0706
500706,Multimedia,2016,45.0,50.0706
500706,Multimedia,2017,55.0,50.0706
500706,Multimedia,2018,41.0,50.0706
500706,Multimedia,2019,47.0,50.0706
500706,Multimedia,2020,21.0,50.0706
500706,Multimedia,2021,17.0,50.0706
500706,Multimedia,2022,26.0,50.0706
500706,Multimedia,2023,28.0,50.0706
500706,Multimedia,2024,26.0,50.0706
500708,Painting,2012,232.0,50.0708
500708,Painting,2013,206.0,50.0708
500708,Painting,2014,203.0,50.0708
500708,Painting,2015,185.0,50.0708
500708,Painting,2016,145.0,50.0708
500708,Painting,2017,158.0,50.0708
500708,Painting,2018,144.0,50.0708
500708,Painting,2019,136.0,50.0708
500708,Painting,2020,149.0,50.0708
500708,Painting,2021,132.0,50.0708
500708,Painting,2022,135.0,50.0708
500708,Painting,2023,130.0,50.0708
500708,Painting,2024,130.0,50.0708
500709,Sculpture,2012,70.0,50.0709
500709,Sculpture,2013,71.0,50.0709
500709,Sculpture,2014,62.0,50.0709
500709,Sculpture,2015,66.0,50.0709
500709,Sculpture,2016,49.0,50.0709
500709,Sculpture,2017,51.0,50.0709
500709,Sculpture,2018,51.0,50.0709
500709,Sculpture,2019,47.0,50.0709
500709,Sculpture,2020,47.0,50.0709
500709,Sculpture,2021,42.0,50.0709
500709,Sculpture,2022,42.0,50.0709
500709,Sculpture,2023,57.0,50.0709
500709,Sculpture,2024,55.0,50.0709
500710,Printmaking,2012,56.0,50.071
500710,Printmaking,2013,54.0,50.071
500710,Printmaking,2014,44.0,50.071
500710,Printmaking,2015,43.0,50.071
500710,Printmaking,2016,43.0,50.071
500710,Printmaking,2017,37.0,50.071
500710,Printmaking,2018,33.0,50.071
500710,Printmaking,2019,35.0,50.071
500710,Printmaking,2020,62.0,50.071
500710,Printmaking,2021,40.0,50.071
500710,Printmaking,2022,43.0,50.071
500710,Printmaking,2023,56.0,50.071
500710,Printmaking,2024,42.0,50.071
500711,Ceramic Arts & Ceramics,2012,52.0,50.0711
500711,Ceramic Arts & Ceramics,2013,46.0,50.0711
500711,Ceramic Arts & Ceramics,2014,41.0,50.0711
500711,Ceramic Arts & Ceramics,2015,43.0,50.0711
500711,Ceramic Arts & Ceramics,2016,48.0,50.0711
500711,Ceramic Arts & Ceramics,2017,51.0,50.0711
500711,Ceramic Arts & Ceramics,2018,46.0,50.0711
500711,Ceramic Arts & Ceramics,2019,50.0,50.0711
500711,Ceramic Arts & Ceramics,2020,32.0,50.0711
500711,Ceramic Arts & Ceramics,2021,40.0,50.0711
500711,Ceramic Arts & Ceramics,2022,34.0,50.0711
500711,Ceramic Arts & Ceramics,2023,37.0,50.0711
500711,Ceramic Arts & Ceramics,2024,36.0,50.0711
500712,"Fiber, Textile, & Weaving Arts",2012,47.0,50.0712
500712,"Fiber, Textile, & Weaving Arts",2013,43.0,50.0712
500712,"Fiber, Textile, & Weaving Arts",2014,30.0,50.0712
500712,"Fiber, Textile, & Weaving Arts",2015,37.0,50.0712
500712,"Fiber, Textile, & Weaving Arts",2016,36.0,50.0712
500712,"Fiber, Textile, & Weaving Arts",2017,30.0,50.0712
500712,"Fiber, Textile, & Weaving Arts",2018,44.0,50.0712
500712,"Fiber, Textile, & Weaving Arts",2019,36.0,50.0712
500712,"Fiber, Textile, & Weaving Arts",2020,25.0,50.0712
500712,"Fiber, Textile, & Weaving Arts",2021,31.0,50.0712
500712,"Fiber, Textile, & Weaving Arts",2022,32.0,50.0712
500712,"Fiber, Textile, & Weaving Arts",2023,24.0,50.0712
500712,"Fiber, Textile, & Weaving Arts",2024,17.0,50.0712
500713,Metal & Jewelry Arts,2012,34.0,50.0713
500713,Metal & Jewelry Arts,2013,40.0,50.0713
500713,Metal & Jewelry Arts,2014,35.0,50.0713
500713,Metal & Jewelry Arts,2015,37.0,50.0713
500713,Metal & Jewelry Arts,2016,39.0,50.0713
500713,Metal & Jewelry Arts,2017,35.0,50.0713
500713,Metal & Jewelry Arts,2018,56.0,50.0713
500713,Metal & Jewelry Arts,2019,42.0,50.0713
500713,Metal & Jewelry Arts,2020,39.0,50.0713
500713,Metal & Jewelry Arts,2021,24.0,50.0713
500713,Metal & Jewelry Arts,2022,19.0,50.0713
500713,Metal & Jewelry Arts,2023,12.0,50.0713
500713,Metal & Jewelry Arts,2024,12.0,50.0713
500714,Metal Arts,2020,0.0,50.0714
500714,Metal Arts,2021,2.0,50.0714
500714,Metal Arts,2022,6.0,50.0714
500714,Metal Arts,2023,8.0,50.0714
500714,Metal Arts,2024,7.0,50.0714
500799,Other Fine Arts & Art Studies,2012,319.0,50.0799
500799,Other Fine Arts & Art Studies,2013,357.0,50.0799
500799,Other Fine Arts & Art Studies,2014,333.0,50.0799
500799,Other Fine Arts & Art Studies,2015,304.0,50.0799
500799,Other Fine Arts & Art Studies,2016,317.0,50.0799
500799,Other Fine Arts & Art Studies,2017,275.0,50.0799
500799,Other Fine Arts & Art Studies,2018,289.0,50.0799
500799,Other Fine Arts & Art Studies,2019,227.0,50.0799
500799,Other Fine Arts & Art Studies,2020,180.0,50.0799
500799,Other Fine Arts & Art Studies,2021,165.0,50.0799
500799,Other Fine Arts & Art Studies,2022,148.0,50.0799
500799,Other Fine Arts & Art Studies,2023,220.0,50.0799
500799,Other Fine Arts & Art Studies,2024,154.0,50.0799
500901,General Music,2012,1912.0,50.0901
500901,General Music,2013,1963.0,50.0901
500901,General Music,2014,1971.0,50.0901
500901,General Music,2015,1808.0,50.0901
500901,General Music,2016,1893.0,50.0901
500901,General Music,2017,1915.0,50.0901
500901,General Music,2018,1834.0,50.0901
500901,General Music,2019,1831.0,50.0901
500901,General Music,2020,1753.0,50.0901
500901,General Music,2021,1777.0,50.0901
500901,General Music,2022,1619.0,50.0901
500901,General Music,2023,1644.0,50.0901
500901,General Music,2024,1579.0,50.0901
500902,"Music History, Literature, & Theory",2012,46.0,50.0902
500902,"Music History, Literature, & Theory",2013,37.0,50.0902
500902,"Music History, Literature, & Theory",2014,45.0,50.0902
500902,"Music History, Literature, & Theory",2015,51.0,50.0902
500902,"Music History, Literature, & Theory",2016,43.0,50.0902
500902,"Music History, Literature, & Theory",2017,28.0,50.0902
500902,"Music History, Literature, & Theory",2018,43.0,50.0902
500902,"Music History, Literature, & Theory",2019,37.0,50.0902
500902,"Music History, Literature, & Theory",2020,33.0,50.0902
500902,"Music History, Literature, & Theory",2021,35.0,50.0902
500902,"Music History, Literature, & Theory",2022,37.0,50.0902
500902,"Music History, Literature, & Theory",2023,32.0,50.0902
500902,"Music History, Literature, & Theory",2024,38.0,50.0902
500903,General Music Performance,2012,2344.0,50.0903
500903,General Music Performance,2013,2298.0,50.0903
500903,General Music Performance,2014,2369.0,50.0903
500903,General Music Performance,2015,2279.0,50.0903
500903,General Music Performance,2016,2358.0,50.0903
500903,General Music Performance,2017,2157.0,50.0903
500903,General Music Performance,2018,2207.0,50.0903
500903,General Music Performance,2019,2200.0,50.0903
500903,General Music Performance,2020,2269.0,50.0903
500903,General Music Performance,2021,2066.0,50.0903
500903,General Music Performance,2022,1908.0,50.0903
500903,General Music Performance,2023,2231.0,50.0903
500903,General Music Performance,2024,2115.0,50.0903
500904,Music Theory & Composition,2012,273.0,50.0904
500904,Music Theory & Composition,2013,278.0,50.0904
500904,Music Theory & Composition,2014,296.0,50.0904
500904,Music Theory & Composition,2015,331.0,50.0904
500904,Music Theory & Composition,2016,319.0,50.0904
500904,Music Theory & Composition,2017,335.0,50.0904
500904,Music Theory & Composition,2018,324.0,50.0904
500904,Music Theory & Composition,2019,334.0,50.0904
500904,Music Theory & Composition,2020,310.0,50.0904
500904,Music Theory & Composition,2021,297.0,50.0904
500904,Music Theory & Composition,2022,279.0,50.0904
500904,Music Theory & Composition,2023,344.0,50.0904
500904,Music Theory & Composition,2024,298.0,50.0904
500905,Musicology & Ethnomusicology,2012,61.0,50.0905
500905,Musicology & Ethnomusicology,2013,90.0,50.0905
500905,Musicology & Ethnomusicology,2014,85.0,50.0905
500905,Musicology & Ethnomusicology,2015,59.0,50.0905
500905,Musicology & Ethnomusicology,2016,52.0,50.0905
500905,Musicology & Ethnomusicology,2017,59.0,50.0905
500905,Musicology & Ethnomusicology,2018,75.0,50.0905
500905,Musicology & Ethnomusicology,2019,49.0,50.0905
500905,Musicology & Ethnomusicology,2020,47.0,50.0905
500905,Musicology & Ethnomusicology,2021,58.0,50.0905
500905,Musicology & Ethnomusicology,2022,53.0,50.0905
500905,Musicology & Ethnomusicology,2023,73.0,50.0905
500905,Musicology & Ethnomusicology,2024,53.0,50.0905
500906,Conducting,2012,115.0,50.0906
500906,Conducting,2013,109.0,50.0906
500906,Conducting,2014,107.0,50.0906
500906,Conducting,2015,181.0,50.0906
500906,Conducting,2016,180.0,50.0906
500906,Conducting,2017,149.0,50.0906
500906,Conducting,2018,186.0,50.0906
500906,Conducting,2019,106.0,50.0906
500906,Conducting,2020,121.0,50.0906
500906,Conducting,2021,111.0,50.0906
500906,Conducting,2022,103.0,50.0906
500906,Conducting,2023,117.0,50.0906
500906,Conducting,2024,107.0,50.0906
500907,Keyboard Instruments,2012,152.0,50.0907
500907,Keyboard Instruments,2013,139.0,50.0907
500907,Keyboard Instruments,2014,197.0,50.0907
500907,Keyboard Instruments,2015,171.0,50.0907
500907,Keyboard Instruments,2016,192.0,50.0907
500907,Keyboard Instruments,2017,247.0,50.0907
500907,Keyboard Instruments,2018,263.0,50.0907
500907,Keyboard Instruments,2019,231.0,50.0907
500907,Keyboard Instruments,2020,266.0,50.0907
500907,Keyboard Instruments,2021,262.0,50.0907
500907,Keyboard Instruments,2022,214.0,50.0907
500907,Keyboard Instruments,2023,261.0,50.0907
500907,Keyboard Instruments,2024,250.0,50.0907
500908,Voice & Opera,2012,209.0,50.0908
500908,Voice & Opera,2013,234.0,50.0908
500908,Voice & Opera,2014,252.0,50.0908
500908,Voice & Opera,2015,240.0,50.0908
500908,Voice & Opera,2016,290.0,50.0908
500908,Voice & Opera,2017,264.0,50.0908
500908,Voice & Opera,2018,294.0,50.0908
500908,Voice & Opera,2019,286.0,50.0908
500908,Voice & Opera,2020,293.0,50.0908
500908,Voice & Opera,2021,246.0,50.0908
500908,Voice & Opera,2022,280.0,50.0908
500908,Voice & Opera,2023,356.0,50.0908
500908,Voice & Opera,2024,293.0,50.0908
500910,Jazz & Jazz Studies,2012,152.0,50.091
500910,Jazz & Jazz Studies,2013,142.0,50.091
500910,Jazz & Jazz Studies,2014,137.0,50.091
500910,Jazz & Jazz Studies,2015,147.0,50.091
500910,Jazz & Jazz Studies,2016,175.0,50.091
500910,Jazz & Jazz Studies,2017,203.0,50.091
500910,Jazz & Jazz Studies,2018,183.0,50.091
500910,Jazz & Jazz Studies,2019,179.0,50.091
500910,Jazz & Jazz Studies,2020,168.0,50.091
500910,Jazz & Jazz Studies,2021,183.0,50.091
500910,Jazz & Jazz Studies,2022,177.0,50.091
500910,Jazz & Jazz Studies,2023,192.0,50.091
500910,Jazz & Jazz Studies,2024,154.0,50.091
500911,Stringed Instruments,2012,194.0,50.0911
500911,Stringed Instruments,2013,217.0,50.0911
500911,Stringed Instruments,2014,197.0,50.0911
500911,Stringed Instruments,2015,197.0,50.0911
500911,Stringed Instruments,2016,227.0,50.0911
500911,Stringed Instruments,2017,228.0,50.0911
500911,Stringed Instruments,2018,252.0,50.0911
500911,Stringed Instruments,2019,244.0,50.0911
500911,Stringed Instruments,2020,262.0,50.0911
500911,Stringed Instruments,2021,249.0,50.0911
500911,Stringed Instruments,2022,269.0,50.0911
500911,Stringed Instruments,2023,322.0,50.0911
500911,Stringed Instruments,2024,273.0,50.0911
500912,Music Pedagogy,2012,50.0,50.0912
500912,Music Pedagogy,2013,38.0,50.0912
500912,Music Pedagogy,2014,44.0,50.0912
500912,Music Pedagogy,2015,46.0,50.0912
500912,Music Pedagogy,2016,55.0,50.0912
500912,Music Pedagogy,2017,65.0,50.0912
500912,Music Pedagogy,2018,92.0,50.0912
500912,Music Pedagogy,2019,94.0,50.0912
500912,Music Pedagogy,2020,101.0,50.0912
500912,Music Pedagogy,2021,138.0,50.0912
500912,Music Pedagogy,2022,171.0,50.0912
500912,Music Pedagogy,2023,215.0,50.0912
500912,Music Pedagogy,2024,151.0,50.0912
500913,Music Technology,2012,17.0,50.0913
500913,Music Technology,2013,34.0,50.0913
500913,Music Technology,2014,64.0,50.0913
500913,Music Technology,2015,93.0,50.0913
500913,Music Technology,2016,109.0,50.0913
500913,Music Technology,2017,132.0,50.0913
500913,Music Technology,2018,120.0,50.0913
500913,Music Technology,2019,80.0,50.0913
500913,Music Technology,2020,42.0,50.0913
500913,Music Technology,2021,67.0,50.0913
500913,Music Technology,2022,109.0,50.0913
500913,Music Technology,2023,125.0,50.0913
500913,Music Technology,2024,137.0,50.0913
500914,Brass Instruments,2012,25.0,50.0914
500914,Brass Instruments,2013,33.0,50.0914
500914,Brass Instruments,2014,34.0,50.0914
500914,Brass Instruments,2015,42.0,50.0914
500914,Brass Instruments,2016,58.0,50.0914
500914,Brass Instruments,2017,47.0,50.0914
500914,Brass Instruments,2018,51.0,50.0914
500914,Brass Instruments,2019,46.0,50.0914
500914,Brass Instruments,2020,47.0,50.0914
500914,Brass Instruments,2021,17.0,50.0914
500914,Brass Instruments,2022,54.0,50.0914
500914,Brass Instruments,2023,56.0,50.0914
500914,Brass Instruments,2024,47.0,50.0914
500915,Woodwind Instruments,2012,48.0,50.0915
500915,Woodwind Instruments,2013,62.0,50.0915
500915,Woodwind Instruments,2014,60.0,50.0915
500915,Woodwind Instruments,2015,53.0,50.0915
500915,Woodwind Instruments,2016,61.0,50.0915
500915,Woodwind Instruments,2017,64.0,50.0915
500915,Woodwind Instruments,2018,73.0,50.0915
500915,Woodwind Instruments,2019,81.0,50.0915
500915,Woodwind Instruments,2020,62.0,50.0915
500915,Woodwind Instruments,2021,60.0,50.0915
500915,Woodwind Instruments,2022,66.0,50.0915
500915,Woodwind Instruments,2023,85.0,50.0915
500915,Woodwind Instruments,2024,88.0,50.0915
500916,Percussion Instruments,2012,7.0,50.0916
500916,Percussion Instruments,2013,9.0,50.0916
500916,Percussion Instruments,2014,17.0,50.0916
500916,Percussion Instruments,2015,14.0,50.0916
500916,Percussion Instruments,2016,13.0,50.0916
500916,Percussion Instruments,2017,21.0,50.0916
500916,Percussion Instruments,2018,16.0,50.0916
500916,Percussion Instruments,2019,14.0,50.0916
500916,Percussion Instruments,2020,16.0,50.0916
500916,Percussion Instruments,2021,20.0,50.0916
500916,Percussion Instruments,2022,12.0,50.0916
500916,Percussion Instruments,2023,21.0,50.0916
500916,Percussion Instruments,2024,15.0,50.0916
500999,Other Music,2012,290.0,50.0999
500999,Other Music,2013,272.0,50.0999
500999,Other Music,2014,201.0,50.0999
500999,Other Music,2015,182.0,50.0999
500999,Other Music,2016,248.0,50.0999
500999,Other Music,2017,258.0,50.0999
500999,Other Music,2018,265.0,50.0999
500999,Other Music,2019,226.0,50.0999
500999,Other Music,2020,248.0,50.0999
500999,Other Music,2021,192.0,50.0999
500999,Other Music,2022,180.0,50.0999
500999,Other Music,2023,173.0,50.0999
500999,Other Music,2024,172.0,50.0999
501001,"General Arts, Entertainment, & Media Management",2012,159.0,50.1001
501001,"General Arts, Entertainment, & Media Management",2013,186.0,50.1001
501001,"General Arts, Entertainment, & Media Management",2014,596.0,50.1001
501001,"General Arts, Entertainment, & Media Management",2015,556.0,50.1001
501001,"General Arts, Entertainment, & Media Management",2016,595.0,50.1001
501001,"General Arts, Entertainment, & Media Management",2017,316.0,50.1001
501001,"General Arts, Entertainment, & Media Management",2018,301.0,50.1001
501001,"General Arts, Entertainment, & Media Management",2019,310.0,50.1001
501001,"General Arts, Entertainment, & Media Management",2020,283.0,50.1001
501001,"General Arts, Entertainment, & Media Management",2021,290.0,50.1001
501001,"General Arts, Entertainment, & Media Management",2022,365.0,50.1001
501001,"General Arts, Entertainment, & Media Management",2023,351.0,50.1001
501001,"General Arts, Entertainment, & Media Management",2024,268.0,50.1001
501002,Fine & Studio Arts Management,2012,470.0,50.1002
501002,Fine & Studio Arts Management,2013,485.0,50.1002
501002,Fine & Studio Arts Management,2014,455.0,50.1002
501002,Fine & Studio Arts Management,2015,566.0,50.1002
501002,Fine & Studio Arts Management,2016,633.0,50.1002
501002,Fine & Studio Arts Management,2017,468.0,50.1002
501002,Fine & Studio Arts Management,2018,593.0,50.1002
501002,Fine & Studio Arts Management,2019,501.0,50.1002
501002,Fine & Studio Arts Management,2020,439.0,50.1002
501002,Fine & Studio Arts Management,2021,449.0,50.1002
501002,Fine & Studio Arts Management,2022,356.0,50.1002
501002,Fine & Studio Arts Management,2023,422.0,50.1002
501002,Fine & Studio Arts Management,2024,365.0,50.1002
501003,Music Management,2012,0.0,50.1003
501003,Music Management,2013,0.0,50.1003
501003,Music Management,2014,30.0,50.1003
501003,Music Management,2015,35.0,50.1003
501003,Music Management,2016,49.0,50.1003
501003,Music Management,2017,66.0,50.1003
501003,Music Management,2018,49.0,50.1003
501003,Music Management,2019,57.0,50.1003
501003,Music Management,2020,130.0,50.1003
501003,Music Management,2021,136.0,50.1003
501003,Music Management,2022,170.0,50.1003
501003,Music Management,2023,173.0,50.1003
501003,Music Management,2024,156.0,50.1003
501004,Theatre Arts Management,2012,50.0,50.1004
501004,Theatre Arts Management,2013,44.0,50.1004
501004,Theatre Arts Management,2014,55.0,50.1004
501004,Theatre Arts Management,2015,69.0,50.1004
501004,Theatre Arts Management,2016,46.0,50.1004
501004,Theatre Arts Management,2017,63.0,50.1004
501004,Theatre Arts Management,2018,49.0,50.1004
501004,Theatre Arts Management,2019,53.0,50.1004
501004,Theatre Arts Management,2020,54.0,50.1004
501004,Theatre Arts Management,2021,39.0,50.1004
501004,Theatre Arts Management,2022,58.0,50.1004
501004,Theatre Arts Management,2023,70.0,50.1004
501004,Theatre Arts Management,2024,70.0,50.1004
501099,"Other Arts, Entertainment, & Media Management",2012,1.0,50.1099
501099,"Other Arts, Entertainment, & Media Management",2013,1.0,50.1099
501099,"Other Arts, Entertainment, & Media Management",2014,1.0,50.1099
501099,"Other Arts, Entertainment, & Media Management",2015,0.0,50.1099
501099,"Other Arts, Entertainment, & Media Management",2016,6.0,50.1099
501099,"Other Arts, Entertainment, & Media Management",2017,300.0,50.1099
501099,"Other Arts, Entertainment, & Media Management",2018,229.0,50.1099
501099,"Other Arts, Entertainment, & Media Management",2019,191.0,50.1099
501099,"Other Arts, Entertainment, & Media Management",2020,249.0,50.1099
501099,"Other Arts, Entertainment, & Media Management",2021,201.0,50.1099
501099,"Other Arts, Entertainment, & Media Management",2022,161.0,50.1099
501099,"Other Arts, Entertainment, & Media Management",2023,162.0,50.1099
501099,"Other Arts, Entertainment, & Media Management",2024,146.0,50.1099
501101,Community/Environmental/Socially-Engaged Art,2022,1.0,50.1101
501101,Community/Environmental/Socially-Engaged Art,2023,0.0,50.1101
501101,Community/Environmental/Socially-Engaged Art,2024,0.0,50.1101
509999,Other Visual & Performing Arts,2012,479.0,50.9999
509999,Other Visual & Performing Arts,2013,494.0,50.9999
509999,Other Visual & Performing Arts,2014,328.0,50.9999
509999,Other Visual & Performing Arts,2015,367.0,50.9999
509999,Other Visual & Performing Arts,2016,310.0,50.9999
509999,Other Visual & Performing Arts,2017,303.0,50.9999
509999,Other Visual & Performing Arts,2018,231.0,50.9999
509999,Other Visual & Performing Arts,2019,311.0,50.9999
509999,Other Visual & Performing Arts,2020,291.0,50.9999
509999,Other Visual & Performing Arts,2021,215.0,50.9999
509999,Other Visual & Performing Arts,2022,298.0,50.9999
509999,Other Visual & Performing Arts,2023,319.0,50.9999
509999,Other Visual & Performing Arts,2024,206.0,50.9999
510000,General Health Services,2012,644.0,51.0
510000,General Health Services,2013,654.0,51.0
510000,General Health Services,2014,655.0,51.0
510000,General Health Services,2015,595.0,51.0
510000,General Health Services,2016,547.0,51.0
510000,General Health Services,2017,673.0,51.0
510000,General Health Services,2018,644.0,51.0
510000,General Health Services,2019,759.0,51.0
510000,General Health Services,2020,890.0,51.0
510000,General Health Services,2021,956.0,51.0
510000,General Health Services,2022,939.0,51.0
510000,General Health Services,2023,861.0,51.0
510000,General Health Services,2024,902.0,51.0
510001,General Health & Wellness,2012,0.0,51.0001
510001,General Health & Wellness,2013,2.0,51.0001
510001,General Health & Wellness,2014,21.0,51.0001
510001,General Health & Wellness,2015,63.0,51.0001
510001,General Health & Wellness,2016,188.0,51.0001
510001,General Health & Wellness,2017,248.0,51.0001
510001,General Health & Wellness,2018,275.0,51.0001
510001,General Health & Wellness,2019,352.0,51.0001
510001,General Health & Wellness,2020,361.0,51.0001
510001,General Health & Wellness,2021,377.0,51.0001
510001,General Health & Wellness,2022,435.0,51.0001
510001,General Health & Wellness,2023,348.0,51.0001
510001,General Health & Wellness,2024,395.0,51.0001
510201,General Communication Sciences & Disorders,2012,1844.0,51.0201
510201,General Communication Sciences & Disorders,2013,1869.0,51.0201
510201,General Communication Sciences & Disorders,2014,1898.0,51.0201
510201,General Communication Sciences & Disorders,2015,1928.0,51.0201
510201,General Communication Sciences & Disorders,2016,1870.0,51.0201
510201,General Communication Sciences & Disorders,2017,1892.0,51.0201
510201,General Communication Sciences & Disorders,2018,1740.0,51.0201
510201,General Communication Sciences & Disorders,2019,1831.0,51.0201
510201,General Communication Sciences & Disorders,2020,2057.0,51.0201
510201,General Communication Sciences & Disorders,2021,1904.0,51.0201
510201,General Communication Sciences & Disorders,2022,2088.0,51.0201
510201,General Communication Sciences & Disorders,2023,2036.0,51.0201
510201,General Communication Sciences & Disorders,2024,2034.0,51.0201
510202,Audiology,2012,108.0,51.0202
510202,Audiology,2013,118.0,51.0202
510202,Audiology,2014,119.0,51.0202
510202,Audiology,2015,126.0,51.0202
510202,Audiology,2016,124.0,51.0202
510202,Audiology,2017,127.0,51.0202
510202,Audiology,2018,141.0,51.0202
510202,Audiology,2019,133.0,51.0202
510202,Audiology,2020,144.0,51.0202
510202,Audiology,2021,143.0,51.0202
510202,Audiology,2022,101.0,51.0202
510202,Audiology,2023,139.0,51.0202
510202,Audiology,2024,151.0,51.0202
510203,Speech-Language Pathology,2012,2483.0,51.0203
510203,Speech-Language Pathology,2013,2657.0,51.0203
510203,Speech-Language Pathology,2014,2961.0,51.0203
510203,Speech-Language Pathology,2015,3073.0,51.0203
510203,Speech-Language Pathology,2016,3302.0,51.0203
510203,Speech-Language Pathology,2017,3609.0,51.0203
510203,Speech-Language Pathology,2018,3984.0,51.0203
510203,Speech-Language Pathology,2019,3925.0,51.0203
510203,Speech-Language Pathology,2020,4166.0,51.0203
510203,Speech-Language Pathology,2021,4281.0,51.0203
510203,Speech-Language Pathology,2022,4764.0,51.0203
510203,Speech-Language Pathology,2023,5059.0,51.0203
510203,Speech-Language Pathology,2024,5463.0,51.0203
510204,Audiology & Speech-Language Pathology,2012,2562.0,51.0204
510204,Audiology & Speech-Language Pathology,2013,2696.0,51.0204
510204,Audiology & Speech-Language Pathology,2014,2649.0,51.0204
510204,Audiology & Speech-Language Pathology,2015,2600.0,51.0204
510204,Audiology & Speech-Language Pathology,2016,2703.0,51.0204
510204,Audiology & Speech-Language Pathology,2017,2657.0,51.0204
510204,Audiology & Speech-Language Pathology,2018,2682.0,51.0204
510204,Audiology & Speech-Language Pathology,2019,2735.0,51.0204
510204,Audiology & Speech-Language Pathology,2020,2850.0,51.0204
510204,Audiology & Speech-Language Pathology,2021,2785.0,51.0204
510204,Audiology & Speech-Language Pathology,2022,3036.0,51.0204
510204,Audiology & Speech-Language Pathology,2023,2992.0,51.0204
510204,Audiology & Speech-Language Pathology,2024,2893.0,51.0204
510299,Other Communication Disorders Sciences & Services,2012,97.0,51.0299
510299,Other Communication Disorders Sciences & Services,2013,119.0,51.0299
510299,Other Communication Disorders Sciences & Services,2014,112.0,51.0299
510299,Other Communication Disorders Sciences & Services,2015,93.0,51.0299
510299,Other Communication Disorders Sciences & Services,2016,76.0,51.0299
510299,Other Communication Disorders Sciences & Services,2017,105.0,51.0299
510299,Other Communication Disorders Sciences & Services,2018,89.0,51.0299
510299,Other Communication Disorders Sciences & Services,2019,85.0,51.0299
510299,Other Communication Disorders Sciences & Services,2020,98.0,51.0299
510299,Other Communication Disorders Sciences & Services,2021,98.0,51.0299
510299,Other Communication Disorders Sciences & Services,2022,74.0,51.0299
510299,Other Communication Disorders Sciences & Services,2023,80.0,51.0299
510299,Other Communication Disorders Sciences & Services,2024,95.0,51.0299
510501,General Dental Clinical Sciences,2012,279.0,51.0501
510501,General Dental Clinical Sciences,2013,235.0,51.0501
510501,General Dental Clinical Sciences,2014,347.0,51.0501
510501,General Dental Clinical Sciences,2015,327.0,51.0501
510501,General Dental Clinical Sciences,2016,350.0,51.0501
510501,General Dental Clinical Sciences,2017,326.0,51.0501
510501,General Dental Clinical Sciences,2018,306.0,51.0501
510501,General Dental Clinical Sciences,2019,289.0,51.0501
510501,General Dental Clinical Sciences,2020,293.0,51.0501
510501,General Dental Clinical Sciences,2021,316.0,51.0501
510501,General Dental Clinical Sciences,2022,294.0,51.0501
510501,General Dental Clinical Sciences,2023,306.0,51.0501
510501,General Dental Clinical Sciences,2024,278.0,51.0501
510502,Advanced General Dentistry,2012,6.0,51.0502
510502,Advanced General Dentistry,2013,8.0,51.0502
510502,Advanced General Dentistry,2014,8.0,51.0502
510502,Advanced General Dentistry,2015,7.0,51.0502
510502,Advanced General Dentistry,2016,8.0,51.0502
510502,Advanced General Dentistry,2017,26.0,51.0502
510502,Advanced General Dentistry,2018,28.0,51.0502
510502,Advanced General Dentistry,2019,24.0,51.0502
510502,Advanced General Dentistry,2020,34.0,51.0502
510502,Advanced General Dentistry,2021,47.0,51.0502
510502,Advanced General Dentistry,2022,30.0,51.0502
510502,Advanced General Dentistry,2023,33.0,51.0502
510502,Advanced General Dentistry,2024,27.0,51.0502
510503,Oral Biology & Maxillofacial Pathology,2012,74.0,51.0503
510503,Oral Biology & Maxillofacial Pathology,2013,84.0,51.0503
510503,Oral Biology & Maxillofacial Pathology,2014,92.0,51.0503
510503,Oral Biology & Maxillofacial Pathology,2015,121.0,51.0503
510503,Oral Biology & Maxillofacial Pathology,2016,127.0,51.0503
510503,Oral Biology & Maxillofacial Pathology,2017,127.0,51.0503
510503,Oral Biology & Maxillofacial Pathology,2018,120.0,51.0503
510503,Oral Biology & Maxillofacial Pathology,2019,126.0,51.0503
510503,Oral Biology & Maxillofacial Pathology,2020,98.0,51.0503
510503,Oral Biology & Maxillofacial Pathology,2021,119.0,51.0503
510503,Oral Biology & Maxillofacial Pathology,2022,104.0,51.0503
510503,Oral Biology & Maxillofacial Pathology,2023,133.0,51.0503
510503,Oral Biology & Maxillofacial Pathology,2024,155.0,51.0503
510504,Dental Public Health & Education,2012,3.0,51.0504
510504,Dental Public Health & Education,2013,10.0,51.0504
510504,Dental Public Health & Education,2014,8.0,51.0504
510504,Dental Public Health & Education,2015,4.0,51.0504
510504,Dental Public Health & Education,2016,7.0,51.0504
510504,Dental Public Health & Education,2017,8.0,51.0504
510504,Dental Public Health & Education,2018,7.0,51.0504
510504,Dental Public Health & Education,2019,14.0,51.0504
510504,Dental Public Health & Education,2020,13.0,51.0504
510504,Dental Public Health & Education,2021,9.0,51.0504
510504,Dental Public Health & Education,2022,17.0,51.0504
510504,Dental Public Health & Education,2023,22.0,51.0504
510504,Dental Public Health & Education,2024,16.0,51.0504
510505,Dental Materials,2012,3.0,51.0505
510505,Dental Materials,2013,6.0,51.0505
510505,Dental Materials,2014,0.0,51.0505
510505,Dental Materials,2015,0.0,51.0505
510505,Dental Materials,2016,0.0,51.0505
510505,Dental Materials,2017,0.0,51.0505
510505,Dental Materials,2018,0.0,51.0505
510505,Dental Materials,2019,0.0,51.0505
510505,Dental Materials,2020,0.0,51.0505
510505,Dental Materials,2021,0.0,51.0505
510505,Dental Materials,2022,1.0,51.0505
510505,Dental Materials,2023,0.0,51.0505
510505,Dental Materials,2024,0.0,51.0505
510506,Endodontics,2012,27.0,51.0506
510506,Endodontics,2013,31.0,51.0506
510506,Endodontics,2014,30.0,51.0506
510506,Endodontics,2015,25.0,51.0506
510506,Endodontics,2016,28.0,51.0506
510506,Endodontics,2017,37.0,51.0506
510506,Endodontics,2018,35.0,51.0506
510506,Endodontics,2019,35.0,51.0506
510506,Endodontics,2020,32.0,51.0506
510506,Endodontics,2021,36.0,51.0506
510506,Endodontics,2022,34.0,51.0506
510506,Endodontics,2023,36.0,51.0506
510506,Endodontics,2024,36.0,51.0506
510507,Maxillofacial Surgery,2012,0.0,51.0507
510507,Maxillofacial Surgery,2013,0.0,51.0507
510507,Maxillofacial Surgery,2014,2.0,51.0507
510507,Maxillofacial Surgery,2015,0.0,51.0507
510507,Maxillofacial Surgery,2016,0.0,51.0507
510507,Maxillofacial Surgery,2017,0.0,51.0507
510507,Maxillofacial Surgery,2018,1.0,51.0507
510507,Maxillofacial Surgery,2019,0.0,51.0507
510507,Maxillofacial Surgery,2020,2.0,51.0507
510507,Maxillofacial Surgery,2021,2.0,51.0507
510507,Maxillofacial Surgery,2022,2.0,51.0507
510507,Maxillofacial Surgery,2023,3.0,51.0507
510507,Maxillofacial Surgery,2024,1.0,51.0507
510508,Orthodontics,2012,83.0,51.0508
510508,Orthodontics,2013,83.0,51.0508
510508,Orthodontics,2014,84.0,51.0508
510508,Orthodontics,2015,81.0,51.0508
510508,Orthodontics,2016,93.0,51.0508
510508,Orthodontics,2017,84.0,51.0508
510508,Orthodontics,2018,104.0,51.0508
510508,Orthodontics,2019,103.0,51.0508
510508,Orthodontics,2020,114.0,51.0508
510508,Orthodontics,2021,127.0,51.0508
510508,Orthodontics,2022,122.0,51.0508
510508,Orthodontics,2023,127.0,51.0508
510508,Orthodontics,2024,120.0,51.0508
510509,Pediatric Dentistry,2012,22.0,51.0509
510509,Pediatric Dentistry,2013,16.0,51.0509
510509,Pediatric Dentistry,2014,26.0,51.0509
510509,Pediatric Dentistry,2015,21.0,51.0509
510509,Pediatric Dentistry,2016,23.0,51.0509
510509,Pediatric Dentistry,2017,22.0,51.0509
510509,Pediatric Dentistry,2018,27.0,51.0509
510509,Pediatric Dentistry,2019,29.0,51.0509
510509,Pediatric Dentistry,2020,24.0,51.0509
510509,Pediatric Dentistry,2021,24.0,51.0509
510509,Pediatric Dentistry,2022,27.0,51.0509
510509,Pediatric Dentistry,2023,30.0,51.0509
510509,Pediatric Dentistry,2024,30.0,51.0509
510510,Periodontics,2012,45.0,51.051
510510,Periodontics,2013,40.0,51.051
510510,Periodontics,2014,36.0,51.051
510510,Periodontics,2015,36.0,51.051
510510,Periodontics,2016,25.0,51.051
510510,Periodontics,2017,37.0,51.051
510510,Periodontics,2018,31.0,51.051
510510,Periodontics,2019,32.0,51.051
510510,Periodontics,2020,40.0,51.051
510510,Periodontics,2021,37.0,51.051
510510,Periodontics,2022,50.0,51.051
510510,Periodontics,2023,34.0,51.051
510510,Periodontics,2024,35.0,51.051
510511,Prosthodontics,2012,34.0,51.0511
510511,Prosthodontics,2013,27.0,51.0511
510511,Prosthodontics,2014,27.0,51.0511
510511,Prosthodontics,2015,22.0,51.0511
510511,Prosthodontics,2016,29.0,51.0511
510511,Prosthodontics,2017,21.0,51.0511
510511,Prosthodontics,2018,26.0,51.0511
510511,Prosthodontics,2019,25.0,51.0511
510511,Prosthodontics,2020,29.0,51.0511
510511,Prosthodontics,2021,26.0,51.0511
510511,Prosthodontics,2022,31.0,51.0511
510511,Prosthodontics,2023,21.0,51.0511
510511,Prosthodontics,2024,20.0,51.0511
510512,Digital Dentistry,2024,0.0,51.0512
510599,Other Graduate Dentistry & Oral Sciences,2012,47.0,51.0599
510599,Other Graduate Dentistry & Oral Sciences,2013,35.0,51.0599
510599,Other Graduate Dentistry & Oral Sciences,2014,57.0,51.0599
510599,Other Graduate Dentistry & Oral Sciences,2015,71.0,51.0599
510599,Other Graduate Dentistry & Oral Sciences,2016,67.0,51.0599
510599,Other Graduate Dentistry & Oral Sciences,2017,76.0,51.0599
510599,Other Graduate Dentistry & Oral Sciences,2018,79.0,51.0599
510599,Other Graduate Dentistry & Oral Sciences,2019,65.0,51.0599
510599,Other Graduate Dentistry & Oral Sciences,2020,100.0,51.0599
510599,Other Graduate Dentistry & Oral Sciences,2021,54.0,51.0599
510599,Other Graduate Dentistry & Oral Sciences,2022,72.0,51.0599
510599,Other Graduate Dentistry & Oral Sciences,2023,94.0,51.0599
510599,Other Graduate Dentistry & Oral Sciences,2024,85.0,51.0599
510601,Dental Assisting,2016,0.0,51.0601
510601,Dental Assisting,2019,0.0,51.0601
510601,Dental Assisting,2020,0.0,51.0601
510601,Dental Assisting,2021,0.0,51.0601
510601,Dental Assisting,2022,0.0,51.0601
510601,Dental Assisting,2023,0.0,51.0601
510601,Dental Assisting,2024,0.0,51.0601
510602,Dental Hygiene,2012,72.0,51.0602
510602,Dental Hygiene,2013,71.0,51.0602
510602,Dental Hygiene,2014,82.0,51.0602
510602,Dental Hygiene,2015,97.0,51.0602
510602,Dental Hygiene,2016,95.0,51.0602
510602,Dental Hygiene,2017,81.0,51.0602
510602,Dental Hygiene,2018,92.0,51.0602
510602,Dental Hygiene,2019,75.0,51.0602
510602,Dental Hygiene,2020,87.0,51.0602
510602,Dental Hygiene,2021,114.0,51.0602
510602,Dental Hygiene,2022,106.0,51.0602
510602,Dental Hygiene,2023,89.0,51.0602
510602,Dental Hygiene,2024,104.0,51.0602
510603,Dental Laboratory Technology,2012,10.0,51.0603
510603,Dental Laboratory Technology,2013,20.0,51.0603
510603,Dental Laboratory Technology,2014,13.0,51.0603
510603,Dental Laboratory Technology,2015,17.0,51.0603
510603,Dental Laboratory Technology,2016,0.0,51.0603
510603,Dental Laboratory Technology,2017,0.0,51.0603
510603,Dental Laboratory Technology,2018,0.0,51.0603
510603,Dental Laboratory Technology,2019,0.0,51.0603
510603,Dental Laboratory Technology,2020,0.0,51.0603
510603,Dental Laboratory Technology,2021,0.0,51.0603
510603,Dental Laboratory Technology,2022,0.0,51.0603
510603,Dental Laboratory Technology,2023,0.0,51.0603
510603,Dental Laboratory Technology,2024,0.0,51.0603
510699,Other Dental Services & Allied Professions,2012,8.0,51.0699
510699,Other Dental Services & Allied Professions,2013,5.0,51.0699
510699,Other Dental Services & Allied Professions,2014,4.0,51.0699
510699,Other Dental Services & Allied Professions,2015,8.0,51.0699
510699,Other Dental Services & Allied Professions,2016,6.0,51.0699
510699,Other Dental Services & Allied Professions,2017,8.0,51.0699
510699,Other Dental Services & Allied Professions,2018,7.0,51.0699
510699,Other Dental Services & Allied Professions,2019,6.0,51.0699
510699,Other Dental Services & Allied Professions,2020,7.0,51.0699
510699,Other Dental Services & Allied Professions,2021,7.0,51.0699
510699,Other Dental Services & Allied Professions,2022,8.0,51.0699
510699,Other Dental Services & Allied Professions,2023,6.0,51.0699
510699,Other Dental Services & Allied Professions,2024,7.0,51.0699
510701,Health Care Administration & Management,2012,6049.0,51.0701
510701,Health Care Administration & Management,2013,6882.0,51.0701
510701,Health Care Administration & Management,2014,7799.0,51.0701
510701,Health Care Administration & Management,2015,8395.0,51.0701
510701,Health Care Administration & Management,2016,9302.0,51.0701
510701,Health Care Administration & Management,2017,9738.0,51.0701
510701,Health Care Administration & Management,2018,10166.0,51.0701
510701,Health Care Administration & Management,2019,10912.0,51.0701
510701,Health Care Administration & Management,2020,11239.0,51.0701
510701,Health Care Administration & Management,2021,13394.0,51.0701
510701,Health Care Administration & Management,2022,13488.0,51.0701
510701,Health Care Administration & Management,2023,13494.0,51.0701
510701,Health Care Administration & Management,2024,12880.0,51.0701
510702,Hospital & Health Care Facilities Management,2012,826.0,51.0702
510702,Hospital & Health Care Facilities Management,2013,763.0,51.0702
510702,Hospital & Health Care Facilities Management,2014,909.0,51.0702
510702,Hospital & Health Care Facilities Management,2015,944.0,51.0702
510702,Hospital & Health Care Facilities Management,2016,1179.0,51.0702
510702,Hospital & Health Care Facilities Management,2017,1287.0,51.0702
510702,Hospital & Health Care Facilities Management,2018,1399.0,51.0702
510702,Hospital & Health Care Facilities Management,2019,1422.0,51.0702
510702,Hospital & Health Care Facilities Management,2020,1317.0,51.0702
510702,Hospital & Health Care Facilities Management,2021,1264.0,51.0702
510702,Hospital & Health Care Facilities Management,2022,1188.0,51.0702
510702,Hospital & Health Care Facilities Management,2023,1213.0,51.0702
510702,Hospital & Health Care Facilities Management,2024,1042.0,51.0702
510704,Health Unit Manager,2012,5.0,51.0704
510704,Health Unit Manager,2013,2.0,51.0704
510704,Health Unit Manager,2014,4.0,51.0704
510704,Health Unit Manager,2015,1.0,51.0704
510704,Health Unit Manager,2016,3.0,51.0704
510704,Health Unit Manager,2017,4.0,51.0704
510704,Health Unit Manager,2018,2.0,51.0704
510704,Health Unit Manager,2019,4.0,51.0704
510704,Health Unit Manager,2020,4.0,51.0704
510704,Health Unit Manager,2021,2.0,51.0704
510704,Health Unit Manager,2022,1.0,51.0704
510704,Health Unit Manager,2023,0.0,51.0704
510704,Health Unit Manager,2024,0.0,51.0704
510705,Medical Office Management,2022,1.0,51.0705
510705,Medical Office Management,2023,2.0,51.0705
510705,Medical Office Management,2024,8.0,51.0705
510706,Health Information & Medical Records Administration,2012,204.0,51.0706
510706,Health Information & Medical Records Administration,2013,280.0,51.0706
510706,Health Information & Medical Records Administration,2014,306.0,51.0706
510706,Health Information & Medical Records Administration,2015,356.0,51.0706
510706,Health Information & Medical Records Administration,2016,387.0,51.0706
510706,Health Information & Medical Records Administration,2017,408.0,51.0706
510706,Health Information & Medical Records Administration,2018,500.0,51.0706
510706,Health Information & Medical Records Administration,2019,568.0,51.0706
510706,Health Information & Medical Records Administration,2020,521.0,51.0706
510706,Health Information & Medical Records Administration,2021,575.0,51.0706
510706,Health Information & Medical Records Administration,2022,520.0,51.0706
510706,Health Information & Medical Records Administration,2023,567.0,51.0706
510706,Health Information & Medical Records Administration,2024,523.0,51.0706
510707,Health Information & Medical Records Technology,2012,0.0,51.0707
510707,Health Information & Medical Records Technology,2013,13.0,51.0707
510707,Health Information & Medical Records Technology,2014,29.0,51.0707
510707,Health Information & Medical Records Technology,2015,3.0,51.0707
510707,Health Information & Medical Records Technology,2016,47.0,51.0707
510707,Health Information & Medical Records Technology,2017,79.0,51.0707
510707,Health Information & Medical Records Technology,2018,47.0,51.0707
510707,Health Information & Medical Records Technology,2019,30.0,51.0707
510707,Health Information & Medical Records Technology,2020,29.0,51.0707
510707,Health Information & Medical Records Technology,2021,13.0,51.0707
510707,Health Information & Medical Records Technology,2022,32.0,51.0707
510707,Health Information & Medical Records Technology,2023,28.0,51.0707
510707,Health Information & Medical Records Technology,2024,30.0,51.0707
510711,Health Management & Clinical Assistant,2012,6.0,51.0711
510711,Health Management & Clinical Assistant,2013,5.0,51.0711
510711,Health Management & Clinical Assistant,2014,6.0,51.0711
510711,Health Management & Clinical Assistant,2015,5.0,51.0711
510711,Health Management & Clinical Assistant,2016,10.0,51.0711
510711,Health Management & Clinical Assistant,2017,5.0,51.0711
510711,Health Management & Clinical Assistant,2018,2.0,51.0711
510711,Health Management & Clinical Assistant,2019,3.0,51.0711
510711,Health Management & Clinical Assistant,2020,8.0,51.0711
510711,Health Management & Clinical Assistant,2021,3.0,51.0711
510711,Health Management & Clinical Assistant,2022,12.0,51.0711
510711,Health Management & Clinical Assistant,2023,12.0,51.0711
510711,Health Management & Clinical Assistant,2024,12.0,51.0711
510714,Medical Insurance Specialist,2022,0.0,51.0714
510718,Long Term Care Management,2012,10.0,51.0718
510718,Long Term Care Management,2013,10.0,51.0718
510718,Long Term Care Management,2014,11.0,51.0718
510718,Long Term Care Management,2015,7.0,51.0718
510718,Long Term Care Management,2016,13.0,51.0718
510718,Long Term Care Management,2017,12.0,51.0718
510718,Long Term Care Management,2018,10.0,51.0718
510718,Long Term Care Management,2019,20.0,51.0718
510718,Long Term Care Management,2020,43.0,51.0718
510718,Long Term Care Management,2021,52.0,51.0718
510718,Long Term Care Management,2022,11.0,51.0718
510718,Long Term Care Management,2023,9.0,51.0718
510718,Long Term Care Management,2024,17.0,51.0718
510719,Clinical Research Coordinator,2012,67.0,51.0719
510719,Clinical Research Coordinator,2013,121.0,51.0719
510719,Clinical Research Coordinator,2014,62.0,51.0719
510719,Clinical Research Coordinator,2015,83.0,51.0719
510719,Clinical Research Coordinator,2016,97.0,51.0719
510719,Clinical Research Coordinator,2017,89.0,51.0719
510719,Clinical Research Coordinator,2018,93.0,51.0719
510719,Clinical Research Coordinator,2019,165.0,51.0719
510719,Clinical Research Coordinator,2020,189.0,51.0719
510719,Clinical Research Coordinator,2021,180.0,51.0719
510719,Clinical Research Coordinator,2022,170.0,51.0719
510719,Clinical Research Coordinator,2023,179.0,51.0719
510719,Clinical Research Coordinator,2024,132.0,51.0719
510720,Regulatory Science/Affairs,2021,7.0,51.072
510720,Regulatory Science/Affairs,2022,20.0,51.072
510720,Regulatory Science/Affairs,2023,32.0,51.072
510720,Regulatory Science/Affairs,2024,47.0,51.072
510722,Healthcare Innovation,2020,0.0,51.0722
510722,Healthcare Innovation,2021,40.0,51.0722
510722,Healthcare Innovation,2022,57.0,51.0722
510722,Healthcare Innovation,2023,59.0,51.0722
510722,Healthcare Innovation,2024,93.0,51.0722
510799,Other Health & Medical Administrative Services,2012,351.0,51.0799
510799,Other Health & Medical Administrative Services,2013,311.0,51.0799
510799,Other Health & Medical Administrative Services,2014,294.0,51.0799
510799,Other Health & Medical Administrative Services,2015,272.0,51.0799
510799,Other Health & Medical Administrative Services,2016,262.0,51.0799
510799,Other Health & Medical Administrative Services,2017,215.0,51.0799
510799,Other Health & Medical Administrative Services,2018,292.0,51.0799
510799,Other Health & Medical Administrative Services,2019,311.0,51.0799
510799,Other Health & Medical Administrative Services,2020,287.0,51.0799
510799,Other Health & Medical Administrative Services,2021,206.0,51.0799
510799,Other Health & Medical Administrative Services,2022,275.0,51.0799
510799,Other Health & Medical Administrative Services,2023,216.0,51.0799
510799,Other Health & Medical Administrative Services,2024,515.0,51.0799
510801,Medical Assistant,2012,223.0,51.0801
510801,Medical Assistant,2013,0.0,51.0801
510801,Medical Assistant,2014,13.0,51.0801
510801,Medical Assistant,2015,26.0,51.0801
510801,Medical Assistant,2016,5.0,51.0801
510801,Medical Assistant,2017,35.0,51.0801
510801,Medical Assistant,2018,35.0,51.0801
510801,Medical Assistant,2020,27.0,51.0801
510801,Medical Assistant,2021,27.0,51.0801
510801,Medical Assistant,2022,0.0,51.0801
510801,Medical Assistant,2023,0.0,51.0801
510801,Medical Assistant,2024,0.0,51.0801
510803,Occupational Therapist Assistant,2018,30.0,51.0803
510803,Occupational Therapist Assistant,2019,32.0,51.0803
510806,Physical Therapy Technician,2022,0.0,51.0806
510806,Physical Therapy Technician,2023,1.0,51.0806
510806,Physical Therapy Technician,2024,0.0,51.0806
510809,Anesthesiologist Assistant,2012,93.0,51.0809
510809,Anesthesiologist Assistant,2013,107.0,51.0809
510809,Anesthesiologist Assistant,2014,124.0,51.0809
510809,Anesthesiologist Assistant,2015,133.0,51.0809
510809,Anesthesiologist Assistant,2016,194.0,51.0809
510809,Anesthesiologist Assistant,2017,205.0,51.0809
510809,Anesthesiologist Assistant,2018,207.0,51.0809
510809,Anesthesiologist Assistant,2019,225.0,51.0809
510809,Anesthesiologist Assistant,2020,242.0,51.0809
510809,Anesthesiologist Assistant,2021,245.0,51.0809
510809,Anesthesiologist Assistant,2022,276.0,51.0809
510809,Anesthesiologist Assistant,2023,294.0,51.0809
510809,Anesthesiologist Assistant,2024,360.0,51.0809
510811,Pathology Assistant,2012,57.0,51.0811
510811,Pathology Assistant,2013,66.0,51.0811
510811,Pathology Assistant,2014,67.0,51.0811
510811,Pathology Assistant,2015,77.0,51.0811
510811,Pathology Assistant,2016,75.0,51.0811
510811,Pathology Assistant,2017,76.0,51.0811
510811,Pathology Assistant,2018,77.0,51.0811
510811,Pathology Assistant,2019,112.0,51.0811
510811,Pathology Assistant,2020,134.0,51.0811
510811,Pathology Assistant,2021,97.0,51.0811
510811,Pathology Assistant,2022,157.0,51.0811
510811,Pathology Assistant,2023,187.0,51.0811
510811,Pathology Assistant,2024,153.0,51.0811
510814,Radiologist Assistant,2012,6.0,51.0814
510814,Radiologist Assistant,2013,5.0,51.0814
510814,Radiologist Assistant,2014,10.0,51.0814
510814,Radiologist Assistant,2015,8.0,51.0814
510814,Radiologist Assistant,2016,3.0,51.0814
510814,Radiologist Assistant,2017,5.0,51.0814
510814,Radiologist Assistant,2018,4.0,51.0814
510814,Radiologist Assistant,2019,0.0,51.0814
510814,Radiologist Assistant,2020,3.0,51.0814
510814,Radiologist Assistant,2021,3.0,51.0814
510814,Radiologist Assistant,2022,14.0,51.0814
510814,Radiologist Assistant,2023,16.0,51.0814
510814,Radiologist Assistant,2024,13.0,51.0814
510815,Lactation Consultant,2021,2.0,51.0815
510815,Lactation Consultant,2022,6.0,51.0815
510815,Lactation Consultant,2023,10.0,51.0815
510815,Lactation Consultant,2024,0.0,51.0815
510816,Speech-Language Pathology Assistant,2021,0.0,51.0816
510816,Speech-Language Pathology Assistant,2022,46.0,51.0816
510816,Speech-Language Pathology Assistant,2023,0.0,51.0816
510816,Speech-Language Pathology Assistant,2024,0.0,51.0816
510899,Other Allied Health & Medical Assisting Services,2012,102.0,51.0899
510899,Other Allied Health & Medical Assisting Services,2013,144.0,51.0899
510899,Other Allied Health & Medical Assisting Services,2014,156.0,51.0899
510899,Other Allied Health & Medical Assisting Services,2015,184.0,51.0899
510899,Other Allied Health & Medical Assisting Services,2016,185.0,51.0899
510899,Other Allied Health & Medical Assisting Services,2017,148.0,51.0899
510899,Other Allied Health & Medical Assisting Services,2018,136.0,51.0899
510899,Other Allied Health & Medical Assisting Services,2019,106.0,51.0899
510899,Other Allied Health & Medical Assisting Services,2020,84.0,51.0899
510899,Other Allied Health & Medical Assisting Services,2021,87.0,51.0899
510899,Other Allied Health & Medical Assisting Services,2022,76.0,51.0899
510899,Other Allied Health & Medical Assisting Services,2023,53.0,51.0899
510899,Other Allied Health & Medical Assisting Services,2024,12.0,51.0899
510901,Cardiovascular Technologist,2012,1.0,51.0901
510901,Cardiovascular Technologist,2013,1.0,51.0901
510901,Cardiovascular Technologist,2014,0.0,51.0901
510901,Cardiovascular Technologist,2015,2.0,51.0901
510901,Cardiovascular Technologist,2016,0.0,51.0901
510901,Cardiovascular Technologist,2017,3.0,51.0901
510901,Cardiovascular Technologist,2018,23.0,51.0901
510901,Cardiovascular Technologist,2019,28.0,51.0901
510901,Cardiovascular Technologist,2020,27.0,51.0901
510901,Cardiovascular Technologist,2021,28.0,51.0901
510901,Cardiovascular Technologist,2022,31.0,51.0901
510901,Cardiovascular Technologist,2023,31.0,51.0901
510901,Cardiovascular Technologist,2024,31.0,51.0901
510903,Electroneurodiagnostic Technician,2018,0.0,51.0903
510904,Emergency Medical Technician (EMT Paramedic),2012,11.0,51.0904
510904,Emergency Medical Technician (EMT Paramedic),2013,15.0,51.0904
510904,Emergency Medical Technician (EMT Paramedic),2014,17.0,51.0904
510904,Emergency Medical Technician (EMT Paramedic),2015,8.0,51.0904
510904,Emergency Medical Technician (EMT Paramedic),2016,24.0,51.0904
510904,Emergency Medical Technician (EMT Paramedic),2017,11.0,51.0904
510904,Emergency Medical Technician (EMT Paramedic),2018,13.0,51.0904
510904,Emergency Medical Technician (EMT Paramedic),2019,11.0,51.0904
510904,Emergency Medical Technician (EMT Paramedic),2020,13.0,51.0904
510904,Emergency Medical Technician (EMT Paramedic),2021,7.0,51.0904
510904,Emergency Medical Technician (EMT Paramedic),2022,13.0,51.0904
510904,Emergency Medical Technician (EMT Paramedic),2023,8.0,51.0904
510904,Emergency Medical Technician (EMT Paramedic),2024,14.0,51.0904
510905,Nuclear Medical Technologist,2015,0.0,51.0905
510905,Nuclear Medical Technologist,2016,0.0,51.0905
510905,Nuclear Medical Technologist,2017,5.0,51.0905
510905,Nuclear Medical Technologist,2018,10.0,51.0905
510905,Nuclear Medical Technologist,2019,16.0,51.0905
510905,Nuclear Medical Technologist,2020,13.0,51.0905
510905,Nuclear Medical Technologist,2021,17.0,51.0905
510905,Nuclear Medical Technologist,2022,11.0,51.0905
510905,Nuclear Medical Technologist,2023,8.0,51.0905
510905,Nuclear Medical Technologist,2024,10.0,51.0905
510906,Perfusion Technology,2012,48.0,51.0906
510906,Perfusion Technology,2013,64.0,51.0906
510906,Perfusion Technology,2014,62.0,51.0906
510906,Perfusion Technology,2015,62.0,51.0906
510906,Perfusion Technology,2016,59.0,51.0906
510906,Perfusion Technology,2017,61.0,51.0906
510906,Perfusion Technology,2018,74.0,51.0906
510906,Perfusion Technology,2019,94.0,51.0906
510906,Perfusion Technology,2020,110.0,51.0906
510906,Perfusion Technology,2021,124.0,51.0906
510906,Perfusion Technology,2022,131.0,51.0906
510906,Perfusion Technology,2023,178.0,51.0906
510906,Perfusion Technology,2024,151.0,51.0906
510907,Radiation Therapist,2012,49.0,51.0907
510907,Radiation Therapist,2013,58.0,51.0907
510907,Radiation Therapist,2014,63.0,51.0907
510907,Radiation Therapist,2015,39.0,51.0907
510907,Radiation Therapist,2016,67.0,51.0907
510907,Radiation Therapist,2017,73.0,51.0907
510907,Radiation Therapist,2018,83.0,51.0907
510907,Radiation Therapist,2019,88.0,51.0907
510907,Radiation Therapist,2020,98.0,51.0907
510907,Radiation Therapist,2021,93.0,51.0907
510907,Radiation Therapist,2022,87.0,51.0907
510907,Radiation Therapist,2023,90.0,51.0907
510907,Radiation Therapist,2024,94.0,51.0907
510908,Respiratory Care Therapist,2012,19.0,51.0908
510908,Respiratory Care Therapist,2013,41.0,51.0908
510908,Respiratory Care Therapist,2014,25.0,51.0908
510908,Respiratory Care Therapist,2015,52.0,51.0908
510908,Respiratory Care Therapist,2016,60.0,51.0908
510908,Respiratory Care Therapist,2017,36.0,51.0908
510908,Respiratory Care Therapist,2018,70.0,51.0908
510908,Respiratory Care Therapist,2019,100.0,51.0908
510908,Respiratory Care Therapist,2020,89.0,51.0908
510908,Respiratory Care Therapist,2021,123.0,51.0908
510908,Respiratory Care Therapist,2022,127.0,51.0908
510908,Respiratory Care Therapist,2023,138.0,51.0908
510908,Respiratory Care Therapist,2024,151.0,51.0908
510909,Surgical Technologist,2013,12.0,51.0909
510909,Surgical Technologist,2014,15.0,51.0909
510909,Surgical Technologist,2015,32.0,51.0909
510910,Diagnostic Medical Sonography & Ultrasound Technician,2012,12.0,51.091
510910,Diagnostic Medical Sonography & Ultrasound Technician,2013,6.0,51.091
510910,Diagnostic Medical Sonography & Ultrasound Technician,2014,9.0,51.091
510910,Diagnostic Medical Sonography & Ultrasound Technician,2015,8.0,51.091
510910,Diagnostic Medical Sonography & Ultrasound Technician,2016,7.0,51.091
510910,Diagnostic Medical Sonography & Ultrasound Technician,2017,9.0,51.091
510910,Diagnostic Medical Sonography & Ultrasound Technician,2018,9.0,51.091
510910,Diagnostic Medical Sonography & Ultrasound Technician,2019,6.0,51.091
510910,Diagnostic Medical Sonography & Ultrasound Technician,2020,7.0,51.091
510910,Diagnostic Medical Sonography & Ultrasound Technician,2021,10.0,51.091
510910,Diagnostic Medical Sonography & Ultrasound Technician,2022,3.0,51.091
510910,Diagnostic Medical Sonography & Ultrasound Technician,2023,3.0,51.091
510910,Diagnostic Medical Sonography & Ultrasound Technician,2024,11.0,51.091
510911,Radiographer,2012,66.0,51.0911
510911,Radiographer,2013,61.0,51.0911
510911,Radiographer,2014,49.0,51.0911
510911,Radiographer,2015,69.0,51.0911
510911,Radiographer,2016,56.0,51.0911
510911,Radiographer,2017,89.0,51.0911
510911,Radiographer,2018,85.0,51.0911
510911,Radiographer,2019,92.0,51.0911
510911,Radiographer,2020,80.0,51.0911
510911,Radiographer,2021,105.0,51.0911
510911,Radiographer,2022,109.0,51.0911
510911,Radiographer,2023,124.0,51.0911
510911,Radiographer,2024,145.0,51.0911
510912,Physician Assistant,2012,5430.0,51.0912
510912,Physician Assistant,2013,5985.0,51.0912
510912,Physician Assistant,2014,6542.0,51.0912
510912,Physician Assistant,2015,7025.0,51.0912
510912,Physician Assistant,2016,7682.0,51.0912
510912,Physician Assistant,2017,8021.0,51.0912
510912,Physician Assistant,2018,8530.0,51.0912
510912,Physician Assistant,2019,9194.0,51.0912
510912,Physician Assistant,2020,9763.0,51.0912
510912,Physician Assistant,2021,10394.0,51.0912
510912,Physician Assistant,2022,11069.0,51.0912
510912,Physician Assistant,2023,11542.0,51.0912
510912,Physician Assistant,2024,12020.0,51.0912
510913,Athletic Trainer,2012,529.0,51.0913
510913,Athletic Trainer,2013,519.0,51.0913
510913,Athletic Trainer,2014,560.0,51.0913
510913,Athletic Trainer,2015,675.0,51.0913
510913,Athletic Trainer,2016,717.0,51.0913
510913,Athletic Trainer,2017,832.0,51.0913
510913,Athletic Trainer,2018,1003.0,51.0913
510913,Athletic Trainer,2019,1163.0,51.0913
510913,Athletic Trainer,2020,1267.0,51.0913
510913,Athletic Trainer,2021,1386.0,51.0913
510913,Athletic Trainer,2022,1680.0,51.0913
510913,Athletic Trainer,2023,1889.0,51.0913
510913,Athletic Trainer,2024,2008.0,51.0913
510916,Radiation Protection Technician,2012,27.0,51.0916
510916,Radiation Protection Technician,2013,5.0,51.0916
510916,Radiation Protection Technician,2014,8.0,51.0916
510916,Radiation Protection Technician,2015,4.0,51.0916
510916,Radiation Protection Technician,2016,8.0,51.0916
510916,Radiation Protection Technician,2017,4.0,51.0916
510916,Radiation Protection Technician,2018,6.0,51.0916
510916,Radiation Protection Technician,2019,10.0,51.0916
510916,Radiation Protection Technician,2020,1.0,51.0916
510916,Radiation Protection Technician,2021,0.0,51.0916
510916,Radiation Protection Technician,2022,0.0,51.0916
510916,Radiation Protection Technician,2023,0.0,51.0916
510916,Radiation Protection Technician,2024,0.0,51.0916
510920,Magnetic Resonance Imaging (MRI) Technician,2017,5.0,51.092
510920,Magnetic Resonance Imaging (MRI) Technician,2018,6.0,51.092
510920,Magnetic Resonance Imaging (MRI) Technician,2019,2.0,51.092
510920,Magnetic Resonance Imaging (MRI) Technician,2020,4.0,51.092
510920,Magnetic Resonance Imaging (MRI) Technician,2021,5.0,51.092
510920,Magnetic Resonance Imaging (MRI) Technician,2022,5.0,51.092
510920,Magnetic Resonance Imaging (MRI) Technician,2023,4.0,51.092
510920,Magnetic Resonance Imaging (MRI) Technician,2024,2.0,51.092
510999,"Other Allied Health Diagnostic, Intervention, & Treatment Professions",2012,15.0,51.0999
510999,"Other Allied Health Diagnostic, Intervention, & Treatment Professions",2013,28.0,51.0999
510999,"Other Allied Health Diagnostic, Intervention, & Treatment Professions",2014,13.0,51.0999
510999,"Other Allied Health Diagnostic, Intervention, & Treatment Professions",2015,33.0,51.0999
510999,"Other Allied Health Diagnostic, Intervention, & Treatment Professions",2016,29.0,51.0999
510999,"Other Allied Health Diagnostic, Intervention, & Treatment Professions",2017,25.0,51.0999
510999,"Other Allied Health Diagnostic, Intervention, & Treatment Professions",2018,55.0,51.0999
510999,"Other Allied Health Diagnostic, Intervention, & Treatment Professions",2019,78.0,51.0999
510999,"Other Allied Health Diagnostic, Intervention, & Treatment Professions",2020,63.0,51.0999
510999,"Other Allied Health Diagnostic, Intervention, & Treatment Professions",2021,36.0,51.0999
510999,"Other Allied Health Diagnostic, Intervention, & Treatment Professions",2022,41.0,51.0999
510999,"Other Allied Health Diagnostic, Intervention, & Treatment Professions",2023,37.0,51.0999
510999,"Other Allied Health Diagnostic, Intervention, & Treatment Professions",2024,48.0,51.0999
511001,Blood Bank Technology Specialist,2013,2.0,51.1001
511001,Blood Bank Technology Specialist,2014,0.0,51.1001
511001,Blood Bank Technology Specialist,2015,1.0,51.1001
511001,Blood Bank Technology Specialist,2016,5.0,51.1001
511001,Blood Bank Technology Specialist,2017,1.0,51.1001
511001,Blood Bank Technology Specialist,2018,13.0,51.1001
511001,Blood Bank Technology Specialist,2019,7.0,51.1001
511001,Blood Bank Technology Specialist,2020,10.0,51.1001
511001,Blood Bank Technology Specialist,2021,11.0,51.1001
511001,Blood Bank Technology Specialist,2022,19.0,51.1001
511001,Blood Bank Technology Specialist,2023,6.0,51.1001
511001,Blood Bank Technology Specialist,2024,10.0,51.1001
511002,Cytotechnologist,2012,6.0,51.1002
511002,Cytotechnologist,2013,11.0,51.1002
511002,Cytotechnologist,2014,8.0,51.1002
511002,Cytotechnologist,2015,14.0,51.1002
511002,Cytotechnologist,2016,12.0,51.1002
511002,Cytotechnologist,2017,11.0,51.1002
511002,Cytotechnologist,2018,11.0,51.1002
511002,Cytotechnologist,2019,11.0,51.1002
511002,Cytotechnologist,2020,7.0,51.1002
511002,Cytotechnologist,2021,13.0,51.1002
511002,Cytotechnologist,2022,16.0,51.1002
511002,Cytotechnologist,2023,28.0,51.1002
511002,Cytotechnologist,2024,54.0,51.1002
511003,Hematology Technician,2012,4.0,51.1003
511003,Hematology Technician,2013,7.0,51.1003
511003,Hematology Technician,2014,9.0,51.1003
511003,Hematology Technician,2015,10.0,51.1003
511003,Hematology Technician,2016,12.0,51.1003
511003,Hematology Technician,2017,5.0,51.1003
511003,Hematology Technician,2018,5.0,51.1003
511003,Hematology Technician,2019,7.0,51.1003
511003,Hematology Technician,2020,5.0,51.1003
511003,Hematology Technician,2021,5.0,51.1003
511003,Hematology Technician,2022,8.0,51.1003
511003,Hematology Technician,2023,6.0,51.1003
511003,Hematology Technician,2024,8.0,51.1003
511004,Clinical Laboratory Technician,2021,0.0,51.1004
511004,Clinical Laboratory Technician,2022,0.0,51.1004
511004,Clinical Laboratory Technician,2023,1.0,51.1004
511004,Clinical Laboratory Technician,2024,3.0,51.1004
511005,Clinical Laboratory Technologist,2012,154.0,51.1005
511005,Clinical Laboratory Technologist,2013,188.0,51.1005
511005,Clinical Laboratory Technologist,2014,180.0,51.1005
511005,Clinical Laboratory Technologist,2015,189.0,51.1005
511005,Clinical Laboratory Technologist,2016,216.0,51.1005
511005,Clinical Laboratory Technologist,2017,279.0,51.1005
511005,Clinical Laboratory Technologist,2018,267.0,51.1005
511005,Clinical Laboratory Technologist,2019,261.0,51.1005
511005,Clinical Laboratory Technologist,2020,252.0,51.1005
511005,Clinical Laboratory Technologist,2021,307.0,51.1005
511005,Clinical Laboratory Technologist,2022,366.0,51.1005
511005,Clinical Laboratory Technologist,2023,396.0,51.1005
511005,Clinical Laboratory Technologist,2024,377.0,51.1005
511007,Histotechnologist,2012,3.0,51.1007
511007,Histotechnologist,2013,5.0,51.1007
511007,Histotechnologist,2014,4.0,51.1007
511007,Histotechnologist,2015,5.0,51.1007
511007,Histotechnologist,2016,5.0,51.1007
511007,Histotechnologist,2017,3.0,51.1007
511007,Histotechnologist,2018,5.0,51.1007
511007,Histotechnologist,2019,3.0,51.1007
511007,Histotechnologist,2020,8.0,51.1007
511007,Histotechnologist,2021,5.0,51.1007
511007,Histotechnologist,2022,7.0,51.1007
511007,Histotechnologist,2023,15.0,51.1007
511007,Histotechnologist,2024,11.0,51.1007
511010,Cytogenetics Technologist,2014,0.0,51.101
511010,Cytogenetics Technologist,2015,0.0,51.101
511010,Cytogenetics Technologist,2016,4.0,51.101
511010,Cytogenetics Technologist,2017,11.0,51.101
511010,Cytogenetics Technologist,2018,14.0,51.101
511010,Cytogenetics Technologist,2019,24.0,51.101
511010,Cytogenetics Technologist,2020,11.0,51.101
511010,Cytogenetics Technologist,2021,12.0,51.101
511010,Cytogenetics Technologist,2022,12.0,51.101
511010,Cytogenetics Technologist,2023,14.0,51.101
511010,Cytogenetics Technologist,2024,12.0,51.101
511099,Other Clinical Laboratory & Allied Health Professions,2012,28.0,51.1099
511099,Other Clinical Laboratory & Allied Health Professions,2013,42.0,51.1099
511099,Other Clinical Laboratory & Allied Health Professions,2014,94.0,51.1099
511099,Other Clinical Laboratory & Allied Health Professions,2015,114.0,51.1099
511099,Other Clinical Laboratory & Allied Health Professions,2016,164.0,51.1099
511099,Other Clinical Laboratory & Allied Health Professions,2017,156.0,51.1099
511099,Other Clinical Laboratory & Allied Health Professions,2018,110.0,51.1099
511099,Other Clinical Laboratory & Allied Health Professions,2019,121.0,51.1099
511099,Other Clinical Laboratory & Allied Health Professions,2020,133.0,51.1099
511099,Other Clinical Laboratory & Allied Health Professions,2021,136.0,51.1099
511099,Other Clinical Laboratory & Allied Health Professions,2022,122.0,51.1099
511099,Other Clinical Laboratory & Allied Health Professions,2023,101.0,51.1099
511099,Other Clinical Laboratory & Allied Health Professions,2024,75.0,51.1099
511102,Pre-Medical Studies,2012,59.0,51.1102
511102,Pre-Medical Studies,2013,53.0,51.1102
511102,Pre-Medical Studies,2014,30.0,51.1102
511102,Pre-Medical Studies,2015,45.0,51.1102
511102,Pre-Medical Studies,2016,39.0,51.1102
511102,Pre-Medical Studies,2017,53.0,51.1102
511102,Pre-Medical Studies,2018,63.0,51.1102
511102,Pre-Medical Studies,2019,64.0,51.1102
511102,Pre-Medical Studies,2020,53.0,51.1102
511102,Pre-Medical Studies,2021,79.0,51.1102
511102,Pre-Medical Studies,2022,54.0,51.1102
511102,Pre-Medical Studies,2023,107.0,51.1102
511102,Pre-Medical Studies,2024,148.0,51.1102
511103,Pre-Pharmacy Studies,2012,0.0,51.1103
511103,Pre-Pharmacy Studies,2013,10.0,51.1103
511105,Pre-Nursing Studies,2018,0.0,51.1105
511105,Pre-Nursing Studies,2019,0.0,51.1105
511107,Pre-Occupational Therapy Studies,2019,9.0,51.1107
511107,Pre-Occupational Therapy Studies,2020,11.0,51.1107
511107,Pre-Occupational Therapy Studies,2021,15.0,51.1107
511107,Pre-Occupational Therapy Studies,2023,1.0,51.1107
511107,Pre-Occupational Therapy Studies,2024,0.0,51.1107
511199,Other Health Preparatory Programs,2012,47.0,51.1199
511199,Other Health Preparatory Programs,2013,86.0,51.1199
511199,Other Health Preparatory Programs,2014,95.0,51.1199
511199,Other Health Preparatory Programs,2015,100.0,51.1199
511199,Other Health Preparatory Programs,2016,107.0,51.1199
511199,Other Health Preparatory Programs,2017,137.0,51.1199
511199,Other Health Preparatory Programs,2018,230.0,51.1199
511199,Other Health Preparatory Programs,2019,228.0,51.1199
511199,Other Health Preparatory Programs,2020,388.0,51.1199
511199,Other Health Preparatory Programs,2021,376.0,51.1199
511199,Other Health Preparatory Programs,2022,388.0,51.1199
511199,Other Health Preparatory Programs,2023,297.0,51.1199
511199,Other Health Preparatory Programs,2024,258.0,51.1199
511401,Medical Scientist,2012,370.0,51.1401
511401,Medical Scientist,2013,468.0,51.1401
511401,Medical Scientist,2014,483.0,51.1401
511401,Medical Scientist,2015,502.0,51.1401
511401,Medical Scientist,2016,537.0,51.1401
511401,Medical Scientist,2017,623.0,51.1401
511401,Medical Scientist,2018,584.0,51.1401
511401,Medical Scientist,2019,671.0,51.1401
511401,Medical Scientist,2020,675.0,51.1401
511401,Medical Scientist,2021,649.0,51.1401
511401,Medical Scientist,2022,682.0,51.1401
511401,Medical Scientist,2023,682.0,51.1401
511401,Medical Scientist,2024,689.0,51.1401
511402,Clinical And Translational Science,2020,3.0,51.1402
511402,Clinical And Translational Science,2021,38.0,51.1402
511402,Clinical And Translational Science,2022,30.0,51.1402
511402,Clinical And Translational Science,2023,27.0,51.1402
511402,Clinical And Translational Science,2024,43.0,51.1402
511499,"Medical Clinical Sciences/Graduate Medical Studies, Other",2022,0.0,51.1499
511499,"Medical Clinical Sciences/Graduate Medical Studies, Other",2023,16.0,51.1499
511499,"Medical Clinical Sciences/Graduate Medical Studies, Other",2024,11.0,51.1499
511501,Substance Abuse Counseling,2012,471.0,51.1501
511501,Substance Abuse Counseling,2013,491.0,51.1501
511501,Substance Abuse Counseling,2014,428.0,51.1501
511501,Substance Abuse Counseling,2015,418.0,51.1501
511501,Substance Abuse Counseling,2016,415.0,51.1501
511501,Substance Abuse Counseling,2017,390.0,51.1501
511501,Substance Abuse Counseling,2018,422.0,51.1501
511501,Substance Abuse Counseling,2019,571.0,51.1501
511501,Substance Abuse Counseling,2020,503.0,51.1501
511501,Substance Abuse Counseling,2021,511.0,51.1501
511501,Substance Abuse Counseling,2022,526.0,51.1501
511501,Substance Abuse Counseling,2023,521.0,51.1501
511501,Substance Abuse Counseling,2024,525.0,51.1501
511502,Psychiatric Services Technician,2012,17.0,51.1502
511502,Psychiatric Services Technician,2013,21.0,51.1502
511502,Psychiatric Services Technician,2014,31.0,51.1502
511502,Psychiatric Services Technician,2015,18.0,51.1502
511502,Psychiatric Services Technician,2016,1.0,51.1502
511502,Psychiatric Services Technician,2017,7.0,51.1502
511502,Psychiatric Services Technician,2018,0.0,51.1502
511502,Psychiatric Services Technician,2019,0.0,51.1502
511502,Psychiatric Services Technician,2024,6.0,51.1502
511503,Clinical Social Work,2012,485.0,51.1503
511503,Clinical Social Work,2013,469.0,51.1503
511503,Clinical Social Work,2014,698.0,51.1503
511503,Clinical Social Work,2015,710.0,51.1503
511503,Clinical Social Work,2016,721.0,51.1503
511503,Clinical Social Work,2017,1098.0,51.1503
511503,Clinical Social Work,2018,1250.0,51.1503
511503,Clinical Social Work,2019,1381.0,51.1503
511503,Clinical Social Work,2020,1527.0,51.1503
511503,Clinical Social Work,2021,2051.0,51.1503
511503,Clinical Social Work,2022,2329.0,51.1503
511503,Clinical Social Work,2023,2462.0,51.1503
511503,Clinical Social Work,2024,2402.0,51.1503
511504,Community Health Services,2012,241.0,51.1504
511504,Community Health Services,2013,236.0,51.1504
511504,Community Health Services,2014,245.0,51.1504
511504,Community Health Services,2015,219.0,51.1504
511504,Community Health Services,2016,236.0,51.1504
511504,Community Health Services,2017,197.0,51.1504
511504,Community Health Services,2018,215.0,51.1504
511504,Community Health Services,2019,200.0,51.1504
511504,Community Health Services,2020,214.0,51.1504
511504,Community Health Services,2021,285.0,51.1504
511504,Community Health Services,2022,271.0,51.1504
511504,Community Health Services,2023,325.0,51.1504
511504,Community Health Services,2024,356.0,51.1504
511505,Marriage & Family Therapy,2012,2469.0,51.1505
511505,Marriage & Family Therapy,2013,2646.0,51.1505
511505,Marriage & Family Therapy,2014,3028.0,51.1505
511505,Marriage & Family Therapy,2015,3054.0,51.1505
511505,Marriage & Family Therapy,2016,3136.0,51.1505
511505,Marriage & Family Therapy,2017,3102.0,51.1505
511505,Marriage & Family Therapy,2018,2912.0,51.1505
511505,Marriage & Family Therapy,2019,2959.0,51.1505
511505,Marriage & Family Therapy,2020,2955.0,51.1505
511505,Marriage & Family Therapy,2021,2948.0,51.1505
511505,Marriage & Family Therapy,2022,3270.0,51.1505
511505,Marriage & Family Therapy,2023,3538.0,51.1505
511505,Marriage & Family Therapy,2024,3976.0,51.1505
511506,Clinical Pastoral Counseling,2012,53.0,51.1506
511506,Clinical Pastoral Counseling,2013,67.0,51.1506
511506,Clinical Pastoral Counseling,2014,95.0,51.1506
511506,Clinical Pastoral Counseling,2015,157.0,51.1506
511506,Clinical Pastoral Counseling,2016,117.0,51.1506
511506,Clinical Pastoral Counseling,2017,129.0,51.1506
511506,Clinical Pastoral Counseling,2018,109.0,51.1506
511506,Clinical Pastoral Counseling,2019,150.0,51.1506
511506,Clinical Pastoral Counseling,2020,196.0,51.1506
511506,Clinical Pastoral Counseling,2021,233.0,51.1506
511506,Clinical Pastoral Counseling,2022,175.0,51.1506
511506,Clinical Pastoral Counseling,2023,160.0,51.1506
511506,Clinical Pastoral Counseling,2024,164.0,51.1506
511507,Psychoanalysis & Psychotherapy,2012,16.0,51.1507
511507,Psychoanalysis & Psychotherapy,2013,21.0,51.1507
511507,Psychoanalysis & Psychotherapy,2014,6.0,51.1507
511507,Psychoanalysis & Psychotherapy,2015,11.0,51.1507
511507,Psychoanalysis & Psychotherapy,2016,6.0,51.1507
511507,Psychoanalysis & Psychotherapy,2017,9.0,51.1507
511507,Psychoanalysis & Psychotherapy,2018,10.0,51.1507
511507,Psychoanalysis & Psychotherapy,2019,5.0,51.1507
511507,Psychoanalysis & Psychotherapy,2020,7.0,51.1507
511507,Psychoanalysis & Psychotherapy,2021,9.0,51.1507
511507,Psychoanalysis & Psychotherapy,2022,8.0,51.1507
511507,Psychoanalysis & Psychotherapy,2023,1.0,51.1507
511507,Psychoanalysis & Psychotherapy,2024,3.0,51.1507
511508,Mental Health Counseling,2012,3096.0,51.1508
511508,Mental Health Counseling,2013,3985.0,51.1508
511508,Mental Health Counseling,2014,4940.0,51.1508
511508,Mental Health Counseling,2015,5182.0,51.1508
511508,Mental Health Counseling,2016,5252.0,51.1508
511508,Mental Health Counseling,2017,5751.0,51.1508
511508,Mental Health Counseling,2018,5774.0,51.1508
511508,Mental Health Counseling,2019,5846.0,51.1508
511508,Mental Health Counseling,2020,6272.0,51.1508
511508,Mental Health Counseling,2021,6632.0,51.1508
511508,Mental Health Counseling,2022,7576.0,51.1508
511508,Mental Health Counseling,2023,8602.0,51.1508
511508,Mental Health Counseling,2024,9776.0,51.1508
511509,Genetic Counseling,2012,125.0,51.1509
511509,Genetic Counseling,2013,130.0,51.1509
511509,Genetic Counseling,2014,138.0,51.1509
511509,Genetic Counseling,2015,138.0,51.1509
511509,Genetic Counseling,2016,154.0,51.1509
511509,Genetic Counseling,2017,147.0,51.1509
511509,Genetic Counseling,2018,172.0,51.1509
511509,Genetic Counseling,2019,193.0,51.1509
511509,Genetic Counseling,2020,230.0,51.1509
511509,Genetic Counseling,2021,286.0,51.1509
511509,Genetic Counseling,2022,299.0,51.1509
511509,Genetic Counseling,2023,360.0,51.1509
511509,Genetic Counseling,2024,375.0,51.1509
511513,Trauma Counseling,2021,1.0,51.1513
511513,Trauma Counseling,2022,7.0,51.1513
511513,Trauma Counseling,2023,13.0,51.1513
511513,Trauma Counseling,2024,4.0,51.1513
511599,"Other Mental, Social Health Services, & Allied Professions ",2012,117.0,51.1599
511599,"Other Mental, Social Health Services, & Allied Professions ",2013,140.0,51.1599
511599,"Other Mental, Social Health Services, & Allied Professions ",2014,136.0,51.1599
511599,"Other Mental, Social Health Services, & Allied Professions ",2015,171.0,51.1599
511599,"Other Mental, Social Health Services, & Allied Professions ",2016,216.0,51.1599
511599,"Other Mental, Social Health Services, & Allied Professions ",2017,1697.0,51.1599
511599,"Other Mental, Social Health Services, & Allied Professions ",2018,1701.0,51.1599
511599,"Other Mental, Social Health Services, & Allied Professions ",2019,1746.0,51.1599
511599,"Other Mental, Social Health Services, & Allied Professions ",2020,1578.0,51.1599
511599,"Other Mental, Social Health Services, & Allied Professions ",2021,1561.0,51.1599
511599,"Other Mental, Social Health Services, & Allied Professions ",2022,1533.0,51.1599
511599,"Other Mental, Social Health Services, & Allied Professions ",2023,1292.0,51.1599
511599,"Other Mental, Social Health Services, & Allied Professions ",2024,1290.0,51.1599
511899,Other Ophthalmic & Optometric Support Services,2012,122.0,51.1899
511899,Other Ophthalmic & Optometric Support Services,2013,37.0,51.1899
511899,Other Ophthalmic & Optometric Support Services,2014,20.0,51.1899
511899,Other Ophthalmic & Optometric Support Services,2015,22.0,51.1899
511899,Other Ophthalmic & Optometric Support Services,2016,6.0,51.1899
511899,Other Ophthalmic & Optometric Support Services,2017,26.0,51.1899
511899,Other Ophthalmic & Optometric Support Services,2018,22.0,51.1899
511899,Other Ophthalmic & Optometric Support Services,2019,15.0,51.1899
511899,Other Ophthalmic & Optometric Support Services,2020,11.0,51.1899
511899,Other Ophthalmic & Optometric Support Services,2021,4.0,51.1899
511899,Other Ophthalmic & Optometric Support Services,2022,7.0,51.1899
511899,Other Ophthalmic & Optometric Support Services,2023,7.0,51.1899
511899,Other Ophthalmic & Optometric Support Services,2024,14.0,51.1899
512001,Pharmacy,2012,23.0,51.2001
512001,Pharmacy,2013,25.0,51.2001
512001,Pharmacy,2014,2.0,51.2001
512001,Pharmacy,2015,6.0,51.2001
512001,Pharmacy,2016,7.0,51.2001
512001,Pharmacy,2017,1.0,51.2001
512001,Pharmacy,2018,3.0,51.2001
512001,Pharmacy,2019,3.0,51.2001
512001,Pharmacy,2020,4.0,51.2001
512001,Pharmacy,2021,7.0,51.2001
512001,Pharmacy,2022,8.0,51.2001
512001,Pharmacy,2023,10.0,51.2001
512001,Pharmacy,2024,27.0,51.2001
512002,Pharmacy Administration & Pharmacy Policy,2012,411.0,51.2002
512002,Pharmacy Administration & Pharmacy Policy,2013,393.0,51.2002
512002,Pharmacy Administration & Pharmacy Policy,2014,361.0,51.2002
512002,Pharmacy Administration & Pharmacy Policy,2015,324.0,51.2002
512002,Pharmacy Administration & Pharmacy Policy,2016,398.0,51.2002
512002,Pharmacy Administration & Pharmacy Policy,2017,314.0,51.2002
512002,Pharmacy Administration & Pharmacy Policy,2018,483.0,51.2002
512002,Pharmacy Administration & Pharmacy Policy,2019,281.0,51.2002
512002,Pharmacy Administration & Pharmacy Policy,2020,226.0,51.2002
512002,Pharmacy Administration & Pharmacy Policy,2021,175.0,51.2002
512002,Pharmacy Administration & Pharmacy Policy,2022,208.0,51.2002
512002,Pharmacy Administration & Pharmacy Policy,2023,152.0,51.2002
512002,Pharmacy Administration & Pharmacy Policy,2024,105.0,51.2002
512003,Pharmaceutics & Drug Design,2012,88.0,51.2003
512003,Pharmaceutics & Drug Design,2013,111.0,51.2003
512003,Pharmaceutics & Drug Design,2014,122.0,51.2003
512003,Pharmaceutics & Drug Design,2015,115.0,51.2003
512003,Pharmaceutics & Drug Design,2016,143.0,51.2003
512003,Pharmaceutics & Drug Design,2017,143.0,51.2003
512003,Pharmaceutics & Drug Design,2018,151.0,51.2003
512003,Pharmaceutics & Drug Design,2019,128.0,51.2003
512003,Pharmaceutics & Drug Design,2020,143.0,51.2003
512003,Pharmaceutics & Drug Design,2021,159.0,51.2003
512003,Pharmaceutics & Drug Design,2022,166.0,51.2003
512003,Pharmaceutics & Drug Design,2023,177.0,51.2003
512003,Pharmaceutics & Drug Design,2024,239.0,51.2003
512004,Medicinal & Pharmaceutical Chemistry,2012,54.0,51.2004
512004,Medicinal & Pharmaceutical Chemistry,2013,75.0,51.2004
512004,Medicinal & Pharmaceutical Chemistry,2014,68.0,51.2004
512004,Medicinal & Pharmaceutical Chemistry,2015,61.0,51.2004
512004,Medicinal & Pharmaceutical Chemistry,2016,56.0,51.2004
512004,Medicinal & Pharmaceutical Chemistry,2017,59.0,51.2004
512004,Medicinal & Pharmaceutical Chemistry,2018,62.0,51.2004
512004,Medicinal & Pharmaceutical Chemistry,2019,55.0,51.2004
512004,Medicinal & Pharmaceutical Chemistry,2020,57.0,51.2004
512004,Medicinal & Pharmaceutical Chemistry,2021,61.0,51.2004
512004,Medicinal & Pharmaceutical Chemistry,2022,63.0,51.2004
512004,Medicinal & Pharmaceutical Chemistry,2023,74.0,51.2004
512004,Medicinal & Pharmaceutical Chemistry,2024,72.0,51.2004
512005,Natural Products Chemistry & Pharmacognosy,2012,3.0,51.2005
512005,Natural Products Chemistry & Pharmacognosy,2013,2.0,51.2005
512005,Natural Products Chemistry & Pharmacognosy,2014,2.0,51.2005
512005,Natural Products Chemistry & Pharmacognosy,2015,2.0,51.2005
512005,Natural Products Chemistry & Pharmacognosy,2016,3.0,51.2005
512005,Natural Products Chemistry & Pharmacognosy,2017,1.0,51.2005
512005,Natural Products Chemistry & Pharmacognosy,2018,0.0,51.2005
512005,Natural Products Chemistry & Pharmacognosy,2019,1.0,51.2005
512005,Natural Products Chemistry & Pharmacognosy,2020,3.0,51.2005
512005,Natural Products Chemistry & Pharmacognosy,2021,134.0,51.2005
512005,Natural Products Chemistry & Pharmacognosy,2022,197.0,51.2005
512005,Natural Products Chemistry & Pharmacognosy,2023,189.0,51.2005
512005,Natural Products Chemistry & Pharmacognosy,2024,137.0,51.2005
512006,Clinical & Industrial Drug Development,2012,143.0,51.2006
512006,Clinical & Industrial Drug Development,2013,122.0,51.2006
512006,Clinical & Industrial Drug Development,2014,136.0,51.2006
512006,Clinical & Industrial Drug Development,2015,143.0,51.2006
512006,Clinical & Industrial Drug Development,2016,132.0,51.2006
512006,Clinical & Industrial Drug Development,2017,138.0,51.2006
512006,Clinical & Industrial Drug Development,2018,130.0,51.2006
512006,Clinical & Industrial Drug Development,2019,125.0,51.2006
512006,Clinical & Industrial Drug Development,2020,185.0,51.2006
512006,Clinical & Industrial Drug Development,2021,150.0,51.2006
512006,Clinical & Industrial Drug Development,2022,153.0,51.2006
512006,Clinical & Industrial Drug Development,2023,179.0,51.2006
512006,Clinical & Industrial Drug Development,2024,166.0,51.2006
512007,Pharmacoeconomics,2012,2.0,51.2007
512007,Pharmacoeconomics,2013,0.0,51.2007
512007,Pharmacoeconomics,2014,5.0,51.2007
512007,Pharmacoeconomics,2015,10.0,51.2007
512007,Pharmacoeconomics,2016,29.0,51.2007
512007,Pharmacoeconomics,2017,49.0,51.2007
512007,Pharmacoeconomics,2018,57.0,51.2007
512007,Pharmacoeconomics,2019,65.0,51.2007
512007,Pharmacoeconomics,2020,123.0,51.2007
512007,Pharmacoeconomics,2021,138.0,51.2007
512007,Pharmacoeconomics,2022,94.0,51.2007
512007,Pharmacoeconomics,2023,101.0,51.2007
512007,Pharmacoeconomics,2024,105.0,51.2007
512008,"Clinical, Hospital, & Managed Care Pharmacy",2012,6.0,51.2008
512008,"Clinical, Hospital, & Managed Care Pharmacy",2013,3.0,51.2008
512008,"Clinical, Hospital, & Managed Care Pharmacy",2014,3.0,51.2008
512008,"Clinical, Hospital, & Managed Care Pharmacy",2015,6.0,51.2008
512008,"Clinical, Hospital, & Managed Care Pharmacy",2016,10.0,51.2008
512008,"Clinical, Hospital, & Managed Care Pharmacy",2017,16.0,51.2008
512008,"Clinical, Hospital, & Managed Care Pharmacy",2018,12.0,51.2008
512008,"Clinical, Hospital, & Managed Care Pharmacy",2019,10.0,51.2008
512008,"Clinical, Hospital, & Managed Care Pharmacy",2020,12.0,51.2008
512008,"Clinical, Hospital, & Managed Care Pharmacy",2021,16.0,51.2008
512008,"Clinical, Hospital, & Managed Care Pharmacy",2022,15.0,51.2008
512008,"Clinical, Hospital, & Managed Care Pharmacy",2023,11.0,51.2008
512008,"Clinical, Hospital, & Managed Care Pharmacy",2024,10.0,51.2008
512009,"Industrial, Physical Pharmacy, & Cosmetic Sciences",2012,15.0,51.2009
512009,"Industrial, Physical Pharmacy, & Cosmetic Sciences",2013,18.0,51.2009
512009,"Industrial, Physical Pharmacy, & Cosmetic Sciences",2014,17.0,51.2009
512009,"Industrial, Physical Pharmacy, & Cosmetic Sciences",2015,66.0,51.2009
512009,"Industrial, Physical Pharmacy, & Cosmetic Sciences",2016,68.0,51.2009
512009,"Industrial, Physical Pharmacy, & Cosmetic Sciences",2017,46.0,51.2009
512009,"Industrial, Physical Pharmacy, & Cosmetic Sciences",2018,61.0,51.2009
512009,"Industrial, Physical Pharmacy, & Cosmetic Sciences",2019,45.0,51.2009
512009,"Industrial, Physical Pharmacy, & Cosmetic Sciences",2020,32.0,51.2009
512009,"Industrial, Physical Pharmacy, & Cosmetic Sciences",2021,82.0,51.2009
512009,"Industrial, Physical Pharmacy, & Cosmetic Sciences",2022,130.0,51.2009
512009,"Industrial, Physical Pharmacy, & Cosmetic Sciences",2023,355.0,51.2009
512009,"Industrial, Physical Pharmacy, & Cosmetic Sciences",2024,954.0,51.2009
512010,Pharmaceutical Sciences,2012,119.0,51.201
512010,Pharmaceutical Sciences,2013,158.0,51.201
512010,Pharmaceutical Sciences,2014,210.0,51.201
512010,Pharmaceutical Sciences,2015,152.0,51.201
512010,Pharmaceutical Sciences,2016,158.0,51.201
512010,Pharmaceutical Sciences,2017,183.0,51.201
512010,Pharmaceutical Sciences,2018,254.0,51.201
512010,Pharmaceutical Sciences,2019,262.0,51.201
512010,Pharmaceutical Sciences,2020,257.0,51.201
512010,Pharmaceutical Sciences,2021,271.0,51.201
512010,Pharmaceutical Sciences,2022,251.0,51.201
512010,Pharmaceutical Sciences,2023,361.0,51.201
512010,Pharmaceutical Sciences,2024,487.0,51.201
512011,Pharmaceutical Marketing & Management,2012,2.0,51.2011
512011,Pharmaceutical Marketing & Management,2013,18.0,51.2011
512011,Pharmaceutical Marketing & Management,2014,22.0,51.2011
512011,Pharmaceutical Marketing & Management,2015,19.0,51.2011
512011,Pharmaceutical Marketing & Management,2016,19.0,51.2011
512011,Pharmaceutical Marketing & Management,2017,22.0,51.2011
512011,Pharmaceutical Marketing & Management,2018,12.0,51.2011
512011,Pharmaceutical Marketing & Management,2019,33.0,51.2011
512011,Pharmaceutical Marketing & Management,2020,21.0,51.2011
512011,Pharmaceutical Marketing & Management,2021,18.0,51.2011
512011,Pharmaceutical Marketing & Management,2022,19.0,51.2011
512011,Pharmaceutical Marketing & Management,2023,19.0,51.2011
512011,Pharmaceutical Marketing & Management,2024,28.0,51.2011
512099,"Other Pharmacy, Pharmaceutical Sciences, & Administration",2012,303.0,51.2099
512099,"Other Pharmacy, Pharmaceutical Sciences, & Administration",2013,338.0,51.2099
512099,"Other Pharmacy, Pharmaceutical Sciences, & Administration",2014,327.0,51.2099
512099,"Other Pharmacy, Pharmaceutical Sciences, & Administration",2015,235.0,51.2099
512099,"Other Pharmacy, Pharmaceutical Sciences, & Administration",2016,258.0,51.2099
512099,"Other Pharmacy, Pharmaceutical Sciences, & Administration",2017,246.0,51.2099
512099,"Other Pharmacy, Pharmaceutical Sciences, & Administration",2018,237.0,51.2099
512099,"Other Pharmacy, Pharmaceutical Sciences, & Administration",2019,227.0,51.2099
512099,"Other Pharmacy, Pharmaceutical Sciences, & Administration",2020,224.0,51.2099
512099,"Other Pharmacy, Pharmaceutical Sciences, & Administration",2021,232.0,51.2099
512099,"Other Pharmacy, Pharmaceutical Sciences, & Administration",2022,300.0,51.2099
512099,"Other Pharmacy, Pharmaceutical Sciences, & Administration",2023,367.0,51.2099
512099,"Other Pharmacy, Pharmaceutical Sciences, & Administration",2024,364.0,51.2099
512201,General Public Health,2012,7046.0,51.2201
512201,General Public Health,2013,7741.0,51.2201
512201,General Public Health,2014,8203.0,51.2201
512201,General Public Health,2015,8620.0,51.2201
512201,General Public Health,2016,9006.0,51.2201
512201,General Public Health,2017,9534.0,51.2201
512201,General Public Health,2018,10233.0,51.2201
512201,General Public Health,2019,10684.0,51.2201
512201,General Public Health,2020,10344.0,51.2201
512201,General Public Health,2021,10873.0,51.2201
512201,General Public Health,2022,11708.0,51.2201
512201,General Public Health,2023,12307.0,51.2201
512201,General Public Health,2024,11934.0,51.2201
512202,Environmental Health,2012,541.0,51.2202
512202,Environmental Health,2013,529.0,51.2202
512202,Environmental Health,2014,551.0,51.2202
512202,Environmental Health,2015,519.0,51.2202
512202,Environmental Health,2016,546.0,51.2202
512202,Environmental Health,2017,647.0,51.2202
512202,Environmental Health,2018,635.0,51.2202
512202,Environmental Health,2019,583.0,51.2202
512202,Environmental Health,2020,641.0,51.2202
512202,Environmental Health,2021,694.0,51.2202
512202,Environmental Health,2022,683.0,51.2202
512202,Environmental Health,2023,798.0,51.2202
512202,Environmental Health,2024,706.0,51.2202
512205,Health Physics,2012,79.0,51.2205
512205,Health Physics,2013,95.0,51.2205
512205,Health Physics,2014,122.0,51.2205
512205,Health Physics,2015,158.0,51.2205
512205,Health Physics,2016,100.0,51.2205
512205,Health Physics,2017,105.0,51.2205
512205,Health Physics,2018,133.0,51.2205
512205,Health Physics,2019,115.0,51.2205
512205,Health Physics,2020,150.0,51.2205
512205,Health Physics,2021,159.0,51.2205
512205,Health Physics,2022,149.0,51.2205
512205,Health Physics,2023,163.0,51.2205
512205,Health Physics,2024,201.0,51.2205
512206,Occupational Health & Industrial Hygiene,2012,101.0,51.2206
512206,Occupational Health & Industrial Hygiene,2013,75.0,51.2206
512206,Occupational Health & Industrial Hygiene,2014,129.0,51.2206
512206,Occupational Health & Industrial Hygiene,2015,75.0,51.2206
512206,Occupational Health & Industrial Hygiene,2016,111.0,51.2206
512206,Occupational Health & Industrial Hygiene,2017,85.0,51.2206
512206,Occupational Health & Industrial Hygiene,2018,65.0,51.2206
512206,Occupational Health & Industrial Hygiene,2019,111.0,51.2206
512206,Occupational Health & Industrial Hygiene,2020,94.0,51.2206
512206,Occupational Health & Industrial Hygiene,2021,90.0,51.2206
512206,Occupational Health & Industrial Hygiene,2022,123.0,51.2206
512206,Occupational Health & Industrial Hygiene,2023,117.0,51.2206
512206,Occupational Health & Industrial Hygiene,2024,119.0,51.2206
512207,Public Health Education & Promotion,2012,787.0,51.2207
512207,Public Health Education & Promotion,2013,897.0,51.2207
512207,Public Health Education & Promotion,2014,840.0,51.2207
512207,Public Health Education & Promotion,2015,797.0,51.2207
512207,Public Health Education & Promotion,2016,847.0,51.2207
512207,Public Health Education & Promotion,2017,896.0,51.2207
512207,Public Health Education & Promotion,2018,953.0,51.2207
512207,Public Health Education & Promotion,2019,902.0,51.2207
512207,Public Health Education & Promotion,2020,946.0,51.2207
512207,Public Health Education & Promotion,2021,965.0,51.2207
512207,Public Health Education & Promotion,2022,1004.0,51.2207
512207,Public Health Education & Promotion,2023,953.0,51.2207
512207,Public Health Education & Promotion,2024,747.0,51.2207
512208,Community Health & Preventative Medicine,2012,123.0,51.2208
512208,Community Health & Preventative Medicine,2013,178.0,51.2208
512208,Community Health & Preventative Medicine,2014,189.0,51.2208
512208,Community Health & Preventative Medicine,2015,191.0,51.2208
512208,Community Health & Preventative Medicine,2016,207.0,51.2208
512208,Community Health & Preventative Medicine,2017,242.0,51.2208
512208,Community Health & Preventative Medicine,2018,258.0,51.2208
512208,Community Health & Preventative Medicine,2019,252.0,51.2208
512208,Community Health & Preventative Medicine,2020,300.0,51.2208
512208,Community Health & Preventative Medicine,2021,273.0,51.2208
512208,Community Health & Preventative Medicine,2022,277.0,51.2208
512208,Community Health & Preventative Medicine,2023,336.0,51.2208
512208,Community Health & Preventative Medicine,2024,320.0,51.2208
512209,Maternal & Child Health,2012,115.0,51.2209
512209,Maternal & Child Health,2013,149.0,51.2209
512209,Maternal & Child Health,2014,163.0,51.2209
512209,Maternal & Child Health,2015,154.0,51.2209
512209,Maternal & Child Health,2016,117.0,51.2209
512209,Maternal & Child Health,2017,137.0,51.2209
512209,Maternal & Child Health,2018,104.0,51.2209
512209,Maternal & Child Health,2019,92.0,51.2209
512209,Maternal & Child Health,2020,66.0,51.2209
512209,Maternal & Child Health,2021,46.0,51.2209
512209,Maternal & Child Health,2022,66.0,51.2209
512209,Maternal & Child Health,2023,96.0,51.2209
512209,Maternal & Child Health,2024,52.0,51.2209
512210,International Public Health,2012,405.0,51.221
512210,International Public Health,2013,453.0,51.221
512210,International Public Health,2014,502.0,51.221
512210,International Public Health,2015,469.0,51.221
512210,International Public Health,2016,518.0,51.221
512210,International Public Health,2017,540.0,51.221
512210,International Public Health,2018,490.0,51.221
512210,International Public Health,2019,564.0,51.221
512210,International Public Health,2020,574.0,51.221
512210,International Public Health,2021,477.0,51.221
512210,International Public Health,2022,456.0,51.221
512210,International Public Health,2023,516.0,51.221
512210,International Public Health,2024,419.0,51.221
512211,Health Services Administration,2012,736.0,51.2211
512211,Health Services Administration,2013,545.0,51.2211
512211,Health Services Administration,2014,647.0,51.2211
512211,Health Services Administration,2015,758.0,51.2211
512211,Health Services Administration,2016,798.0,51.2211
512211,Health Services Administration,2017,905.0,51.2211
512211,Health Services Administration,2018,1038.0,51.2211
512211,Health Services Administration,2019,1193.0,51.2211
512211,Health Services Administration,2020,1224.0,51.2211
512211,Health Services Administration,2021,1359.0,51.2211
512211,Health Services Administration,2022,1335.0,51.2211
512211,Health Services Administration,2023,1279.0,51.2211
512211,Health Services Administration,2024,1112.0,51.2211
512212,Behavioral Aspects of Health,2012,4.0,51.2212
512212,Behavioral Aspects of Health,2013,56.0,51.2212
512212,Behavioral Aspects of Health,2014,120.0,51.2212
512212,Behavioral Aspects of Health,2015,62.0,51.2212
512212,Behavioral Aspects of Health,2016,70.0,51.2212
512212,Behavioral Aspects of Health,2017,89.0,51.2212
512212,Behavioral Aspects of Health,2018,68.0,51.2212
512212,Behavioral Aspects of Health,2019,78.0,51.2212
512212,Behavioral Aspects of Health,2020,149.0,51.2212
512212,Behavioral Aspects of Health,2021,78.0,51.2212
512212,Behavioral Aspects of Health,2022,76.0,51.2212
512212,Behavioral Aspects of Health,2023,121.0,51.2212
512212,Behavioral Aspects of Health,2024,120.0,51.2212
512213,Patient Safety And Healthcare Quality,2020,55.0,51.2213
512213,Patient Safety And Healthcare Quality,2021,43.0,51.2213
512213,Patient Safety And Healthcare Quality,2022,62.0,51.2213
512213,Patient Safety And Healthcare Quality,2023,28.0,51.2213
512213,Patient Safety And Healthcare Quality,2024,45.0,51.2213
512299,Other Public Health,2012,850.0,51.2299
512299,Other Public Health,2013,466.0,51.2299
512299,Other Public Health,2014,565.0,51.2299
512299,Other Public Health,2015,538.0,51.2299
512299,Other Public Health,2016,729.0,51.2299
512299,Other Public Health,2017,897.0,51.2299
512299,Other Public Health,2018,956.0,51.2299
512299,Other Public Health,2019,1015.0,51.2299
512299,Other Public Health,2020,986.0,51.2299
512299,Other Public Health,2021,1076.0,51.2299
512299,Other Public Health,2022,1097.0,51.2299
512299,Other Public Health,2023,1150.0,51.2299
512299,Other Public Health,2024,911.0,51.2299
512300,"Rehabilitation And Therapeutic Professions, General",2021,0.0,51.23
512300,"Rehabilitation And Therapeutic Professions, General",2022,0.0,51.23
512300,"Rehabilitation And Therapeutic Professions, General",2023,7.0,51.23
512300,"Rehabilitation And Therapeutic Professions, General",2024,19.0,51.23
512301,Art Therapy,2012,426.0,51.2301
512301,Art Therapy,2013,494.0,51.2301
512301,Art Therapy,2014,453.0,51.2301
512301,Art Therapy,2015,498.0,51.2301
512301,Art Therapy,2016,547.0,51.2301
512301,Art Therapy,2017,465.0,51.2301
512301,Art Therapy,2018,462.0,51.2301
512301,Art Therapy,2019,456.0,51.2301
512301,Art Therapy,2020,432.0,51.2301
512301,Art Therapy,2021,454.0,51.2301
512301,Art Therapy,2022,511.0,51.2301
512301,Art Therapy,2023,464.0,51.2301
512301,Art Therapy,2024,514.0,51.2301
512302,Dance Therapy,2012,23.0,51.2302
512302,Dance Therapy,2013,55.0,51.2302
512302,Dance Therapy,2014,68.0,51.2302
512302,Dance Therapy,2015,37.0,51.2302
512302,Dance Therapy,2016,36.0,51.2302
512302,Dance Therapy,2017,38.0,51.2302
512302,Dance Therapy,2018,60.0,51.2302
512302,Dance Therapy,2019,35.0,51.2302
512302,Dance Therapy,2020,38.0,51.2302
512302,Dance Therapy,2021,47.0,51.2302
512302,Dance Therapy,2022,32.0,51.2302
512302,Dance Therapy,2023,34.0,51.2302
512302,Dance Therapy,2024,44.0,51.2302
512305,Music Therapy,2012,80.0,51.2305
512305,Music Therapy,2013,120.0,51.2305
512305,Music Therapy,2014,115.0,51.2305
512305,Music Therapy,2015,130.0,51.2305
512305,Music Therapy,2016,137.0,51.2305
512305,Music Therapy,2017,115.0,51.2305
512305,Music Therapy,2018,137.0,51.2305
512305,Music Therapy,2019,149.0,51.2305
512305,Music Therapy,2020,160.0,51.2305
512305,Music Therapy,2021,143.0,51.2305
512305,Music Therapy,2022,165.0,51.2305
512305,Music Therapy,2023,174.0,51.2305
512305,Music Therapy,2024,154.0,51.2305
512306,Occupational Therapy,2012,4851.0,51.2306
512306,Occupational Therapy,2013,5244.0,51.2306
512306,Occupational Therapy,2014,5410.0,51.2306
512306,Occupational Therapy,2015,5824.0,51.2306
512306,Occupational Therapy,2016,6191.0,51.2306
512306,Occupational Therapy,2017,6622.0,51.2306
512306,Occupational Therapy,2018,6887.0,51.2306
512306,Occupational Therapy,2019,7051.0,51.2306
512306,Occupational Therapy,2020,6640.0,51.2306
512306,Occupational Therapy,2021,7040.0,51.2306
512306,Occupational Therapy,2022,6912.0,51.2306
512306,Occupational Therapy,2023,6059.0,51.2306
512306,Occupational Therapy,2024,5737.0,51.2306
512307,Orthotist,2012,52.0,51.2307
512307,Orthotist,2013,86.0,51.2307
512307,Orthotist,2014,115.0,51.2307
512307,Orthotist,2015,162.0,51.2307
512307,Orthotist,2016,202.0,51.2307
512307,Orthotist,2017,216.0,51.2307
512307,Orthotist,2018,238.0,51.2307
512307,Orthotist,2019,205.0,51.2307
512307,Orthotist,2020,221.0,51.2307
512307,Orthotist,2021,214.0,51.2307
512307,Orthotist,2022,212.0,51.2307
512307,Orthotist,2023,250.0,51.2307
512307,Orthotist,2024,233.0,51.2307
512308,Physical Therapy,2012,430.0,51.2308
512308,Physical Therapy,2013,244.0,51.2308
512308,Physical Therapy,2014,194.0,51.2308
512308,Physical Therapy,2015,150.0,51.2308
512308,Physical Therapy,2016,96.0,51.2308
512308,Physical Therapy,2017,120.0,51.2308
512308,Physical Therapy,2018,59.0,51.2308
512308,Physical Therapy,2019,54.0,51.2308
512308,Physical Therapy,2020,31.0,51.2308
512308,Physical Therapy,2021,41.0,51.2308
512308,Physical Therapy,2022,42.0,51.2308
512308,Physical Therapy,2023,38.0,51.2308
512308,Physical Therapy,2024,37.0,51.2308
512309,Therapeutic Recreation Therapy,2012,60.0,51.2309
512309,Therapeutic Recreation Therapy,2013,34.0,51.2309
512309,Therapeutic Recreation Therapy,2014,49.0,51.2309
512309,Therapeutic Recreation Therapy,2015,57.0,51.2309
512309,Therapeutic Recreation Therapy,2016,56.0,51.2309
512309,Therapeutic Recreation Therapy,2017,54.0,51.2309
512309,Therapeutic Recreation Therapy,2018,64.0,51.2309
512309,Therapeutic Recreation Therapy,2019,41.0,51.2309
512309,Therapeutic Recreation Therapy,2020,51.0,51.2309
512309,Therapeutic Recreation Therapy,2021,49.0,51.2309
512309,Therapeutic Recreation Therapy,2022,49.0,51.2309
512309,Therapeutic Recreation Therapy,2023,43.0,51.2309
512309,Therapeutic Recreation Therapy,2024,58.0,51.2309
512310,Vocational Rehabilitation Counseling,2012,1078.0,51.231
512310,Vocational Rehabilitation Counseling,2013,1121.0,51.231
512310,Vocational Rehabilitation Counseling,2014,1044.0,51.231
512310,Vocational Rehabilitation Counseling,2015,1039.0,51.231
512310,Vocational Rehabilitation Counseling,2016,860.0,51.231
512310,Vocational Rehabilitation Counseling,2017,849.0,51.231
512310,Vocational Rehabilitation Counseling,2018,949.0,51.231
512310,Vocational Rehabilitation Counseling,2019,853.0,51.231
512310,Vocational Rehabilitation Counseling,2020,846.0,51.231
512310,Vocational Rehabilitation Counseling,2021,713.0,51.231
512310,Vocational Rehabilitation Counseling,2022,738.0,51.231
512310,Vocational Rehabilitation Counseling,2023,676.0,51.231
512310,Vocational Rehabilitation Counseling,2024,700.0,51.231
512311,Kinesiotherapy,2012,11.0,51.2311
512311,Kinesiotherapy,2013,7.0,51.2311
512311,Kinesiotherapy,2014,20.0,51.2311
512311,Kinesiotherapy,2015,12.0,51.2311
512311,Kinesiotherapy,2016,25.0,51.2311
512311,Kinesiotherapy,2017,20.0,51.2311
512311,Kinesiotherapy,2018,44.0,51.2311
512311,Kinesiotherapy,2019,24.0,51.2311
512311,Kinesiotherapy,2020,18.0,51.2311
512311,Kinesiotherapy,2021,20.0,51.2311
512311,Kinesiotherapy,2022,44.0,51.2311
512311,Kinesiotherapy,2023,28.0,51.2311
512311,Kinesiotherapy,2024,34.0,51.2311
512312,Augmentative Technology & Rehabilitation Engineering,2014,10.0,51.2312
512312,Augmentative Technology & Rehabilitation Engineering,2015,24.0,51.2312
512312,Augmentative Technology & Rehabilitation Engineering,2016,34.0,51.2312
512312,Augmentative Technology & Rehabilitation Engineering,2017,51.0,51.2312
512312,Augmentative Technology & Rehabilitation Engineering,2018,67.0,51.2312
512312,Augmentative Technology & Rehabilitation Engineering,2019,58.0,51.2312
512312,Augmentative Technology & Rehabilitation Engineering,2020,60.0,51.2312
512312,Augmentative Technology & Rehabilitation Engineering,2021,66.0,51.2312
512312,Augmentative Technology & Rehabilitation Engineering,2022,77.0,51.2312
512312,Augmentative Technology & Rehabilitation Engineering,2023,98.0,51.2312
512312,Augmentative Technology & Rehabilitation Engineering,2024,71.0,51.2312
512313,Animal-Assisted Therapy,2013,5.0,51.2313
512313,Animal-Assisted Therapy,2014,8.0,51.2313
512313,Animal-Assisted Therapy,2015,2.0,51.2313
512313,Animal-Assisted Therapy,2016,6.0,51.2313
512313,Animal-Assisted Therapy,2017,0.0,51.2313
512313,Animal-Assisted Therapy,2018,0.0,51.2313
512313,Animal-Assisted Therapy,2019,0.0,51.2313
512313,Animal-Assisted Therapy,2020,0.0,51.2313
512313,Animal-Assisted Therapy,2021,0.0,51.2313
512313,Animal-Assisted Therapy,2022,0.0,51.2313
512313,Animal-Assisted Therapy,2023,0.0,51.2313
512313,Animal-Assisted Therapy,2024,0.0,51.2313
512314,Rehabilitation Science,2012,108.0,51.2314
512314,Rehabilitation Science,2013,128.0,51.2314
512314,Rehabilitation Science,2014,114.0,51.2314
512314,Rehabilitation Science,2015,123.0,51.2314
512314,Rehabilitation Science,2016,151.0,51.2314
512314,Rehabilitation Science,2017,121.0,51.2314
512314,Rehabilitation Science,2018,152.0,51.2314
512314,Rehabilitation Science,2019,90.0,51.2314
512314,Rehabilitation Science,2020,130.0,51.2314
512314,Rehabilitation Science,2021,91.0,51.2314
512314,Rehabilitation Science,2022,89.0,51.2314
512314,Rehabilitation Science,2023,64.0,51.2314
512314,Rehabilitation Science,2024,35.0,51.2314
512317,Play Therapy/Therapist,2024,0.0,51.2317
512399,Other Rehabilitation & Therapeutic Professions,2012,337.0,51.2399
512399,Other Rehabilitation & Therapeutic Professions,2013,268.0,51.2399
512399,Other Rehabilitation & Therapeutic Professions,2014,351.0,51.2399
512399,Other Rehabilitation & Therapeutic Professions,2015,283.0,51.2399
512399,Other Rehabilitation & Therapeutic Professions,2016,318.0,51.2399
512399,Other Rehabilitation & Therapeutic Professions,2017,264.0,51.2399
512399,Other Rehabilitation & Therapeutic Professions,2018,275.0,51.2399
512399,Other Rehabilitation & Therapeutic Professions,2019,263.0,51.2399
512399,Other Rehabilitation & Therapeutic Professions,2020,217.0,51.2399
512399,Other Rehabilitation & Therapeutic Professions,2021,274.0,51.2399
512399,Other Rehabilitation & Therapeutic Professions,2022,198.0,51.2399
512399,Other Rehabilitation & Therapeutic Professions,2023,193.0,51.2399
512399,Other Rehabilitation & Therapeutic Professions,2024,165.0,51.2399
512703,Medical Illustrator,2012,31.0,51.2703
512703,Medical Illustrator,2013,43.0,51.2703
512703,Medical Illustrator,2014,33.0,51.2703
512703,Medical Illustrator,2015,37.0,51.2703
512703,Medical Illustrator,2016,28.0,51.2703
512703,Medical Illustrator,2017,29.0,51.2703
512703,Medical Illustrator,2018,38.0,51.2703
512703,Medical Illustrator,2019,40.0,51.2703
512703,Medical Illustrator,2020,35.0,51.2703
512703,Medical Illustrator,2021,37.0,51.2703
512703,Medical Illustrator,2022,41.0,51.2703
512703,Medical Illustrator,2023,43.0,51.2703
512703,Medical Illustrator,2024,47.0,51.2703
512706,Medical Informatics,2012,225.0,51.2706
512706,Medical Informatics,2013,368.0,51.2706
512706,Medical Informatics,2014,457.0,51.2706
512706,Medical Informatics,2015,549.0,51.2706
512706,Medical Informatics,2016,667.0,51.2706
512706,Medical Informatics,2017,941.0,51.2706
512706,Medical Informatics,2018,1079.0,51.2706
512706,Medical Informatics,2019,1156.0,51.2706
512706,Medical Informatics,2020,1393.0,51.2706
512706,Medical Informatics,2021,1469.0,51.2706
512706,Medical Informatics,2022,1603.0,51.2706
512706,Medical Informatics,2023,2090.0,51.2706
512706,Medical Informatics,2024,2517.0,51.2706
512799,Other Medical Illustration & Informatics,2015,4.0,51.2799
512799,Other Medical Illustration & Informatics,2016,2.0,51.2799
512799,Other Medical Illustration & Informatics,2017,28.0,51.2799
512799,Other Medical Illustration & Informatics,2018,38.0,51.2799
512799,Other Medical Illustration & Informatics,2019,39.0,51.2799
512799,Other Medical Illustration & Informatics,2020,0.0,51.2799
512799,Other Medical Illustration & Informatics,2021,1.0,51.2799
512799,Other Medical Illustration & Informatics,2022,0.0,51.2799
512799,Other Medical Illustration & Informatics,2023,1.0,51.2799
512799,Other Medical Illustration & Informatics,2024,1.0,51.2799
513101,Dietetics,2012,400.0,51.3101
513101,Dietetics,2013,465.0,51.3101
513101,Dietetics,2014,528.0,51.3101
513101,Dietetics,2015,476.0,51.3101
513101,Dietetics,2016,472.0,51.3101
513101,Dietetics,2017,491.0,51.3101
513101,Dietetics,2018,497.0,51.3101
513101,Dietetics,2019,516.0,51.3101
513101,Dietetics,2020,521.0,51.3101
513101,Dietetics,2021,669.0,51.3101
513101,Dietetics,2022,665.0,51.3101
513101,Dietetics,2023,846.0,51.3101
513101,Dietetics,2024,960.0,51.3101
513102,Clinical Nutritionist,2012,126.0,51.3102
513102,Clinical Nutritionist,2013,201.0,51.3102
513102,Clinical Nutritionist,2014,286.0,51.3102
513102,Clinical Nutritionist,2015,403.0,51.3102
513102,Clinical Nutritionist,2016,453.0,51.3102
513102,Clinical Nutritionist,2017,548.0,51.3102
513102,Clinical Nutritionist,2018,599.0,51.3102
513102,Clinical Nutritionist,2019,757.0,51.3102
513102,Clinical Nutritionist,2020,735.0,51.3102
513102,Clinical Nutritionist,2021,826.0,51.3102
513102,Clinical Nutritionist,2022,907.0,51.3102
513102,Clinical Nutritionist,2023,853.0,51.3102
513102,Clinical Nutritionist,2024,711.0,51.3102
513103,Dietetic Technician,2013,25.0,51.3103
513103,Dietetic Technician,2014,0.0,51.3103
513103,Dietetic Technician,2015,0.0,51.3103
513103,Dietetic Technician,2016,0.0,51.3103
513103,Dietetic Technician,2017,0.0,51.3103
513103,Dietetic Technician,2018,0.0,51.3103
513103,Dietetic Technician,2019,0.0,51.3103
513103,Dietetic Technician,2020,0.0,51.3103
513103,Dietetic Technician,2021,0.0,51.3103
513103,Dietetic Technician,2022,0.0,51.3103
513103,Dietetic Technician,2023,0.0,51.3103
513103,Dietetic Technician,2024,0.0,51.3103
513199,Others Dietetics & Clinical Nutrition Services,2012,21.0,51.3199
513199,Others Dietetics & Clinical Nutrition Services,2013,23.0,51.3199
513199,Others Dietetics & Clinical Nutrition Services,2014,89.0,51.3199
513199,Others Dietetics & Clinical Nutrition Services,2015,66.0,51.3199
513199,Others Dietetics & Clinical Nutrition Services,2016,88.0,51.3199
513199,Others Dietetics & Clinical Nutrition Services,2017,112.0,51.3199
513199,Others Dietetics & Clinical Nutrition Services,2018,135.0,51.3199
513199,Others Dietetics & Clinical Nutrition Services,2019,173.0,51.3199
513199,Others Dietetics & Clinical Nutrition Services,2020,213.0,51.3199
513199,Others Dietetics & Clinical Nutrition Services,2021,199.0,51.3199
513199,Others Dietetics & Clinical Nutrition Services,2022,221.0,51.3199
513199,Others Dietetics & Clinical Nutrition Services,2023,188.0,51.3199
513199,Others Dietetics & Clinical Nutrition Services,2024,229.0,51.3199
513201,Bioethics & Medical Ethics,2012,228.0,51.3201
513201,Bioethics & Medical Ethics,2013,247.0,51.3201
513201,Bioethics & Medical Ethics,2014,232.0,51.3201
513201,Bioethics & Medical Ethics,2015,244.0,51.3201
513201,Bioethics & Medical Ethics,2016,279.0,51.3201
513201,Bioethics & Medical Ethics,2017,322.0,51.3201
513201,Bioethics & Medical Ethics,2018,369.0,51.3201
513201,Bioethics & Medical Ethics,2019,398.0,51.3201
513201,Bioethics & Medical Ethics,2020,397.0,51.3201
513201,Bioethics & Medical Ethics,2021,401.0,51.3201
513201,Bioethics & Medical Ethics,2022,419.0,51.3201
513201,Bioethics & Medical Ethics,2023,443.0,51.3201
513201,Bioethics & Medical Ethics,2024,432.0,51.3201
513202,Health Professions Education,2020,0.0,51.3202
513202,Health Professions Education,2021,10.0,51.3202
513202,Health Professions Education,2022,14.0,51.3202
513202,Health Professions Education,2023,17.0,51.3202
513202,Health Professions Education,2024,30.0,51.3202
513203,Nursing Education,2020,2948.0,51.3203
513203,Nursing Education,2021,3649.0,51.3203
513203,Nursing Education,2022,3416.0,51.3203
513203,Nursing Education,2023,3411.0,51.3203
513203,Nursing Education,2024,3449.0,51.3203
513204,Medical/Health Humanities,2020,36.0,51.3204
513204,Medical/Health Humanities,2021,49.0,51.3204
513204,Medical/Health Humanities,2022,42.0,51.3204
513204,Medical/Health Humanities,2023,39.0,51.3204
513204,Medical/Health Humanities,2024,38.0,51.3204
513299,"Health Professions Education, Ethics, And Humanities, Other",2020,12.0,51.3299
513299,"Health Professions Education, Ethics, And Humanities, Other",2021,0.0,51.3299
513299,"Health Professions Education, Ethics, And Humanities, Other",2022,0.0,51.3299
513299,"Health Professions Education, Ethics, And Humanities, Other",2023,0.0,51.3299
513299,"Health Professions Education, Ethics, And Humanities, Other",2024,0.0,51.3299
513300,General Alternative & Complementary Medicine & Medical Systems,2012,13.0,51.33
513300,General Alternative & Complementary Medicine & Medical Systems,2013,36.0,51.33
513300,General Alternative & Complementary Medicine & Medical Systems,2014,22.0,51.33
513300,General Alternative & Complementary Medicine & Medical Systems,2015,20.0,51.33
513300,General Alternative & Complementary Medicine & Medical Systems,2016,57.0,51.33
513300,General Alternative & Complementary Medicine & Medical Systems,2017,4.0,51.33
513300,General Alternative & Complementary Medicine & Medical Systems,2018,12.0,51.33
513300,General Alternative & Complementary Medicine & Medical Systems,2019,17.0,51.33
513300,General Alternative & Complementary Medicine & Medical Systems,2020,35.0,51.33
513300,General Alternative & Complementary Medicine & Medical Systems,2021,27.0,51.33
513300,General Alternative & Complementary Medicine & Medical Systems,2022,32.0,51.33
513300,General Alternative & Complementary Medicine & Medical Systems,2023,40.0,51.33
513300,General Alternative & Complementary Medicine & Medical Systems,2024,34.0,51.33
513301,Acupuncture & Oriental Medicine,2012,1291.0,51.3301
513301,Acupuncture & Oriental Medicine,2013,1340.0,51.3301
513301,Acupuncture & Oriental Medicine,2014,1393.0,51.3301
513301,Acupuncture & Oriental Medicine,2015,1415.0,51.3301
513301,Acupuncture & Oriental Medicine,2016,1376.0,51.3301
513301,Acupuncture & Oriental Medicine,2017,1296.0,51.3301
513301,Acupuncture & Oriental Medicine,2018,1272.0,51.3301
513301,Acupuncture & Oriental Medicine,2019,1302.0,51.3301
513301,Acupuncture & Oriental Medicine,2020,1004.0,51.3301
513301,Acupuncture & Oriental Medicine,2021,1087.0,51.3301
513301,Acupuncture & Oriental Medicine,2022,1153.0,51.3301
513301,Acupuncture & Oriental Medicine,2023,1074.0,51.3301
513301,Acupuncture & Oriental Medicine,2024,878.0,51.3301
513302,Traditional Chinese Medicine & Chinese Herbology,2012,198.0,51.3302
513302,Traditional Chinese Medicine & Chinese Herbology,2013,241.0,51.3302
513302,Traditional Chinese Medicine & Chinese Herbology,2014,165.0,51.3302
513302,Traditional Chinese Medicine & Chinese Herbology,2015,192.0,51.3302
513302,Traditional Chinese Medicine & Chinese Herbology,2016,181.0,51.3302
513302,Traditional Chinese Medicine & Chinese Herbology,2017,166.0,51.3302
513302,Traditional Chinese Medicine & Chinese Herbology,2018,164.0,51.3302
513302,Traditional Chinese Medicine & Chinese Herbology,2019,135.0,51.3302
513302,Traditional Chinese Medicine & Chinese Herbology,2020,103.0,51.3302
513302,Traditional Chinese Medicine & Chinese Herbology,2021,97.0,51.3302
513302,Traditional Chinese Medicine & Chinese Herbology,2022,72.0,51.3302
513302,Traditional Chinese Medicine & Chinese Herbology,2023,75.0,51.3302
513302,Traditional Chinese Medicine & Chinese Herbology,2024,70.0,51.3302
513303,Naturopathic Medicine,2016,0.0,51.3303
513303,Naturopathic Medicine,2017,32.0,51.3303
513303,Naturopathic Medicine,2018,22.0,51.3303
513303,Naturopathic Medicine,2019,22.0,51.3303
513303,Naturopathic Medicine,2020,18.0,51.3303
513303,Naturopathic Medicine,2021,16.0,51.3303
513303,Naturopathic Medicine,2022,14.0,51.3303
513303,Naturopathic Medicine,2023,12.0,51.3303
513303,Naturopathic Medicine,2024,10.0,51.3303
513305,Ayurvedic Medicine,2013,0.0,51.3305
513305,Ayurvedic Medicine,2014,0.0,51.3305
513305,Ayurvedic Medicine,2015,1.0,51.3305
513305,Ayurvedic Medicine,2016,6.0,51.3305
513305,Ayurvedic Medicine,2017,8.0,51.3305
513305,Ayurvedic Medicine,2018,21.0,51.3305
513305,Ayurvedic Medicine,2019,12.0,51.3305
513305,Ayurvedic Medicine,2020,21.0,51.3305
513305,Ayurvedic Medicine,2021,37.0,51.3305
513305,Ayurvedic Medicine,2022,64.0,51.3305
513305,Ayurvedic Medicine,2023,59.0,51.3305
513305,Ayurvedic Medicine,2024,87.0,51.3305
513306,Holistic Health,2012,4.0,51.3306
513306,Holistic Health,2013,27.0,51.3306
513306,Holistic Health,2014,30.0,51.3306
513306,Holistic Health,2015,39.0,51.3306
513306,Holistic Health,2016,40.0,51.3306
513306,Holistic Health,2017,39.0,51.3306
513306,Holistic Health,2018,35.0,51.3306
513306,Holistic Health,2019,28.0,51.3306
513306,Holistic Health,2020,18.0,51.3306
513306,Holistic Health,2021,11.0,51.3306
513306,Holistic Health,2022,14.0,51.3306
513306,Holistic Health,2023,25.0,51.3306
513306,Holistic Health,2024,28.0,51.3306
513399,Other Alternative & Complimentary Medicine & Medical Systems,2012,20.0,51.3399
513399,Other Alternative & Complimentary Medicine & Medical Systems,2013,21.0,51.3399
513399,Other Alternative & Complimentary Medicine & Medical Systems,2014,18.0,51.3399
513399,Other Alternative & Complimentary Medicine & Medical Systems,2015,12.0,51.3399
513399,Other Alternative & Complimentary Medicine & Medical Systems,2016,17.0,51.3399
513399,Other Alternative & Complimentary Medicine & Medical Systems,2017,17.0,51.3399
513399,Other Alternative & Complimentary Medicine & Medical Systems,2018,29.0,51.3399
513399,Other Alternative & Complimentary Medicine & Medical Systems,2019,6.0,51.3399
513399,Other Alternative & Complimentary Medicine & Medical Systems,2020,12.0,51.3399
513399,Other Alternative & Complimentary Medicine & Medical Systems,2021,11.0,51.3399
513399,Other Alternative & Complimentary Medicine & Medical Systems,2022,10.0,51.3399
513399,Other Alternative & Complimentary Medicine & Medical Systems,2023,15.0,51.3399
513399,Other Alternative & Complimentary Medicine & Medical Systems,2024,5.0,51.3399
513401,Direct Entry Midwifery,2012,6.0,51.3401
513401,Direct Entry Midwifery,2013,8.0,51.3401
513401,Direct Entry Midwifery,2014,14.0,51.3401
513401,Direct Entry Midwifery,2015,13.0,51.3401
513401,Direct Entry Midwifery,2016,23.0,51.3401
513401,Direct Entry Midwifery,2017,23.0,51.3401
513401,Direct Entry Midwifery,2018,15.0,51.3401
513401,Direct Entry Midwifery,2019,18.0,51.3401
513401,Direct Entry Midwifery,2020,12.0,51.3401
513401,Direct Entry Midwifery,2021,15.0,51.3401
513401,Direct Entry Midwifery,2022,5.0,51.3401
513401,Direct Entry Midwifery,2023,14.0,51.3401
513401,Direct Entry Midwifery,2024,5.0,51.3401
513499,Other Alternative & Complimentary Medical Support Services,2013,0.0,51.3499
513499,Other Alternative & Complimentary Medical Support Services,2014,0.0,51.3499
513499,Other Alternative & Complimentary Medical Support Services,2015,0.0,51.3499
513499,Other Alternative & Complimentary Medical Support Services,2016,30.0,51.3499
513499,Other Alternative & Complimentary Medical Support Services,2017,40.0,51.3499
513499,Other Alternative & Complimentary Medical Support Services,2018,69.0,51.3499
513499,Other Alternative & Complimentary Medical Support Services,2019,67.0,51.3499
513499,Other Alternative & Complimentary Medical Support Services,2020,56.0,51.3499
513499,Other Alternative & Complimentary Medical Support Services,2021,53.0,51.3499
513499,Other Alternative & Complimentary Medical Support Services,2022,19.0,51.3499
513499,Other Alternative & Complimentary Medical Support Services,2023,25.0,51.3499
513499,Other Alternative & Complimentary Medical Support Services,2024,29.0,51.3499
513601,Movement Therapy & Movement Education,2012,16.0,51.3601
513601,Movement Therapy & Movement Education,2013,23.0,51.3601
513601,Movement Therapy & Movement Education,2014,22.0,51.3601
513601,Movement Therapy & Movement Education,2015,28.0,51.3601
513601,Movement Therapy & Movement Education,2016,29.0,51.3601
513601,Movement Therapy & Movement Education,2017,26.0,51.3601
513601,Movement Therapy & Movement Education,2018,28.0,51.3601
513601,Movement Therapy & Movement Education,2019,23.0,51.3601
513601,Movement Therapy & Movement Education,2020,19.0,51.3601
513601,Movement Therapy & Movement Education,2021,12.0,51.3601
513601,Movement Therapy & Movement Education,2022,11.0,51.3601
513601,Movement Therapy & Movement Education,2023,14.0,51.3601
513601,Movement Therapy & Movement Education,2024,16.0,51.3601
513602,Yoga Teacher Training,2014,0.0,51.3602
513602,Yoga Teacher Training,2015,9.0,51.3602
513602,Yoga Teacher Training,2016,51.0,51.3602
513602,Yoga Teacher Training,2017,27.0,51.3602
513602,Yoga Teacher Training,2018,24.0,51.3602
513602,Yoga Teacher Training,2019,32.0,51.3602
513602,Yoga Teacher Training,2020,26.0,51.3602
513602,Yoga Teacher Training,2021,30.0,51.3602
513602,Yoga Teacher Training,2022,27.0,51.3602
513602,Yoga Teacher Training,2023,42.0,51.3602
513602,Yoga Teacher Training,2024,35.0,51.3602
513701,Aromatherapy,2020,0.0,51.3701
513701,Aromatherapy,2021,0.0,51.3701
513701,Aromatherapy,2022,0.0,51.3701
513701,Aromatherapy,2023,15.0,51.3701
513701,Aromatherapy,2024,8.0,51.3701
513702,Herbalism,2012,22.0,51.3702
513702,Herbalism,2013,17.0,51.3702
513702,Herbalism,2014,16.0,51.3702
513702,Herbalism,2015,24.0,51.3702
513702,Herbalism,2016,16.0,51.3702
513702,Herbalism,2017,18.0,51.3702
513702,Herbalism,2018,9.0,51.3702
513702,Herbalism,2019,15.0,51.3702
513702,Herbalism,2020,20.0,51.3702
513702,Herbalism,2021,13.0,51.3702
513702,Herbalism,2022,30.0,51.3702
513702,Herbalism,2023,21.0,51.3702
513702,Herbalism,2024,28.0,51.3702
513801,Registered Nursing,2012,11703.0,51.3801
513801,Registered Nursing,2013,12998.0,51.3801
513801,Registered Nursing,2014,14158.0,51.3801
513801,Registered Nursing,2015,15349.0,51.3801
513801,Registered Nursing,2016,15215.0,51.3801
513801,Registered Nursing,2017,16070.0,51.3801
513801,Registered Nursing,2018,16692.0,51.3801
513801,Registered Nursing,2019,17491.0,51.3801
513801,Registered Nursing,2020,18126.0,51.3801
513801,Registered Nursing,2021,18773.0,51.3801
513801,Registered Nursing,2022,19942.0,51.3801
513801,Registered Nursing,2023,20308.0,51.3801
513801,Registered Nursing,2024,20091.0,51.3801
513802,Nursing Administration,2012,2391.0,51.3802
513802,Nursing Administration,2013,2881.0,51.3802
513802,Nursing Administration,2014,4566.0,51.3802
513802,Nursing Administration,2015,4871.0,51.3802
513802,Nursing Administration,2016,5263.0,51.3802
513802,Nursing Administration,2017,6390.0,51.3802
513802,Nursing Administration,2018,7167.0,51.3802
513802,Nursing Administration,2019,7493.0,51.3802
513802,Nursing Administration,2020,6780.0,51.3802
513802,Nursing Administration,2021,8411.0,51.3802
513802,Nursing Administration,2022,7308.0,51.3802
513802,Nursing Administration,2023,6525.0,51.3802
513802,Nursing Administration,2024,6133.0,51.3802
513803,Adult Health Nurse,2012,853.0,51.3803
513803,Adult Health Nurse,2013,1072.0,51.3803
513803,Adult Health Nurse,2014,1092.0,51.3803
513803,Adult Health Nurse,2015,1261.0,51.3803
513803,Adult Health Nurse,2016,1532.0,51.3803
513803,Adult Health Nurse,2017,1586.0,51.3803
513803,Adult Health Nurse,2018,1430.0,51.3803
513803,Adult Health Nurse,2019,1296.0,51.3803
513803,Adult Health Nurse,2020,1374.0,51.3803
513803,Adult Health Nurse,2021,1456.0,51.3803
513803,Adult Health Nurse,2022,1397.0,51.3803
513803,Adult Health Nurse,2023,1656.0,51.3803
513803,Adult Health Nurse,2024,1814.0,51.3803
513804,Nurse Anesthetist,2012,1731.0,51.3804
513804,Nurse Anesthetist,2013,1800.0,51.3804
513804,Nurse Anesthetist,2014,1705.0,51.3804
513804,Nurse Anesthetist,2015,1607.0,51.3804
513804,Nurse Anesthetist,2016,1603.0,51.3804
513804,Nurse Anesthetist,2017,1536.0,51.3804
513804,Nurse Anesthetist,2018,1379.0,51.3804
513804,Nurse Anesthetist,2019,1427.0,51.3804
513804,Nurse Anesthetist,2020,1015.0,51.3804
513804,Nurse Anesthetist,2021,878.0,51.3804
513804,Nurse Anesthetist,2022,657.0,51.3804
513804,Nurse Anesthetist,2023,522.0,51.3804
513804,Nurse Anesthetist,2024,362.0,51.3804
513805,Family Practice Nurse,2012,3665.0,51.3805
513805,Family Practice Nurse,2013,4494.0,51.3805
513805,Family Practice Nurse,2014,5462.0,51.3805
513805,Family Practice Nurse,2015,7072.0,51.3805
513805,Family Practice Nurse,2016,9655.0,51.3805
513805,Family Practice Nurse,2017,11033.0,51.3805
513805,Family Practice Nurse,2018,12871.0,51.3805
513805,Family Practice Nurse,2019,13773.0,51.3805
513805,Family Practice Nurse,2020,14915.0,51.3805
513805,Family Practice Nurse,2021,14286.0,51.3805
513805,Family Practice Nurse,2022,14527.0,51.3805
513805,Family Practice Nurse,2023,13197.0,51.3805
513805,Family Practice Nurse,2024,12710.0,51.3805
513806,Child Health & Neonatal Nurse,2012,215.0,51.3806
513806,Child Health & Neonatal Nurse,2013,226.0,51.3806
513806,Child Health & Neonatal Nurse,2014,241.0,51.3806
513806,Child Health & Neonatal Nurse,2015,249.0,51.3806
513806,Child Health & Neonatal Nurse,2016,230.0,51.3806
513806,Child Health & Neonatal Nurse,2017,216.0,51.3806
513806,Child Health & Neonatal Nurse,2018,188.0,51.3806
513806,Child Health & Neonatal Nurse,2019,184.0,51.3806
513806,Child Health & Neonatal Nurse,2020,140.0,51.3806
513806,Child Health & Neonatal Nurse,2021,146.0,51.3806
513806,Child Health & Neonatal Nurse,2022,151.0,51.3806
513806,Child Health & Neonatal Nurse,2023,105.0,51.3806
513806,Child Health & Neonatal Nurse,2024,125.0,51.3806
513807,Nurse Midwife,2012,216.0,51.3807
513807,Nurse Midwife,2013,301.0,51.3807
513807,Nurse Midwife,2014,328.0,51.3807
513807,Nurse Midwife,2015,303.0,51.3807
513807,Nurse Midwife,2016,341.0,51.3807
513807,Nurse Midwife,2017,399.0,51.3807
513807,Nurse Midwife,2018,438.0,51.3807
513807,Nurse Midwife,2019,451.0,51.3807
513807,Nurse Midwife,2020,455.0,51.3807
513807,Nurse Midwife,2021,438.0,51.3807
513807,Nurse Midwife,2022,479.0,51.3807
513807,Nurse Midwife,2023,464.0,51.3807
513807,Nurse Midwife,2024,481.0,51.3807
513808,Nursing School,2012,2007.0,51.3808
513808,Nursing School,2013,2069.0,51.3808
513808,Nursing School,2014,2200.0,51.3808
513808,Nursing School,2015,2127.0,51.3808
513808,Nursing School,2016,2103.0,51.3808
513808,Nursing School,2017,1845.0,51.3808
513808,Nursing School,2018,1649.0,51.3808
513808,Nursing School,2019,1652.0,51.3808
513808,Nursing School,2020,1583.0,51.3808
513808,Nursing School,2021,1421.0,51.3808
513808,Nursing School,2022,1417.0,51.3808
513808,Nursing School,2023,1279.0,51.3808
513808,Nursing School,2024,1095.0,51.3808
513809,Pediatric Nurse,2012,262.0,51.3809
513809,Pediatric Nurse,2013,283.0,51.3809
513809,Pediatric Nurse,2014,296.0,51.3809
513809,Pediatric Nurse,2015,327.0,51.3809
513809,Pediatric Nurse,2016,336.0,51.3809
513809,Pediatric Nurse,2017,389.0,51.3809
513809,Pediatric Nurse,2018,419.0,51.3809
513809,Pediatric Nurse,2019,454.0,51.3809
513809,Pediatric Nurse,2020,449.0,51.3809
513809,Pediatric Nurse,2021,455.0,51.3809
513809,Pediatric Nurse,2022,433.0,51.3809
513809,Pediatric Nurse,2023,415.0,51.3809
513809,Pediatric Nurse,2024,353.0,51.3809
513810,Psychiatric Nurse,2012,220.0,51.381
513810,Psychiatric Nurse,2013,292.0,51.381
513810,Psychiatric Nurse,2014,335.0,51.381
513810,Psychiatric Nurse,2015,252.0,51.381
513810,Psychiatric Nurse,2016,317.0,51.381
513810,Psychiatric Nurse,2017,344.0,51.381
513810,Psychiatric Nurse,2018,382.0,51.381
513810,Psychiatric Nurse,2019,563.0,51.381
513810,Psychiatric Nurse,2020,745.0,51.381
513810,Psychiatric Nurse,2021,907.0,51.381
513810,Psychiatric Nurse,2022,1108.0,51.381
513810,Psychiatric Nurse,2023,1323.0,51.381
513810,Psychiatric Nurse,2024,1779.0,51.381
513811,Public Health Nurse,2012,206.0,51.3811
513811,Public Health Nurse,2013,260.0,51.3811
513811,Public Health Nurse,2014,159.0,51.3811
513811,Public Health Nurse,2015,201.0,51.3811
513811,Public Health Nurse,2016,227.0,51.3811
513811,Public Health Nurse,2017,294.0,51.3811
513811,Public Health Nurse,2018,279.0,51.3811
513811,Public Health Nurse,2019,261.0,51.3811
513811,Public Health Nurse,2020,248.0,51.3811
513811,Public Health Nurse,2021,232.0,51.3811
513811,Public Health Nurse,2022,283.0,51.3811
513811,Public Health Nurse,2023,243.0,51.3811
513811,Public Health Nurse,2024,204.0,51.3811
513812,Perioperative & Surgical Nurse,2012,40.0,51.3812
513812,Perioperative & Surgical Nurse,2013,32.0,51.3812
513812,Perioperative & Surgical Nurse,2014,86.0,51.3812
513812,Perioperative & Surgical Nurse,2015,100.0,51.3812
513812,Perioperative & Surgical Nurse,2016,141.0,51.3812
513812,Perioperative & Surgical Nurse,2017,164.0,51.3812
513812,Perioperative & Surgical Nurse,2018,146.0,51.3812
513812,Perioperative & Surgical Nurse,2019,182.0,51.3812
513812,Perioperative & Surgical Nurse,2020,228.0,51.3812
513812,Perioperative & Surgical Nurse,2021,246.0,51.3812
513812,Perioperative & Surgical Nurse,2022,189.0,51.3812
513812,Perioperative & Surgical Nurse,2023,131.0,51.3812
513812,Perioperative & Surgical Nurse,2024,109.0,51.3812
513813,Clinical Nurse Specialist,2012,263.0,51.3813
513813,Clinical Nurse Specialist,2013,256.0,51.3813
513813,Clinical Nurse Specialist,2014,347.0,51.3813
513813,Clinical Nurse Specialist,2015,359.0,51.3813
513813,Clinical Nurse Specialist,2016,426.0,51.3813
513813,Clinical Nurse Specialist,2017,469.0,51.3813
513813,Clinical Nurse Specialist,2018,391.0,51.3813
513813,Clinical Nurse Specialist,2019,380.0,51.3813
513813,Clinical Nurse Specialist,2020,335.0,51.3813
513813,Clinical Nurse Specialist,2021,368.0,51.3813
513813,Clinical Nurse Specialist,2022,307.0,51.3813
513813,Clinical Nurse Specialist,2023,224.0,51.3813
513813,Clinical Nurse Specialist,2024,252.0,51.3813
513814,Critical Care Nursing,2012,145.0,51.3814
513814,Critical Care Nursing,2013,234.0,51.3814
513814,Critical Care Nursing,2014,251.0,51.3814
513814,Critical Care Nursing,2015,273.0,51.3814
513814,Critical Care Nursing,2016,282.0,51.3814
513814,Critical Care Nursing,2017,323.0,51.3814
513814,Critical Care Nursing,2018,435.0,51.3814
513814,Critical Care Nursing,2019,518.0,51.3814
513814,Critical Care Nursing,2020,468.0,51.3814
513814,Critical Care Nursing,2021,583.0,51.3814
513814,Critical Care Nursing,2022,557.0,51.3814
513814,Critical Care Nursing,2023,459.0,51.3814
513814,Critical Care Nursing,2024,431.0,51.3814
513815,Occupational & Environmental Health Nursing,2012,7.0,51.3815
513815,Occupational & Environmental Health Nursing,2013,33.0,51.3815
513815,Occupational & Environmental Health Nursing,2014,19.0,51.3815
513815,Occupational & Environmental Health Nursing,2015,27.0,51.3815
513815,Occupational & Environmental Health Nursing,2016,22.0,51.3815
513815,Occupational & Environmental Health Nursing,2017,46.0,51.3815
513815,Occupational & Environmental Health Nursing,2018,36.0,51.3815
513815,Occupational & Environmental Health Nursing,2019,31.0,51.3815
513815,Occupational & Environmental Health Nursing,2020,29.0,51.3815
513815,Occupational & Environmental Health Nursing,2021,29.0,51.3815
513815,Occupational & Environmental Health Nursing,2022,10.0,51.3815
513815,Occupational & Environmental Health Nursing,2023,19.0,51.3815
513815,Occupational & Environmental Health Nursing,2024,8.0,51.3815
513816,Emergency Room Nursing,2012,27.0,51.3816
513816,Emergency Room Nursing,2013,16.0,51.3816
513816,Emergency Room Nursing,2014,26.0,51.3816
513816,Emergency Room Nursing,2015,20.0,51.3816
513816,Emergency Room Nursing,2016,20.0,51.3816
513816,Emergency Room Nursing,2017,18.0,51.3816
513816,Emergency Room Nursing,2018,22.0,51.3816
513816,Emergency Room Nursing,2019,20.0,51.3816
513816,Emergency Room Nursing,2020,30.0,51.3816
513816,Emergency Room Nursing,2021,31.0,51.3816
513816,Emergency Room Nursing,2022,48.0,51.3816
513816,Emergency Room Nursing,2023,45.0,51.3816
513816,Emergency Room Nursing,2024,24.0,51.3816
513818,Nursing Practice,2012,323.0,51.3818
513818,Nursing Practice,2013,358.0,51.3818
513818,Nursing Practice,2014,236.0,51.3818
513818,Nursing Practice,2015,248.0,51.3818
513818,Nursing Practice,2016,285.0,51.3818
513818,Nursing Practice,2017,297.0,51.3818
513818,Nursing Practice,2018,308.0,51.3818
513818,Nursing Practice,2019,461.0,51.3818
513818,Nursing Practice,2020,748.0,51.3818
513818,Nursing Practice,2021,336.0,51.3818
513818,Nursing Practice,2022,362.0,51.3818
513818,Nursing Practice,2023,453.0,51.3818
513818,Nursing Practice,2024,527.0,51.3818
513819,Palliative Care Nursing,2012,12.0,51.3819
513819,Palliative Care Nursing,2013,15.0,51.3819
513819,Palliative Care Nursing,2014,9.0,51.3819
513819,Palliative Care Nursing,2015,4.0,51.3819
513819,Palliative Care Nursing,2016,7.0,51.3819
513819,Palliative Care Nursing,2017,4.0,51.3819
513819,Palliative Care Nursing,2018,5.0,51.3819
513819,Palliative Care Nursing,2019,6.0,51.3819
513819,Palliative Care Nursing,2020,0.0,51.3819
513819,Palliative Care Nursing,2021,0.0,51.3819
513819,Palliative Care Nursing,2022,0.0,51.3819
513819,Palliative Care Nursing,2023,0.0,51.3819
513819,Palliative Care Nursing,2024,0.0,51.3819
513820,Clinical Nurse Leader,2012,256.0,51.382
513820,Clinical Nurse Leader,2013,292.0,51.382
513820,Clinical Nurse Leader,2014,336.0,51.382
513820,Clinical Nurse Leader,2015,326.0,51.382
513820,Clinical Nurse Leader,2016,328.0,51.382
513820,Clinical Nurse Leader,2017,417.0,51.382
513820,Clinical Nurse Leader,2018,418.0,51.382
513820,Clinical Nurse Leader,2019,502.0,51.382
513820,Clinical Nurse Leader,2020,377.0,51.382
513820,Clinical Nurse Leader,2021,408.0,51.382
513820,Clinical Nurse Leader,2022,431.0,51.382
513820,Clinical Nurse Leader,2023,432.0,51.382
513820,Clinical Nurse Leader,2024,413.0,51.382
513821,Geriatric Nurse,2012,114.0,51.3821
513821,Geriatric Nurse,2013,180.0,51.3821
513821,Geriatric Nurse,2014,254.0,51.3821
513821,Geriatric Nurse,2015,303.0,51.3821
513821,Geriatric Nurse,2016,299.0,51.3821
513821,Geriatric Nurse,2017,378.0,51.3821
513821,Geriatric Nurse,2018,302.0,51.3821
513821,Geriatric Nurse,2019,410.0,51.3821
513821,Geriatric Nurse,2020,599.0,51.3821
513821,Geriatric Nurse,2021,454.0,51.3821
513821,Geriatric Nurse,2022,525.0,51.3821
513821,Geriatric Nurse,2023,443.0,51.3821
513821,Geriatric Nurse,2024,446.0,51.3821
513822,Women's Health Nurse,2012,153.0,51.3822
513822,Women's Health Nurse,2013,146.0,51.3822
513822,Women's Health Nurse,2014,164.0,51.3822
513822,Women's Health Nurse,2015,206.0,51.3822
513822,Women's Health Nurse,2016,162.0,51.3822
513822,Women's Health Nurse,2017,222.0,51.3822
513822,Women's Health Nurse,2018,184.0,51.3822
513822,Women's Health Nurse,2019,194.0,51.3822
513822,Women's Health Nurse,2020,229.0,51.3822
513822,Women's Health Nurse,2021,240.0,51.3822
513822,Women's Health Nurse,2022,252.0,51.3822
513822,Women's Health Nurse,2023,264.0,51.3822
513822,Women's Health Nurse,2024,300.0,51.3822
513824,Forensic Nursing,2020,6.0,51.3824
513824,Forensic Nursing,2021,12.0,51.3824
513824,Forensic Nursing,2022,23.0,51.3824
513824,Forensic Nursing,2023,17.0,51.3824
513824,Forensic Nursing,2024,19.0,51.3824
513899,"Other Registered Nursing, Nursing Administration, Nursing Research, & Clinical Nursing",2012,1159.0,51.3899
513899,"Other Registered Nursing, Nursing Administration, Nursing Research, & Clinical Nursing",2013,966.0,51.3899
513899,"Other Registered Nursing, Nursing Administration, Nursing Research, & Clinical Nursing",2014,1175.0,51.3899
513899,"Other Registered Nursing, Nursing Administration, Nursing Research, & Clinical Nursing",2015,1386.0,51.3899
513899,"Other Registered Nursing, Nursing Administration, Nursing Research, & Clinical Nursing",2016,1442.0,51.3899
513899,"Other Registered Nursing, Nursing Administration, Nursing Research, & Clinical Nursing",2017,1438.0,51.3899
513899,"Other Registered Nursing, Nursing Administration, Nursing Research, & Clinical Nursing",2018,1512.0,51.3899
513899,"Other Registered Nursing, Nursing Administration, Nursing Research, & Clinical Nursing",2019,1922.0,51.3899
513899,"Other Registered Nursing, Nursing Administration, Nursing Research, & Clinical Nursing",2020,1543.0,51.3899
513899,"Other Registered Nursing, Nursing Administration, Nursing Research, & Clinical Nursing",2021,1498.0,51.3899
513899,"Other Registered Nursing, Nursing Administration, Nursing Research, & Clinical Nursing",2022,1319.0,51.3899
513899,"Other Registered Nursing, Nursing Administration, Nursing Research, & Clinical Nursing",2023,1331.0,51.3899
513899,"Other Registered Nursing, Nursing Administration, Nursing Research, & Clinical Nursing",2024,1213.0,51.3899
513901,Licensed Practical & Vocational Nurse Training,2013,0.0,51.3901
513999,"Other Practical Nursing, Vocational Nursing, & Nursing Assistants",2012,47.0,51.3999
513999,"Other Practical Nursing, Vocational Nursing, & Nursing Assistants",2013,41.0,51.3999
513999,"Other Practical Nursing, Vocational Nursing, & Nursing Assistants",2014,23.0,51.3999
513999,"Other Practical Nursing, Vocational Nursing, & Nursing Assistants",2015,10.0,51.3999
513999,"Other Practical Nursing, Vocational Nursing, & Nursing Assistants",2016,0.0,51.3999
513999,"Other Practical Nursing, Vocational Nursing, & Nursing Assistants",2017,0.0,51.3999
513999,"Other Practical Nursing, Vocational Nursing, & Nursing Assistants",2018,0.0,51.3999
513999,"Other Practical Nursing, Vocational Nursing, & Nursing Assistants",2019,0.0,51.3999
513999,"Other Practical Nursing, Vocational Nursing, & Nursing Assistants",2020,0.0,51.3999
513999,"Other Practical Nursing, Vocational Nursing, & Nursing Assistants",2021,0.0,51.3999
513999,"Other Practical Nursing, Vocational Nursing, & Nursing Assistants",2022,0.0,51.3999
519999,Other Health Professions & Related Clinical Sciences,2012,728.0,51.9999
519999,Other Health Professions & Related Clinical Sciences,2013,835.0,51.9999
519999,Other Health Professions & Related Clinical Sciences,2014,740.0,51.9999
519999,Other Health Professions & Related Clinical Sciences,2015,789.0,51.9999
519999,Other Health Professions & Related Clinical Sciences,2016,821.0,51.9999
519999,Other Health Professions & Related Clinical Sciences,2017,850.0,51.9999
519999,Other Health Professions & Related Clinical Sciences,2018,944.0,51.9999
519999,Other Health Professions & Related Clinical Sciences,2019,1049.0,51.9999
519999,Other Health Professions & Related Clinical Sciences,2020,1043.0,51.9999
519999,Other Health Professions & Related Clinical Sciences,2021,989.0,51.9999
519999,Other Health Professions & Related Clinical Sciences,2022,994.0,51.9999
519999,Other Health Professions & Related Clinical Sciences,2023,943.0,51.9999
519999,Other Health Professions & Related Clinical Sciences,2024,954.0,51.9999
520101,General Business,2012,11672.0,52.0101
520101,General Business,2013,11175.0,52.0101
520101,General Business,2014,10444.0,52.0101
520101,General Business,2015,9205.0,52.0101
520101,General Business,2016,8892.0,52.0101
520101,General Business,2017,8816.0,52.0101
520101,General Business,2018,9617.0,52.0101
520101,General Business,2019,9486.0,52.0101
520101,General Business,2020,8782.0,52.0101
520101,General Business,2021,8488.0,52.0101
520101,General Business,2022,9320.0,52.0101
520101,General Business,2023,9096.0,52.0101
520101,General Business,2024,8023.0,52.0101
520201,General Business Administration & Management,2012,101611.0,52.0201
520201,General Business Administration & Management,2013,103473.0,52.0201
520201,General Business Administration & Management,2014,108942.0,52.0201
520201,General Business Administration & Management,2015,106889.0,52.0201
520201,General Business Administration & Management,2016,107212.0,52.0201
520201,General Business Administration & Management,2017,105886.0,52.0201
520201,General Business Administration & Management,2018,107831.0,52.0201
520201,General Business Administration & Management,2019,110756.0,52.0201
520201,General Business Administration & Management,2020,104189.0,52.0201
520201,General Business Administration & Management,2021,105796.0,52.0201
520201,General Business Administration & Management,2022,106562.0,52.0201
520201,General Business Administration & Management,2023,105058.0,52.0201
520201,General Business Administration & Management,2024,97150.0,52.0201
520202,"Purchasing, Procurement, Acquisitions, & Contracts Management",2012,548.0,52.0202
520202,"Purchasing, Procurement, Acquisitions, & Contracts Management",2013,587.0,52.0202
520202,"Purchasing, Procurement, Acquisitions, & Contracts Management",2014,582.0,52.0202
520202,"Purchasing, Procurement, Acquisitions, & Contracts Management",2015,529.0,52.0202
520202,"Purchasing, Procurement, Acquisitions, & Contracts Management",2016,459.0,52.0202
520202,"Purchasing, Procurement, Acquisitions, & Contracts Management",2017,401.0,52.0202
520202,"Purchasing, Procurement, Acquisitions, & Contracts Management",2018,426.0,52.0202
520202,"Purchasing, Procurement, Acquisitions, & Contracts Management",2019,376.0,52.0202
520202,"Purchasing, Procurement, Acquisitions, & Contracts Management",2020,286.0,52.0202
520202,"Purchasing, Procurement, Acquisitions, & Contracts Management",2021,326.0,52.0202
520202,"Purchasing, Procurement, Acquisitions, & Contracts Management",2022,231.0,52.0202
520202,"Purchasing, Procurement, Acquisitions, & Contracts Management",2023,255.0,52.0202
520202,"Purchasing, Procurement, Acquisitions, & Contracts Management",2024,296.0,52.0202
520203,"Logistics, Materials, & Supply Chain Management",2012,603.0,52.0203
520203,"Logistics, Materials, & Supply Chain Management",2013,706.0,52.0203
520203,"Logistics, Materials, & Supply Chain Management",2014,828.0,52.0203
520203,"Logistics, Materials, & Supply Chain Management",2015,824.0,52.0203
520203,"Logistics, Materials, & Supply Chain Management",2016,841.0,52.0203
520203,"Logistics, Materials, & Supply Chain Management",2017,897.0,52.0203
520203,"Logistics, Materials, & Supply Chain Management",2018,1002.0,52.0203
520203,"Logistics, Materials, & Supply Chain Management",2019,972.0,52.0203
520203,"Logistics, Materials, & Supply Chain Management",2020,1086.0,52.0203
520203,"Logistics, Materials, & Supply Chain Management",2021,1183.0,52.0203
520203,"Logistics, Materials, & Supply Chain Management",2022,1206.0,52.0203
520203,"Logistics, Materials, & Supply Chain Management",2023,1226.0,52.0203
520203,"Logistics, Materials, & Supply Chain Management",2024,1223.0,52.0203
520204,Office Management & Supervision,2012,375.0,52.0204
520204,Office Management & Supervision,2013,217.0,52.0204
520204,Office Management & Supervision,2014,2.0,52.0204
520204,Office Management & Supervision,2015,2.0,52.0204
520204,Office Management & Supervision,2016,53.0,52.0204
520204,Office Management & Supervision,2017,60.0,52.0204
520204,Office Management & Supervision,2018,75.0,52.0204
520204,Office Management & Supervision,2019,84.0,52.0204
520204,Office Management & Supervision,2020,60.0,52.0204
520204,Office Management & Supervision,2021,84.0,52.0204
520204,Office Management & Supervision,2022,58.0,52.0204
520204,Office Management & Supervision,2023,54.0,52.0204
520204,Office Management & Supervision,2024,60.0,52.0204
520205,Operations Management & Supervision,2012,939.0,52.0205
520205,Operations Management & Supervision,2013,813.0,52.0205
520205,Operations Management & Supervision,2014,900.0,52.0205
520205,Operations Management & Supervision,2015,920.0,52.0205
520205,Operations Management & Supervision,2016,896.0,52.0205
520205,Operations Management & Supervision,2017,711.0,52.0205
520205,Operations Management & Supervision,2018,643.0,52.0205
520205,Operations Management & Supervision,2019,514.0,52.0205
520205,Operations Management & Supervision,2020,388.0,52.0205
520205,Operations Management & Supervision,2021,523.0,52.0205
520205,Operations Management & Supervision,2022,364.0,52.0205
520205,Operations Management & Supervision,2023,392.0,52.0205
520205,Operations Management & Supervision,2024,608.0,52.0205
520206,"Non-Profit, Public, & Organizational Management",2012,1540.0,52.0206
520206,"Non-Profit, Public, & Organizational Management",2013,1888.0,52.0206
520206,"Non-Profit, Public, & Organizational Management",2014,1815.0,52.0206
520206,"Non-Profit, Public, & Organizational Management",2015,1636.0,52.0206
520206,"Non-Profit, Public, & Organizational Management",2016,1747.0,52.0206
520206,"Non-Profit, Public, & Organizational Management",2017,1777.0,52.0206
520206,"Non-Profit, Public, & Organizational Management",2018,1862.0,52.0206
520206,"Non-Profit, Public, & Organizational Management",2019,1937.0,52.0206
520206,"Non-Profit, Public, & Organizational Management",2020,1902.0,52.0206
520206,"Non-Profit, Public, & Organizational Management",2021,1779.0,52.0206
520206,"Non-Profit, Public, & Organizational Management",2022,1604.0,52.0206
520206,"Non-Profit, Public, & Organizational Management",2023,1406.0,52.0206
520206,"Non-Profit, Public, & Organizational Management",2024,1297.0,52.0206
520207,Customer Service Management,2012,2.0,52.0207
520207,Customer Service Management,2013,2.0,52.0207
520207,Customer Service Management,2014,1.0,52.0207
520207,Customer Service Management,2015,5.0,52.0207
520207,Customer Service Management,2016,5.0,52.0207
520207,Customer Service Management,2017,9.0,52.0207
520207,Customer Service Management,2018,2.0,52.0207
520207,Customer Service Management,2019,2.0,52.0207
520207,Customer Service Management,2020,2.0,52.0207
520207,Customer Service Management,2021,0.0,52.0207
520207,Customer Service Management,2022,0.0,52.0207
520207,Customer Service Management,2023,0.0,52.0207
520207,Customer Service Management,2024,18.0,52.0207
520208,E-Commerce,2012,213.0,52.0208
520208,E-Commerce,2013,146.0,52.0208
520208,E-Commerce,2014,190.0,52.0208
520208,E-Commerce,2015,158.0,52.0208
520208,E-Commerce,2016,135.0,52.0208
520208,E-Commerce,2017,67.0,52.0208
520208,E-Commerce,2018,51.0,52.0208
520208,E-Commerce,2019,31.0,52.0208
520208,E-Commerce,2020,22.0,52.0208
520208,E-Commerce,2021,21.0,52.0208
520208,E-Commerce,2022,80.0,52.0208
520208,E-Commerce,2023,70.0,52.0208
520208,E-Commerce,2024,58.0,52.0208
520209,Transportation Management,2012,46.0,52.0209
520209,Transportation Management,2013,111.0,52.0209
520209,Transportation Management,2014,121.0,52.0209
520209,Transportation Management,2015,124.0,52.0209
520209,Transportation Management,2016,120.0,52.0209
520209,Transportation Management,2017,149.0,52.0209
520209,Transportation Management,2018,147.0,52.0209
520209,Transportation Management,2019,130.0,52.0209
520209,Transportation Management,2020,119.0,52.0209
520209,Transportation Management,2021,116.0,52.0209
520209,Transportation Management,2022,129.0,52.0209
520209,Transportation Management,2023,136.0,52.0209
520209,Transportation Management,2024,101.0,52.0209
520210,Research & Development Management,2012,26.0,52.021
520210,Research & Development Management,2013,33.0,52.021
520210,Research & Development Management,2014,47.0,52.021
520210,Research & Development Management,2015,49.0,52.021
520210,Research & Development Management,2016,151.0,52.021
520210,Research & Development Management,2017,189.0,52.021
520210,Research & Development Management,2018,164.0,52.021
520210,Research & Development Management,2019,159.0,52.021
520210,Research & Development Management,2020,162.0,52.021
520210,Research & Development Management,2021,187.0,52.021
520210,Research & Development Management,2022,214.0,52.021
520210,Research & Development Management,2023,225.0,52.021
520210,Research & Development Management,2024,210.0,52.021
520211,Project Management,2012,634.0,52.0211
520211,Project Management,2013,710.0,52.0211
520211,Project Management,2014,1221.0,52.0211
520211,Project Management,2015,1071.0,52.0211
520211,Project Management,2016,1225.0,52.0211
520211,Project Management,2017,1025.0,52.0211
520211,Project Management,2018,1249.0,52.0211
520211,Project Management,2019,1231.0,52.0211
520211,Project Management,2020,1360.0,52.0211
520211,Project Management,2021,1583.0,52.0211
520211,Project Management,2022,1491.0,52.0211
520211,Project Management,2023,1470.0,52.0211
520211,Project Management,2024,1405.0,52.0211
520212,Retail Management,2014,10.0,52.0212
520212,Retail Management,2015,51.0,52.0212
520212,Retail Management,2016,62.0,52.0212
520212,Retail Management,2017,68.0,52.0212
520212,Retail Management,2018,97.0,52.0212
520212,Retail Management,2019,101.0,52.0212
520212,Retail Management,2020,96.0,52.0212
520212,Retail Management,2021,104.0,52.0212
520212,Retail Management,2022,96.0,52.0212
520212,Retail Management,2023,72.0,52.0212
520212,Retail Management,2024,81.0,52.0212
520213,Organizational Leadership,2012,1645.0,52.0213
520213,Organizational Leadership,2013,2071.0,52.0213
520213,Organizational Leadership,2014,2902.0,52.0213
520213,Organizational Leadership,2015,3552.0,52.0213
520213,Organizational Leadership,2016,4270.0,52.0213
520213,Organizational Leadership,2017,5257.0,52.0213
520213,Organizational Leadership,2018,5740.0,52.0213
520213,Organizational Leadership,2019,6280.0,52.0213
520213,Organizational Leadership,2020,6433.0,52.0213
520213,Organizational Leadership,2021,7089.0,52.0213
520213,Organizational Leadership,2022,6873.0,52.0213
520213,Organizational Leadership,2023,6786.0,52.0213
520213,Organizational Leadership,2024,6770.0,52.0213
520215,Risk Management,2023,0.0,52.0215
520215,Risk Management,2024,3.0,52.0215
520216,Science/Technology Management,2020,93.0,52.0216
520216,Science/Technology Management,2021,185.0,52.0216
520216,Science/Technology Management,2022,143.0,52.0216
520216,Science/Technology Management,2023,102.0,52.0216
520216,Science/Technology Management,2024,97.0,52.0216
520299,"Other Business Administration, Management, & Operations",2012,4948.0,52.0299
520299,"Other Business Administration, Management, & Operations",2013,5420.0,52.0299
520299,"Other Business Administration, Management, & Operations",2014,6057.0,52.0299
520299,"Other Business Administration, Management, & Operations",2015,5523.0,52.0299
520299,"Other Business Administration, Management, & Operations",2016,5645.0,52.0299
520299,"Other Business Administration, Management, & Operations",2017,5808.0,52.0299
520299,"Other Business Administration, Management, & Operations",2018,5837.0,52.0299
520299,"Other Business Administration, Management, & Operations",2019,5615.0,52.0299
520299,"Other Business Administration, Management, & Operations",2020,5132.0,52.0299
520299,"Other Business Administration, Management, & Operations",2021,3867.0,52.0299
520299,"Other Business Administration, Management, & Operations",2022,3866.0,52.0299
520299,"Other Business Administration, Management, & Operations",2023,3620.0,52.0299
520299,"Other Business Administration, Management, & Operations",2024,3392.0,52.0299
520301,Accounting,2012,15560.0,52.0301
520301,Accounting,2013,16739.0,52.0301
520301,Accounting,2014,18506.0,52.0301
520301,Accounting,2015,19456.0,52.0301
520301,Accounting,2016,19894.0,52.0301
520301,Accounting,2017,19706.0,52.0301
520301,Accounting,2018,19871.0,52.0301
520301,Accounting,2019,19244.0,52.0301
520301,Accounting,2020,17582.0,52.0301
520301,Accounting,2021,16746.0,52.0301
520301,Accounting,2022,15668.0,52.0301
520301,Accounting,2023,14622.0,52.0301
520301,Accounting,2024,12504.0,52.0301
520302,Accounting Technology & Bookkeeping,2012,0.0,52.0302
520302,Accounting Technology & Bookkeeping,2020,1.0,52.0302
520303,Auditing,2012,30.0,52.0303
520303,Auditing,2013,135.0,52.0303
520303,Auditing,2014,66.0,52.0303
520303,Auditing,2015,78.0,52.0303
520303,Auditing,2016,87.0,52.0303
520303,Auditing,2017,78.0,52.0303
520303,Auditing,2018,126.0,52.0303
520303,Auditing,2019,114.0,52.0303
520303,Auditing,2020,101.0,52.0303
520303,Auditing,2021,78.0,52.0303
520303,Auditing,2022,76.0,52.0303
520303,Auditing,2023,59.0,52.0303
520303,Auditing,2024,54.0,52.0303
520304,Accounting & Finance,2012,493.0,52.0304
520304,Accounting & Finance,2013,1533.0,52.0304
520304,Accounting & Finance,2014,1259.0,52.0304
520304,Accounting & Finance,2015,1054.0,52.0304
520304,Accounting & Finance,2016,930.0,52.0304
520304,Accounting & Finance,2017,948.0,52.0304
520304,Accounting & Finance,2018,870.0,52.0304
520304,Accounting & Finance,2019,779.0,52.0304
520304,Accounting & Finance,2020,729.0,52.0304
520304,Accounting & Finance,2021,696.0,52.0304
520304,Accounting & Finance,2022,717.0,52.0304
520304,Accounting & Finance,2023,600.0,52.0304
520304,Accounting & Finance,2024,541.0,52.0304
520305,Accounting & Business Management,2012,299.0,52.0305
520305,Accounting & Business Management,2013,264.0,52.0305
520305,Accounting & Business Management,2014,291.0,52.0305
520305,Accounting & Business Management,2015,242.0,52.0305
520305,Accounting & Business Management,2016,361.0,52.0305
520305,Accounting & Business Management,2017,440.0,52.0305
520305,Accounting & Business Management,2018,407.0,52.0305
520305,Accounting & Business Management,2019,447.0,52.0305
520305,Accounting & Business Management,2020,388.0,52.0305
520305,Accounting & Business Management,2021,367.0,52.0305
520305,Accounting & Business Management,2022,415.0,52.0305
520305,Accounting & Business Management,2023,357.0,52.0305
520305,Accounting & Business Management,2024,289.0,52.0305
520399,Other Accounting & Related Services,2012,357.0,52.0399
520399,Other Accounting & Related Services,2013,217.0,52.0399
520399,Other Accounting & Related Services,2014,266.0,52.0399
520399,Other Accounting & Related Services,2015,255.0,52.0399
520399,Other Accounting & Related Services,2016,240.0,52.0399
520399,Other Accounting & Related Services,2017,179.0,52.0399
520399,Other Accounting & Related Services,2018,208.0,52.0399
520399,Other Accounting & Related Services,2019,186.0,52.0399
520399,Other Accounting & Related Services,2020,226.0,52.0399
520399,Other Accounting & Related Services,2021,300.0,52.0399
520399,Other Accounting & Related Services,2022,279.0,52.0399
520399,Other Accounting & Related Services,2023,250.0,52.0399
520399,Other Accounting & Related Services,2024,97.0,52.0399
520401,General Administrative Assistant & Secretarial Science,2012,0.0,52.0401
520401,General Administrative Assistant & Secretarial Science,2013,0.0,52.0401
520401,General Administrative Assistant & Secretarial Science,2014,0.0,52.0401
520401,General Administrative Assistant & Secretarial Science,2015,0.0,52.0401
520401,General Administrative Assistant & Secretarial Science,2018,1.0,52.0401
520402,Executive Assistant,2016,1.0,52.0402
520407,"Business, Office Automation, Technology, & Data Entry",2016,4.0,52.0407
520409,"Parts, Warehousing, & Inventory Management Operations",2012,5.0,52.0409
520409,"Parts, Warehousing, & Inventory Management Operations",2013,6.0,52.0409
520499,Other Business Operations Support & Secretarial Services,2012,71.0,52.0499
520499,Other Business Operations Support & Secretarial Services,2013,53.0,52.0499
520499,Other Business Operations Support & Secretarial Services,2014,49.0,52.0499
520499,Other Business Operations Support & Secretarial Services,2015,34.0,52.0499
520499,Other Business Operations Support & Secretarial Services,2016,0.0,52.0499
520499,Other Business Operations Support & Secretarial Services,2017,15.0,52.0499
520499,Other Business Operations Support & Secretarial Services,2018,0.0,52.0499
520499,Other Business Operations Support & Secretarial Services,2019,0.0,52.0499
520501,Business & Corporate Communications,2012,170.0,52.0501
520501,Business & Corporate Communications,2013,134.0,52.0501
520501,Business & Corporate Communications,2014,123.0,52.0501
520501,Business & Corporate Communications,2015,86.0,52.0501
520501,Business & Corporate Communications,2016,101.0,52.0501
520501,Business & Corporate Communications,2017,85.0,52.0501
520501,Business & Corporate Communications,2018,72.0,52.0501
520501,Business & Corporate Communications,2019,72.0,52.0501
520501,Business & Corporate Communications,2020,43.0,52.0501
520501,Business & Corporate Communications,2021,59.0,52.0501
520501,Business & Corporate Communications,2022,52.0,52.0501
520501,Business & Corporate Communications,2023,92.0,52.0501
520501,Business & Corporate Communications,2024,90.0,52.0501
520599,"Business/Corporate Communications, Other",2021,0.0,52.0599
520599,"Business/Corporate Communications, Other",2022,0.0,52.0599
520599,"Business/Corporate Communications, Other",2023,3.0,52.0599
520599,"Business/Corporate Communications, Other",2024,12.0,52.0599
520601,Business & Managerial Economics,2012,399.0,52.0601
520601,Business & Managerial Economics,2013,399.0,52.0601
520601,Business & Managerial Economics,2014,323.0,52.0601
520601,Business & Managerial Economics,2015,326.0,52.0601
520601,Business & Managerial Economics,2016,306.0,52.0601
520601,Business & Managerial Economics,2017,315.0,52.0601
520601,Business & Managerial Economics,2018,253.0,52.0601
520601,Business & Managerial Economics,2019,214.0,52.0601
520601,Business & Managerial Economics,2020,172.0,52.0601
520601,Business & Managerial Economics,2021,105.0,52.0601
520601,Business & Managerial Economics,2022,71.0,52.0601
520601,Business & Managerial Economics,2023,56.0,52.0601
520601,Business & Managerial Economics,2024,37.0,52.0601
520701,Entrepreneurial Studies,2012,830.0,52.0701
520701,Entrepreneurial Studies,2013,857.0,52.0701
520701,Entrepreneurial Studies,2014,817.0,52.0701
520701,Entrepreneurial Studies,2015,847.0,52.0701
520701,Entrepreneurial Studies,2016,946.0,52.0701
520701,Entrepreneurial Studies,2017,782.0,52.0701
520701,Entrepreneurial Studies,2018,783.0,52.0701
520701,Entrepreneurial Studies,2019,929.0,52.0701
520701,Entrepreneurial Studies,2020,935.0,52.0701
520701,Entrepreneurial Studies,2021,869.0,52.0701
520701,Entrepreneurial Studies,2022,896.0,52.0701
520701,Entrepreneurial Studies,2023,1015.0,52.0701
520701,Entrepreneurial Studies,2024,1031.0,52.0701
520703,Small Business Administration & Management,2012,21.0,52.0703
520703,Small Business Administration & Management,2013,20.0,52.0703
520703,Small Business Administration & Management,2014,20.0,52.0703
520703,Small Business Administration & Management,2015,20.0,52.0703
520703,Small Business Administration & Management,2016,17.0,52.0703
520703,Small Business Administration & Management,2017,27.0,52.0703
520703,Small Business Administration & Management,2018,9.0,52.0703
520703,Small Business Administration & Management,2019,16.0,52.0703
520703,Small Business Administration & Management,2020,5.0,52.0703
520703,Small Business Administration & Management,2021,5.0,52.0703
520703,Small Business Administration & Management,2022,2.0,52.0703
520703,Small Business Administration & Management,2023,0.0,52.0703
520703,Small Business Administration & Management,2024,0.0,52.0703
520704,Social Entrepreneurship,2020,0.0,52.0704
520704,Social Entrepreneurship,2021,4.0,52.0704
520704,Social Entrepreneurship,2022,7.0,52.0704
520704,Social Entrepreneurship,2023,6.0,52.0704
520704,Social Entrepreneurship,2024,3.0,52.0704
520799,Other Small Business & Entrepreneurial Operations,2012,54.0,52.0799
520799,Other Small Business & Entrepreneurial Operations,2013,36.0,52.0799
520799,Other Small Business & Entrepreneurial Operations,2014,13.0,52.0799
520799,Other Small Business & Entrepreneurial Operations,2015,42.0,52.0799
520799,Other Small Business & Entrepreneurial Operations,2016,71.0,52.0799
520799,Other Small Business & Entrepreneurial Operations,2017,94.0,52.0799
520799,Other Small Business & Entrepreneurial Operations,2018,92.0,52.0799
520799,Other Small Business & Entrepreneurial Operations,2019,226.0,52.0799
520799,Other Small Business & Entrepreneurial Operations,2020,224.0,52.0799
520799,Other Small Business & Entrepreneurial Operations,2021,204.0,52.0799
520799,Other Small Business & Entrepreneurial Operations,2022,166.0,52.0799
520799,Other Small Business & Entrepreneurial Operations,2023,107.0,52.0799
520799,Other Small Business & Entrepreneurial Operations,2024,103.0,52.0799
520801,General Finance,2012,6273.0,52.0801
520801,General Finance,2013,6697.0,52.0801
520801,General Finance,2014,7139.0,52.0801
520801,General Finance,2015,7244.0,52.0801
520801,General Finance,2016,7235.0,52.0801
520801,General Finance,2017,6602.0,52.0801
520801,General Finance,2018,5912.0,52.0801
520801,General Finance,2019,5163.0,52.0801
520801,General Finance,2020,4977.0,52.0801
520801,General Finance,2021,4166.0,52.0801
520801,General Finance,2022,4292.0,52.0801
520801,General Finance,2023,3796.0,52.0801
520801,General Finance,2024,3153.0,52.0801
520803,Banking & Financial Support Services,2012,126.0,52.0803
520803,Banking & Financial Support Services,2013,102.0,52.0803
520803,Banking & Financial Support Services,2014,49.0,52.0803
520803,Banking & Financial Support Services,2015,45.0,52.0803
520803,Banking & Financial Support Services,2016,42.0,52.0803
520803,Banking & Financial Support Services,2017,63.0,52.0803
520803,Banking & Financial Support Services,2018,34.0,52.0803
520803,Banking & Financial Support Services,2019,19.0,52.0803
520803,Banking & Financial Support Services,2020,13.0,52.0803
520803,Banking & Financial Support Services,2021,5.0,52.0803
520803,Banking & Financial Support Services,2022,9.0,52.0803
520803,Banking & Financial Support Services,2023,8.0,52.0803
520803,Banking & Financial Support Services,2024,14.0,52.0803
520804,Financial Planning & Services,2012,286.0,52.0804
520804,Financial Planning & Services,2013,302.0,52.0804
520804,Financial Planning & Services,2014,345.0,52.0804
520804,Financial Planning & Services,2015,312.0,52.0804
520804,Financial Planning & Services,2016,306.0,52.0804
520804,Financial Planning & Services,2017,283.0,52.0804
520804,Financial Planning & Services,2018,267.0,52.0804
520804,Financial Planning & Services,2019,202.0,52.0804
520804,Financial Planning & Services,2020,187.0,52.0804
520804,Financial Planning & Services,2021,179.0,52.0804
520804,Financial Planning & Services,2022,198.0,52.0804
520804,Financial Planning & Services,2023,183.0,52.0804
520804,Financial Planning & Services,2024,234.0,52.0804
520806,International Finance,2012,34.0,52.0806
520806,International Finance,2013,31.0,52.0806
520806,International Finance,2014,40.0,52.0806
520806,International Finance,2015,48.0,52.0806
520806,International Finance,2016,34.0,52.0806
520806,International Finance,2017,39.0,52.0806
520806,International Finance,2018,30.0,52.0806
520806,International Finance,2019,13.0,52.0806
520806,International Finance,2020,19.0,52.0806
520806,International Finance,2021,21.0,52.0806
520806,International Finance,2022,23.0,52.0806
520806,International Finance,2023,10.0,52.0806
520806,International Finance,2024,2.0,52.0806
520807,Investments & Securities,2012,194.0,52.0807
520807,Investments & Securities,2013,254.0,52.0807
520807,Investments & Securities,2014,224.0,52.0807
520807,Investments & Securities,2015,195.0,52.0807
520807,Investments & Securities,2016,202.0,52.0807
520807,Investments & Securities,2017,152.0,52.0807
520807,Investments & Securities,2018,150.0,52.0807
520807,Investments & Securities,2019,58.0,52.0807
520807,Investments & Securities,2020,53.0,52.0807
520807,Investments & Securities,2021,47.0,52.0807
520807,Investments & Securities,2022,57.0,52.0807
520807,Investments & Securities,2023,36.0,52.0807
520807,Investments & Securities,2024,19.0,52.0807
520808,Public Finance,2012,0.0,52.0808
520808,Public Finance,2013,0.0,52.0808
520808,Public Finance,2014,0.0,52.0808
520808,Public Finance,2015,2.0,52.0808
520808,Public Finance,2016,14.0,52.0808
520808,Public Finance,2017,25.0,52.0808
520808,Public Finance,2018,14.0,52.0808
520808,Public Finance,2019,15.0,52.0808
520808,Public Finance,2020,10.0,52.0808
520808,Public Finance,2021,20.0,52.0808
520808,Public Finance,2022,17.0,52.0808
520808,Public Finance,2023,6.0,52.0808
520808,Public Finance,2024,20.0,52.0808
520810,Financial Risk Management,2020,1.0,52.081
520810,Financial Risk Management,2021,1.0,52.081
520810,Financial Risk Management,2022,0.0,52.081
520810,Financial Risk Management,2023,2.0,52.081
520810,Financial Risk Management,2024,0.0,52.081
520899,Other Finance & Financial Management Services,2012,195.0,52.0899
520899,Other Finance & Financial Management Services,2013,187.0,52.0899
520899,Other Finance & Financial Management Services,2014,287.0,52.0899
520899,Other Finance & Financial Management Services,2015,93.0,52.0899
520899,Other Finance & Financial Management Services,2016,132.0,52.0899
520899,Other Finance & Financial Management Services,2017,137.0,52.0899
520899,Other Finance & Financial Management Services,2018,128.0,52.0899
520899,Other Finance & Financial Management Services,2019,109.0,52.0899
520899,Other Finance & Financial Management Services,2020,93.0,52.0899
520899,Other Finance & Financial Management Services,2021,105.0,52.0899
520899,Other Finance & Financial Management Services,2022,136.0,52.0899
520899,Other Finance & Financial Management Services,2023,132.0,52.0899
520899,Other Finance & Financial Management Services,2024,109.0,52.0899
520901,General Hospitality Management,2012,430.0,52.0901
520901,General Hospitality Management,2013,468.0,52.0901
520901,General Hospitality Management,2014,469.0,52.0901
520901,General Hospitality Management,2015,571.0,52.0901
520901,General Hospitality Management,2016,487.0,52.0901
520901,General Hospitality Management,2017,472.0,52.0901
520901,General Hospitality Management,2018,545.0,52.0901
520901,General Hospitality Management,2019,594.0,52.0901
520901,General Hospitality Management,2020,674.0,52.0901
520901,General Hospitality Management,2021,701.0,52.0901
520901,General Hospitality Management,2022,886.0,52.0901
520901,General Hospitality Management,2023,834.0,52.0901
520901,General Hospitality Management,2024,784.0,52.0901
520903,Tourism & Travel Services Management,2012,172.0,52.0903
520903,Tourism & Travel Services Management,2013,108.0,52.0903
520903,Tourism & Travel Services Management,2014,130.0,52.0903
520903,Tourism & Travel Services Management,2015,130.0,52.0903
520903,Tourism & Travel Services Management,2016,85.0,52.0903
520903,Tourism & Travel Services Management,2017,102.0,52.0903
520903,Tourism & Travel Services Management,2018,108.0,52.0903
520903,Tourism & Travel Services Management,2019,112.0,52.0903
520903,Tourism & Travel Services Management,2020,77.0,52.0903
520903,Tourism & Travel Services Management,2021,81.0,52.0903
520903,Tourism & Travel Services Management,2022,87.0,52.0903
520903,Tourism & Travel Services Management,2023,64.0,52.0903
520903,Tourism & Travel Services Management,2024,54.0,52.0903
520904,Hotel Administration & Management,2012,108.0,52.0904
520904,Hotel Administration & Management,2013,127.0,52.0904
520904,Hotel Administration & Management,2014,180.0,52.0904
520904,Hotel Administration & Management,2015,144.0,52.0904
520904,Hotel Administration & Management,2016,137.0,52.0904
520904,Hotel Administration & Management,2017,99.0,52.0904
520904,Hotel Administration & Management,2018,106.0,52.0904
520904,Hotel Administration & Management,2019,117.0,52.0904
520904,Hotel Administration & Management,2020,80.0,52.0904
520904,Hotel Administration & Management,2021,98.0,52.0904
520904,Hotel Administration & Management,2022,128.0,52.0904
520904,Hotel Administration & Management,2023,144.0,52.0904
520904,Hotel Administration & Management,2024,125.0,52.0904
520905,Restaurant & Food Services Management,2013,2.0,52.0905
520905,Restaurant & Food Services Management,2014,0.0,52.0905
520905,Restaurant & Food Services Management,2015,0.0,52.0905
520905,Restaurant & Food Services Management,2016,0.0,52.0905
520905,Restaurant & Food Services Management,2017,0.0,52.0905
520905,Restaurant & Food Services Management,2018,1.0,52.0905
520905,Restaurant & Food Services Management,2019,1.0,52.0905
520905,Restaurant & Food Services Management,2020,15.0,52.0905
520905,Restaurant & Food Services Management,2021,64.0,52.0905
520905,Restaurant & Food Services Management,2022,58.0,52.0905
520905,Restaurant & Food Services Management,2023,61.0,52.0905
520905,Restaurant & Food Services Management,2024,51.0,52.0905
520906,Resort Management,2015,0.0,52.0906
520906,Resort Management,2016,0.0,52.0906
520906,Resort Management,2017,0.0,52.0906
520906,Resort Management,2018,0.0,52.0906
520906,Resort Management,2019,0.0,52.0906
520906,Resort Management,2020,0.0,52.0906
520906,Resort Management,2021,0.0,52.0906
520907,Meeting & Event Planning,2015,1.0,52.0907
520907,Meeting & Event Planning,2016,1.0,52.0907
520907,Meeting & Event Planning,2017,2.0,52.0907
520907,Meeting & Event Planning,2018,6.0,52.0907
520907,Meeting & Event Planning,2019,6.0,52.0907
520907,Meeting & Event Planning,2020,4.0,52.0907
520907,Meeting & Event Planning,2021,30.0,52.0907
520907,Meeting & Event Planning,2022,90.0,52.0907
520907,Meeting & Event Planning,2023,76.0,52.0907
520907,Meeting & Event Planning,2024,71.0,52.0907
520908,Casino Management,2019,1.0,52.0908
520908,Casino Management,2020,0.0,52.0908
520908,Casino Management,2021,0.0,52.0908
520908,Casino Management,2022,0.0,52.0908
520910,Brewery/Brewpub Operations/Management,2022,0.0,52.091
520910,Brewery/Brewpub Operations/Management,2023,0.0,52.091
520910,Brewery/Brewpub Operations/Management,2024,3.0,52.091
520999,Other Hospitality Administration & Management,2012,127.0,52.0999
520999,Other Hospitality Administration & Management,2013,153.0,52.0999
520999,Other Hospitality Administration & Management,2014,69.0,52.0999
520999,Other Hospitality Administration & Management,2015,63.0,52.0999
520999,Other Hospitality Administration & Management,2016,64.0,52.0999
520999,Other Hospitality Administration & Management,2017,70.0,52.0999
520999,Other Hospitality Administration & Management,2018,72.0,52.0999
520999,Other Hospitality Administration & Management,2019,65.0,52.0999
520999,Other Hospitality Administration & Management,2020,65.0,52.0999
520999,Other Hospitality Administration & Management,2021,58.0,52.0999
520999,Other Hospitality Administration & Management,2022,48.0,52.0999
520999,Other Hospitality Administration & Management,2023,47.0,52.0999
520999,Other Hospitality Administration & Management,2024,34.0,52.0999
521001,General Human Resources Management & Personnel Administration,2012,3324.0,52.1001
521001,General Human Resources Management & Personnel Administration,2013,4400.0,52.1001
521001,General Human Resources Management & Personnel Administration,2014,4722.0,52.1001
521001,General Human Resources Management & Personnel Administration,2015,4652.0,52.1001
521001,General Human Resources Management & Personnel Administration,2016,4887.0,52.1001
521001,General Human Resources Management & Personnel Administration,2017,4758.0,52.1001
521001,General Human Resources Management & Personnel Administration,2018,5025.0,52.1001
521001,General Human Resources Management & Personnel Administration,2019,5132.0,52.1001
521001,General Human Resources Management & Personnel Administration,2020,5416.0,52.1001
521001,General Human Resources Management & Personnel Administration,2021,6010.0,52.1001
521001,General Human Resources Management & Personnel Administration,2022,5746.0,52.1001
521001,General Human Resources Management & Personnel Administration,2023,5341.0,52.1001
521001,General Human Resources Management & Personnel Administration,2024,5218.0,52.1001
521002,Labor & Industrial Relations,2012,747.0,52.1002
521002,Labor & Industrial Relations,2013,806.0,52.1002
521002,Labor & Industrial Relations,2014,822.0,52.1002
521002,Labor & Industrial Relations,2015,823.0,52.1002
521002,Labor & Industrial Relations,2016,766.0,52.1002
521002,Labor & Industrial Relations,2017,699.0,52.1002
521002,Labor & Industrial Relations,2018,745.0,52.1002
521002,Labor & Industrial Relations,2019,663.0,52.1002
521002,Labor & Industrial Relations,2020,653.0,52.1002
521002,Labor & Industrial Relations,2021,606.0,52.1002
521002,Labor & Industrial Relations,2022,551.0,52.1002
521002,Labor & Industrial Relations,2023,504.0,52.1002
521002,Labor & Industrial Relations,2024,446.0,52.1002
521003,Organizational Behavior Studies,2012,2626.0,52.1003
521003,Organizational Behavior Studies,2013,2419.0,52.1003
521003,Organizational Behavior Studies,2014,2329.0,52.1003
521003,Organizational Behavior Studies,2015,2086.0,52.1003
521003,Organizational Behavior Studies,2016,1830.0,52.1003
521003,Organizational Behavior Studies,2017,1611.0,52.1003
521003,Organizational Behavior Studies,2018,1386.0,52.1003
521003,Organizational Behavior Studies,2019,1103.0,52.1003
521003,Organizational Behavior Studies,2020,1067.0,52.1003
521003,Organizational Behavior Studies,2021,1186.0,52.1003
521003,Organizational Behavior Studies,2022,972.0,52.1003
521003,Organizational Behavior Studies,2023,885.0,52.1003
521003,Organizational Behavior Studies,2024,914.0,52.1003
521004,Labor Studies,2012,22.0,52.1004
521004,Labor Studies,2013,25.0,52.1004
521004,Labor Studies,2014,25.0,52.1004
521004,Labor Studies,2015,20.0,52.1004
521004,Labor Studies,2016,20.0,52.1004
521004,Labor Studies,2017,20.0,52.1004
521004,Labor Studies,2018,17.0,52.1004
521004,Labor Studies,2019,22.0,52.1004
521004,Labor Studies,2020,41.0,52.1004
521004,Labor Studies,2021,52.0,52.1004
521004,Labor Studies,2022,47.0,52.1004
521004,Labor Studies,2023,37.0,52.1004
521004,Labor Studies,2024,52.0,52.1004
521005,Human Resource Development,2012,1062.0,52.1005
521005,Human Resource Development,2013,1137.0,52.1005
521005,Human Resource Development,2014,1225.0,52.1005
521005,Human Resource Development,2015,1070.0,52.1005
521005,Human Resource Development,2016,975.0,52.1005
521005,Human Resource Development,2017,1042.0,52.1005
521005,Human Resource Development,2018,979.0,52.1005
521005,Human Resource Development,2019,972.0,52.1005
521005,Human Resource Development,2020,987.0,52.1005
521005,Human Resource Development,2021,1079.0,52.1005
521005,Human Resource Development,2022,1078.0,52.1005
521005,Human Resource Development,2023,880.0,52.1005
521005,Human Resource Development,2024,819.0,52.1005
521006,Executive/Career Coaching,2021,12.0,52.1006
521006,Executive/Career Coaching,2022,28.0,52.1006
521006,Executive/Career Coaching,2023,27.0,52.1006
521006,Executive/Career Coaching,2024,29.0,52.1006
521099,Other Human Resources Management & Services,2012,1551.0,52.1099
521099,Other Human Resources Management & Services,2013,1490.0,52.1099
521099,Other Human Resources Management & Services,2014,1226.0,52.1099
521099,Other Human Resources Management & Services,2015,1166.0,52.1099
521099,Other Human Resources Management & Services,2016,1031.0,52.1099
521099,Other Human Resources Management & Services,2017,1156.0,52.1099
521099,Other Human Resources Management & Services,2018,1145.0,52.1099
521099,Other Human Resources Management & Services,2019,1051.0,52.1099
521099,Other Human Resources Management & Services,2020,948.0,52.1099
521099,Other Human Resources Management & Services,2021,805.0,52.1099
521099,Other Human Resources Management & Services,2022,703.0,52.1099
521099,Other Human Resources Management & Services,2023,627.0,52.1099
521099,Other Human Resources Management & Services,2024,570.0,52.1099
521101,"International Business, Trade, & Commerce",2012,2970.0,52.1101
521101,"International Business, Trade, & Commerce",2013,2486.0,52.1101
521101,"International Business, Trade, & Commerce",2014,2542.0,52.1101
521101,"International Business, Trade, & Commerce",2015,2126.0,52.1101
521101,"International Business, Trade, & Commerce",2016,2004.0,52.1101
521101,"International Business, Trade, & Commerce",2017,1927.0,52.1101
521101,"International Business, Trade, & Commerce",2018,2044.0,52.1101
521101,"International Business, Trade, & Commerce",2019,2170.0,52.1101
521101,"International Business, Trade, & Commerce",2020,2219.0,52.1101
521101,"International Business, Trade, & Commerce",2021,1723.0,52.1101
521101,"International Business, Trade, & Commerce",2022,1432.0,52.1101
521101,"International Business, Trade, & Commerce",2023,1479.0,52.1101
521101,"International Business, Trade, & Commerce",2024,1249.0,52.1101
521201,General Management Information Systems,2012,2165.0,52.1201
521201,General Management Information Systems,2013,2709.0,52.1201
521201,General Management Information Systems,2014,2996.0,52.1201
521201,General Management Information Systems,2015,2636.0,52.1201
521201,General Management Information Systems,2016,2348.0,52.1201
521201,General Management Information Systems,2017,2214.0,52.1201
521201,General Management Information Systems,2018,1847.0,52.1201
521201,General Management Information Systems,2019,1756.0,52.1201
521201,General Management Information Systems,2020,1679.0,52.1201
521201,General Management Information Systems,2021,1507.0,52.1201
521201,General Management Information Systems,2022,1205.0,52.1201
521201,General Management Information Systems,2023,1209.0,52.1201
521201,General Management Information Systems,2024,1162.0,52.1201
521206,Information Resources Management,2012,444.0,52.1206
521206,Information Resources Management,2013,545.0,52.1206
521206,Information Resources Management,2014,632.0,52.1206
521206,Information Resources Management,2015,835.0,52.1206
521206,Information Resources Management,2016,1382.0,52.1206
521206,Information Resources Management,2017,1287.0,52.1206
521206,Information Resources Management,2018,671.0,52.1206
521206,Information Resources Management,2019,703.0,52.1206
521206,Information Resources Management,2020,798.0,52.1206
521206,Information Resources Management,2021,791.0,52.1206
521206,Information Resources Management,2022,688.0,52.1206
521206,Information Resources Management,2023,750.0,52.1206
521206,Information Resources Management,2024,916.0,52.1206
521207,Knowledge Management,2012,60.0,52.1207
521207,Knowledge Management,2013,85.0,52.1207
521207,Knowledge Management,2014,53.0,52.1207
521207,Knowledge Management,2015,73.0,52.1207
521207,Knowledge Management,2016,87.0,52.1207
521207,Knowledge Management,2017,232.0,52.1207
521207,Knowledge Management,2018,201.0,52.1207
521207,Knowledge Management,2019,163.0,52.1207
521207,Knowledge Management,2020,64.0,52.1207
521207,Knowledge Management,2021,66.0,52.1207
521207,Knowledge Management,2022,53.0,52.1207
521207,Knowledge Management,2023,62.0,52.1207
521207,Knowledge Management,2024,59.0,52.1207
521299,Other Management Information Systems & Services,2012,130.0,52.1299
521299,Other Management Information Systems & Services,2013,168.0,52.1299
521299,Other Management Information Systems & Services,2014,19.0,52.1299
521299,Other Management Information Systems & Services,2015,142.0,52.1299
521299,Other Management Information Systems & Services,2016,160.0,52.1299
521299,Other Management Information Systems & Services,2017,216.0,52.1299
521299,Other Management Information Systems & Services,2018,164.0,52.1299
521299,Other Management Information Systems & Services,2019,155.0,52.1299
521299,Other Management Information Systems & Services,2020,127.0,52.1299
521299,Other Management Information Systems & Services,2021,17.0,52.1299
521299,Other Management Information Systems & Services,2022,14.0,52.1299
521299,Other Management Information Systems & Services,2023,42.0,52.1299
521299,Other Management Information Systems & Services,2024,27.0,52.1299
521301,Management Science,2012,1252.0,52.1301
521301,Management Science,2013,1611.0,52.1301
521301,Management Science,2014,1666.0,52.1301
521301,Management Science,2015,2523.0,52.1301
521301,Management Science,2016,2840.0,52.1301
521301,Management Science,2017,3581.0,52.1301
521301,Management Science,2018,4730.0,52.1301
521301,Management Science,2019,5254.0,52.1301
521301,Management Science,2020,12047.0,52.1301
521301,Management Science,2021,15708.0,52.1301
521301,Management Science,2022,17084.0,52.1301
521301,Management Science,2023,21994.0,52.1301
521301,Management Science,2024,23761.0,52.1301
521302,Business Statistics,2012,66.0,52.1302
521302,Business Statistics,2013,41.0,52.1302
521302,Business Statistics,2014,119.0,52.1302
521302,Business Statistics,2015,236.0,52.1302
521302,Business Statistics,2016,511.0,52.1302
521302,Business Statistics,2017,728.0,52.1302
521302,Business Statistics,2018,1159.0,52.1302
521302,Business Statistics,2019,1809.0,52.1302
521302,Business Statistics,2020,1961.0,52.1302
521302,Business Statistics,2021,2958.0,52.1302
521302,Business Statistics,2022,3143.0,52.1302
521302,Business Statistics,2023,3554.0,52.1302
521302,Business Statistics,2024,3993.0,52.1302
521304,Actuarial Science,2012,355.0,52.1304
521304,Actuarial Science,2013,330.0,52.1304
521304,Actuarial Science,2014,378.0,52.1304
521304,Actuarial Science,2015,409.0,52.1304
521304,Actuarial Science,2016,444.0,52.1304
521304,Actuarial Science,2017,475.0,52.1304
521304,Actuarial Science,2018,550.0,52.1304
521304,Actuarial Science,2019,432.0,52.1304
521304,Actuarial Science,2020,435.0,52.1304
521304,Actuarial Science,2021,429.0,52.1304
521304,Actuarial Science,2022,361.0,52.1304
521304,Actuarial Science,2023,278.0,52.1304
521304,Actuarial Science,2024,232.0,52.1304
521399,Other Management Sciences & Quantitative Methods,2012,226.0,52.1399
521399,Other Management Sciences & Quantitative Methods,2013,218.0,52.1399
521399,Other Management Sciences & Quantitative Methods,2014,613.0,52.1399
521399,Other Management Sciences & Quantitative Methods,2015,704.0,52.1399
521399,Other Management Sciences & Quantitative Methods,2016,1171.0,52.1399
521399,Other Management Sciences & Quantitative Methods,2017,1682.0,52.1399
521399,Other Management Sciences & Quantitative Methods,2018,2917.0,52.1399
521399,Other Management Sciences & Quantitative Methods,2019,5088.0,52.1399
521399,Other Management Sciences & Quantitative Methods,2020,8648.0,52.1399
521399,Other Management Sciences & Quantitative Methods,2021,10204.0,52.1399
521399,Other Management Sciences & Quantitative Methods,2022,13189.0,52.1399
521399,Other Management Sciences & Quantitative Methods,2023,15331.0,52.1399
521399,Other Management Sciences & Quantitative Methods,2024,16905.0,52.1399
521401,General Marketing & Marketing Management,2012,1952.0,52.1401
521401,General Marketing & Marketing Management,2013,2329.0,52.1401
521401,General Marketing & Marketing Management,2014,2561.0,52.1401
521401,General Marketing & Marketing Management,2015,2516.0,52.1401
521401,General Marketing & Marketing Management,2016,2308.0,52.1401
521401,General Marketing & Marketing Management,2017,2467.0,52.1401
521401,General Marketing & Marketing Management,2018,2182.0,52.1401
521401,General Marketing & Marketing Management,2019,2129.0,52.1401
521401,General Marketing & Marketing Management,2020,2267.0,52.1401
521401,General Marketing & Marketing Management,2021,2560.0,52.1401
521401,General Marketing & Marketing Management,2022,2468.0,52.1401
521401,General Marketing & Marketing Management,2023,2226.0,52.1401
521401,General Marketing & Marketing Management,2024,1929.0,52.1401
521402,Marketing Research,2012,107.0,52.1402
521402,Marketing Research,2013,96.0,52.1402
521402,Marketing Research,2014,117.0,52.1402
521402,Marketing Research,2015,96.0,52.1402
521402,Marketing Research,2016,96.0,52.1402
521402,Marketing Research,2017,174.0,52.1402
521402,Marketing Research,2018,140.0,52.1402
521402,Marketing Research,2019,129.0,52.1402
521402,Marketing Research,2020,177.0,52.1402
521402,Marketing Research,2021,138.0,52.1402
521402,Marketing Research,2022,193.0,52.1402
521402,Marketing Research,2023,132.0,52.1402
521402,Marketing Research,2024,66.0,52.1402
521403,International Marketing,2012,104.0,52.1403
521403,International Marketing,2013,100.0,52.1403
521403,International Marketing,2014,118.0,52.1403
521403,International Marketing,2015,111.0,52.1403
521403,International Marketing,2016,363.0,52.1403
521403,International Marketing,2017,382.0,52.1403
521403,International Marketing,2018,504.0,52.1403
521403,International Marketing,2019,319.0,52.1403
521403,International Marketing,2020,305.0,52.1403
521403,International Marketing,2021,295.0,52.1403
521403,International Marketing,2022,239.0,52.1403
521403,International Marketing,2023,243.0,52.1403
521403,International Marketing,2024,288.0,52.1403
521404,Digital Marketing,2020,0.0,52.1404
521404,Digital Marketing,2021,11.0,52.1404
521404,Digital Marketing,2022,89.0,52.1404
521404,Digital Marketing,2023,145.0,52.1404
521404,Digital Marketing,2024,357.0,52.1404
521499,Other Marketing,2012,168.0,52.1499
521499,Other Marketing,2013,193.0,52.1499
521499,Other Marketing,2014,223.0,52.1499
521499,Other Marketing,2015,224.0,52.1499
521499,Other Marketing,2016,260.0,52.1499
521499,Other Marketing,2017,228.0,52.1499
521499,Other Marketing,2018,330.0,52.1499
521499,Other Marketing,2019,362.0,52.1499
521499,Other Marketing,2020,326.0,52.1499
521499,Other Marketing,2021,297.0,52.1499
521499,Other Marketing,2022,357.0,52.1499
521499,Other Marketing,2023,321.0,52.1499
521499,Other Marketing,2024,299.0,52.1499
521501,Real Estate,2012,786.0,52.1501
521501,Real Estate,2013,740.0,52.1501
521501,Real Estate,2014,797.0,52.1501
521501,Real Estate,2015,866.0,52.1501
521501,Real Estate,2016,924.0,52.1501
521501,Real Estate,2017,1011.0,52.1501
521501,Real Estate,2018,1074.0,52.1501
521501,Real Estate,2019,1121.0,52.1501
521501,Real Estate,2020,1084.0,52.1501
521501,Real Estate,2021,1106.0,52.1501
521501,Real Estate,2022,1140.0,52.1501
521501,Real Estate,2023,1130.0,52.1501
521501,Real Estate,2024,1079.0,52.1501
521601,Taxation,2012,1856.0,52.1601
521601,Taxation,2013,1852.0,52.1601
521601,Taxation,2014,1837.0,52.1601
521601,Taxation,2015,1639.0,52.1601
521601,Taxation,2016,1627.0,52.1601
521601,Taxation,2017,1598.0,52.1601
521601,Taxation,2018,1659.0,52.1601
521601,Taxation,2019,1553.0,52.1601
521601,Taxation,2020,1415.0,52.1601
521601,Taxation,2021,1297.0,52.1601
521601,Taxation,2022,1083.0,52.1601
521601,Taxation,2023,968.0,52.1601
521601,Taxation,2024,850.0,52.1601
521701,Insurance,2012,110.0,52.1701
521701,Insurance,2013,84.0,52.1701
521701,Insurance,2014,94.0,52.1701
521701,Insurance,2015,86.0,52.1701
521701,Insurance,2016,152.0,52.1701
521701,Insurance,2017,114.0,52.1701
521701,Insurance,2018,115.0,52.1701
521701,Insurance,2019,116.0,52.1701
521701,Insurance,2020,84.0,52.1701
521701,Insurance,2021,90.0,52.1701
521701,Insurance,2022,92.0,52.1701
521701,Insurance,2023,85.0,52.1701
521701,Insurance,2024,48.0,52.1701
521801,"General Sales, Distribution, & Marketing Operations",2012,211.0,52.1801
521801,"General Sales, Distribution, & Marketing Operations",2013,230.0,52.1801
521801,"General Sales, Distribution, & Marketing Operations",2014,352.0,52.1801
521801,"General Sales, Distribution, & Marketing Operations",2015,324.0,52.1801
521801,"General Sales, Distribution, & Marketing Operations",2016,466.0,52.1801
521801,"General Sales, Distribution, & Marketing Operations",2017,435.0,52.1801
521801,"General Sales, Distribution, & Marketing Operations",2018,557.0,52.1801
521801,"General Sales, Distribution, & Marketing Operations",2019,574.0,52.1801
521801,"General Sales, Distribution, & Marketing Operations",2020,549.0,52.1801
521801,"General Sales, Distribution, & Marketing Operations",2021,469.0,52.1801
521801,"General Sales, Distribution, & Marketing Operations",2022,473.0,52.1801
521801,"General Sales, Distribution, & Marketing Operations",2023,609.0,52.1801
521801,"General Sales, Distribution, & Marketing Operations",2024,503.0,52.1801
521802,Merchandising & Buying Operations,2012,27.0,52.1802
521802,Merchandising & Buying Operations,2013,18.0,52.1802
521802,Merchandising & Buying Operations,2014,23.0,52.1802
521802,Merchandising & Buying Operations,2015,18.0,52.1802
521802,Merchandising & Buying Operations,2016,9.0,52.1802
521802,Merchandising & Buying Operations,2017,10.0,52.1802
521802,Merchandising & Buying Operations,2018,7.0,52.1802
521802,Merchandising & Buying Operations,2019,10.0,52.1802
521802,Merchandising & Buying Operations,2020,13.0,52.1802
521802,Merchandising & Buying Operations,2021,11.0,52.1802
521802,Merchandising & Buying Operations,2022,15.0,52.1802
521802,Merchandising & Buying Operations,2023,19.0,52.1802
521802,Merchandising & Buying Operations,2024,0.0,52.1802
521803,Retailing & Retail Operations,2012,4.0,52.1803
521803,Retailing & Retail Operations,2013,5.0,52.1803
521803,Retailing & Retail Operations,2014,3.0,52.1803
521803,Retailing & Retail Operations,2015,5.0,52.1803
521803,Retailing & Retail Operations,2016,2.0,52.1803
521803,Retailing & Retail Operations,2017,4.0,52.1803
521803,Retailing & Retail Operations,2018,3.0,52.1803
521803,Retailing & Retail Operations,2019,0.0,52.1803
521803,Retailing & Retail Operations,2020,1.0,52.1803
521803,Retailing & Retail Operations,2021,1.0,52.1803
521803,Retailing & Retail Operations,2022,0.0,52.1803
521803,Retailing & Retail Operations,2023,0.0,52.1803
521803,Retailing & Retail Operations,2024,1.0,52.1803
521804,Selling Skills & Sales Operations,2020,5.0,52.1804
521804,Selling Skills & Sales Operations,2021,0.0,52.1804
521804,Selling Skills & Sales Operations,2022,0.0,52.1804
521804,Selling Skills & Sales Operations,2023,0.0,52.1804
521804,Selling Skills & Sales Operations,2024,1.0,52.1804
521899,"Other General Merchandising, Sales, & Related Marketing Operations",2012,0.0,52.1899
521899,"Other General Merchandising, Sales, & Related Marketing Operations",2013,9.0,52.1899
521899,"Other General Merchandising, Sales, & Related Marketing Operations",2014,7.0,52.1899
521899,"Other General Merchandising, Sales, & Related Marketing Operations",2015,1.0,52.1899
521899,"Other General Merchandising, Sales, & Related Marketing Operations",2016,4.0,52.1899
521899,"Other General Merchandising, Sales, & Related Marketing Operations",2017,2.0,52.1899
521899,"Other General Merchandising, Sales, & Related Marketing Operations",2018,3.0,52.1899
521899,"Other General Merchandising, Sales, & Related Marketing Operations",2019,6.0,52.1899
521899,"Other General Merchandising, Sales, & Related Marketing Operations",2020,2.0,52.1899
521899,"Other General Merchandising, Sales, & Related Marketing Operations",2021,4.0,52.1899
521899,"Other General Merchandising, Sales, & Related Marketing Operations",2022,1.0,52.1899
521899,"Other General Merchandising, Sales, & Related Marketing Operations",2023,0.0,52.1899
521899,"Other General Merchandising, Sales, & Related Marketing Operations",2024,0.0,52.1899
521902,Fashion Merchandising,2012,6.0,52.1902
521902,Fashion Merchandising,2013,8.0,52.1902
521902,Fashion Merchandising,2014,17.0,52.1902
521902,Fashion Merchandising,2015,13.0,52.1902
521902,Fashion Merchandising,2016,9.0,52.1902
521902,Fashion Merchandising,2017,41.0,52.1902
521902,Fashion Merchandising,2018,67.0,52.1902
521902,Fashion Merchandising,2019,89.0,52.1902
521902,Fashion Merchandising,2020,63.0,52.1902
521902,Fashion Merchandising,2021,37.0,52.1902
521902,Fashion Merchandising,2022,41.0,52.1902
521902,Fashion Merchandising,2023,35.0,52.1902
521902,Fashion Merchandising,2024,27.0,52.1902
521904,Apparel & Accessories Marketing Operations,2012,8.0,52.1904
521904,Apparel & Accessories Marketing Operations,2013,15.0,52.1904
521904,Apparel & Accessories Marketing Operations,2014,7.0,52.1904
521904,Apparel & Accessories Marketing Operations,2015,12.0,52.1904
521904,Apparel & Accessories Marketing Operations,2016,27.0,52.1904
521904,Apparel & Accessories Marketing Operations,2017,37.0,52.1904
521904,Apparel & Accessories Marketing Operations,2018,50.0,52.1904
521904,Apparel & Accessories Marketing Operations,2019,54.0,52.1904
521904,Apparel & Accessories Marketing Operations,2020,44.0,52.1904
521904,Apparel & Accessories Marketing Operations,2021,44.0,52.1904
521904,Apparel & Accessories Marketing Operations,2022,29.0,52.1904
521904,Apparel & Accessories Marketing Operations,2023,32.0,52.1904
521904,Apparel & Accessories Marketing Operations,2024,30.0,52.1904
521909,Special Products Marketing Operations,2012,13.0,52.1909
521909,Special Products Marketing Operations,2013,14.0,52.1909
521909,Special Products Marketing Operations,2014,15.0,52.1909
521909,Special Products Marketing Operations,2015,22.0,52.1909
521909,Special Products Marketing Operations,2016,11.0,52.1909
521909,Special Products Marketing Operations,2017,9.0,52.1909
521909,Special Products Marketing Operations,2018,14.0,52.1909
521909,Special Products Marketing Operations,2019,20.0,52.1909
521909,Special Products Marketing Operations,2020,20.0,52.1909
521909,Special Products Marketing Operations,2021,22.0,52.1909
521909,Special Products Marketing Operations,2022,17.0,52.1909
521909,Special Products Marketing Operations,2023,29.0,52.1909
521909,Special Products Marketing Operations,2024,14.0,52.1909
521999,"Other Specialized Merchandising, Sales, & Marketing Operations",2012,36.0,52.1999
521999,"Other Specialized Merchandising, Sales, & Marketing Operations",2013,55.0,52.1999
521999,"Other Specialized Merchandising, Sales, & Marketing Operations",2014,57.0,52.1999
521999,"Other Specialized Merchandising, Sales, & Marketing Operations",2015,45.0,52.1999
521999,"Other Specialized Merchandising, Sales, & Marketing Operations",2016,63.0,52.1999
521999,"Other Specialized Merchandising, Sales, & Marketing Operations",2017,40.0,52.1999
521999,"Other Specialized Merchandising, Sales, & Marketing Operations",2018,52.0,52.1999
521999,"Other Specialized Merchandising, Sales, & Marketing Operations",2019,57.0,52.1999
521999,"Other Specialized Merchandising, Sales, & Marketing Operations",2020,42.0,52.1999
521999,"Other Specialized Merchandising, Sales, & Marketing Operations",2021,50.0,52.1999
521999,"Other Specialized Merchandising, Sales, & Marketing Operations",2022,84.0,52.1999
521999,"Other Specialized Merchandising, Sales, & Marketing Operations",2023,74.0,52.1999
521999,"Other Specialized Merchandising, Sales, & Marketing Operations",2024,66.0,52.1999
522001,Construction Management,2012,262.0,52.2001
522001,Construction Management,2013,269.0,52.2001
522001,Construction Management,2014,269.0,52.2001
522001,Construction Management,2015,291.0,52.2001
522001,Construction Management,2016,307.0,52.2001
522001,Construction Management,2017,330.0,52.2001
522001,Construction Management,2018,425.0,52.2001
522001,Construction Management,2019,388.0,52.2001
522001,Construction Management,2020,311.0,52.2001
522001,Construction Management,2021,335.0,52.2001
522001,Construction Management,2022,368.0,52.2001
522001,Construction Management,2023,299.0,52.2001
522001,Construction Management,2024,310.0,52.2001
522101,Telecommunications Management,2012,3.0,52.2101
522101,Telecommunications Management,2013,0.0,52.2101
522101,Telecommunications Management,2014,3.0,52.2101
522101,Telecommunications Management,2015,1.0,52.2101
522101,Telecommunications Management,2016,3.0,52.2101
522101,Telecommunications Management,2017,7.0,52.2101
522101,Telecommunications Management,2018,24.0,52.2101
522101,Telecommunications Management,2019,36.0,52.2101
522101,Telecommunications Management,2020,18.0,52.2101
522101,Telecommunications Management,2021,16.0,52.2101
522101,Telecommunications Management,2022,6.0,52.2101
522101,Telecommunications Management,2023,17.0,52.2101
522101,Telecommunications Management,2024,16.0,52.2101
529999,"Other Business, Management, Marketing, & Related Support Services",2012,1220.0,52.9999
529999,"Other Business, Management, Marketing, & Related Support Services",2013,1268.0,52.9999
529999,"Other Business, Management, Marketing, & Related Support Services",2014,1105.0,52.9999
529999,"Other Business, Management, Marketing, & Related Support Services",2015,1136.0,52.9999
529999,"Other Business, Management, Marketing, & Related Support Services",2016,1232.0,52.9999
529999,"Other Business, Management, Marketing, & Related Support Services",2017,1108.0,52.9999
529999,"Other Business, Management, Marketing, & Related Support Services",2018,1026.0,52.9999
529999,"Other Business, Management, Marketing, & Related Support Services",2019,1103.0,52.9999
529999,"Other Business, Management, Marketing, & Related Support Services",2020,921.0,52.9999
529999,"Other Business, Management, Marketing, & Related Support Services",2021,933.0,52.9999
529999,"Other Business, Management, Marketing, & Related Support Services",2022,929.0,52.9999
529999,"Other Business, Management, Marketing, & Related Support Services",2023,1200.0,52.9999
529999,"Other Business, Management, Marketing, & Related Support Services",2024,946.0,52.9999
540101,General History,2012,3583.0,54.0101
540101,General History,2013,3504.0,54.0101
540101,General History,2014,3338.0,54.0101
540101,General History,2015,3240.0,54.0101
540101,General History,2016,3109.0,54.0101
540101,General History,2017,3075.0,54.0101
540101,General History,2018,2933.0,54.0101
540101,General History,2019,3036.0,54.0101
540101,General History,2020,2886.0,54.0101
540101,General History,2021,3158.0,54.0101
540101,General History,2022,3130.0,54.0101
540101,General History,2023,3168.0,54.0101
540101,General History,2024,3009.0,54.0101
540102,U.S. History,2012,53.0,54.0102
540102,U.S. History,2013,100.0,54.0102
540102,U.S. History,2014,76.0,54.0102
540102,U.S. History,2015,56.0,54.0102
540102,U.S. History,2016,42.0,54.0102
540102,U.S. History,2017,51.0,54.0102
540102,U.S. History,2018,57.0,54.0102
540102,U.S. History,2019,56.0,54.0102
540102,U.S. History,2020,59.0,54.0102
540102,U.S. History,2021,73.0,54.0102
540102,U.S. History,2022,70.0,54.0102
540102,U.S. History,2023,122.0,54.0102
540102,U.S. History,2024,229.0,54.0102
540103,European History,2012,5.0,54.0103
540103,European History,2013,0.0,54.0103
540103,European History,2014,0.0,54.0103
540103,European History,2015,1.0,54.0103
540103,European History,2016,0.0,54.0103
540103,European History,2017,2.0,54.0103
540103,European History,2018,0.0,54.0103
540103,European History,2019,0.0,54.0103
540103,European History,2020,1.0,54.0103
540103,European History,2021,1.0,54.0103
540103,European History,2022,0.0,54.0103
540103,European History,2023,0.0,54.0103
540103,European History,2024,1.0,54.0103
540104,History & Philosophy of Science & Technology,2012,37.0,54.0104
540104,History & Philosophy of Science & Technology,2013,33.0,54.0104
540104,History & Philosophy of Science & Technology,2014,28.0,54.0104
540104,History & Philosophy of Science & Technology,2015,26.0,54.0104
540104,History & Philosophy of Science & Technology,2016,35.0,54.0104
540104,History & Philosophy of Science & Technology,2017,32.0,54.0104
540104,History & Philosophy of Science & Technology,2018,30.0,54.0104
540104,History & Philosophy of Science & Technology,2019,35.0,54.0104
540104,History & Philosophy of Science & Technology,2020,30.0,54.0104
540104,History & Philosophy of Science & Technology,2021,28.0,54.0104
540104,History & Philosophy of Science & Technology,2022,37.0,54.0104
540104,History & Philosophy of Science & Technology,2023,27.0,54.0104
540104,History & Philosophy of Science & Technology,2024,35.0,54.0104
540105,Public Applied History,2012,182.0,54.0105
540105,Public Applied History,2013,171.0,54.0105
540105,Public Applied History,2014,141.0,54.0105
540105,Public Applied History,2015,161.0,54.0105
540105,Public Applied History,2016,67.0,54.0105
540105,Public Applied History,2017,88.0,54.0105
540105,Public Applied History,2018,93.0,54.0105
540105,Public Applied History,2019,74.0,54.0105
540105,Public Applied History,2020,67.0,54.0105
540105,Public Applied History,2021,63.0,54.0105
540105,Public Applied History,2022,80.0,54.0105
540105,Public Applied History,2023,81.0,54.0105
540105,Public Applied History,2024,109.0,54.0105
540108,Military History,2012,171.0,54.0108
540108,Military History,2013,155.0,54.0108
540108,Military History,2014,207.0,54.0108
540108,Military History,2015,146.0,54.0108
540108,Military History,2016,148.0,54.0108
540108,Military History,2017,138.0,54.0108
540108,Military History,2018,108.0,54.0108
540108,Military History,2019,125.0,54.0108
540108,Military History,2020,93.0,54.0108
540108,Military History,2021,78.0,54.0108
540108,Military History,2022,86.0,54.0108
540108,Military History,2023,73.0,54.0108
540108,Military History,2024,121.0,54.0108
540199,Other History,2012,150.0,54.0199
540199,Other History,2013,154.0,54.0199
540199,Other History,2014,176.0,54.0199
540199,Other History,2015,99.0,54.0199
540199,Other History,2016,85.0,54.0199
540199,Other History,2017,81.0,54.0199
540199,Other History,2018,71.0,54.0199
540199,Other History,2019,76.0,54.0199
540199,Other History,2020,66.0,54.0199
540199,Other History,2021,108.0,54.0199
540199,Other History,2022,128.0,54.0199
540199,Other History,2023,155.0,54.0199
540199,Other History,2024,138.0,54.0199
