CIP6 ID,CIP6,Year,Completions
10000,General Agriculture,2012,316.0
10000,General Agriculture,2013,287.0
10000,General Agriculture,2014,282.0
10000,General Agriculture,2015,246.0
10000,General Agriculture,2016,306.0
10000,General Agriculture,2017,311.0
10000,General Agriculture,2018,301.0
10000,General Agriculture,2019,313.0
10000,General Agriculture,2020,294.0
10000,General Agriculture,2021,320.0
10000,General Agriculture,2022,344.0
10000,General Agriculture,2023,403.0
10000,General Agriculture,2024,360.0
10101,General Agriculture Management,2012,60.0
10101,General Agriculture Management,2013,67.0
10101,General Agriculture Management,2014,73.0
10101,General Agriculture Management,2015,86.0
10101,General Agriculture Management,2016,79.0
10101,General Agriculture Management,2017,80.0
10101,General Agriculture Management,2018,66.0
10101,General Agriculture Management,2019,72.0
10101,General Agriculture Management,2020,42.0
10101,General Agriculture Management,2021,58.0
10101,General Agriculture Management,2022,83.0
10101,General Agriculture Management,2023,82.0
10101,General Agriculture Management,2024,97.0
10102,Agricultural Business Operations,2012,30.0
10102,Agricultural Business Operations,2013,33.0
10102,Agricultural Business Operations,2014,18.0
10102,Agricultural Business Operations,2015,34.0
10102,Agricultural Business Operations,2016,43.0
10102,Agricultural Business Operations,2017,44.0
10102,Agricultural Business Operations,2018,44.0
10102,Agricultural Business Operations,2019,31.0
10102,Agricultural Business Operations,2020,44.0
10102,Agricultural Business Operations,2021,31.0
10102,Agricultural Business Operations,2022,35.0
10102,Agricultural Business Operations,2023,31.0
10102,Agricultural Business Operations,2024,35.0
10103,Agricultural Economics,2012,435.0
10103,Agricultural Economics,2013,413.0
10103,Agricultural Economics,2014,422.0
10103,Agricultural Economics,2015,434.0
10103,Agricultural Economics,2016,444.0
10103,Agricultural Economics,2017,490.0
10103,Agricultural Economics,2018,338.0
10103,Agricultural Economics,2019,383.0
10103,Agricultural Economics,2020,350.0
10103,Agricultural Economics,2021,226.0
10103,Agricultural Economics,2022,211.0
10103,Agricultural Economics,2023,175.0
10103,Agricultural Economics,2024,184.0
10104,Farm & Ranch Management,2012,8.0
10104,Farm & Ranch Management,2013,8.0
10104,Farm & Ranch Management,2014,12.0
10104,Farm & Ranch Management,2015,10.0
10104,Farm & Ranch Management,2016,7.0
10104,Farm & Ranch Management,2017,3.0
10104,Farm & Ranch Management,2018,6.0
10104,Farm & Ranch Management,2019,5.0
10104,Farm & Ranch Management,2020,2.0
10104,Farm & Ranch Management,2021,4.0
10104,Farm & Ranch Management,2022,3.0
10104,Farm & Ranch Management,2023,3.0
10104,Farm & Ranch Management,2024,3.0
10106,Agricultural Business Technology,2018,2.0
10106,Agricultural Business Technology,2019,0.0
10106,Agricultural Business Technology,2020,0.0
10106,Agricultural Business Technology,2021,0.0
10106,Agricultural Business Technology,2022,0.0
10199,Other Agricultural Business & Management,2012,4.0
10199,Other Agricultural Business & Management,2013,4.0
10199,Other Agricultural Business & Management,2014,3.0
10199,Other Agricultural Business & Management,2015,3.0
10199,Other Agricultural Business & Management,2016,4.0
10199,Other Agricultural Business & Management,2017,7.0
10199,Other Agricultural Business & Management,2018,8.0
10199,Other Agricultural Business & Management,2019,5.0
10199,Other Agricultural Business & Management,2020,11.0
10199,Other Agricultural Business & Management,2021,7.0
10199,Other Agricultural Business & Management,2022,12.0
10199,Other Agricultural Business & Management,2023,18.0
10199,Other Agricultural Business & Management,2024,9.0
10201,General Agricultural Mechanization,2012,0.0
10201,General Agricultural Mechanization,2013,0.0
10201,General Agricultural Mechanization,2014,1.0
10201,General Agricultural Mechanization,2015,0.0
10201,General Agricultural Mechanization,2016,3.0
10201,General Agricultural Mechanization,2017,2.0
10201,General Agricultural Mechanization,2018,1.0
10201,General Agricultural Mechanization,2019,1.0
10201,General Agricultural Mechanization,2020,0.0
10201,General Agricultural Mechanization,2021,0.0
10301,General Agricultural Production Operations,2012,14.0
10301,General Agricultural Production Operations,2013,20.0
10301,General Agricultural Production Operations,2014,11.0
10301,General Agricultural Production Operations,2015,7.0
10301,General Agricultural Production Operations,2016,11.0
10301,General Agricultural Production Operations,2017,9.0
10301,General Agricultural Production Operations,2018,7.0
10301,General Agricultural Production Operations,2019,10.0
10301,General Agricultural Production Operations,2020,6.0
10301,General Agricultural Production Operations,2021,8.0
10301,General Agricultural Production Operations,2022,10.0
10301,General Agricultural Production Operations,2023,9.0
10301,General Agricultural Production Operations,2024,11.0
10302,Animal Husbandry & Production,2015,1.0
10302,Animal Husbandry & Production,2016,1.0
10302,Animal Husbandry & Production,2017,4.0
10302,Animal Husbandry & Production,2018,1.0
10302,Animal Husbandry & Production,2019,2.0
10302,Animal Husbandry & Production,2020,0.0
10302,Animal Husbandry & Production,2024,2.0
10303,Aquaculture,2012,31.0
10303,Aquaculture,2013,32.0
10303,Aquaculture,2014,32.0
10303,Aquaculture,2015,33.0
10303,Aquaculture,2016,40.0
10303,Aquaculture,2017,35.0
10303,Aquaculture,2018,41.0
10303,Aquaculture,2019,46.0
10303,Aquaculture,2020,40.0
10303,Aquaculture,2021,15.0
10303,Aquaculture,2022,34.0
10303,Aquaculture,2023,28.0
10303,Aquaculture,2024,29.0
10304,Crop Production,2012,8.0
10304,Crop Production,2013,8.0
10304,Crop Production,2014,3.0
10304,Crop Production,2015,2.0
10304,Crop Production,2016,7.0
10304,Crop Production,2017,0.0
10304,Crop Production,2018,0.0
10307,Horse Husbandry & Equine Management,2013,3.0
10307,Horse Husbandry & Equine Management,2014,5.0
10307,Horse Husbandry & Equine Management,2015,6.0
10307,Horse Husbandry & Equine Management,2016,7.0
10307,Horse Husbandry & Equine Management,2017,10.0
10307,Horse Husbandry & Equine Management,2018,7.0
10307,Horse Husbandry & Equine Management,2019,6.0
10307,Horse Husbandry & Equine Management,2020,3.0
10307,Horse Husbandry & Equine Management,2021,7.0
10307,Horse Husbandry & Equine Management,2022,2.0
10307,Horse Husbandry & Equine Management,2023,2.0
10307,Horse Husbandry & Equine Management,2024,0.0
10308,Agroecology & Sustainable Agriculture,2012,20.0
10308,Agroecology & Sustainable Agriculture,2013,13.0
10308,Agroecology & Sustainable Agriculture,2014,58.0
10308,Agroecology & Sustainable Agriculture,2015,91.0
10308,Agroecology & Sustainable Agriculture,2016,91.0
10308,Agroecology & Sustainable Agriculture,2017,65.0
10308,Agroecology & Sustainable Agriculture,2018,78.0
10308,Agroecology & Sustainable Agriculture,2019,51.0
10308,Agroecology & Sustainable Agriculture,2020,64.0
10308,Agroecology & Sustainable Agriculture,2021,86.0
10308,Agroecology & Sustainable Agriculture,2022,86.0
10308,Agroecology & Sustainable Agriculture,2023,105.0
10308,Agroecology & Sustainable Agriculture,2024,120.0
10309,Viticulture & Enology,2012,6.0
10309,Viticulture & Enology,2013,12.0
10309,Viticulture & Enology,2014,10.0
10309,Viticulture & Enology,2015,10.0
10309,Viticulture & Enology,2016,0.0
10309,Viticulture & Enology,2017,0.0
10309,Viticulture & Enology,2018,0.0
10309,Viticulture & Enology,2019,0.0
10401,Agricultural & Food Products Processing,2012,2.0
10401,Agricultural & Food Products Processing,2013,7.0
10401,Agricultural & Food Products Processing,2014,0.0
10401,Agricultural & Food Products Processing,2015,0.0
10401,Agricultural & Food Products Processing,2016,0.0
10401,Agricultural & Food Products Processing,2017,0.0
10401,Agricultural & Food Products Processing,2018,0.0
10401,Agricultural & Food Products Processing,2019,0.0
10401,Agricultural & Food Products Processing,2020,0.0
10401,Agricultural & Food Products Processing,2021,0.0
10505,Animal Training,2022,1.0
10505,Animal Training,2023,48.0
10505,Animal Training,2024,101.0
10601,General Applied Horticulture Operations,2012,17.0
10601,General Applied Horticulture Operations,2013,21.0
10601,General Applied Horticulture Operations,2014,33.0
10601,General Applied Horticulture Operations,2015,19.0
10601,General Applied Horticulture Operations,2016,14.0
10601,General Applied Horticulture Operations,2017,11.0
10601,General Applied Horticulture Operations,2018,7.0
10601,General Applied Horticulture Operations,2019,6.0
10601,General Applied Horticulture Operations,2020,9.0
10601,General Applied Horticulture Operations,2021,4.0
10601,General Applied Horticulture Operations,2022,3.0
10601,General Applied Horticulture Operations,2023,0.0
10601,General Applied Horticulture Operations,2024,0.0
10603,Ornamental Horticulture,2012,5.0
10603,Ornamental Horticulture,2013,12.0
10603,Ornamental Horticulture,2014,8.0
10603,Ornamental Horticulture,2015,7.0
10603,Ornamental Horticulture,2016,10.0
10603,Ornamental Horticulture,2017,6.0
10603,Ornamental Horticulture,2018,6.0
10603,Ornamental Horticulture,2019,1.0
10603,Ornamental Horticulture,2020,9.0
10603,Ornamental Horticulture,2021,5.0
10603,Ornamental Horticulture,2022,0.0
10603,Ornamental Horticulture,2023,0.0
10603,Ornamental Horticulture,2024,0.0
10605,Landscaping & Groundskeeping,2012,3.0
10605,Landscaping & Groundskeeping,2013,4.0
10605,Landscaping & Groundskeeping,2014,8.0
10605,Landscaping & Groundskeeping,2015,7.0
10605,Landscaping & Groundskeeping,2016,6.0
10605,Landscaping & Groundskeeping,2017,5.0
10605,Landscaping & Groundskeeping,2018,2.0
10605,Landscaping & Groundskeeping,2020,0.0
10605,Landscaping & Groundskeeping,2021,0.0
10605,Landscaping & Groundskeeping,2022,0.0
10607,Turf & Turfgrass Management,2012,3.0
10607,Turf & Turfgrass Management,2013,11.0
10607,Turf & Turfgrass Management,2014,10.0
10607,Turf & Turfgrass Management,2015,8.0
10607,Turf & Turfgrass Management,2016,7.0
10607,Turf & Turfgrass Management,2017,7.0
10607,Turf & Turfgrass Management,2018,4.0
10607,Turf & Turfgrass Management,2019,4.0
10607,Turf & Turfgrass Management,2020,6.0
10607,Turf & Turfgrass Management,2021,3.0
10607,Turf & Turfgrass Management,2022,5.0
10607,Turf & Turfgrass Management,2023,6.0
10607,Turf & Turfgrass Management,2024,4.0
10609,Public Horticulture,2021,0.0
10609,Public Horticulture,2022,0.0
10609,Public Horticulture,2023,0.0
10609,Public Horticulture,2024,0.0
10701,International Agriculture,2012,28.0
10701,International Agriculture,2013,26.0
10701,International Agriculture,2014,50.0
10701,International Agriculture,2015,43.0
10701,International Agriculture,2016,47.0
10701,International Agriculture,2017,84.0
10701,International Agriculture,2018,54.0
10701,International Agriculture,2019,59.0
10701,International Agriculture,2020,61.0
10701,International Agriculture,2021,46.0
10701,International Agriculture,2022,29.0
10701,International Agriculture,2023,24.0
10701,International Agriculture,2024,22.0
10801,Agricultural & Extension Education Services,2012,63.0
10801,Agricultural & Extension Education Services,2013,55.0
10801,Agricultural & Extension Education Services,2014,77.0
10801,Agricultural & Extension Education Services,2015,68.0
10801,Agricultural & Extension Education Services,2016,79.0
10801,Agricultural & Extension Education Services,2017,71.0
10801,Agricultural & Extension Education Services,2018,95.0
10801,Agricultural & Extension Education Services,2019,95.0
10801,Agricultural & Extension Education Services,2020,127.0
10801,Agricultural & Extension Education Services,2021,125.0
10801,Agricultural & Extension Education Services,2022,139.0
10801,Agricultural & Extension Education Services,2023,168.0
10801,Agricultural & Extension Education Services,2024,177.0
10802,Agricultural Communication & Journalism,2012,32.0
10802,Agricultural Communication & Journalism,2013,17.0
10802,Agricultural Communication & Journalism,2014,23.0
10802,Agricultural Communication & Journalism,2015,26.0
10802,Agricultural Communication & Journalism,2016,18.0
10802,Agricultural Communication & Journalism,2017,14.0
10802,Agricultural Communication & Journalism,2018,27.0
10802,Agricultural Communication & Journalism,2019,22.0
10802,Agricultural Communication & Journalism,2020,26.0
10802,Agricultural Communication & Journalism,2021,29.0
10802,Agricultural Communication & Journalism,2022,38.0
10802,Agricultural Communication & Journalism,2023,19.0
10802,Agricultural Communication & Journalism,2024,30.0
10899,Other Agricultural Public Services,2013,0.0
10899,Other Agricultural Public Services,2014,3.0
10899,Other Agricultural Public Services,2015,3.0
10899,Other Agricultural Public Services,2016,6.0
10899,Other Agricultural Public Services,2017,8.0
10899,Other Agricultural Public Services,2018,5.0
10899,Other Agricultural Public Services,2019,9.0
10899,Other Agricultural Public Services,2020,8.0
10899,Other Agricultural Public Services,2021,2.0
10899,Other Agricultural Public Services,2022,5.0
10899,Other Agricultural Public Services,2023,12.0
10899,Other Agricultural Public Services,2024,15.0
10901,General Animal Sciences,2012,383.0
10901,General Animal Sciences,2013,393.0
10901,General Animal Sciences,2014,389.0
10901,General Animal Sciences,2015,381.0
10901,General Animal Sciences,2016,411.0
10901,General Animal Sciences,2017,448.0
10901,General Animal Sciences,2018,418.0
10901,General Animal Sciences,2019,418.0
10901,General Animal Sciences,2020,417.0
10901,General Animal Sciences,2021,365.0
10901,General Animal Sciences,2022,394.0
10901,General Animal Sciences,2023,434.0
10901,General Animal Sciences,2024,452.0
10902,Agricultural Animal Breeding,2012,11.0
10902,Agricultural Animal Breeding,2013,0.0
10902,Agricultural Animal Breeding,2014,5.0
10902,Agricultural Animal Breeding,2015,10.0
10902,Agricultural Animal Breeding,2016,7.0
10902,Agricultural Animal Breeding,2017,5.0
10902,Agricultural Animal Breeding,2018,4.0
10902,Agricultural Animal Breeding,2019,8.0
10902,Agricultural Animal Breeding,2020,8.0
10902,Agricultural Animal Breeding,2021,5.0
10902,Agricultural Animal Breeding,2022,3.0
10902,Agricultural Animal Breeding,2023,3.0
10902,Agricultural Animal Breeding,2024,8.0
10903,Animal Health,2012,8.0
10903,Animal Health,2013,5.0
10903,Animal Health,2014,2.0
10903,Animal Health,2015,2.0
10903,Animal Health,2016,2.0
10903,Animal Health,2017,1.0
10903,Animal Health,2018,1.0
10903,Animal Health,2019,0.0
10903,Animal Health,2020,2.0
10903,Animal Health,2021,0.0
10903,Animal Health,2022,4.0
10903,Animal Health,2023,8.0
10903,Animal Health,2024,32.0
10905,Dairy Science,2012,15.0
10905,Dairy Science,2013,8.0
10905,Dairy Science,2014,10.0
10905,Dairy Science,2015,9.0
10905,Dairy Science,2016,29.0
10905,Dairy Science,2017,20.0
10905,Dairy Science,2018,33.0
10905,Dairy Science,2019,20.0
10905,Dairy Science,2020,20.0
10905,Dairy Science,2021,10.0
10905,Dairy Science,2022,6.0
10905,Dairy Science,2023,8.0
10905,Dairy Science,2024,10.0
10906,Livestock Management,2012,1.0
10906,Livestock Management,2013,2.0
10906,Livestock Management,2014,1.0
10906,Livestock Management,2015,3.0
10906,Livestock Management,2016,2.0
10906,Livestock Management,2017,1.0
10906,Livestock Management,2018,2.0
10906,Livestock Management,2019,4.0
10906,Livestock Management,2020,1.0
10906,Livestock Management,2021,2.0
10906,Livestock Management,2022,2.0
10906,Livestock Management,2023,2.0
10906,Livestock Management,2024,3.0
10907,Poultry Science,2012,17.0
10907,Poultry Science,2013,18.0
10907,Poultry Science,2014,15.0
10907,Poultry Science,2015,15.0
10907,Poultry Science,2016,19.0
10907,Poultry Science,2017,32.0
10907,Poultry Science,2018,17.0
10907,Poultry Science,2019,22.0
10907,Poultry Science,2020,18.0
10907,Poultry Science,2021,17.0
10907,Poultry Science,2022,25.0
10907,Poultry Science,2023,24.0
10907,Poultry Science,2024,25.0
10999,Other Animal Science,2012,3.0
10999,Other Animal Science,2013,7.0
10999,Other Animal Science,2014,4.0
10999,Other Animal Science,2015,2.0
10999,Other Animal Science,2016,5.0
10999,Other Animal Science,2017,3.0
10999,Other Animal Science,2018,4.0
10999,Other Animal Science,2019,28.0
10999,Other Animal Science,2020,20.0
10999,Other Animal Science,2021,6.0
10999,Other Animal Science,2022,2.0
10999,Other Animal Science,2023,5.0
10999,Other Animal Science,2024,1.0
11001,Food Science,2012,351.0
11001,Food Science,2013,386.0
11001,Food Science,2014,447.0
11001,Food Science,2015,434.0
11001,Food Science,2016,416.0
11001,Food Science,2017,441.0
11001,Food Science,2018,451.0
11001,Food Science,2019,482.0
11001,Food Science,2020,441.0
11001,Food Science,2021,440.0
11001,Food Science,2022,445.0
11001,Food Science,2023,408.0
11001,Food Science,2024,438.0
11002,Food Technology & Processing,2012,3.0
11002,Food Technology & Processing,2013,11.0
11002,Food Technology & Processing,2014,16.0
11002,Food Technology & Processing,2015,17.0
11002,Food Technology & Processing,2016,14.0
11002,Food Technology & Processing,2017,19.0
11002,Food Technology & Processing,2018,10.0
11002,Food Technology & Processing,2019,15.0
11002,Food Technology & Processing,2020,23.0
11002,Food Technology & Processing,2021,16.0
11002,Food Technology & Processing,2022,19.0
11002,Food Technology & Processing,2023,22.0
11002,Food Technology & Processing,2024,21.0
11003,Brewing Science,2024,11.0
11004,Viticulture And Enology,2020,0.0
11004,Viticulture And Enology,2021,0.0
11004,Viticulture And Enology,2022,0.0
11004,Viticulture And Enology,2023,0.0
11004,Viticulture And Enology,2024,0.0
11099,Other Food Science & Technology,2012,40.0
11099,Other Food Science & Technology,2013,33.0
11099,Other Food Science & Technology,2014,23.0
11099,Other Food Science & Technology,2015,35.0
11099,Other Food Science & Technology,2016,33.0
11099,Other Food Science & Technology,2017,32.0
11099,Other Food Science & Technology,2018,36.0
11099,Other Food Science & Technology,2019,36.0
11099,Other Food Science & Technology,2020,43.0
11099,Other Food Science & Technology,2021,36.0
11099,Other Food Science & Technology,2022,53.0
11099,Other Food Science & Technology,2023,26.0
11099,Other Food Science & Technology,2024,52.0
11101,General Plant Sciences,2012,72.0
11101,General Plant Sciences,2013,86.0
11101,General Plant Sciences,2014,105.0
11101,General Plant Sciences,2015,92.0
11101,General Plant Sciences,2016,94.0
11101,General Plant Sciences,2017,97.0
11101,General Plant Sciences,2018,88.0
11101,General Plant Sciences,2019,121.0
11101,General Plant Sciences,2020,98.0
11101,General Plant Sciences,2021,102.0
11101,General Plant Sciences,2022,98.0
11101,General Plant Sciences,2023,102.0
11101,General Plant Sciences,2024,96.0
11102,Agronomy & Crop Science,2012,202.0
11102,Agronomy & Crop Science,2013,209.0
11102,Agronomy & Crop Science,2014,216.0
11102,Agronomy & Crop Science,2015,187.0
11102,Agronomy & Crop Science,2016,204.0
11102,Agronomy & Crop Science,2017,231.0
11102,Agronomy & Crop Science,2018,282.0
11102,Agronomy & Crop Science,2019,261.0
11102,Agronomy & Crop Science,2020,227.0
11102,Agronomy & Crop Science,2021,221.0
11102,Agronomy & Crop Science,2022,191.0
11102,Agronomy & Crop Science,2023,212.0
11102,Agronomy & Crop Science,2024,223.0
11103,Horticultural Science,2012,99.0
11103,Horticultural Science,2013,109.0
11103,Horticultural Science,2014,90.0
11103,Horticultural Science,2015,105.0
11103,Horticultural Science,2016,100.0
11103,Horticultural Science,2017,104.0
11103,Horticultural Science,2018,140.0
11103,Horticultural Science,2019,110.0
11103,Horticultural Science,2020,140.0
11103,Horticultural Science,2021,117.0
11103,Horticultural Science,2022,121.0
11103,Horticultural Science,2023,138.0
11103,Horticultural Science,2024,167.0
11104,Agricultural & Horticultural Plant Breeding,2012,37.0
11104,Agricultural & Horticultural Plant Breeding,2013,25.0
11104,Agricultural & Horticultural Plant Breeding,2014,11.0
11104,Agricultural & Horticultural Plant Breeding,2015,19.0
11104,Agricultural & Horticultural Plant Breeding,2016,29.0
11104,Agricultural & Horticultural Plant Breeding,2017,21.0
11104,Agricultural & Horticultural Plant Breeding,2018,25.0
11104,Agricultural & Horticultural Plant Breeding,2019,20.0
11104,Agricultural & Horticultural Plant Breeding,2020,23.0
11104,Agricultural & Horticultural Plant Breeding,2021,27.0
11104,Agricultural & Horticultural Plant Breeding,2022,15.0
11104,Agricultural & Horticultural Plant Breeding,2023,17.0
11104,Agricultural & Horticultural Plant Breeding,2024,16.0
11105,Plant Protection & Integrated Pest Management,2012,19.0
11105,Plant Protection & Integrated Pest Management,2013,25.0
11105,Plant Protection & Integrated Pest Management,2014,23.0
11105,Plant Protection & Integrated Pest Management,2015,20.0
11105,Plant Protection & Integrated Pest Management,2016,29.0
11105,Plant Protection & Integrated Pest Management,2017,50.0
11105,Plant Protection & Integrated Pest Management,2018,30.0
11105,Plant Protection & Integrated Pest Management,2019,42.0
11105,Plant Protection & Integrated Pest Management,2020,36.0
11105,Plant Protection & Integrated Pest Management,2021,39.0
11105,Plant Protection & Integrated Pest Management,2022,41.0
11105,Plant Protection & Integrated Pest Management,2023,35.0
11105,Plant Protection & Integrated Pest Management,2024,36.0
11106,Range Science & Management,2012,45.0
11106,Range Science & Management,2013,43.0
11106,Range Science & Management,2014,33.0
11106,Range Science & Management,2015,30.0
11106,Range Science & Management,2016,28.0
11106,Range Science & Management,2017,34.0
11106,Range Science & Management,2018,37.0
11106,Range Science & Management,2019,27.0
11106,Range Science & Management,2020,27.0
11106,Range Science & Management,2021,24.0
11106,Range Science & Management,2022,30.0
11106,Range Science & Management,2023,37.0
11106,Range Science & Management,2024,15.0
11199,Other Plant Sciences,2012,48.0
11199,Other Plant Sciences,2013,50.0
11199,Other Plant Sciences,2014,54.0
11199,Other Plant Sciences,2015,51.0
11199,Other Plant Sciences,2016,60.0
11199,Other Plant Sciences,2017,50.0
11199,Other Plant Sciences,2018,61.0
11199,Other Plant Sciences,2019,56.0
11199,Other Plant Sciences,2020,63.0
11199,Other Plant Sciences,2021,64.0
11199,Other Plant Sciences,2022,60.0
11199,Other Plant Sciences,2023,71.0
11199,Other Plant Sciences,2024,64.0
11201,General Soil Science & Agronomy,2012,127.0
11201,General Soil Science & Agronomy,2013,125.0
11201,General Soil Science & Agronomy,2014,108.0
11201,General Soil Science & Agronomy,2015,107.0
11201,General Soil Science & Agronomy,2016,123.0
11201,General Soil Science & Agronomy,2017,107.0
11201,General Soil Science & Agronomy,2018,92.0
11201,General Soil Science & Agronomy,2019,93.0
11201,General Soil Science & Agronomy,2020,101.0
11201,General Soil Science & Agronomy,2021,84.0
11201,General Soil Science & Agronomy,2022,94.0
11201,General Soil Science & Agronomy,2023,102.0
11201,General Soil Science & Agronomy,2024,104.0
11202,Soil Chemistry & Physics,2012,5.0
11202,Soil Chemistry & Physics,2013,6.0
11202,Soil Chemistry & Physics,2014,0.0
11202,Soil Chemistry & Physics,2015,4.0
11202,Soil Chemistry & Physics,2016,4.0
11202,Soil Chemistry & Physics,2017,2.0
11202,Soil Chemistry & Physics,2018,1.0
11202,Soil Chemistry & Physics,2019,1.0
11202,Soil Chemistry & Physics,2020,4.0
11202,Soil Chemistry & Physics,2021,1.0
11202,Soil Chemistry & Physics,2022,4.0
11202,Soil Chemistry & Physics,2023,5.0
11202,Soil Chemistry & Physics,2024,2.0
11299,Other Soil Sciences,2012,12.0
11299,Other Soil Sciences,2013,11.0
11299,Other Soil Sciences,2014,13.0
11299,Other Soil Sciences,2015,16.0
11299,Other Soil Sciences,2016,12.0
11299,Other Soil Sciences,2017,7.0
11299,Other Soil Sciences,2018,8.0
11299,Other Soil Sciences,2019,7.0
11299,Other Soil Sciences,2020,12.0
11299,Other Soil Sciences,2021,14.0
11299,Other Soil Sciences,2022,5.0
11299,Other Soil Sciences,2023,10.0
11299,Other Soil Sciences,2024,14.0
11302,Pre-Veterinary Studies,2022,0.0
11302,Pre-Veterinary Studies,2023,0.0
11302,Pre-Veterinary Studies,2024,0.0
18101,"Veterinary Sciences/Veterinary Clinical Sciences, General",2020,130.0
18101,"Veterinary Sciences/Veterinary Clinical Sciences, General",2021,177.0
18101,"Veterinary Sciences/Veterinary Clinical Sciences, General",2022,211.0
18101,"Veterinary Sciences/Veterinary Clinical Sciences, General",2023,159.0
18101,"Veterinary Sciences/Veterinary Clinical Sciences, General",2024,175.0
18102,Comparative And Laboratory Animal Medicine,2020,48.0
18102,Comparative And Laboratory Animal Medicine,2021,51.0
18102,Comparative And Laboratory Animal Medicine,2022,48.0
18102,Comparative And Laboratory Animal Medicine,2023,41.0
18102,Comparative And Laboratory Animal Medicine,2024,49.0
18103,Large Animal/Food Animal And Equine Surgery And Medicine,2020,1.0
18103,Large Animal/Food Animal And Equine Surgery And Medicine,2021,0.0
18103,Large Animal/Food Animal And Equine Surgery And Medicine,2022,1.0
18103,Large Animal/Food Animal And Equine Surgery And Medicine,2023,1.0
18103,Large Animal/Food Animal And Equine Surgery And Medicine,2024,0.0
18104,Small/Companion Animal Surgery And Medicine,2020,5.0
18104,Small/Companion Animal Surgery And Medicine,2021,6.0
18104,Small/Companion Animal Surgery And Medicine,2022,5.0
18104,Small/Companion Animal Surgery And Medicine,2023,8.0
18104,Small/Companion Animal Surgery And Medicine,2024,3.0
18106,Veterinary Infectious Diseases,2020,20.0
18106,Veterinary Infectious Diseases,2021,21.0
18106,Veterinary Infectious Diseases,2022,20.0
18106,Veterinary Infectious Diseases,2023,22.0
18106,Veterinary Infectious Diseases,2024,19.0
18107,Veterinary Microbiology And Immunobiology,2020,3.0
18107,Veterinary Microbiology And Immunobiology,2021,2.0
18107,Veterinary Microbiology And Immunobiology,2022,1.0
18107,Veterinary Microbiology And Immunobiology,2023,2.0
18107,Veterinary Microbiology And Immunobiology,2024,4.0
18108,Veterinary Pathology And Pathobiology,2020,12.0
18108,Veterinary Pathology And Pathobiology,2021,11.0
18108,Veterinary Pathology And Pathobiology,2022,12.0
18108,Veterinary Pathology And Pathobiology,2023,15.0
18108,Veterinary Pathology And Pathobiology,2024,18.0
18110,"Veterinary Preventive Medicine, Epidemiology, And Public Health",2020,17.0
18110,"Veterinary Preventive Medicine, Epidemiology, And Public Health",2021,21.0
18110,"Veterinary Preventive Medicine, Epidemiology, And Public Health",2022,22.0
18110,"Veterinary Preventive Medicine, Epidemiology, And Public Health",2023,31.0
18110,"Veterinary Preventive Medicine, Epidemiology, And Public Health",2024,25.0
18199,"Veterinary Biomedical And Clinical Sciences, Other",2024,0.0
18301,Veterinary/Animal Health Technology/Technician And Veterinary Assistant,2020,0.0
18301,Veterinary/Animal Health Technology/Technician And Veterinary Assistant,2021,0.0
18301,Veterinary/Animal Health Technology/Technician And Veterinary Assistant,2022,0.0
19999,"Other Agriculture, Operations, & Related Sciences",2012,31.0
19999,"Other Agriculture, Operations, & Related Sciences",2013,25.0
19999,"Other Agriculture, Operations, & Related Sciences",2014,33.0
19999,"Other Agriculture, Operations, & Related Sciences",2015,32.0
19999,"Other Agriculture, Operations, & Related Sciences",2016,41.0
19999,"Other Agriculture, Operations, & Related Sciences",2017,31.0
19999,"Other Agriculture, Operations, & Related Sciences",2018,49.0
19999,"Other Agriculture, Operations, & Related Sciences",2019,42.0
19999,"Other Agriculture, Operations, & Related Sciences",2020,74.0
19999,"Other Agriculture, Operations, & Related Sciences",2021,94.0
19999,"Other Agriculture, Operations, & Related Sciences",2022,104.0
19999,"Other Agriculture, Operations, & Related Sciences",2023,104.0
19999,"Other Agriculture, Operations, & Related Sciences",2024,122.0
30101,General Natural Resources & Conservation,2012,588.0
30101,General Natural Resources & Conservation,2013,605.0
30101,General Natural Resources & Conservation,2014,602.0
30101,General Natural Resources & Conservation,2015,452.0
30101,General Natural Resources & Conservation,2016,422.0
30101,General Natural Resources & Conservation,2017,653.0
30101,General Natural Resources & Conservation,2018,582.0
30101,General Natural Resources & Conservation,2019,677.0
30101,General Natural Resources & Conservation,2020,679.0
30101,General Natural Resources & Conservation,2021,721.0
30101,General Natural Resources & Conservation,2022,790.0
30101,General Natural Resources & Conservation,2023,919.0
30101,General Natural Resources & Conservation,2024,765.0
30103,Environmental Studies,2012,789.0
30103,Environmental Studies,2013,834.0
30103,Environmental Studies,2014,962.0
30103,Environmental Studies,2015,1084.0
30103,Environmental Studies,2016,1158.0
30103,Environmental Studies,2017,949.0
30103,Environmental Studies,2018,1316.0
30103,Environmental Studies,2019,1300.0
30103,Environmental Studies,2020,1367.0
30103,Environmental Studies,2021,1355.0
30103,Environmental Studies,2022,1513.0
30103,Environmental Studies,2023,1614.0
30103,Environmental Studies,2024,1527.0
30104,Environmental Science,2012,965.0
30104,Environmental Science,2013,1102.0
30104,Environmental Science,2014,1037.0
30104,Environmental Science,2015,962.0
30104,Environmental Science,2016,1019.0
30104,Environmental Science,2017,937.0
30104,Environmental Science,2018,908.0
30104,Environmental Science,2019,941.0
30104,Environmental Science,2020,927.0
30104,Environmental Science,2021,978.0
30104,Environmental Science,2022,1059.0
30104,Environmental Science,2023,1117.0
30104,Environmental Science,2024,1238.0
30199,Other Conservation & Natural Resource Research,2012,44.0
30199,Other Conservation & Natural Resource Research,2013,48.0
30199,Other Conservation & Natural Resource Research,2014,83.0
30199,Other Conservation & Natural Resource Research,2015,70.0
30199,Other Conservation & Natural Resource Research,2016,60.0
30199,Other Conservation & Natural Resource Research,2017,71.0
30199,Other Conservation & Natural Resource Research,2018,91.0
30199,Other Conservation & Natural Resource Research,2019,80.0
30199,Other Conservation & Natural Resource Research,2020,89.0
30199,Other Conservation & Natural Resource Research,2021,82.0
30199,Other Conservation & Natural Resource Research,2022,108.0
30199,Other Conservation & Natural Resource Research,2023,78.0
30199,Other Conservation & Natural Resource Research,2024,97.0
30201,Natural Resource Management & Policy,2012,580.0
30201,Natural Resource Management & Policy,2013,467.0
30201,Natural Resource Management & Policy,2014,434.0
30201,Natural Resource Management & Policy,2015,486.0
30201,Natural Resource Management & Policy,2016,526.0
30201,Natural Resource Management & Policy,2017,513.0
30201,Natural Resource Management & Policy,2018,504.0
30201,Natural Resource Management & Policy,2019,546.0
30201,Natural Resource Management & Policy,2020,526.0
30201,Natural Resource Management & Policy,2021,565.0
30201,Natural Resource Management & Policy,2022,659.0
30201,Natural Resource Management & Policy,2023,680.0
30201,Natural Resource Management & Policy,2024,684.0
30204,Natural Resource Economics,2012,18.0
30204,Natural Resource Economics,2013,8.0
30204,Natural Resource Economics,2014,9.0
30204,Natural Resource Economics,2015,8.0
30204,Natural Resource Economics,2016,14.0
30204,Natural Resource Economics,2017,9.0
30204,Natural Resource Economics,2018,8.0
30204,Natural Resource Economics,2019,8.0
30204,Natural Resource Economics,2020,7.0
30204,Natural Resource Economics,2021,6.0
30204,Natural Resource Economics,2022,6.0
30204,Natural Resource Economics,2023,19.0
30204,Natural Resource Economics,2024,9.0
30205,"Water, Wetlands, & Marine Resource Management",2012,62.0
30205,"Water, Wetlands, & Marine Resource Management",2013,98.0
30205,"Water, Wetlands, & Marine Resource Management",2014,146.0
30205,"Water, Wetlands, & Marine Resource Management",2015,143.0
30205,"Water, Wetlands, & Marine Resource Management",2016,148.0
30205,"Water, Wetlands, & Marine Resource Management",2017,157.0
30205,"Water, Wetlands, & Marine Resource Management",2018,171.0
30205,"Water, Wetlands, & Marine Resource Management",2019,191.0
30205,"Water, Wetlands, & Marine Resource Management",2020,147.0
30205,"Water, Wetlands, & Marine Resource Management",2021,120.0
30205,"Water, Wetlands, & Marine Resource Management",2022,186.0
30205,"Water, Wetlands, & Marine Resource Management",2023,205.0
30205,"Water, Wetlands, & Marine Resource Management",2024,187.0
30206,"Land Use Planning, Management, & Development",2012,78.0
30206,"Land Use Planning, Management, & Development",2013,46.0
30206,"Land Use Planning, Management, & Development",2014,52.0
30206,"Land Use Planning, Management, & Development",2015,56.0
30206,"Land Use Planning, Management, & Development",2016,46.0
30206,"Land Use Planning, Management, & Development",2017,42.0
30206,"Land Use Planning, Management, & Development",2018,44.0
30206,"Land Use Planning, Management, & Development",2019,49.0
30206,"Land Use Planning, Management, & Development",2020,39.0
30206,"Land Use Planning, Management, & Development",2021,31.0
30206,"Land Use Planning, Management, & Development",2022,39.0
30206,"Land Use Planning, Management, & Development",2023,38.0
30206,"Land Use Planning, Management, & Development",2024,10.0
30207,Natural Resource Recreation & Tourism,2013,7.0
30207,Natural Resource Recreation & Tourism,2014,28.0
30207,Natural Resource Recreation & Tourism,2015,26.0
30207,Natural Resource Recreation & Tourism,2016,38.0
30207,Natural Resource Recreation & Tourism,2017,43.0
30207,Natural Resource Recreation & Tourism,2018,64.0
30207,Natural Resource Recreation & Tourism,2019,75.0
30207,Natural Resource Recreation & Tourism,2020,66.0
30207,Natural Resource Recreation & Tourism,2021,73.0
30207,Natural Resource Recreation & Tourism,2022,73.0
30207,Natural Resource Recreation & Tourism,2023,69.0
30207,Natural Resource Recreation & Tourism,2024,66.0
30208,Natural Resource Law Enforcement & Protective Services,2017,0.0
30208,Natural Resource Law Enforcement & Protective Services,2018,0.0
30208,Natural Resource Law Enforcement & Protective Services,2019,0.0
30208,Natural Resource Law Enforcement & Protective Services,2020,4.0
30208,Natural Resource Law Enforcement & Protective Services,2021,7.0
30208,Natural Resource Law Enforcement & Protective Services,2022,10.0
30208,Natural Resource Law Enforcement & Protective Services,2023,10.0
30208,Natural Resource Law Enforcement & Protective Services,2024,4.0
30209,Energy And Environmental Policy,2020,2.0
30209,Energy And Environmental Policy,2021,1.0
30209,Energy And Environmental Policy,2022,4.0
30209,Energy And Environmental Policy,2023,7.0
30209,Energy And Environmental Policy,2024,8.0
30299,Other Natural Resource Management & Policy,2012,25.0
30299,Other Natural Resource Management & Policy,2013,24.0
30299,Other Natural Resource Management & Policy,2014,11.0
30299,Other Natural Resource Management & Policy,2015,31.0
30299,Other Natural Resource Management & Policy,2016,25.0
30299,Other Natural Resource Management & Policy,2017,41.0
30299,Other Natural Resource Management & Policy,2018,25.0
30299,Other Natural Resource Management & Policy,2019,21.0
30299,Other Natural Resource Management & Policy,2020,21.0
30299,Other Natural Resource Management & Policy,2021,23.0
30299,Other Natural Resource Management & Policy,2022,20.0
30299,Other Natural Resource Management & Policy,2023,18.0
30299,Other Natural Resource Management & Policy,2024,14.0
30301,Fishing & Fisheries Sciences & Management,2012,68.0
30301,Fishing & Fisheries Sciences & Management,2013,50.0
30301,Fishing & Fisheries Sciences & Management,2014,36.0
30301,Fishing & Fisheries Sciences & Management,2015,49.0
30301,Fishing & Fisheries Sciences & Management,2016,38.0
30301,Fishing & Fisheries Sciences & Management,2017,72.0
30301,Fishing & Fisheries Sciences & Management,2018,41.0
30301,Fishing & Fisheries Sciences & Management,2019,53.0
30301,Fishing & Fisheries Sciences & Management,2020,43.0
30301,Fishing & Fisheries Sciences & Management,2021,41.0
30301,Fishing & Fisheries Sciences & Management,2022,60.0
30301,Fishing & Fisheries Sciences & Management,2023,42.0
30301,Fishing & Fisheries Sciences & Management,2024,48.0
30501,General Forestry,2012,296.0
30501,General Forestry,2013,136.0
30501,General Forestry,2014,141.0
30501,General Forestry,2015,149.0
30501,General Forestry,2016,121.0
30501,General Forestry,2017,148.0
30501,General Forestry,2018,137.0
30501,General Forestry,2019,129.0
30501,General Forestry,2020,102.0
30501,General Forestry,2021,95.0
30501,General Forestry,2022,96.0
30501,General Forestry,2023,89.0
30501,General Forestry,2024,155.0
30502,Forest Sciences & Biology,2012,103.0
30502,Forest Sciences & Biology,2013,129.0
30502,Forest Sciences & Biology,2014,126.0
30502,Forest Sciences & Biology,2015,108.0
30502,Forest Sciences & Biology,2016,137.0
30502,Forest Sciences & Biology,2017,127.0
30502,Forest Sciences & Biology,2018,122.0
30502,Forest Sciences & Biology,2019,127.0
30502,Forest Sciences & Biology,2020,102.0
30502,Forest Sciences & Biology,2021,111.0
30502,Forest Sciences & Biology,2022,132.0
30502,Forest Sciences & Biology,2023,123.0
30502,Forest Sciences & Biology,2024,135.0
30506,Forest Management,2012,47.0
30506,Forest Management,2013,45.0
30506,Forest Management,2014,50.0
30506,Forest Management,2015,52.0
30506,Forest Management,2016,43.0
30506,Forest Management,2017,60.0
30506,Forest Management,2018,36.0
30506,Forest Management,2019,49.0
30506,Forest Management,2020,32.0
30506,Forest Management,2021,42.0
30506,Forest Management,2022,51.0
30506,Forest Management,2023,43.0
30506,Forest Management,2024,22.0
30508,Urban Forestry,2012,2.0
30508,Urban Forestry,2013,9.0
30508,Urban Forestry,2014,8.0
30508,Urban Forestry,2015,8.0
30508,Urban Forestry,2016,5.0
30508,Urban Forestry,2017,3.0
30508,Urban Forestry,2018,13.0
30508,Urban Forestry,2019,6.0
30508,Urban Forestry,2020,3.0
30508,Urban Forestry,2021,5.0
30508,Urban Forestry,2022,1.0
30508,Urban Forestry,2023,18.0
30508,Urban Forestry,2024,4.0
30509,Wood Science & Paper Technology,2012,20.0
30509,Wood Science & Paper Technology,2013,24.0
30509,Wood Science & Paper Technology,2014,14.0
30509,Wood Science & Paper Technology,2015,13.0
30509,Wood Science & Paper Technology,2016,13.0
30509,Wood Science & Paper Technology,2017,14.0
30509,Wood Science & Paper Technology,2018,12.0
30509,Wood Science & Paper Technology,2019,19.0
30509,Wood Science & Paper Technology,2020,20.0
30509,Wood Science & Paper Technology,2021,13.0
30509,Wood Science & Paper Technology,2022,19.0
30509,Wood Science & Paper Technology,2023,12.0
30509,Wood Science & Paper Technology,2024,12.0
30510,Forest Resources Production & Management,2012,19.0
30510,Forest Resources Production & Management,2013,21.0
30510,Forest Resources Production & Management,2014,17.0
30510,Forest Resources Production & Management,2015,15.0
30510,Forest Resources Production & Management,2016,23.0
30510,Forest Resources Production & Management,2017,19.0
30510,Forest Resources Production & Management,2018,8.0
30510,Forest Resources Production & Management,2019,21.0
30510,Forest Resources Production & Management,2020,18.0
30510,Forest Resources Production & Management,2021,14.0
30510,Forest Resources Production & Management,2022,19.0
30510,Forest Resources Production & Management,2023,17.0
30510,Forest Resources Production & Management,2024,18.0
30599,Other Forestry,2012,26.0
30599,Other Forestry,2013,14.0
30599,Other Forestry,2014,13.0
30599,Other Forestry,2015,8.0
30599,Other Forestry,2016,12.0
30599,Other Forestry,2017,12.0
30599,Other Forestry,2018,6.0
30599,Other Forestry,2019,12.0
30599,Other Forestry,2020,17.0
30599,Other Forestry,2021,22.0
30599,Other Forestry,2022,13.0
30599,Other Forestry,2023,27.0
30599,Other Forestry,2024,5.0
30601,"Wildlife, Fish, & Wildlands Science",2012,152.0
30601,"Wildlife, Fish, & Wildlands Science",2013,152.0
30601,"Wildlife, Fish, & Wildlands Science",2014,150.0
30601,"Wildlife, Fish, & Wildlands Science",2015,148.0
30601,"Wildlife, Fish, & Wildlands Science",2016,142.0
30601,"Wildlife, Fish, & Wildlands Science",2017,136.0
30601,"Wildlife, Fish, & Wildlands Science",2018,157.0
30601,"Wildlife, Fish, & Wildlands Science",2019,175.0
30601,"Wildlife, Fish, & Wildlands Science",2020,160.0
30601,"Wildlife, Fish, & Wildlands Science",2021,200.0
30601,"Wildlife, Fish, & Wildlands Science",2022,203.0
30601,"Wildlife, Fish, & Wildlands Science",2023,228.0
30601,"Wildlife, Fish, & Wildlands Science",2024,226.0
39999,Other Natural Resource & Conservation,2012,10.0
39999,Other Natural Resource & Conservation,2013,14.0
39999,Other Natural Resource & Conservation,2014,26.0
39999,Other Natural Resource & Conservation,2015,34.0
39999,Other Natural Resource & Conservation,2016,23.0
39999,Other Natural Resource & Conservation,2017,6.0
39999,Other Natural Resource & Conservation,2018,15.0
39999,Other Natural Resource & Conservation,2019,8.0
39999,Other Natural Resource & Conservation,2020,7.0
39999,Other Natural Resource & Conservation,2021,16.0
39999,Other Natural Resource & Conservation,2022,19.0
39999,Other Natural Resource & Conservation,2023,26.0
39999,Other Natural Resource & Conservation,2024,11.0
40201,Architecture,2012,4585.0
40201,Architecture,2013,4346.0
40201,Architecture,2014,4314.0
40201,Architecture,2015,4301.0
40201,Architecture,2016,4071.0
40201,Architecture,2017,3231.0
40201,Architecture,2018,2645.0
40201,Architecture,2019,1780.0
40201,Architecture,2020,1087.0
40201,Architecture,2021,879.0
40201,Architecture,2022,794.0
40201,Architecture,2023,802.0
40201,Architecture,2024,661.0
40202,Architectural Design,2020,12.0
40202,Architectural Design,2021,24.0
40202,Architectural Design,2022,14.0
40202,Architectural Design,2023,3.0
40202,Architectural Design,2024,5.0
40301,"Urban, Community, & Regional Planning",2012,2470.0
40301,"Urban, Community, & Regional Planning",2013,2283.0
40301,"Urban, Community, & Regional Planning",2014,2239.0
40301,"Urban, Community, & Regional Planning",2015,2161.0
40301,"Urban, Community, & Regional Planning",2016,2157.0
40301,"Urban, Community, & Regional Planning",2017,2042.0
40301,"Urban, Community, & Regional Planning",2018,1683.0
40301,"Urban, Community, & Regional Planning",2019,1690.0
40301,"Urban, Community, & Regional Planning",2020,1475.0
40301,"Urban, Community, & Regional Planning",2021,1380.0
40301,"Urban, Community, & Regional Planning",2022,1266.0
40301,"Urban, Community, & Regional Planning",2023,1465.0
40301,"Urban, Community, & Regional Planning",2024,1433.0
40401,Environmental Design,2012,142.0
40401,Environmental Design,2013,127.0
40401,Environmental Design,2014,125.0
40401,Environmental Design,2015,112.0
40401,Environmental Design,2016,87.0
40401,Environmental Design,2017,102.0
40401,Environmental Design,2018,91.0
40401,Environmental Design,2019,70.0
40401,Environmental Design,2020,44.0
40401,Environmental Design,2021,29.0
40401,Environmental Design,2022,27.0
40401,Environmental Design,2023,16.0
40401,Environmental Design,2024,22.0
40402,Healthcare Environment Design/Architecture,2020,2.0
40402,Healthcare Environment Design/Architecture,2021,5.0
40402,Healthcare Environment Design/Architecture,2022,3.0
40402,Healthcare Environment Design/Architecture,2023,7.0
40402,Healthcare Environment Design/Architecture,2024,4.0
40403,Sustainable Design/Architecture,2020,1.0
40403,Sustainable Design/Architecture,2021,4.0
40403,Sustainable Design/Architecture,2022,10.0
40403,Sustainable Design/Architecture,2023,9.0
40403,Sustainable Design/Architecture,2024,2.0
40501,Interior Architecture,2012,184.0
40501,Interior Architecture,2013,168.0
40501,Interior Architecture,2014,205.0
40501,Interior Architecture,2015,214.0
40501,Interior Architecture,2016,210.0
40501,Interior Architecture,2017,173.0
40501,Interior Architecture,2018,144.0
40501,Interior Architecture,2019,169.0
40501,Interior Architecture,2020,152.0
40501,Interior Architecture,2021,168.0
40501,Interior Architecture,2022,130.0
40501,Interior Architecture,2023,128.0
40501,Interior Architecture,2024,96.0
40601,Landscape Architecture,2012,735.0
40601,Landscape Architecture,2013,782.0
40601,Landscape Architecture,2014,738.0
40601,Landscape Architecture,2015,712.0
40601,Landscape Architecture,2016,723.0
40601,Landscape Architecture,2017,715.0
40601,Landscape Architecture,2018,498.0
40601,Landscape Architecture,2019,414.0
40601,Landscape Architecture,2020,333.0
40601,Landscape Architecture,2021,281.0
40601,Landscape Architecture,2022,292.0
40601,Landscape Architecture,2023,276.0
40601,Landscape Architecture,2024,329.0
40801,General Architectural History & Criticism,2012,39.0
40801,General Architectural History & Criticism,2013,28.0
40801,General Architectural History & Criticism,2014,43.0
40801,General Architectural History & Criticism,2015,34.0
40801,General Architectural History & Criticism,2016,31.0
40801,General Architectural History & Criticism,2017,32.0
40801,General Architectural History & Criticism,2018,28.0
40801,General Architectural History & Criticism,2019,27.0
40801,General Architectural History & Criticism,2020,20.0
40801,General Architectural History & Criticism,2021,29.0
40801,General Architectural History & Criticism,2022,27.0
40801,General Architectural History & Criticism,2023,23.0
40801,General Architectural History & Criticism,2024,19.0
40802,Architectural Conservation,2020,5.0
40802,Architectural Conservation,2021,2.0
40802,Architectural Conservation,2022,5.0
40802,Architectural Conservation,2023,4.0
40802,Architectural Conservation,2024,7.0
40803,Architectural Studies,2020,1.0
40803,Architectural Studies,2021,1.0
40803,Architectural Studies,2022,3.0
40803,Architectural Studies,2023,2.0
40803,Architectural Studies,2024,2.0
40901,Architectural Technology,2017,4.0
40901,Architectural Technology,2018,9.0
40901,Architectural Technology,2019,63.0
40901,Architectural Technology,2020,4.0
40901,Architectural Technology,2021,6.0
40901,Architectural Technology,2022,3.0
40901,Architectural Technology,2023,12.0
40901,Architectural Technology,2024,9.0
40902,Architectural & Building Sciences & Technology,2012,71.0
40902,Architectural & Building Sciences & Technology,2013,58.0
40902,Architectural & Building Sciences & Technology,2014,85.0
40902,Architectural & Building Sciences & Technology,2015,229.0
40902,Architectural & Building Sciences & Technology,2016,421.0
40902,Architectural & Building Sciences & Technology,2017,1338.0
40902,Architectural & Building Sciences & Technology,2018,1907.0
40902,Architectural & Building Sciences & Technology,2019,2740.0
40902,Architectural & Building Sciences & Technology,2020,3332.0
40902,Architectural & Building Sciences & Technology,2021,3312.0
40902,Architectural & Building Sciences & Technology,2022,3695.0
40902,Architectural & Building Sciences & Technology,2023,4336.0
40902,Architectural & Building Sciences & Technology,2024,4482.0
40999,Other Architectural Sciences & Technology,2012,16.0
40999,Other Architectural Sciences & Technology,2013,15.0
41001,Real Estate Development,2012,146.0
41001,Real Estate Development,2013,226.0
41001,Real Estate Development,2014,232.0
41001,Real Estate Development,2015,221.0
41001,Real Estate Development,2016,259.0
41001,Real Estate Development,2017,261.0
41001,Real Estate Development,2018,292.0
41001,Real Estate Development,2019,344.0
41001,Real Estate Development,2020,312.0
41001,Real Estate Development,2021,207.0
41001,Real Estate Development,2022,447.0
41001,Real Estate Development,2023,337.0
41001,Real Estate Development,2024,298.0
49999,Other Architecture & Related Services,2012,117.0
49999,Other Architecture & Related Services,2013,114.0
49999,Other Architecture & Related Services,2014,113.0
49999,Other Architecture & Related Services,2015,94.0
49999,Other Architecture & Related Services,2016,88.0
49999,Other Architecture & Related Services,2017,40.0
49999,Other Architecture & Related Services,2018,46.0
49999,Other Architecture & Related Services,2019,77.0
49999,Other Architecture & Related Services,2020,57.0
49999,Other Architecture & Related Services,2021,23.0
49999,Other Architecture & Related Services,2022,51.0
49999,Other Architecture & Related Services,2023,18.0
49999,Other Architecture & Related Services,2024,13.0
50101,African Studies,2012,42.0
50101,African Studies,2013,50.0
50101,African Studies,2014,36.0
50101,African Studies,2015,45.0
50101,African Studies,2016,37.0
50101,African Studies,2017,32.0
50101,African Studies,2018,44.0
50101,African Studies,2019,26.0
50101,African Studies,2020,26.0
50101,African Studies,2021,24.0
50101,African Studies,2022,28.0
50101,African Studies,2023,30.0
50101,African Studies,2024,21.0
50102,American & U.S. Studies,2012,237.0
50102,American & U.S. Studies,2013,218.0
50102,American & U.S. Studies,2014,242.0
50102,American & U.S. Studies,2015,232.0
50102,American & U.S. Studies,2016,221.0
50102,American & U.S. Studies,2017,208.0
50102,American & U.S. Studies,2018,222.0
50102,American & U.S. Studies,2019,223.0
50102,American & U.S. Studies,2020,174.0
50102,American & U.S. Studies,2021,165.0
50102,American & U.S. Studies,2022,171.0
50102,American & U.S. Studies,2023,170.0
50102,American & U.S. Studies,2024,165.0
50103,Asian Studies,2012,104.0
50103,Asian Studies,2013,126.0
50103,Asian Studies,2014,111.0
50103,Asian Studies,2015,116.0
50103,Asian Studies,2016,115.0
50103,Asian Studies,2017,91.0
50103,Asian Studies,2018,84.0
50103,Asian Studies,2019,69.0
50103,Asian Studies,2020,81.0
50103,Asian Studies,2021,80.0
50103,Asian Studies,2022,55.0
50103,Asian Studies,2023,52.0
50103,Asian Studies,2024,69.0
50104,East Asian Studies,2012,146.0
50104,East Asian Studies,2013,167.0
50104,East Asian Studies,2014,172.0
50104,East Asian Studies,2015,178.0
50104,East Asian Studies,2016,214.0
50104,East Asian Studies,2017,192.0
50104,East Asian Studies,2018,165.0
50104,East Asian Studies,2019,170.0
50104,East Asian Studies,2020,170.0
50104,East Asian Studies,2021,157.0
50104,East Asian Studies,2022,149.0
50104,East Asian Studies,2023,193.0
50104,East Asian Studies,2024,166.0
50105,"Russian, Central European, East European, & Eurasian Studies",2012,30.0
50105,"Russian, Central European, East European, & Eurasian Studies",2013,43.0
50105,"Russian, Central European, East European, & Eurasian Studies",2014,33.0
50105,"Russian, Central European, East European, & Eurasian Studies",2015,44.0
50105,"Russian, Central European, East European, & Eurasian Studies",2016,43.0
50105,"Russian, Central European, East European, & Eurasian Studies",2017,48.0
50105,"Russian, Central European, East European, & Eurasian Studies",2018,29.0
50105,"Russian, Central European, East European, & Eurasian Studies",2019,51.0
50105,"Russian, Central European, East European, & Eurasian Studies",2020,36.0
50105,"Russian, Central European, East European, & Eurasian Studies",2021,36.0
50105,"Russian, Central European, East European, & Eurasian Studies",2022,36.0
50105,"Russian, Central European, East European, & Eurasian Studies",2023,35.0
50105,"Russian, Central European, East European, & Eurasian Studies",2024,36.0
50106,European Studies,2012,36.0
50106,European Studies,2013,31.0
50106,European Studies,2014,30.0
50106,European Studies,2015,18.0
50106,European Studies,2016,26.0
50106,European Studies,2017,19.0
50106,European Studies,2018,19.0
50106,European Studies,2019,20.0
50106,European Studies,2020,25.0
50106,European Studies,2021,18.0
50106,European Studies,2022,22.0
50106,European Studies,2023,22.0
50106,European Studies,2024,11.0
50107,Latin American Studies,2012,276.0
50107,Latin American Studies,2013,276.0
50107,Latin American Studies,2014,232.0
50107,Latin American Studies,2015,257.0
50107,Latin American Studies,2016,297.0
50107,Latin American Studies,2017,238.0
50107,Latin American Studies,2018,202.0
50107,Latin American Studies,2019,150.0
50107,Latin American Studies,2020,151.0
50107,Latin American Studies,2021,138.0
50107,Latin American Studies,2022,176.0
50107,Latin American Studies,2023,152.0
50107,Latin American Studies,2024,148.0
50108,Near & Middle Eastern Studies,2012,173.0
50108,Near & Middle Eastern Studies,2013,160.0
50108,Near & Middle Eastern Studies,2014,168.0
50108,Near & Middle Eastern Studies,2015,204.0
50108,Near & Middle Eastern Studies,2016,162.0
50108,Near & Middle Eastern Studies,2017,158.0
50108,Near & Middle Eastern Studies,2018,159.0
50108,Near & Middle Eastern Studies,2019,146.0
50108,Near & Middle Eastern Studies,2020,149.0
50108,Near & Middle Eastern Studies,2021,117.0
50108,Near & Middle Eastern Studies,2022,122.0
50108,Near & Middle Eastern Studies,2023,116.0
50108,Near & Middle Eastern Studies,2024,98.0
50109,Pacific Area Studies,2012,6.0
50109,Pacific Area Studies,2013,1.0
50109,Pacific Area Studies,2014,7.0
50109,Pacific Area Studies,2015,5.0
50109,Pacific Area Studies,2016,5.0
50109,Pacific Area Studies,2017,9.0
50109,Pacific Area Studies,2018,2.0
50109,Pacific Area Studies,2019,8.0
50109,Pacific Area Studies,2020,7.0
50109,Pacific Area Studies,2021,6.0
50109,Pacific Area Studies,2022,6.0
50109,Pacific Area Studies,2023,1.0
50109,Pacific Area Studies,2024,6.0
50110,Russian Studies,2012,49.0
50110,Russian Studies,2013,50.0
50110,Russian Studies,2014,48.0
50110,Russian Studies,2015,43.0
50110,Russian Studies,2016,34.0
50110,Russian Studies,2017,33.0
50110,Russian Studies,2018,39.0
50110,Russian Studies,2019,43.0
50110,Russian Studies,2020,23.0
50110,Russian Studies,2021,42.0
50110,Russian Studies,2022,18.0
50110,Russian Studies,2023,30.0
50110,Russian Studies,2024,27.0
50111,Scandinavian Studies,2012,3.0
50111,Scandinavian Studies,2013,4.0
50111,Scandinavian Studies,2014,3.0
50111,Scandinavian Studies,2015,0.0
50111,Scandinavian Studies,2016,3.0
50111,Scandinavian Studies,2017,2.0
50111,Scandinavian Studies,2018,4.0
50111,Scandinavian Studies,2019,5.0
50111,Scandinavian Studies,2020,4.0
50111,Scandinavian Studies,2021,2.0
50111,Scandinavian Studies,2022,0.0
50111,Scandinavian Studies,2023,3.0
50111,Scandinavian Studies,2024,1.0
50112,South Asian Studies,2012,8.0
50112,South Asian Studies,2013,11.0
50112,South Asian Studies,2014,17.0
50112,South Asian Studies,2015,23.0
50112,South Asian Studies,2016,13.0
50112,South Asian Studies,2017,15.0
50112,South Asian Studies,2018,10.0
50112,South Asian Studies,2019,5.0
50112,South Asian Studies,2020,11.0
50112,South Asian Studies,2021,13.0
50112,South Asian Studies,2022,10.0
50112,South Asian Studies,2023,9.0
50112,South Asian Studies,2024,11.0
50113,Southeast Asian Studies,2012,17.0
50113,Southeast Asian Studies,2013,20.0
50113,Southeast Asian Studies,2014,20.0
50113,Southeast Asian Studies,2015,11.0
50113,Southeast Asian Studies,2016,11.0
50113,Southeast Asian Studies,2017,12.0
50113,Southeast Asian Studies,2018,6.0
50113,Southeast Asian Studies,2019,8.0
50113,Southeast Asian Studies,2020,8.0
50113,Southeast Asian Studies,2021,6.0
50113,Southeast Asian Studies,2022,10.0
50113,Southeast Asian Studies,2023,7.0
50113,Southeast Asian Studies,2024,7.0
50114,Western European Studies,2012,60.0
50114,Western European Studies,2013,60.0
50114,Western European Studies,2014,35.0
50114,Western European Studies,2015,26.0
50114,Western European Studies,2016,32.0
50114,Western European Studies,2017,32.0
50114,Western European Studies,2018,33.0
50114,Western European Studies,2019,35.0
50114,Western European Studies,2020,39.0
50114,Western European Studies,2021,33.0
50114,Western European Studies,2022,40.0
50114,Western European Studies,2023,41.0
50114,Western European Studies,2024,44.0
50115,Canadian Studies,2016,1.0
50115,Canadian Studies,2017,0.0
50115,Canadian Studies,2018,4.0
50115,Canadian Studies,2019,2.0
50115,Canadian Studies,2020,4.0
50115,Canadian Studies,2021,2.0
50115,Canadian Studies,2022,0.0
50115,Canadian Studies,2023,0.0
50115,Canadian Studies,2024,0.0
50118,Slavic Studies,2012,3.0
50118,Slavic Studies,2013,1.0
50118,Slavic Studies,2014,1.0
50118,Slavic Studies,2015,0.0
50118,Slavic Studies,2016,0.0
50118,Slavic Studies,2017,3.0
50118,Slavic Studies,2018,5.0
50118,Slavic Studies,2019,1.0
50118,Slavic Studies,2020,2.0
50118,Slavic Studies,2021,1.0
50118,Slavic Studies,2022,1.0
50118,Slavic Studies,2023,0.0
50118,Slavic Studies,2024,0.0
50120,Ural-Altaic & Central Asian Studies,2012,11.0
50120,Ural-Altaic & Central Asian Studies,2013,13.0
50120,Ural-Altaic & Central Asian Studies,2014,9.0
50120,Ural-Altaic & Central Asian Studies,2015,4.0
50120,Ural-Altaic & Central Asian Studies,2016,9.0
50120,Ural-Altaic & Central Asian Studies,2017,10.0
50120,Ural-Altaic & Central Asian Studies,2018,4.0
50120,Ural-Altaic & Central Asian Studies,2019,11.0
50120,Ural-Altaic & Central Asian Studies,2020,7.0
50120,Ural-Altaic & Central Asian Studies,2021,4.0
50120,Ural-Altaic & Central Asian Studies,2022,2.0
50120,Ural-Altaic & Central Asian Studies,2023,4.0
50120,Ural-Altaic & Central Asian Studies,2024,7.0
50122,"Regional Studies (U.S., Canadian, Foreign)",2012,27.0
50122,"Regional Studies (U.S., Canadian, Foreign)",2013,28.0
50122,"Regional Studies (U.S., Canadian, Foreign)",2014,24.0
50122,"Regional Studies (U.S., Canadian, Foreign)",2015,30.0
50122,"Regional Studies (U.S., Canadian, Foreign)",2016,19.0
50122,"Regional Studies (U.S., Canadian, Foreign)",2017,30.0
50122,"Regional Studies (U.S., Canadian, Foreign)",2018,14.0
50122,"Regional Studies (U.S., Canadian, Foreign)",2019,17.0
50122,"Regional Studies (U.S., Canadian, Foreign)",2020,12.0
50122,"Regional Studies (U.S., Canadian, Foreign)",2021,496.0
50122,"Regional Studies (U.S., Canadian, Foreign)",2022,383.0
50122,"Regional Studies (U.S., Canadian, Foreign)",2023,428.0
50122,"Regional Studies (U.S., Canadian, Foreign)",2024,371.0
50123,Chinese Studies,2012,18.0
50123,Chinese Studies,2013,21.0
50123,Chinese Studies,2014,14.0
50123,Chinese Studies,2015,13.0
50123,Chinese Studies,2016,10.0
50123,Chinese Studies,2017,15.0
50123,Chinese Studies,2018,9.0
50123,Chinese Studies,2019,6.0
50123,Chinese Studies,2020,8.0
50123,Chinese Studies,2021,9.0
50123,Chinese Studies,2022,3.0
50123,Chinese Studies,2023,6.0
50123,Chinese Studies,2024,7.0
50124,French Studies,2012,4.0
50124,French Studies,2013,4.0
50124,French Studies,2014,18.0
50124,French Studies,2015,24.0
50124,French Studies,2016,22.0
50124,French Studies,2017,17.0
50124,French Studies,2018,16.0
50124,French Studies,2019,14.0
50124,French Studies,2020,27.0
50124,French Studies,2021,21.0
50124,French Studies,2022,25.0
50124,French Studies,2023,18.0
50124,French Studies,2024,27.0
50125,German Studies,2012,8.0
50125,German Studies,2013,14.0
50125,German Studies,2014,12.0
50125,German Studies,2015,8.0
50125,German Studies,2016,8.0
50125,German Studies,2017,4.0
50125,German Studies,2018,6.0
50125,German Studies,2019,4.0
50125,German Studies,2020,9.0
50125,German Studies,2021,8.0
50125,German Studies,2022,9.0
50125,German Studies,2023,9.0
50125,German Studies,2024,6.0
50126,Italian Studies,2012,15.0
50126,Italian Studies,2013,14.0
50126,Italian Studies,2014,12.0
50126,Italian Studies,2015,18.0
50126,Italian Studies,2016,17.0
50126,Italian Studies,2017,18.0
50126,Italian Studies,2018,17.0
50126,Italian Studies,2019,12.0
50126,Italian Studies,2020,12.0
50126,Italian Studies,2021,9.0
50126,Italian Studies,2022,7.0
50126,Italian Studies,2023,12.0
50126,Italian Studies,2024,6.0
50127,Japanese Studies,2012,7.0
50127,Japanese Studies,2013,3.0
50127,Japanese Studies,2014,5.0
50127,Japanese Studies,2015,9.0
50127,Japanese Studies,2016,1.0
50127,Japanese Studies,2017,5.0
50127,Japanese Studies,2018,4.0
50127,Japanese Studies,2019,5.0
50127,Japanese Studies,2020,5.0
50127,Japanese Studies,2021,3.0
50127,Japanese Studies,2022,4.0
50127,Japanese Studies,2023,5.0
50127,Japanese Studies,2024,3.0
50128,Korean Studies,2012,4.0
50128,Korean Studies,2013,7.0
50128,Korean Studies,2014,4.0
50128,Korean Studies,2015,5.0
50128,Korean Studies,2016,2.0
50128,Korean Studies,2017,5.0
50128,Korean Studies,2018,0.0
50128,Korean Studies,2019,0.0
50128,Korean Studies,2020,2.0
50128,Korean Studies,2021,4.0
50128,Korean Studies,2022,0.0
50128,Korean Studies,2023,1.0
50128,Korean Studies,2024,3.0
50130,Spanish & Iberian Studies,2014,0.0
50130,Spanish & Iberian Studies,2015,0.0
50130,Spanish & Iberian Studies,2016,0.0
50130,Spanish & Iberian Studies,2017,0.0
50130,Spanish & Iberian Studies,2018,0.0
50130,Spanish & Iberian Studies,2019,0.0
50130,Spanish & Iberian Studies,2020,0.0
50130,Spanish & Iberian Studies,2021,0.0
50130,Spanish & Iberian Studies,2022,0.0
50130,Spanish & Iberian Studies,2023,0.0
50130,Spanish & Iberian Studies,2024,0.0
50133,Irish Studies,2012,0.0
50133,Irish Studies,2013,14.0
50133,Irish Studies,2014,2.0
50133,Irish Studies,2015,10.0
50133,Irish Studies,2016,7.0
50133,Irish Studies,2017,14.0
50133,Irish Studies,2018,4.0
50133,Irish Studies,2019,5.0
50133,Irish Studies,2020,9.0
50133,Irish Studies,2021,12.0
50133,Irish Studies,2022,6.0
50133,Irish Studies,2023,3.0
50133,Irish Studies,2024,5.0
50134,Latin American & Caribbean Studies,2012,6.0
50134,Latin American & Caribbean Studies,2013,6.0
50134,Latin American & Caribbean Studies,2014,21.0
50134,Latin American & Caribbean Studies,2015,13.0
50134,Latin American & Caribbean Studies,2016,16.0
50134,Latin American & Caribbean Studies,2017,18.0
50134,Latin American & Caribbean Studies,2018,14.0
50134,Latin American & Caribbean Studies,2019,13.0
50134,Latin American & Caribbean Studies,2020,12.0
50134,Latin American & Caribbean Studies,2021,14.0
50134,Latin American & Caribbean Studies,2022,14.0
50134,Latin American & Caribbean Studies,2023,16.0
50134,Latin American & Caribbean Studies,2024,11.0
50135,Appalachian Studies,2023,5.0
50135,Appalachian Studies,2024,2.0
50199,Other Area Studies,2012,71.0
50199,Other Area Studies,2013,44.0
50199,Other Area Studies,2014,59.0
50199,Other Area Studies,2015,36.0
50199,Other Area Studies,2016,42.0
50199,Other Area Studies,2017,37.0
50199,Other Area Studies,2018,51.0
50199,Other Area Studies,2019,46.0
50199,Other Area Studies,2020,23.0
50199,Other Area Studies,2021,30.0
50199,Other Area Studies,2022,26.0
50199,Other Area Studies,2023,39.0
50199,Other Area Studies,2024,24.0
50200,Ethnic Studies,2012,10.0
50200,Ethnic Studies,2013,10.0
50200,Ethnic Studies,2014,16.0
50200,Ethnic Studies,2015,5.0
50200,Ethnic Studies,2016,12.0
50200,Ethnic Studies,2017,14.0
50200,Ethnic Studies,2018,7.0
50200,Ethnic Studies,2019,17.0
50200,Ethnic Studies,2020,9.0
50200,Ethnic Studies,2021,14.0
50200,Ethnic Studies,2022,14.0
50200,Ethnic Studies,2023,17.0
50200,Ethnic Studies,2024,12.0
50201,African-American & Black Studies,2012,95.0
50201,African-American & Black Studies,2013,98.0
50201,African-American & Black Studies,2014,75.0
50201,African-American & Black Studies,2015,78.0
50201,African-American & Black Studies,2016,70.0
50201,African-American & Black Studies,2017,66.0
50201,African-American & Black Studies,2018,81.0
50201,African-American & Black Studies,2019,81.0
50201,African-American & Black Studies,2020,92.0
50201,African-American & Black Studies,2021,72.0
50201,African-American & Black Studies,2022,73.0
50201,African-American & Black Studies,2023,75.0
50201,African-American & Black Studies,2024,76.0
50202,Native American Studies,2012,49.0
50202,Native American Studies,2013,47.0
50202,Native American Studies,2014,32.0
50202,Native American Studies,2015,39.0
50202,Native American Studies,2016,45.0
50202,Native American Studies,2017,69.0
50202,Native American Studies,2018,69.0
50202,Native American Studies,2019,72.0
50202,Native American Studies,2020,58.0
50202,Native American Studies,2021,72.0
50202,Native American Studies,2022,56.0
50202,Native American Studies,2023,68.0
50202,Native American Studies,2024,65.0
50203,"Hispanic-American, Puerto Rican, & Mexican-American Studies",2012,56.0
50203,"Hispanic-American, Puerto Rican, & Mexican-American Studies",2013,41.0
50203,"Hispanic-American, Puerto Rican, & Mexican-American Studies",2014,30.0
50203,"Hispanic-American, Puerto Rican, & Mexican-American Studies",2015,30.0
50203,"Hispanic-American, Puerto Rican, & Mexican-American Studies",2016,34.0
50203,"Hispanic-American, Puerto Rican, & Mexican-American Studies",2017,32.0
50203,"Hispanic-American, Puerto Rican, & Mexican-American Studies",2018,41.0
50203,"Hispanic-American, Puerto Rican, & Mexican-American Studies",2019,32.0
50203,"Hispanic-American, Puerto Rican, & Mexican-American Studies",2020,42.0
50203,"Hispanic-American, Puerto Rican, & Mexican-American Studies",2021,42.0
50203,"Hispanic-American, Puerto Rican, & Mexican-American Studies",2022,28.0
50203,"Hispanic-American, Puerto Rican, & Mexican-American Studies",2023,26.0
50203,"Hispanic-American, Puerto Rican, & Mexican-American Studies",2024,42.0
50206,Asian-American Studies,2012,20.0
50206,Asian-American Studies,2013,14.0
50206,Asian-American Studies,2014,11.0
50206,Asian-American Studies,2015,10.0
50206,Asian-American Studies,2016,15.0
50206,Asian-American Studies,2017,13.0
50206,Asian-American Studies,2018,8.0
50206,Asian-American Studies,2019,19.0
50206,Asian-American Studies,2020,22.0
50206,Asian-American Studies,2021,11.0
50206,Asian-American Studies,2022,18.0
50206,Asian-American Studies,2023,16.0
50206,Asian-American Studies,2024,17.0
50207,Women's Studies,2012,184.0
50207,Women's Studies,2013,193.0
50207,Women's Studies,2014,184.0
50207,Women's Studies,2015,149.0
50207,Women's Studies,2016,170.0
50207,Women's Studies,2017,155.0
50207,Women's Studies,2018,187.0
50207,Women's Studies,2019,164.0
50207,Women's Studies,2020,172.0
50207,Women's Studies,2021,140.0
50207,Women's Studies,2022,178.0
50207,Women's Studies,2023,177.0
50207,Women's Studies,2024,180.0
50209,Folklore Studies,2012,16.0
50209,Folklore Studies,2013,24.0
50209,Folklore Studies,2014,26.0
50209,Folklore Studies,2015,32.0
50209,Folklore Studies,2016,27.0
50209,Folklore Studies,2017,30.0
50209,Folklore Studies,2018,19.0
50209,Folklore Studies,2019,15.0
50209,Folklore Studies,2020,10.0
50209,Folklore Studies,2021,30.0
50209,Folklore Studies,2022,23.0
50209,Folklore Studies,2023,20.0
50209,Folklore Studies,2024,22.0
50210,Disability Studies,2012,37.0
50210,Disability Studies,2013,31.0
50210,Disability Studies,2014,41.0
50210,Disability Studies,2015,38.0
50210,Disability Studies,2016,44.0
50210,Disability Studies,2017,30.0
50210,Disability Studies,2018,36.0
50210,Disability Studies,2019,33.0
50210,Disability Studies,2020,49.0
50210,Disability Studies,2021,47.0
50210,Disability Studies,2022,50.0
50210,Disability Studies,2023,53.0
50210,Disability Studies,2024,53.0
50211,Deaf Studies,2015,7.0
50211,Deaf Studies,2016,2.0
50211,Deaf Studies,2017,6.0
50211,Deaf Studies,2018,4.0
50211,Deaf Studies,2019,1.0
50211,Deaf Studies,2020,0.0
50211,Deaf Studies,2021,5.0
50211,Deaf Studies,2022,6.0
50211,Deaf Studies,2023,7.0
50211,Deaf Studies,2024,4.0
50212,Comparative Group Studies,2020,1.0
50212,Comparative Group Studies,2021,1.0
50212,Comparative Group Studies,2022,1.0
50212,Comparative Group Studies,2023,0.0
50212,Comparative Group Studies,2024,1.0
50299,"Other Ethnic, Minority, Gender, & Group Studies",2012,124.0
50299,"Other Ethnic, Minority, Gender, & Group Studies",2013,90.0
50299,"Other Ethnic, Minority, Gender, & Group Studies",2014,103.0
50299,"Other Ethnic, Minority, Gender, & Group Studies",2015,109.0
50299,"Other Ethnic, Minority, Gender, & Group Studies",2016,89.0
50299,"Other Ethnic, Minority, Gender, & Group Studies",2017,103.0
50299,"Other Ethnic, Minority, Gender, & Group Studies",2018,100.0
50299,"Other Ethnic, Minority, Gender, & Group Studies",2019,74.0
50299,"Other Ethnic, Minority, Gender, & Group Studies",2020,55.0
50299,"Other Ethnic, Minority, Gender, & Group Studies",2021,58.0
50299,"Other Ethnic, Minority, Gender, & Group Studies",2022,80.0
50299,"Other Ethnic, Minority, Gender, & Group Studies",2023,51.0
50299,"Other Ethnic, Minority, Gender, & Group Studies",2024,74.0
59999,"Area, Ethnic, Cultural, and Gender Studies, Other",2023,14.0
59999,"Area, Ethnic, Cultural, and Gender Studies, Other",2024,7.0
90100,General Communication,2012,490.0
90100,General Communication,2013,510.0
90100,General Communication,2014,504.0
90100,General Communication,2015,590.0
90100,General Communication,2016,745.0
90100,General Communication,2017,970.0
90100,General Communication,2018,995.0
90100,General Communication,2019,917.0
90100,General Communication,2020,734.0
90100,General Communication,2021,747.0
90100,General Communication,2022,737.0
90100,General Communication,2023,711.0
90100,General Communication,2024,665.0
90101,Speech Communication & Rhetoric,2012,2167.0
90101,Speech Communication & Rhetoric,2013,2058.0
90101,Speech Communication & Rhetoric,2014,2085.0
90101,Speech Communication & Rhetoric,2015,1985.0
90101,Speech Communication & Rhetoric,2016,1997.0
90101,Speech Communication & Rhetoric,2017,1873.0
90101,Speech Communication & Rhetoric,2018,1812.0
90101,Speech Communication & Rhetoric,2019,1985.0
90101,Speech Communication & Rhetoric,2020,2361.0
90101,Speech Communication & Rhetoric,2021,2348.0
90101,Speech Communication & Rhetoric,2022,2256.0
90101,Speech Communication & Rhetoric,2023,2257.0
90101,Speech Communication & Rhetoric,2024,1960.0
90102,Mass Communication & Media Studies,2012,1110.0
90102,Mass Communication & Media Studies,2013,991.0
90102,Mass Communication & Media Studies,2014,930.0
90102,Mass Communication & Media Studies,2015,886.0
90102,Mass Communication & Media Studies,2016,956.0
90102,Mass Communication & Media Studies,2017,928.0
90102,Mass Communication & Media Studies,2018,935.0
90102,Mass Communication & Media Studies,2019,932.0
90102,Mass Communication & Media Studies,2020,921.0
90102,Mass Communication & Media Studies,2021,856.0
90102,Mass Communication & Media Studies,2022,1012.0
90102,Mass Communication & Media Studies,2023,1166.0
90102,Mass Communication & Media Studies,2024,1100.0
90199,Other Communication & Media Studies,2012,638.0
90199,Other Communication & Media Studies,2013,668.0
90199,Other Communication & Media Studies,2014,774.0
90199,Other Communication & Media Studies,2015,662.0
90199,Other Communication & Media Studies,2016,699.0
90199,Other Communication & Media Studies,2017,578.0
90199,Other Communication & Media Studies,2018,547.0
90199,Other Communication & Media Studies,2019,583.0
90199,Other Communication & Media Studies,2020,525.0
90199,Other Communication & Media Studies,2021,456.0
90199,Other Communication & Media Studies,2022,466.0
90199,Other Communication & Media Studies,2023,551.0
90199,Other Communication & Media Studies,2024,480.0
90401,Journalism,2012,1730.0
90401,Journalism,2013,1668.0
90401,Journalism,2014,1754.0
90401,Journalism,2015,1449.0
90401,Journalism,2016,1280.0
90401,Journalism,2017,1318.0
90401,Journalism,2018,1099.0
90401,Journalism,2019,1059.0
90401,Journalism,2020,917.0
90401,Journalism,2021,785.0
90401,Journalism,2022,832.0
90401,Journalism,2023,933.0
90401,Journalism,2024,708.0
90402,Broadcast Journalism,2012,82.0
90402,Broadcast Journalism,2013,63.0
90402,Broadcast Journalism,2014,58.0
90402,Broadcast Journalism,2015,40.0
90402,Broadcast Journalism,2016,41.0
90402,Broadcast Journalism,2017,22.0
90402,Broadcast Journalism,2018,24.0
90402,Broadcast Journalism,2019,33.0
90402,Broadcast Journalism,2020,25.0
90402,Broadcast Journalism,2021,35.0
90402,Broadcast Journalism,2022,28.0
90402,Broadcast Journalism,2023,39.0
90402,Broadcast Journalism,2024,25.0
90404,Photojournalism,2012,9.0
90404,Photojournalism,2013,7.0
90404,Photojournalism,2014,4.0
90404,Photojournalism,2015,20.0
90404,Photojournalism,2016,11.0
90404,Photojournalism,2017,28.0
90404,Photojournalism,2018,18.0
90404,Photojournalism,2019,19.0
90404,Photojournalism,2020,8.0
90404,Photojournalism,2021,35.0
90404,Photojournalism,2022,17.0
90404,Photojournalism,2023,41.0
90404,Photojournalism,2024,18.0
90407,Science/Health/Environmental Journalism,2020,0.0
90407,Science/Health/Environmental Journalism,2021,6.0
90407,Science/Health/Environmental Journalism,2022,13.0
90407,Science/Health/Environmental Journalism,2023,7.0
90407,Science/Health/Environmental Journalism,2024,9.0
90499,Other Journalism,2012,194.0
90499,Other Journalism,2013,212.0
90499,Other Journalism,2014,193.0
90499,Other Journalism,2015,482.0
90499,Other Journalism,2016,515.0
90499,Other Journalism,2017,474.0
90499,Other Journalism,2018,460.0
90499,Other Journalism,2019,439.0
90499,Other Journalism,2020,441.0
90499,Other Journalism,2021,320.0
90499,Other Journalism,2022,584.0
90499,Other Journalism,2023,505.0
90499,Other Journalism,2024,427.0
90701,Radio & Television,2012,210.0
90701,Radio & Television,2013,189.0
90701,Radio & Television,2014,184.0
90701,Radio & Television,2015,198.0
90701,Radio & Television,2016,168.0
90701,Radio & Television,2017,139.0
90701,Radio & Television,2018,151.0
90701,Radio & Television,2019,146.0
90701,Radio & Television,2020,122.0
90701,Radio & Television,2021,143.0
90701,Radio & Television,2022,152.0
90701,Radio & Television,2023,154.0
90701,Radio & Television,2024,141.0
90702,Digital Communication & Multimedia,2012,296.0
90702,Digital Communication & Multimedia,2013,305.0
90702,Digital Communication & Multimedia,2014,382.0
90702,Digital Communication & Multimedia,2015,478.0
90702,Digital Communication & Multimedia,2016,607.0
90702,Digital Communication & Multimedia,2017,849.0
90702,Digital Communication & Multimedia,2018,1259.0
90702,Digital Communication & Multimedia,2019,1344.0
90702,Digital Communication & Multimedia,2020,1750.0
90702,Digital Communication & Multimedia,2021,2200.0
90702,Digital Communication & Multimedia,2022,2584.0
90702,Digital Communication & Multimedia,2023,2797.0
90702,Digital Communication & Multimedia,2024,2968.0
90799,"Other Radio, Television, & Digital Communication",2012,16.0
90799,"Other Radio, Television, & Digital Communication",2013,12.0
90799,"Other Radio, Television, & Digital Communication",2014,17.0
90799,"Other Radio, Television, & Digital Communication",2015,17.0
90799,"Other Radio, Television, & Digital Communication",2016,12.0
90799,"Other Radio, Television, & Digital Communication",2017,13.0
90799,"Other Radio, Television, & Digital Communication",2018,15.0
90799,"Other Radio, Television, & Digital Communication",2019,2.0
90799,"Other Radio, Television, & Digital Communication",2020,0.0
90799,"Other Radio, Television, & Digital Communication",2021,0.0
90799,"Other Radio, Television, & Digital Communication",2022,0.0
90799,"Other Radio, Television, & Digital Communication",2023,0.0
90799,"Other Radio, Television, & Digital Communication",2024,0.0
90900,"Public Relations, Advertising, & Applied Communication",2012,14.0
90900,"Public Relations, Advertising, & Applied Communication",2013,13.0
90900,"Public Relations, Advertising, & Applied Communication",2014,72.0
90900,"Public Relations, Advertising, & Applied Communication",2015,246.0
90900,"Public Relations, Advertising, & Applied Communication",2016,212.0
90900,"Public Relations, Advertising, & Applied Communication",2017,306.0
90900,"Public Relations, Advertising, & Applied Communication",2018,429.0
90900,"Public Relations, Advertising, & Applied Communication",2019,580.0
90900,"Public Relations, Advertising, & Applied Communication",2020,631.0
90900,"Public Relations, Advertising, & Applied Communication",2021,722.0
90900,"Public Relations, Advertising, & Applied Communication",2022,834.0
90900,"Public Relations, Advertising, & Applied Communication",2023,896.0
90900,"Public Relations, Advertising, & Applied Communication",2024,802.0
90901,General Organizational Communication,2012,157.0
90901,General Organizational Communication,2013,138.0
90901,General Organizational Communication,2014,121.0
90901,General Organizational Communication,2015,196.0
90901,General Organizational Communication,2016,220.0
90901,General Organizational Communication,2017,281.0
90901,General Organizational Communication,2018,319.0
90901,General Organizational Communication,2019,321.0
90901,General Organizational Communication,2020,276.0
90901,General Organizational Communication,2021,353.0
90901,General Organizational Communication,2022,253.0
90901,General Organizational Communication,2023,334.0
90901,General Organizational Communication,2024,336.0
90902,Public Relations & Image Management,2012,508.0
90902,Public Relations & Image Management,2013,594.0
90902,Public Relations & Image Management,2014,606.0
90902,Public Relations & Image Management,2015,639.0
90902,Public Relations & Image Management,2016,610.0
90902,Public Relations & Image Management,2017,692.0
90902,Public Relations & Image Management,2018,561.0
90902,Public Relations & Image Management,2019,527.0
90902,Public Relations & Image Management,2020,425.0
90902,Public Relations & Image Management,2021,447.0
90902,Public Relations & Image Management,2022,483.0
90902,Public Relations & Image Management,2023,512.0
90902,Public Relations & Image Management,2024,399.0
90903,Advertising,2012,355.0
90903,Advertising,2013,329.0
90903,Advertising,2014,347.0
90903,Advertising,2015,338.0
90903,Advertising,2016,274.0
90903,Advertising,2017,229.0
90903,Advertising,2018,222.0
90903,Advertising,2019,202.0
90903,Advertising,2020,223.0
90903,Advertising,2021,260.0
90903,Advertising,2022,250.0
90903,Advertising,2023,301.0
90903,Advertising,2024,242.0
90904,Political Communication,2014,22.0
90904,Political Communication,2015,19.0
90904,Political Communication,2016,18.0
90904,Political Communication,2017,34.0
90904,Political Communication,2018,43.0
90904,Political Communication,2019,55.0
90904,Political Communication,2020,55.0
90904,Political Communication,2021,43.0
90904,Political Communication,2022,56.0
90904,Political Communication,2023,91.0
90904,Political Communication,2024,83.0
90905,Health Communication,2012,132.0
90905,Health Communication,2013,132.0
90905,Health Communication,2014,146.0
90905,Health Communication,2015,137.0
90905,Health Communication,2016,141.0
90905,Health Communication,2017,188.0
90905,Health Communication,2018,163.0
90905,Health Communication,2019,157.0
90905,Health Communication,2020,137.0
90905,Health Communication,2021,126.0
90905,Health Communication,2022,152.0
90905,Health Communication,2023,149.0
90905,Health Communication,2024,85.0
90906,Sports Communication,2012,20.0
90906,Sports Communication,2013,14.0
90906,Sports Communication,2014,14.0
90906,Sports Communication,2015,17.0
90906,Sports Communication,2016,13.0
90906,Sports Communication,2017,53.0
90906,Sports Communication,2018,57.0
90906,Sports Communication,2019,48.0
90906,Sports Communication,2020,56.0
90906,Sports Communication,2021,47.0
90906,Sports Communication,2022,65.0
90906,Sports Communication,2023,86.0
90906,Sports Communication,2024,86.0
90907,International & Intercultural Communication,2012,46.0
90907,International & Intercultural Communication,2013,48.0
90907,International & Intercultural Communication,2014,84.0
90907,International & Intercultural Communication,2015,118.0
90907,International & Intercultural Communication,2016,105.0
90907,International & Intercultural Communication,2017,121.0
90907,International & Intercultural Communication,2018,141.0
90907,International & Intercultural Communication,2019,106.0
90907,International & Intercultural Communication,2020,114.0
90907,International & Intercultural Communication,2021,69.0
90907,International & Intercultural Communication,2022,92.0
90907,International & Intercultural Communication,2023,110.0
90907,International & Intercultural Communication,2024,92.0
90908,Technical & Scientific Communication,2012,25.0
90908,Technical & Scientific Communication,2013,15.0
90908,Technical & Scientific Communication,2014,12.0
90908,Technical & Scientific Communication,2015,9.0
90908,Technical & Scientific Communication,2016,14.0
90908,Technical & Scientific Communication,2017,20.0
90908,Technical & Scientific Communication,2018,24.0
90908,Technical & Scientific Communication,2019,48.0
90908,Technical & Scientific Communication,2020,63.0
90908,Technical & Scientific Communication,2021,88.0
90908,Technical & Scientific Communication,2022,67.0
90908,Technical & Scientific Communication,2023,54.0
90908,Technical & Scientific Communication,2024,51.0
90909,Communication Management And Strategic Communications,2020,88.0
90909,Communication Management And Strategic Communications,2021,219.0
90909,Communication Management And Strategic Communications,2022,359.0
90909,Communication Management And Strategic Communications,2023,366.0
90909,Communication Management And Strategic Communications,2024,343.0
90999,"Other Public Relations, Advertising, & Applied Communication",2012,194.0
90999,"Other Public Relations, Advertising, & Applied Communication",2013,188.0
90999,"Other Public Relations, Advertising, & Applied Communication",2014,180.0
90999,"Other Public Relations, Advertising, & Applied Communication",2015,198.0
90999,"Other Public Relations, Advertising, & Applied Communication",2016,176.0
90999,"Other Public Relations, Advertising, & Applied Communication",2017,229.0
90999,"Other Public Relations, Advertising, & Applied Communication",2018,244.0
90999,"Other Public Relations, Advertising, & Applied Communication",2019,205.0
90999,"Other Public Relations, Advertising, & Applied Communication",2020,208.0
90999,"Other Public Relations, Advertising, & Applied Communication",2021,168.0
90999,"Other Public Relations, Advertising, & Applied Communication",2022,244.0
90999,"Other Public Relations, Advertising, & Applied Communication",2023,230.0
90999,"Other Public Relations, Advertising, & Applied Communication",2024,234.0
91001,Publishing,2012,172.0
91001,Publishing,2013,169.0
91001,Publishing,2014,173.0
91001,Publishing,2015,219.0
91001,Publishing,2016,200.0
91001,Publishing,2017,191.0
91001,Publishing,2018,203.0
91001,Publishing,2019,229.0
91001,Publishing,2020,185.0
91001,Publishing,2021,210.0
91001,Publishing,2022,172.0
91001,Publishing,2023,213.0
91001,Publishing,2024,189.0
99999,"Other Communication, Journalism, & Related Programs",2012,513.0
99999,"Other Communication, Journalism, & Related Programs",2013,488.0
99999,"Other Communication, Journalism, & Related Programs",2014,726.0
99999,"Other Communication, Journalism, & Related Programs",2015,725.0
99999,"Other Communication, Journalism, & Related Programs",2016,745.0
99999,"Other Communication, Journalism, & Related Programs",2017,660.0
99999,"Other Communication, Journalism, & Related Programs",2018,618.0
99999,"Other Communication, Journalism, & Related Programs",2019,608.0
99999,"Other Communication, Journalism, & Related Programs",2020,471.0
99999,"Other Communication, Journalism, & Related Programs",2021,314.0
99999,"Other Communication, Journalism, & Related Programs",2022,575.0
99999,"Other Communication, Journalism, & Related Programs",2023,488.0
99999,"Other Communication, Journalism, & Related Programs",2024,382.0
100105,Communications Technology,2012,31.0
100105,Communications Technology,2013,46.0
100105,Communications Technology,2014,42.0
100105,Communications Technology,2015,43.0
100105,Communications Technology,2016,28.0
100105,Communications Technology,2017,40.0
100105,Communications Technology,2018,17.0
100105,Communications Technology,2019,17.0
100105,Communications Technology,2020,18.0
100105,Communications Technology,2021,21.0
100105,Communications Technology,2022,10.0
100105,Communications Technology,2023,10.0
100105,Communications Technology,2024,7.0
100202,Radio & Television Broadcasting Technology,2012,94.0
100202,Radio & Television Broadcasting Technology,2013,122.0
100202,Radio & Television Broadcasting Technology,2014,122.0
100202,Radio & Television Broadcasting Technology,2015,89.0
100202,Radio & Television Broadcasting Technology,2016,112.0
100202,Radio & Television Broadcasting Technology,2017,109.0
100202,Radio & Television Broadcasting Technology,2018,75.0
100202,Radio & Television Broadcasting Technology,2019,94.0
100202,Radio & Television Broadcasting Technology,2020,59.0
100202,Radio & Television Broadcasting Technology,2021,44.0
100202,Radio & Television Broadcasting Technology,2022,46.0
100202,Radio & Television Broadcasting Technology,2023,13.0
100202,Radio & Television Broadcasting Technology,2024,5.0
100203,Recording Arts Technology,2012,25.0
100203,Recording Arts Technology,2013,31.0
100203,Recording Arts Technology,2014,33.0
100203,Recording Arts Technology,2015,51.0
100203,Recording Arts Technology,2016,46.0
100203,Recording Arts Technology,2017,42.0
100203,Recording Arts Technology,2018,54.0
100203,Recording Arts Technology,2019,71.0
100203,Recording Arts Technology,2020,56.0
100203,Recording Arts Technology,2021,45.0
100203,Recording Arts Technology,2022,76.0
100203,Recording Arts Technology,2023,79.0
100203,Recording Arts Technology,2024,69.0
100301,General Graphic Communications,2012,0.0
100301,General Graphic Communications,2013,0.0
100301,General Graphic Communications,2014,0.0
100301,General Graphic Communications,2015,2.0
100301,General Graphic Communications,2016,18.0
100301,General Graphic Communications,2017,34.0
100301,General Graphic Communications,2018,33.0
100301,General Graphic Communications,2019,14.0
100301,General Graphic Communications,2020,21.0
100301,General Graphic Communications,2021,23.0
100301,General Graphic Communications,2022,17.0
100301,General Graphic Communications,2023,0.0
100301,General Graphic Communications,2024,0.0
100302,Printing Management,2012,3.0
100302,Printing Management,2013,5.0
100302,Printing Management,2014,2.0
100302,Printing Management,2015,0.0
100302,Printing Management,2016,1.0
100302,Printing Management,2017,0.0
100303,Prepress Publising & Digital Imaging Design,2019,1.0
100303,Prepress Publising & Digital Imaging Design,2020,0.0
100303,Prepress Publising & Digital Imaging Design,2021,0.0
100303,Prepress Publising & Digital Imaging Design,2022,0.0
100304,"Animation, Interactive Technology, Video Graphics, & Special Effects",2012,272.0
100304,"Animation, Interactive Technology, Video Graphics, & Special Effects",2013,342.0
100304,"Animation, Interactive Technology, Video Graphics, & Special Effects",2014,355.0
100304,"Animation, Interactive Technology, Video Graphics, & Special Effects",2015,333.0
100304,"Animation, Interactive Technology, Video Graphics, & Special Effects",2016,293.0
100304,"Animation, Interactive Technology, Video Graphics, & Special Effects",2017,315.0
100304,"Animation, Interactive Technology, Video Graphics, & Special Effects",2018,344.0
100304,"Animation, Interactive Technology, Video Graphics, & Special Effects",2019,344.0
100304,"Animation, Interactive Technology, Video Graphics, & Special Effects",2020,383.0
100304,"Animation, Interactive Technology, Video Graphics, & Special Effects",2021,387.0
100304,"Animation, Interactive Technology, Video Graphics, & Special Effects",2022,424.0
100304,"Animation, Interactive Technology, Video Graphics, & Special Effects",2023,424.0
100304,"Animation, Interactive Technology, Video Graphics, & Special Effects",2024,519.0
100399,Other Graphic Communications,2012,8.0
100399,Other Graphic Communications,2013,9.0
100399,Other Graphic Communications,2014,13.0
100399,Other Graphic Communications,2015,10.0
100399,Other Graphic Communications,2016,1.0
100399,Other Graphic Communications,2017,2.0
109999,Other Communications Technology & Support Services,2012,64.0
109999,Other Communications Technology & Support Services,2013,22.0
109999,Other Communications Technology & Support Services,2014,10.0
109999,Other Communications Technology & Support Services,2015,26.0
109999,Other Communications Technology & Support Services,2016,5.0
109999,Other Communications Technology & Support Services,2017,6.0
109999,Other Communications Technology & Support Services,2018,10.0
109999,Other Communications Technology & Support Services,2019,10.0
109999,Other Communications Technology & Support Services,2020,14.0
109999,Other Communications Technology & Support Services,2021,13.0
109999,Other Communications Technology & Support Services,2022,18.0
109999,Other Communications Technology & Support Services,2023,16.0
109999,Other Communications Technology & Support Services,2024,18.0
110101,General Computer & Information Sciences,2012,4837.0
110101,General Computer & Information Sciences,2013,4931.0
110101,General Computer & Information Sciences,2014,5229.0
110101,General Computer & Information Sciences,2015,7042.0
110101,General Computer & Information Sciences,2016,9813.0
110101,General Computer & Information Sciences,2017,11562.0
110101,General Computer & Information Sciences,2018,11360.0
110101,General Computer & Information Sciences,2019,9768.0
110101,General Computer & Information Sciences,2020,10220.0
110101,General Computer & Information Sciences,2021,11283.0
110101,General Computer & Information Sciences,2022,10440.0
110101,General Computer & Information Sciences,2023,18316.0
110101,General Computer & Information Sciences,2024,21233.0
110102,Artificial Intelligence,2012,72.0
110102,Artificial Intelligence,2013,81.0
110102,Artificial Intelligence,2014,112.0
110102,Artificial Intelligence,2015,140.0
110102,Artificial Intelligence,2016,128.0
110102,Artificial Intelligence,2017,184.0
110102,Artificial Intelligence,2018,205.0
110102,Artificial Intelligence,2019,261.0
110102,Artificial Intelligence,2020,297.0
110102,Artificial Intelligence,2021,397.0
110102,Artificial Intelligence,2022,485.0
110102,Artificial Intelligence,2023,936.0
110102,Artificial Intelligence,2024,1123.0
110103,Information Technology,2012,2421.0
110103,Information Technology,2013,2682.0
110103,Information Technology,2014,3038.0
110103,Information Technology,2015,3843.0
110103,Information Technology,2016,4674.0
110103,Information Technology,2017,5456.0
110103,Information Technology,2018,4994.0
110103,Information Technology,2019,4956.0
110103,Information Technology,2020,5373.0
110103,Information Technology,2021,5927.0
110103,Information Technology,2022,6419.0
110103,Information Technology,2023,8449.0
110103,Information Technology,2024,10351.0
110104,Informatics,2012,58.0
110104,Informatics,2013,74.0
110104,Informatics,2014,319.0
110104,Informatics,2015,314.0
110104,Informatics,2016,336.0
110104,Informatics,2017,394.0
110104,Informatics,2018,498.0
110104,Informatics,2019,611.0
110104,Informatics,2020,953.0
110104,Informatics,2021,1019.0
110104,Informatics,2022,1018.0
110104,Informatics,2023,1219.0
110104,Informatics,2024,1358.0
110105,Human-Centered Technology Design,2020,0.0
110105,Human-Centered Technology Design,2021,52.0
110105,Human-Centered Technology Design,2022,78.0
110105,Human-Centered Technology Design,2023,119.0
110105,Human-Centered Technology Design,2024,271.0
110199,Other Computer & Information Sciences,2012,85.0
110199,Other Computer & Information Sciences,2013,84.0
110199,Other Computer & Information Sciences,2014,99.0
110199,Other Computer & Information Sciences,2015,109.0
110199,Other Computer & Information Sciences,2016,165.0
110199,Other Computer & Information Sciences,2017,210.0
110199,Other Computer & Information Sciences,2018,222.0
110199,Other Computer & Information Sciences,2019,216.0
110199,Other Computer & Information Sciences,2020,302.0
110199,Other Computer & Information Sciences,2021,314.0
110199,Other Computer & Information Sciences,2022,393.0
110199,Other Computer & Information Sciences,2023,495.0
110199,Other Computer & Information Sciences,2024,680.0
110201,General Computer Programming,2012,59.0
110201,General Computer Programming,2013,73.0
110201,General Computer Programming,2014,78.0
110201,General Computer Programming,2015,73.0
110201,General Computer Programming,2016,76.0
110201,General Computer Programming,2017,57.0
110201,General Computer Programming,2018,40.0
110201,General Computer Programming,2019,53.0
110201,General Computer Programming,2020,142.0
110201,General Computer Programming,2021,212.0
110201,General Computer Programming,2022,236.0
110201,General Computer Programming,2023,276.0
110201,General Computer Programming,2024,352.0
110202,Specific Applications Computer Programming,2012,12.0
110202,Specific Applications Computer Programming,2013,32.0
110202,Specific Applications Computer Programming,2014,37.0
110202,Specific Applications Computer Programming,2015,37.0
110202,Specific Applications Computer Programming,2016,42.0
110202,Specific Applications Computer Programming,2017,18.0
110202,Specific Applications Computer Programming,2018,31.0
110202,Specific Applications Computer Programming,2019,53.0
110202,Specific Applications Computer Programming,2020,73.0
110202,Specific Applications Computer Programming,2021,96.0
110202,Specific Applications Computer Programming,2022,86.0
110202,Specific Applications Computer Programming,2023,59.0
110202,Specific Applications Computer Programming,2024,54.0
110204,Computer Game Programming,2020,3.0
110204,Computer Game Programming,2021,7.0
110204,Computer Game Programming,2022,0.0
110204,Computer Game Programming,2023,0.0
110204,Computer Game Programming,2024,0.0
110205,"Computer Programming, Specific Platforms",2022,0.0
110205,"Computer Programming, Specific Platforms",2023,0.0
110299,Other Computer Programming,2017,14.0
110299,Other Computer Programming,2018,38.0
110299,Other Computer Programming,2019,39.0
110299,Other Computer Programming,2020,57.0
110299,Other Computer Programming,2021,63.0
110299,Other Computer Programming,2022,51.0
110299,Other Computer Programming,2023,86.0
110299,Other Computer Programming,2024,74.0
110301,Data Processing & Data Processing Technology,2017,1.0
110301,Data Processing & Data Processing Technology,2018,11.0
110301,Data Processing & Data Processing Technology,2019,57.0
110301,Data Processing & Data Processing Technology,2020,155.0
110301,Data Processing & Data Processing Technology,2021,199.0
110301,Data Processing & Data Processing Technology,2022,272.0
110301,Data Processing & Data Processing Technology,2023,312.0
110301,Data Processing & Data Processing Technology,2024,331.0
110401,Information Science,2012,3922.0
110401,Information Science,2013,4138.0
110401,Information Science,2014,4519.0
110401,Information Science,2015,5364.0
110401,Information Science,2016,6338.0
110401,Information Science,2017,6911.0
110401,Information Science,2018,6913.0
110401,Information Science,2019,6516.0
110401,Information Science,2020,6609.0
110401,Information Science,2021,6396.0
110401,Information Science,2022,5850.0
110401,Information Science,2023,8428.0
110401,Information Science,2024,10368.0
110501,Computer Systems Analysis,2012,243.0
110501,Computer Systems Analysis,2013,298.0
110501,Computer Systems Analysis,2014,358.0
110501,Computer Systems Analysis,2015,883.0
110501,Computer Systems Analysis,2016,815.0
110501,Computer Systems Analysis,2017,860.0
110501,Computer Systems Analysis,2018,698.0
110501,Computer Systems Analysis,2019,613.0
110501,Computer Systems Analysis,2020,563.0
110501,Computer Systems Analysis,2021,628.0
110501,Computer Systems Analysis,2022,557.0
110501,Computer Systems Analysis,2023,1092.0
110501,Computer Systems Analysis,2024,1206.0
110601,General Data Entry & Microcomputer Applications,2018,20.0
110601,General Data Entry & Microcomputer Applications,2019,0.0
110701,Computer Science,2012,6202.0
110701,Computer Science,2013,6263.0
110701,Computer Science,2014,6629.0
110701,Computer Science,2015,9126.0
110701,Computer Science,2016,12490.0
110701,Computer Science,2017,14680.0
110701,Computer Science,2018,12602.0
110701,Computer Science,2019,11600.0
110701,Computer Science,2020,12651.0
110701,Computer Science,2021,14364.0
110701,Computer Science,2022,12080.0
110701,Computer Science,2023,22206.0
110701,Computer Science,2024,25590.0
110801,"Web Page, Digital, & Information Resource Design",2012,219.0
110801,"Web Page, Digital, & Information Resource Design",2013,270.0
110801,"Web Page, Digital, & Information Resource Design",2014,252.0
110801,"Web Page, Digital, & Information Resource Design",2015,280.0
110801,"Web Page, Digital, & Information Resource Design",2016,330.0
110801,"Web Page, Digital, & Information Resource Design",2017,440.0
110801,"Web Page, Digital, & Information Resource Design",2018,556.0
110801,"Web Page, Digital, & Information Resource Design",2019,488.0
110801,"Web Page, Digital, & Information Resource Design",2020,452.0
110801,"Web Page, Digital, & Information Resource Design",2021,405.0
110801,"Web Page, Digital, & Information Resource Design",2022,451.0
110801,"Web Page, Digital, & Information Resource Design",2023,501.0
110801,"Web Page, Digital, & Information Resource Design",2024,488.0
110802,"Data Modeling, Warehouse, & Database Administration",2012,51.0
110802,"Data Modeling, Warehouse, & Database Administration",2013,104.0
110802,"Data Modeling, Warehouse, & Database Administration",2014,110.0
110802,"Data Modeling, Warehouse, & Database Administration",2015,196.0
110802,"Data Modeling, Warehouse, & Database Administration",2016,361.0
110802,"Data Modeling, Warehouse, & Database Administration",2017,466.0
110802,"Data Modeling, Warehouse, & Database Administration",2018,778.0
110802,"Data Modeling, Warehouse, & Database Administration",2019,1253.0
110802,"Data Modeling, Warehouse, & Database Administration",2020,1712.0
110802,"Data Modeling, Warehouse, & Database Administration",2021,2356.0
110802,"Data Modeling, Warehouse, & Database Administration",2022,2223.0
110802,"Data Modeling, Warehouse, & Database Administration",2023,2472.0
110802,"Data Modeling, Warehouse, & Database Administration",2024,2822.0
110803,Computer Graphics,2012,170.0
110803,Computer Graphics,2013,186.0
110803,Computer Graphics,2014,177.0
110803,Computer Graphics,2015,188.0
110803,Computer Graphics,2016,163.0
110803,Computer Graphics,2017,227.0
110803,Computer Graphics,2018,285.0
110803,Computer Graphics,2019,280.0
110803,Computer Graphics,2020,285.0
110803,Computer Graphics,2021,245.0
110803,Computer Graphics,2022,189.0
110803,Computer Graphics,2023,260.0
110803,Computer Graphics,2024,259.0
110804,"Modeling, Virtual Environments, & Simulation",2012,38.0
110804,"Modeling, Virtual Environments, & Simulation",2013,61.0
110804,"Modeling, Virtual Environments, & Simulation",2014,70.0
110804,"Modeling, Virtual Environments, & Simulation",2015,66.0
110804,"Modeling, Virtual Environments, & Simulation",2016,96.0
110804,"Modeling, Virtual Environments, & Simulation",2017,102.0
110804,"Modeling, Virtual Environments, & Simulation",2018,148.0
110804,"Modeling, Virtual Environments, & Simulation",2019,200.0
110804,"Modeling, Virtual Environments, & Simulation",2020,201.0
110804,"Modeling, Virtual Environments, & Simulation",2021,229.0
110804,"Modeling, Virtual Environments, & Simulation",2022,176.0
110804,"Modeling, Virtual Environments, & Simulation",2023,194.0
110804,"Modeling, Virtual Environments, & Simulation",2024,195.0
110899,Other Computer Software & Media Applications,2012,61.0
110899,Other Computer Software & Media Applications,2013,65.0
110899,Other Computer Software & Media Applications,2014,38.0
110899,Other Computer Software & Media Applications,2015,89.0
110899,Other Computer Software & Media Applications,2016,156.0
110899,Other Computer Software & Media Applications,2017,187.0
110899,Other Computer Software & Media Applications,2018,194.0
110899,Other Computer Software & Media Applications,2019,274.0
110899,Other Computer Software & Media Applications,2020,334.0
110899,Other Computer Software & Media Applications,2021,320.0
110899,Other Computer Software & Media Applications,2022,315.0
110899,Other Computer Software & Media Applications,2023,502.0
110899,Other Computer Software & Media Applications,2024,374.0
110901,Computer Systems Networking & Telecommunications,2012,492.0
110901,Computer Systems Networking & Telecommunications,2013,704.0
110901,Computer Systems Networking & Telecommunications,2014,682.0
110901,Computer Systems Networking & Telecommunications,2015,649.0
110901,Computer Systems Networking & Telecommunications,2016,832.0
110901,Computer Systems Networking & Telecommunications,2017,836.0
110901,Computer Systems Networking & Telecommunications,2018,747.0
110901,Computer Systems Networking & Telecommunications,2019,645.0
110901,Computer Systems Networking & Telecommunications,2020,604.0
110901,Computer Systems Networking & Telecommunications,2021,566.0
110901,Computer Systems Networking & Telecommunications,2022,410.0
110901,Computer Systems Networking & Telecommunications,2023,575.0
110901,Computer Systems Networking & Telecommunications,2024,488.0
110902,Cloud Computing,2023,18.0
110902,Cloud Computing,2024,43.0
111001,Network & System Administration,2012,7.0
111001,Network & System Administration,2013,22.0
111001,Network & System Administration,2014,53.0
111001,Network & System Administration,2015,61.0
111001,Network & System Administration,2016,72.0
111001,Network & System Administration,2017,80.0
111001,Network & System Administration,2018,77.0
111001,Network & System Administration,2019,71.0
111001,Network & System Administration,2020,79.0
111001,Network & System Administration,2021,54.0
111001,Network & System Administration,2022,57.0
111001,Network & System Administration,2023,44.0
111001,Network & System Administration,2024,47.0
111002,"System, Networking, & LAN/WAN Management",2012,9.0
111002,"System, Networking, & LAN/WAN Management",2013,18.0
111002,"System, Networking, & LAN/WAN Management",2014,22.0
111002,"System, Networking, & LAN/WAN Management",2015,26.0
111002,"System, Networking, & LAN/WAN Management",2016,29.0
111002,"System, Networking, & LAN/WAN Management",2017,32.0
111002,"System, Networking, & LAN/WAN Management",2018,26.0
111002,"System, Networking, & LAN/WAN Management",2019,20.0
111002,"System, Networking, & LAN/WAN Management",2020,13.0
111002,"System, Networking, & LAN/WAN Management",2021,27.0
111002,"System, Networking, & LAN/WAN Management",2022,14.0
111002,"System, Networking, & LAN/WAN Management",2023,36.0
111002,"System, Networking, & LAN/WAN Management",2024,73.0
111003,Computer & Information Systems Security,2012,778.0
111003,Computer & Information Systems Security,2013,1476.0
111003,Computer & Information Systems Security,2014,1834.0
111003,Computer & Information Systems Security,2015,2096.0
111003,Computer & Information Systems Security,2016,2210.0
111003,Computer & Information Systems Security,2017,2830.0
111003,Computer & Information Systems Security,2018,4990.0
111003,Computer & Information Systems Security,2019,5229.0
111003,Computer & Information Systems Security,2020,5881.0
111003,Computer & Information Systems Security,2021,5574.0
111003,Computer & Information Systems Security,2022,6711.0
111003,Computer & Information Systems Security,2023,7695.0
111003,Computer & Information Systems Security,2024,8513.0
111004,Web Multimedia Management & Webmaster,2012,12.0
111004,Web Multimedia Management & Webmaster,2013,8.0
111004,Web Multimedia Management & Webmaster,2014,13.0
111004,Web Multimedia Management & Webmaster,2015,9.0
111004,Web Multimedia Management & Webmaster,2016,11.0
111004,Web Multimedia Management & Webmaster,2017,10.0
111004,Web Multimedia Management & Webmaster,2018,5.0
111004,Web Multimedia Management & Webmaster,2019,5.0
111004,Web Multimedia Management & Webmaster,2020,2.0
111004,Web Multimedia Management & Webmaster,2021,1.0
111004,Web Multimedia Management & Webmaster,2022,1.0
111004,Web Multimedia Management & Webmaster,2023,4.0
111004,Web Multimedia Management & Webmaster,2024,4.0
111005,Information Technology Project Management,2012,141.0
111005,Information Technology Project Management,2013,149.0
111005,Information Technology Project Management,2014,136.0
111005,Information Technology Project Management,2015,193.0
111005,Information Technology Project Management,2016,384.0
111005,Information Technology Project Management,2017,416.0
111005,Information Technology Project Management,2018,406.0
111005,Information Technology Project Management,2019,658.0
111005,Information Technology Project Management,2020,889.0
111005,Information Technology Project Management,2021,869.0
111005,Information Technology Project Management,2022,1023.0
111005,Information Technology Project Management,2023,1284.0
111005,Information Technology Project Management,2024,1607.0
111099,Other Computer & Information Technology Services Management,2012,224.0
111099,Other Computer & Information Technology Services Management,2013,228.0
111099,Other Computer & Information Technology Services Management,2014,281.0
111099,Other Computer & Information Technology Services Management,2015,382.0
111099,Other Computer & Information Technology Services Management,2016,589.0
111099,Other Computer & Information Technology Services Management,2017,678.0
111099,Other Computer & Information Technology Services Management,2018,889.0
111099,Other Computer & Information Technology Services Management,2019,1841.0
111099,Other Computer & Information Technology Services Management,2020,3829.0
111099,Other Computer & Information Technology Services Management,2021,2656.0
111099,Other Computer & Information Technology Services Management,2022,2123.0
111099,Other Computer & Information Technology Services Management,2023,2097.0
111099,Other Computer & Information Technology Services Management,2024,3329.0
119999,Other Computer & Information Support Services,2012,373.0
119999,Other Computer & Information Support Services,2013,417.0
119999,Other Computer & Information Support Services,2014,400.0
119999,Other Computer & Information Support Services,2015,387.0
119999,Other Computer & Information Support Services,2016,364.0
119999,Other Computer & Information Support Services,2017,279.0
119999,Other Computer & Information Support Services,2018,267.0
119999,Other Computer & Information Support Services,2019,307.0
119999,Other Computer & Information Support Services,2020,177.0
119999,Other Computer & Information Support Services,2021,251.0
119999,Other Computer & Information Support Services,2022,165.0
119999,Other Computer & Information Support Services,2023,167.0
119999,Other Computer & Information Support Services,2024,162.0
120503,Culinary Arts & Chef Training,2022,0.0
120503,Culinary Arts & Chef Training,2023,0.0
120503,Culinary Arts & Chef Training,2024,0.0
120504,"Restaurant, Culinary, & Catering Management",2021,0.0
120504,"Restaurant, Culinary, & Catering Management",2022,4.0
120504,"Restaurant, Culinary, & Catering Management",2023,3.0
120504,"Restaurant, Culinary, & Catering Management",2024,1.0
120509,Culinary Science,2019,4.0
120509,Culinary Science,2020,2.0
120509,Culinary Science,2021,0.0
120509,Culinary Science,2022,0.0
120509,Culinary Science,2023,0.0
120509,Culinary Science,2024,0.0
120599,Other Culinary Arts & Related Services,2012,40.0
120599,Other Culinary Arts & Related Services,2013,40.0
120599,Other Culinary Arts & Related Services,2014,44.0
120599,Other Culinary Arts & Related Services,2015,34.0
120599,Other Culinary Arts & Related Services,2016,36.0
120599,Other Culinary Arts & Related Services,2017,27.0
120599,Other Culinary Arts & Related Services,2018,30.0
120599,Other Culinary Arts & Related Services,2019,27.0
120599,Other Culinary Arts & Related Services,2020,18.0
120599,Other Culinary Arts & Related Services,2021,22.0
120599,Other Culinary Arts & Related Services,2022,14.0
120599,Other Culinary Arts & Related Services,2023,20.0
120599,Other Culinary Arts & Related Services,2024,17.0
130101,General Education,2012,26370.0
130101,General Education,2013,23811.0
130101,General Education,2014,21797.0
130101,General Education,2015,19750.0
130101,General Education,2016,20301.0
130101,General Education,2017,21001.0
130101,General Education,2018,20368.0
130101,General Education,2019,19995.0
130101,General Education,2020,18793.0
130101,General Education,2021,17801.0
130101,General Education,2022,16667.0
130101,General Education,2023,14076.0
130101,General Education,2024,13021.0
130201,Bilingual & Multilingual Education,2012,821.0
130201,Bilingual & Multilingual Education,2013,483.0
130201,Bilingual & Multilingual Education,2014,472.0
130201,Bilingual & Multilingual Education,2015,475.0
130201,Bilingual & Multilingual Education,2016,478.0
130201,Bilingual & Multilingual Education,2017,465.0
130201,Bilingual & Multilingual Education,2018,452.0
130201,Bilingual & Multilingual Education,2019,517.0
130201,Bilingual & Multilingual Education,2020,481.0
130201,Bilingual & Multilingual Education,2021,591.0
130201,Bilingual & Multilingual Education,2022,605.0
130201,Bilingual & Multilingual Education,2023,449.0
130201,Bilingual & Multilingual Education,2024,447.0
130202,Multicultural Education,2012,100.0
130202,Multicultural Education,2013,212.0
130202,Multicultural Education,2014,172.0
130202,Multicultural Education,2015,123.0
130202,Multicultural Education,2016,86.0
130202,Multicultural Education,2017,118.0
130202,Multicultural Education,2018,100.0
130202,Multicultural Education,2019,111.0
130202,Multicultural Education,2020,176.0
130202,Multicultural Education,2021,147.0
130202,Multicultural Education,2022,146.0
130202,Multicultural Education,2023,144.0
130202,Multicultural Education,2024,87.0
130203,Native American Education,2019,0.0
130203,Native American Education,2020,1.0
130203,Native American Education,2021,17.0
130203,Native American Education,2022,8.0
130203,Native American Education,2023,17.0
130203,Native American Education,2024,9.0
130299,"Other Bilingual, Multilingual, & Multicultural Education",2012,6.0
130299,"Other Bilingual, Multilingual, & Multicultural Education",2013,6.0
130299,"Other Bilingual, Multilingual, & Multicultural Education",2014,3.0
130299,"Other Bilingual, Multilingual, & Multicultural Education",2015,6.0
130299,"Other Bilingual, Multilingual, & Multicultural Education",2016,76.0
130299,"Other Bilingual, Multilingual, & Multicultural Education",2017,144.0
130299,"Other Bilingual, Multilingual, & Multicultural Education",2018,85.0
130299,"Other Bilingual, Multilingual, & Multicultural Education",2019,144.0
130299,"Other Bilingual, Multilingual, & Multicultural Education",2020,88.0
130299,"Other Bilingual, Multilingual, & Multicultural Education",2021,94.0
130299,"Other Bilingual, Multilingual, & Multicultural Education",2022,119.0
130299,"Other Bilingual, Multilingual, & Multicultural Education",2023,110.0
130299,"Other Bilingual, Multilingual, & Multicultural Education",2024,169.0
130301,Curriculum & Instruction,2012,17826.0
130301,Curriculum & Instruction,2013,17144.0
130301,Curriculum & Instruction,2014,16358.0
130301,Curriculum & Instruction,2015,16916.0
130301,Curriculum & Instruction,2016,17160.0
130301,Curriculum & Instruction,2017,15925.0
130301,Curriculum & Instruction,2018,15447.0
130301,Curriculum & Instruction,2019,16093.0
130301,Curriculum & Instruction,2020,15283.0
130301,Curriculum & Instruction,2021,16825.0
130301,Curriculum & Instruction,2022,16015.0
130301,Curriculum & Instruction,2023,17349.0
130301,Curriculum & Instruction,2024,18417.0
130401,General Educational Leadership & Administration,2012,18947.0
130401,General Educational Leadership & Administration,2013,18663.0
130401,General Educational Leadership & Administration,2014,19290.0
130401,General Educational Leadership & Administration,2015,17717.0
130401,General Educational Leadership & Administration,2016,18558.0
130401,General Educational Leadership & Administration,2017,18649.0
130401,General Educational Leadership & Administration,2018,19536.0
130401,General Educational Leadership & Administration,2019,19818.0
130401,General Educational Leadership & Administration,2020,20079.0
130401,General Educational Leadership & Administration,2021,20176.0
130401,General Educational Leadership & Administration,2022,19555.0
130401,General Educational Leadership & Administration,2023,18267.0
130401,General Educational Leadership & Administration,2024,16637.0
130402,Administration of Special Education,2012,36.0
130402,Administration of Special Education,2013,13.0
130402,Administration of Special Education,2014,69.0
130402,Administration of Special Education,2015,82.0
130402,Administration of Special Education,2016,74.0
130402,Administration of Special Education,2017,76.0
130402,Administration of Special Education,2018,66.0
130402,Administration of Special Education,2019,85.0
130402,Administration of Special Education,2020,70.0
130402,Administration of Special Education,2021,99.0
130402,Administration of Special Education,2022,81.0
130402,Administration of Special Education,2023,69.0
130402,Administration of Special Education,2024,110.0
130403,Adult & Continuing Education Administration,2012,152.0
130403,Adult & Continuing Education Administration,2013,203.0
130403,Adult & Continuing Education Administration,2014,884.0
130403,Adult & Continuing Education Administration,2015,737.0
130403,Adult & Continuing Education Administration,2016,551.0
130403,Adult & Continuing Education Administration,2017,573.0
130403,Adult & Continuing Education Administration,2018,370.0
130403,Adult & Continuing Education Administration,2019,353.0
130403,Adult & Continuing Education Administration,2020,346.0
130403,Adult & Continuing Education Administration,2021,372.0
130403,Adult & Continuing Education Administration,2022,269.0
130403,Adult & Continuing Education Administration,2023,236.0
130403,Adult & Continuing Education Administration,2024,249.0
130404,"Educational, Instructional, & Curriculum Supervision",2012,998.0
130404,"Educational, Instructional, & Curriculum Supervision",2013,972.0
130404,"Educational, Instructional, & Curriculum Supervision",2014,983.0
130404,"Educational, Instructional, & Curriculum Supervision",2015,982.0
130404,"Educational, Instructional, & Curriculum Supervision",2016,1140.0
130404,"Educational, Instructional, & Curriculum Supervision",2017,1126.0
130404,"Educational, Instructional, & Curriculum Supervision",2018,1326.0
130404,"Educational, Instructional, & Curriculum Supervision",2019,1101.0
130404,"Educational, Instructional, & Curriculum Supervision",2020,1036.0
130404,"Educational, Instructional, & Curriculum Supervision",2021,1115.0
130404,"Educational, Instructional, & Curriculum Supervision",2022,1115.0
130404,"Educational, Instructional, & Curriculum Supervision",2023,1066.0
130404,"Educational, Instructional, & Curriculum Supervision",2024,1112.0
130406,Higher Education & Administration,2012,2349.0
130406,Higher Education & Administration,2013,2590.0
130406,Higher Education & Administration,2014,2728.0
130406,Higher Education & Administration,2015,2837.0
130406,Higher Education & Administration,2016,3063.0
130406,Higher Education & Administration,2017,3088.0
130406,Higher Education & Administration,2018,3143.0
130406,Higher Education & Administration,2019,3133.0
130406,Higher Education & Administration,2020,3390.0
130406,Higher Education & Administration,2021,3686.0
130406,Higher Education & Administration,2022,3839.0
130406,Higher Education & Administration,2023,3339.0
130406,Higher Education & Administration,2024,2983.0
130407,Community College Education,2012,37.0
130407,Community College Education,2013,62.0
130407,Community College Education,2014,49.0
130407,Community College Education,2015,63.0
130407,Community College Education,2016,64.0
130407,Community College Education,2017,72.0
130407,Community College Education,2018,62.0
130407,Community College Education,2019,94.0
130407,Community College Education,2020,105.0
130407,Community College Education,2021,94.0
130407,Community College Education,2022,184.0
130407,Community College Education,2023,146.0
130407,Community College Education,2024,121.0
130408,Elementary & Middle School Administration,2012,1141.0
130408,Elementary & Middle School Administration,2013,865.0
130408,Elementary & Middle School Administration,2014,656.0
130408,Elementary & Middle School Administration,2015,784.0
130408,Elementary & Middle School Administration,2016,617.0
130408,Elementary & Middle School Administration,2017,625.0
130408,Elementary & Middle School Administration,2018,732.0
130408,Elementary & Middle School Administration,2019,660.0
130408,Elementary & Middle School Administration,2020,652.0
130408,Elementary & Middle School Administration,2021,579.0
130408,Elementary & Middle School Administration,2022,539.0
130408,Elementary & Middle School Administration,2023,437.0
130408,Elementary & Middle School Administration,2024,375.0
130409,Secondary School Administration,2012,539.0
130409,Secondary School Administration,2013,506.0
130409,Secondary School Administration,2014,455.0
130409,Secondary School Administration,2015,382.0
130409,Secondary School Administration,2016,290.0
130409,Secondary School Administration,2017,298.0
130409,Secondary School Administration,2018,294.0
130409,Secondary School Administration,2019,295.0
130409,Secondary School Administration,2020,273.0
130409,Secondary School Administration,2021,251.0
130409,Secondary School Administration,2022,249.0
130409,Secondary School Administration,2023,214.0
130409,Secondary School Administration,2024,301.0
130410,Urban Education & Leadership,2012,365.0
130410,Urban Education & Leadership,2013,404.0
130410,Urban Education & Leadership,2014,485.0
130410,Urban Education & Leadership,2015,434.0
130410,Urban Education & Leadership,2016,477.0
130410,Urban Education & Leadership,2017,381.0
130410,Urban Education & Leadership,2018,384.0
130410,Urban Education & Leadership,2019,441.0
130410,Urban Education & Leadership,2020,542.0
130410,Urban Education & Leadership,2021,526.0
130410,Urban Education & Leadership,2022,580.0
130410,Urban Education & Leadership,2023,355.0
130410,Urban Education & Leadership,2024,384.0
130411,Superintendency & Educational System Administration,2012,854.0
130411,Superintendency & Educational System Administration,2013,559.0
130411,Superintendency & Educational System Administration,2014,520.0
130411,Superintendency & Educational System Administration,2015,218.0
130411,Superintendency & Educational System Administration,2016,312.0
130411,Superintendency & Educational System Administration,2017,274.0
130411,Superintendency & Educational System Administration,2018,462.0
130411,Superintendency & Educational System Administration,2019,452.0
130411,Superintendency & Educational System Administration,2020,368.0
130411,Superintendency & Educational System Administration,2021,306.0
130411,Superintendency & Educational System Administration,2022,321.0
130411,Superintendency & Educational System Administration,2023,354.0
130411,Superintendency & Educational System Administration,2024,232.0
130412,International School Administration/Leadership,2020,2.0
130412,International School Administration/Leadership,2021,6.0
130412,International School Administration/Leadership,2022,15.0
130412,International School Administration/Leadership,2023,9.0
130412,International School Administration/Leadership,2024,5.0
130413,Education Entrepreneurship,2022,0.0
130413,Education Entrepreneurship,2023,0.0
130413,Education Entrepreneurship,2024,0.0
130414,Early Childhood Program Administration,2020,7.0
130414,Early Childhood Program Administration,2021,16.0
130414,Early Childhood Program Administration,2022,18.0
130414,Early Childhood Program Administration,2023,13.0
130414,Early Childhood Program Administration,2024,6.0
130499,Other Educational Administration & Supervision,2012,1519.0
130499,Other Educational Administration & Supervision,2013,1530.0
130499,Other Educational Administration & Supervision,2014,1321.0
130499,Other Educational Administration & Supervision,2015,972.0
130499,Other Educational Administration & Supervision,2016,1110.0
130499,Other Educational Administration & Supervision,2017,1215.0
130499,Other Educational Administration & Supervision,2018,1252.0
130499,Other Educational Administration & Supervision,2019,1330.0
130499,Other Educational Administration & Supervision,2020,1324.0
130499,Other Educational Administration & Supervision,2021,1285.0
130499,Other Educational Administration & Supervision,2022,1227.0
130499,Other Educational Administration & Supervision,2023,1046.0
130499,Other Educational Administration & Supervision,2024,911.0
130501,Educational & Instructional Technology,2012,4153.0
130501,Educational & Instructional Technology,2013,4168.0
130501,Educational & Instructional Technology,2014,4590.0
130501,Educational & Instructional Technology,2015,4742.0
130501,Educational & Instructional Technology,2016,4762.0
130501,Educational & Instructional Technology,2017,4436.0
130501,Educational & Instructional Technology,2018,5463.0
130501,Educational & Instructional Technology,2019,5656.0
130501,Educational & Instructional Technology,2020,6191.0
130501,Educational & Instructional Technology,2021,6799.0
130501,Educational & Instructional Technology,2022,7194.0
130501,Educational & Instructional Technology,2023,6792.0
130501,Educational & Instructional Technology,2024,6832.0
130601,Educational Evaluation & Research,2012,50.0
130601,Educational Evaluation & Research,2013,59.0
130601,Educational Evaluation & Research,2014,51.0
130601,Educational Evaluation & Research,2015,55.0
130601,Educational Evaluation & Research,2016,66.0
130601,Educational Evaluation & Research,2017,91.0
130601,Educational Evaluation & Research,2018,105.0
130601,Educational Evaluation & Research,2019,93.0
130601,Educational Evaluation & Research,2020,109.0
130601,Educational Evaluation & Research,2021,102.0
130601,Educational Evaluation & Research,2022,422.0
130601,Educational Evaluation & Research,2023,444.0
130601,Educational Evaluation & Research,2024,473.0
130603,Educational Statistics & Research Methods,2012,56.0
130603,Educational Statistics & Research Methods,2013,43.0
130603,Educational Statistics & Research Methods,2014,48.0
130603,Educational Statistics & Research Methods,2015,61.0
130603,Educational Statistics & Research Methods,2016,92.0
130603,Educational Statistics & Research Methods,2017,164.0
130603,Educational Statistics & Research Methods,2018,95.0
130603,Educational Statistics & Research Methods,2019,113.0
130603,Educational Statistics & Research Methods,2020,127.0
130603,Educational Statistics & Research Methods,2021,138.0
130603,Educational Statistics & Research Methods,2022,148.0
130603,Educational Statistics & Research Methods,2023,178.0
130603,Educational Statistics & Research Methods,2024,169.0
130604,"Educational Assessment, Testing, & Measurement",2012,62.0
130604,"Educational Assessment, Testing, & Measurement",2013,51.0
130604,"Educational Assessment, Testing, & Measurement",2014,70.0
130604,"Educational Assessment, Testing, & Measurement",2015,55.0
130604,"Educational Assessment, Testing, & Measurement",2016,73.0
130604,"Educational Assessment, Testing, & Measurement",2017,60.0
130604,"Educational Assessment, Testing, & Measurement",2018,64.0
130604,"Educational Assessment, Testing, & Measurement",2019,64.0
130604,"Educational Assessment, Testing, & Measurement",2020,77.0
130604,"Educational Assessment, Testing, & Measurement",2021,73.0
130604,"Educational Assessment, Testing, & Measurement",2022,93.0
130604,"Educational Assessment, Testing, & Measurement",2023,89.0
130604,"Educational Assessment, Testing, & Measurement",2024,139.0
130607,Learning Sciences,2012,19.0
130607,Learning Sciences,2013,34.0
130607,Learning Sciences,2014,23.0
130607,Learning Sciences,2015,44.0
130607,Learning Sciences,2016,50.0
130607,Learning Sciences,2017,108.0
130607,Learning Sciences,2018,99.0
130607,Learning Sciences,2019,116.0
130607,Learning Sciences,2020,158.0
130607,Learning Sciences,2021,169.0
130607,Learning Sciences,2022,457.0
130607,Learning Sciences,2023,690.0
130607,Learning Sciences,2024,937.0
130699,"Other Educational Assessment, Evaluation, & Research",2012,147.0
130699,"Other Educational Assessment, Evaluation, & Research",2013,131.0
130699,"Other Educational Assessment, Evaluation, & Research",2014,103.0
130699,"Other Educational Assessment, Evaluation, & Research",2015,120.0
130699,"Other Educational Assessment, Evaluation, & Research",2016,149.0
130699,"Other Educational Assessment, Evaluation, & Research",2017,127.0
130699,"Other Educational Assessment, Evaluation, & Research",2018,128.0
130699,"Other Educational Assessment, Evaluation, & Research",2019,131.0
130699,"Other Educational Assessment, Evaluation, & Research",2020,109.0
130699,"Other Educational Assessment, Evaluation, & Research",2021,161.0
130699,"Other Educational Assessment, Evaluation, & Research",2022,117.0
130699,"Other Educational Assessment, Evaluation, & Research",2023,119.0
130699,"Other Educational Assessment, Evaluation, & Research",2024,125.0
130701,International & Comparative Education,2012,276.0
130701,International & Comparative Education,2013,196.0
130701,International & Comparative Education,2014,267.0
130701,International & Comparative Education,2015,332.0
130701,International & Comparative Education,2016,307.0
130701,International & Comparative Education,2017,287.0
130701,International & Comparative Education,2018,313.0
130701,International & Comparative Education,2019,293.0
130701,International & Comparative Education,2020,269.0
130701,International & Comparative Education,2021,230.0
130701,International & Comparative Education,2022,204.0
130701,International & Comparative Education,2023,234.0
130701,International & Comparative Education,2024,193.0
130901,Social & Philosophical Foundations of Education,2012,645.0
130901,Social & Philosophical Foundations of Education,2013,517.0
130901,Social & Philosophical Foundations of Education,2014,512.0
130901,Social & Philosophical Foundations of Education,2015,521.0
130901,Social & Philosophical Foundations of Education,2016,431.0
130901,Social & Philosophical Foundations of Education,2017,335.0
130901,Social & Philosophical Foundations of Education,2018,334.0
130901,Social & Philosophical Foundations of Education,2019,315.0
130901,Social & Philosophical Foundations of Education,2020,302.0
130901,Social & Philosophical Foundations of Education,2021,268.0
130901,Social & Philosophical Foundations of Education,2022,341.0
130901,Social & Philosophical Foundations of Education,2023,302.0
130901,Social & Philosophical Foundations of Education,2024,259.0
131001,General Special Education & Teaching,2012,13972.0
131001,General Special Education & Teaching,2013,13328.0
131001,General Special Education & Teaching,2014,11962.0
131001,General Special Education & Teaching,2015,11354.0
131001,General Special Education & Teaching,2016,12255.0
131001,General Special Education & Teaching,2017,11569.0
131001,General Special Education & Teaching,2018,11863.0
131001,General Special Education & Teaching,2019,12254.0
131001,General Special Education & Teaching,2020,13712.0
131001,General Special Education & Teaching,2021,15631.0
131001,General Special Education & Teaching,2022,14837.0
131001,General Special Education & Teaching,2023,14052.0
131001,General Special Education & Teaching,2024,13894.0
131003,Education of Individuals with Hearing Impairments,2012,154.0
131003,Education of Individuals with Hearing Impairments,2013,183.0
131003,Education of Individuals with Hearing Impairments,2014,140.0
131003,Education of Individuals with Hearing Impairments,2015,135.0
131003,Education of Individuals with Hearing Impairments,2016,118.0
131003,Education of Individuals with Hearing Impairments,2017,131.0
131003,Education of Individuals with Hearing Impairments,2018,132.0
131003,Education of Individuals with Hearing Impairments,2019,116.0
131003,Education of Individuals with Hearing Impairments,2020,116.0
131003,Education of Individuals with Hearing Impairments,2021,97.0
131003,Education of Individuals with Hearing Impairments,2022,123.0
131003,Education of Individuals with Hearing Impairments,2023,117.0
131003,Education of Individuals with Hearing Impairments,2024,96.0
131004,Education of the Gifted & Talented,2012,317.0
131004,Education of the Gifted & Talented,2013,310.0
131004,Education of the Gifted & Talented,2014,318.0
131004,Education of the Gifted & Talented,2015,264.0
131004,Education of the Gifted & Talented,2016,243.0
131004,Education of the Gifted & Talented,2017,340.0
131004,Education of the Gifted & Talented,2018,313.0
131004,Education of the Gifted & Talented,2019,270.0
131004,Education of the Gifted & Talented,2020,325.0
131004,Education of the Gifted & Talented,2021,242.0
131004,Education of the Gifted & Talented,2022,236.0
131004,Education of the Gifted & Talented,2023,229.0
131004,Education of the Gifted & Talented,2024,210.0
131005,Education of Individuals with Emotional Disturbances,2012,97.0
131005,Education of Individuals with Emotional Disturbances,2013,111.0
131005,Education of Individuals with Emotional Disturbances,2014,83.0
131005,Education of Individuals with Emotional Disturbances,2015,132.0
131005,Education of Individuals with Emotional Disturbances,2016,160.0
131005,Education of Individuals with Emotional Disturbances,2017,117.0
131005,Education of Individuals with Emotional Disturbances,2018,80.0
131005,Education of Individuals with Emotional Disturbances,2019,57.0
131005,Education of Individuals with Emotional Disturbances,2020,81.0
131005,Education of Individuals with Emotional Disturbances,2021,50.0
131005,Education of Individuals with Emotional Disturbances,2022,26.0
131005,Education of Individuals with Emotional Disturbances,2023,40.0
131005,Education of Individuals with Emotional Disturbances,2024,36.0
131006,Education of Individuals with Mental Retardation,2012,228.0
131006,Education of Individuals with Mental Retardation,2013,151.0
131006,Education of Individuals with Mental Retardation,2014,97.0
131006,Education of Individuals with Mental Retardation,2015,77.0
131006,Education of Individuals with Mental Retardation,2016,48.0
131006,Education of Individuals with Mental Retardation,2017,66.0
131006,Education of Individuals with Mental Retardation,2018,44.0
131006,Education of Individuals with Mental Retardation,2019,47.0
131006,Education of Individuals with Mental Retardation,2020,50.0
131006,Education of Individuals with Mental Retardation,2021,26.0
131006,Education of Individuals with Mental Retardation,2022,48.0
131006,Education of Individuals with Mental Retardation,2023,28.0
131006,Education of Individuals with Mental Retardation,2024,25.0
131007,Education of Individuals with Multiple Disabilities,2012,581.0
131007,Education of Individuals with Multiple Disabilities,2013,345.0
131007,Education of Individuals with Multiple Disabilities,2014,294.0
131007,Education of Individuals with Multiple Disabilities,2015,272.0
131007,Education of Individuals with Multiple Disabilities,2016,286.0
131007,Education of Individuals with Multiple Disabilities,2017,309.0
131007,Education of Individuals with Multiple Disabilities,2018,263.0
131007,Education of Individuals with Multiple Disabilities,2019,373.0
131007,Education of Individuals with Multiple Disabilities,2020,319.0
131007,Education of Individuals with Multiple Disabilities,2021,1580.0
131007,Education of Individuals with Multiple Disabilities,2022,1339.0
131007,Education of Individuals with Multiple Disabilities,2023,1191.0
131007,Education of Individuals with Multiple Disabilities,2024,1078.0
131008,Education of Individuals with Orthopedic & Other Physical Health Impairments,2012,22.0
131008,Education of Individuals with Orthopedic & Other Physical Health Impairments,2013,14.0
131008,Education of Individuals with Orthopedic & Other Physical Health Impairments,2014,17.0
131008,Education of Individuals with Orthopedic & Other Physical Health Impairments,2015,14.0
131008,Education of Individuals with Orthopedic & Other Physical Health Impairments,2016,0.0
131008,Education of Individuals with Orthopedic & Other Physical Health Impairments,2017,3.0
131008,Education of Individuals with Orthopedic & Other Physical Health Impairments,2018,0.0
131008,Education of Individuals with Orthopedic & Other Physical Health Impairments,2019,0.0
131008,Education of Individuals with Orthopedic & Other Physical Health Impairments,2020,0.0
131008,Education of Individuals with Orthopedic & Other Physical Health Impairments,2021,2.0
131008,Education of Individuals with Orthopedic & Other Physical Health Impairments,2022,1.0
131008,Education of Individuals with Orthopedic & Other Physical Health Impairments,2023,0.0
131008,Education of Individuals with Orthopedic & Other Physical Health Impairments,2024,0.0
131009,Education of Individuals with Vision Impairments,2012,126.0
131009,Education of Individuals with Vision Impairments,2013,147.0
131009,Education of Individuals with Vision Impairments,2014,127.0
131009,Education of Individuals with Vision Impairments,2015,106.0
131009,Education of Individuals with Vision Impairments,2016,103.0
131009,Education of Individuals with Vision Impairments,2017,96.0
131009,Education of Individuals with Vision Impairments,2018,126.0
131009,Education of Individuals with Vision Impairments,2019,108.0
131009,Education of Individuals with Vision Impairments,2020,103.0
131009,Education of Individuals with Vision Impairments,2021,96.0
131009,Education of Individuals with Vision Impairments,2022,135.0
131009,Education of Individuals with Vision Impairments,2023,108.0
131009,Education of Individuals with Vision Impairments,2024,88.0
131011,Education of Individuals with Specific Learning Disabilities,2012,316.0
131011,Education of Individuals with Specific Learning Disabilities,2013,323.0
131011,Education of Individuals with Specific Learning Disabilities,2014,359.0
131011,Education of Individuals with Specific Learning Disabilities,2015,249.0
131011,Education of Individuals with Specific Learning Disabilities,2016,291.0
131011,Education of Individuals with Specific Learning Disabilities,2017,309.0
131011,Education of Individuals with Specific Learning Disabilities,2018,272.0
131011,Education of Individuals with Specific Learning Disabilities,2019,232.0
131011,Education of Individuals with Specific Learning Disabilities,2020,220.0
131011,Education of Individuals with Specific Learning Disabilities,2021,225.0
131011,Education of Individuals with Specific Learning Disabilities,2022,243.0
131011,Education of Individuals with Specific Learning Disabilities,2023,224.0
131011,Education of Individuals with Specific Learning Disabilities,2024,154.0
131012,Education of Individuals with Speech or Language Impairments,2012,259.0
131012,Education of Individuals with Speech or Language Impairments,2013,281.0
131012,Education of Individuals with Speech or Language Impairments,2014,221.0
131012,Education of Individuals with Speech or Language Impairments,2015,242.0
131012,Education of Individuals with Speech or Language Impairments,2016,263.0
131012,Education of Individuals with Speech or Language Impairments,2017,261.0
131012,Education of Individuals with Speech or Language Impairments,2018,301.0
131012,Education of Individuals with Speech or Language Impairments,2019,258.0
131012,Education of Individuals with Speech or Language Impairments,2020,227.0
131012,Education of Individuals with Speech or Language Impairments,2021,231.0
131012,Education of Individuals with Speech or Language Impairments,2022,154.0
131012,Education of Individuals with Speech or Language Impairments,2023,146.0
131012,Education of Individuals with Speech or Language Impairments,2024,106.0
131013,Education of Individuals with Autism,2012,169.0
131013,Education of Individuals with Autism,2013,274.0
131013,Education of Individuals with Autism,2014,375.0
131013,Education of Individuals with Autism,2015,463.0
131013,Education of Individuals with Autism,2016,202.0
131013,Education of Individuals with Autism,2017,844.0
131013,Education of Individuals with Autism,2018,1072.0
131013,Education of Individuals with Autism,2019,375.0
131013,Education of Individuals with Autism,2020,418.0
131013,Education of Individuals with Autism,2021,456.0
131013,Education of Individuals with Autism,2022,436.0
131013,Education of Individuals with Autism,2023,328.0
131013,Education of Individuals with Autism,2024,261.0
131014,Education of Individuals Who are Developmentally Delayed,2012,164.0
131014,Education of Individuals Who are Developmentally Delayed,2013,147.0
131014,Education of Individuals Who are Developmentally Delayed,2014,156.0
131014,Education of Individuals Who are Developmentally Delayed,2015,168.0
131014,Education of Individuals Who are Developmentally Delayed,2016,5.0
131014,Education of Individuals Who are Developmentally Delayed,2017,181.0
131014,Education of Individuals Who are Developmentally Delayed,2018,171.0
131014,Education of Individuals Who are Developmentally Delayed,2019,174.0
131014,Education of Individuals Who are Developmentally Delayed,2020,150.0
131014,Education of Individuals Who are Developmentally Delayed,2021,149.0
131014,Education of Individuals Who are Developmentally Delayed,2022,90.0
131014,Education of Individuals Who are Developmentally Delayed,2023,48.0
131014,Education of Individuals Who are Developmentally Delayed,2024,53.0
131015,Education of Individuals in Early Childhood Special Education Programs,2012,1027.0
131015,Education of Individuals in Early Childhood Special Education Programs,2013,1014.0
131015,Education of Individuals in Early Childhood Special Education Programs,2014,1143.0
131015,Education of Individuals in Early Childhood Special Education Programs,2015,841.0
131015,Education of Individuals in Early Childhood Special Education Programs,2016,875.0
131015,Education of Individuals in Early Childhood Special Education Programs,2017,976.0
131015,Education of Individuals in Early Childhood Special Education Programs,2018,1051.0
131015,Education of Individuals in Early Childhood Special Education Programs,2019,822.0
131015,Education of Individuals in Early Childhood Special Education Programs,2020,780.0
131015,Education of Individuals in Early Childhood Special Education Programs,2021,685.0
131015,Education of Individuals in Early Childhood Special Education Programs,2022,855.0
131015,Education of Individuals in Early Childhood Special Education Programs,2023,892.0
131015,Education of Individuals in Early Childhood Special Education Programs,2024,900.0
131016,Education/Teaching of Individuals with Traumatic Brain Injuries,2022,23.0
131016,Education/Teaching of Individuals with Traumatic Brain Injuries,2023,36.0
131016,Education/Teaching of Individuals with Traumatic Brain Injuries,2024,31.0
131017,Education of Individuals in Elementary Special Education Programs,2012,432.0
131017,Education of Individuals in Elementary Special Education Programs,2013,590.0
131017,Education of Individuals in Elementary Special Education Programs,2014,1429.0
131017,Education of Individuals in Elementary Special Education Programs,2015,1010.0
131017,Education of Individuals in Elementary Special Education Programs,2016,1113.0
131017,Education of Individuals in Elementary Special Education Programs,2017,1123.0
131017,Education of Individuals in Elementary Special Education Programs,2018,980.0
131017,Education of Individuals in Elementary Special Education Programs,2019,812.0
131017,Education of Individuals in Elementary Special Education Programs,2020,884.0
131017,Education of Individuals in Elementary Special Education Programs,2021,1006.0
131017,Education of Individuals in Elementary Special Education Programs,2022,1010.0
131017,Education of Individuals in Elementary Special Education Programs,2023,1076.0
131017,Education of Individuals in Elementary Special Education Programs,2024,1381.0
131018,Education of Individuals in Middle School Special Education Programs,2012,200.0
131018,Education of Individuals in Middle School Special Education Programs,2013,203.0
131018,Education of Individuals in Middle School Special Education Programs,2014,242.0
131018,Education of Individuals in Middle School Special Education Programs,2015,134.0
131018,Education of Individuals in Middle School Special Education Programs,2016,33.0
131018,Education of Individuals in Middle School Special Education Programs,2017,32.0
131018,Education of Individuals in Middle School Special Education Programs,2018,42.0
131018,Education of Individuals in Middle School Special Education Programs,2019,31.0
131018,Education of Individuals in Middle School Special Education Programs,2020,54.0
131018,Education of Individuals in Middle School Special Education Programs,2021,141.0
131018,Education of Individuals in Middle School Special Education Programs,2022,75.0
131018,Education of Individuals in Middle School Special Education Programs,2023,57.0
131018,Education of Individuals in Middle School Special Education Programs,2024,83.0
131019,Education of Individuals in Secondary Special Education Programs,2012,184.0
131019,Education of Individuals in Secondary Special Education Programs,2013,248.0
131019,Education of Individuals in Secondary Special Education Programs,2014,380.0
131019,Education of Individuals in Secondary Special Education Programs,2015,569.0
131019,Education of Individuals in Secondary Special Education Programs,2016,371.0
131019,Education of Individuals in Secondary Special Education Programs,2017,477.0
131019,Education of Individuals in Secondary Special Education Programs,2018,481.0
131019,Education of Individuals in Secondary Special Education Programs,2019,426.0
131019,Education of Individuals in Secondary Special Education Programs,2020,406.0
131019,Education of Individuals in Secondary Special Education Programs,2021,535.0
131019,Education of Individuals in Secondary Special Education Programs,2022,396.0
131019,Education of Individuals in Secondary Special Education Programs,2023,477.0
131019,Education of Individuals in Secondary Special Education Programs,2024,621.0
131099,Other Special Education & Teaching,2012,557.0
131099,Other Special Education & Teaching,2013,768.0
131099,Other Special Education & Teaching,2014,579.0
131099,Other Special Education & Teaching,2015,660.0
131099,Other Special Education & Teaching,2016,663.0
131099,Other Special Education & Teaching,2017,658.0
131099,Other Special Education & Teaching,2018,676.0
131099,Other Special Education & Teaching,2019,1658.0
131099,Other Special Education & Teaching,2020,1705.0
131099,Other Special Education & Teaching,2021,645.0
131099,Other Special Education & Teaching,2022,554.0
131099,Other Special Education & Teaching,2023,582.0
131099,Other Special Education & Teaching,2024,529.0
131101,School Counseling & Guidance Services,2012,13066.0
131101,School Counseling & Guidance Services,2013,12460.0
131101,School Counseling & Guidance Services,2014,11850.0
131101,School Counseling & Guidance Services,2015,11586.0
131101,School Counseling & Guidance Services,2016,11347.0
131101,School Counseling & Guidance Services,2017,11387.0
131101,School Counseling & Guidance Services,2018,11173.0
131101,School Counseling & Guidance Services,2019,11114.0
131101,School Counseling & Guidance Services,2020,11310.0
131101,School Counseling & Guidance Services,2021,11039.0
131101,School Counseling & Guidance Services,2022,11677.0
131101,School Counseling & Guidance Services,2023,11820.0
131101,School Counseling & Guidance Services,2024,11025.0
131102,College Student Counseling & Personal Services,2012,1044.0
131102,College Student Counseling & Personal Services,2013,1014.0
131102,College Student Counseling & Personal Services,2014,1061.0
131102,College Student Counseling & Personal Services,2015,1114.0
131102,College Student Counseling & Personal Services,2016,1022.0
131102,College Student Counseling & Personal Services,2017,1081.0
131102,College Student Counseling & Personal Services,2018,1148.0
131102,College Student Counseling & Personal Services,2019,1031.0
131102,College Student Counseling & Personal Services,2020,1013.0
131102,College Student Counseling & Personal Services,2021,931.0
131102,College Student Counseling & Personal Services,2022,945.0
131102,College Student Counseling & Personal Services,2023,880.0
131102,College Student Counseling & Personal Services,2024,770.0
131199,Other Student Counseling & Personal Services,2012,242.0
131199,Other Student Counseling & Personal Services,2013,271.0
131199,Other Student Counseling & Personal Services,2014,301.0
131199,Other Student Counseling & Personal Services,2015,282.0
131199,Other Student Counseling & Personal Services,2016,318.0
131199,Other Student Counseling & Personal Services,2017,238.0
131199,Other Student Counseling & Personal Services,2018,239.0
131199,Other Student Counseling & Personal Services,2019,217.0
131199,Other Student Counseling & Personal Services,2020,320.0
131199,Other Student Counseling & Personal Services,2021,274.0
131199,Other Student Counseling & Personal Services,2022,293.0
131199,Other Student Counseling & Personal Services,2023,303.0
131199,Other Student Counseling & Personal Services,2024,311.0
131201,Adult & Continuing Education,2012,1212.0
131201,Adult & Continuing Education,2013,1254.0
131201,Adult & Continuing Education,2014,1124.0
131201,Adult & Continuing Education,2015,1204.0
131201,Adult & Continuing Education,2016,1098.0
131201,Adult & Continuing Education,2017,1095.0
131201,Adult & Continuing Education,2018,994.0
131201,Adult & Continuing Education,2019,864.0
131201,Adult & Continuing Education,2020,775.0
131201,Adult & Continuing Education,2021,801.0
131201,Adult & Continuing Education,2022,723.0
131201,Adult & Continuing Education,2023,656.0
131201,Adult & Continuing Education,2024,642.0
131202,Elementary Education & Teaching,2012,13242.0
131202,Elementary Education & Teaching,2013,11387.0
131202,Elementary Education & Teaching,2014,9815.0
131202,Elementary Education & Teaching,2015,8428.0
131202,Elementary Education & Teaching,2016,7513.0
131202,Elementary Education & Teaching,2017,7604.0
131202,Elementary Education & Teaching,2018,7718.0
131202,Elementary Education & Teaching,2019,7385.0
131202,Elementary Education & Teaching,2020,7817.0
131202,Elementary Education & Teaching,2021,8975.0
131202,Elementary Education & Teaching,2022,8905.0
131202,Elementary Education & Teaching,2023,8984.0
131202,Elementary Education & Teaching,2024,9057.0
131203,Middle School Education & Teaching,2012,937.0
131203,Middle School Education & Teaching,2013,896.0
131203,Middle School Education & Teaching,2014,867.0
131203,Middle School Education & Teaching,2015,696.0
131203,Middle School Education & Teaching,2016,766.0
131203,Middle School Education & Teaching,2017,694.0
131203,Middle School Education & Teaching,2018,687.0
131203,Middle School Education & Teaching,2019,687.0
131203,Middle School Education & Teaching,2020,632.0
131203,Middle School Education & Teaching,2021,664.0
131203,Middle School Education & Teaching,2022,965.0
131203,Middle School Education & Teaching,2023,552.0
131203,Middle School Education & Teaching,2024,600.0
131205,Secondary Education & Teaching,2012,8122.0
131205,Secondary Education & Teaching,2013,7144.0
131205,Secondary Education & Teaching,2014,6411.0
131205,Secondary Education & Teaching,2015,5858.0
131205,Secondary Education & Teaching,2016,5692.0
131205,Secondary Education & Teaching,2017,5349.0
131205,Secondary Education & Teaching,2018,5334.0
131205,Secondary Education & Teaching,2019,4951.0
131205,Secondary Education & Teaching,2020,4910.0
131205,Secondary Education & Teaching,2021,5777.0
131205,Secondary Education & Teaching,2022,6072.0
131205,Secondary Education & Teaching,2023,5847.0
131205,Secondary Education & Teaching,2024,5395.0
131206,Teacher Education,2012,4540.0
131206,Teacher Education,2013,3744.0
131206,Teacher Education,2014,3490.0
131206,Teacher Education,2015,3984.0
131206,Teacher Education,2016,3774.0
131206,Teacher Education,2017,3756.0
131206,Teacher Education,2018,4080.0
131206,Teacher Education,2019,4156.0
131206,Teacher Education,2020,4351.0
131206,Teacher Education,2021,4966.0
131206,Teacher Education,2022,4573.0
131206,Teacher Education,2023,4326.0
131206,Teacher Education,2024,4013.0
131207,Montessori Teacher Education,2012,184.0
131207,Montessori Teacher Education,2013,175.0
131207,Montessori Teacher Education,2014,213.0
131207,Montessori Teacher Education,2015,178.0
131207,Montessori Teacher Education,2016,174.0
131207,Montessori Teacher Education,2017,158.0
131207,Montessori Teacher Education,2018,201.0
131207,Montessori Teacher Education,2019,236.0
131207,Montessori Teacher Education,2020,190.0
131207,Montessori Teacher Education,2021,202.0
131207,Montessori Teacher Education,2022,172.0
131207,Montessori Teacher Education,2023,226.0
131207,Montessori Teacher Education,2024,193.0
131208,Waldorf/Steiner Teacher Education,2012,2.0
131208,Waldorf/Steiner Teacher Education,2018,0.0
131209,Kindergarten & Preschool Education,2012,362.0
131209,Kindergarten & Preschool Education,2013,313.0
131209,Kindergarten & Preschool Education,2014,268.0
131209,Kindergarten & Preschool Education,2015,244.0
131209,Kindergarten & Preschool Education,2016,240.0
131209,Kindergarten & Preschool Education,2017,239.0
131209,Kindergarten & Preschool Education,2018,225.0
131209,Kindergarten & Preschool Education,2019,263.0
131209,Kindergarten & Preschool Education,2020,205.0
131209,Kindergarten & Preschool Education,2021,181.0
131209,Kindergarten & Preschool Education,2022,151.0
131209,Kindergarten & Preschool Education,2023,106.0
131209,Kindergarten & Preschool Education,2024,100.0
131210,Early Childhood Education & Teaching,2012,2912.0
131210,Early Childhood Education & Teaching,2013,3004.0
131210,Early Childhood Education & Teaching,2014,3094.0
131210,Early Childhood Education & Teaching,2015,2870.0
131210,Early Childhood Education & Teaching,2016,3036.0
131210,Early Childhood Education & Teaching,2017,3041.0
131210,Early Childhood Education & Teaching,2018,3125.0
131210,Early Childhood Education & Teaching,2019,3466.0
131210,Early Childhood Education & Teaching,2020,3475.0
131210,Early Childhood Education & Teaching,2021,3712.0
131210,Early Childhood Education & Teaching,2022,3805.0
131210,Early Childhood Education & Teaching,2023,3624.0
131210,Early Childhood Education & Teaching,2024,3437.0
131211,Online Educator/Online Teaching,2020,30.0
131211,Online Educator/Online Teaching,2021,20.0
131211,Online Educator/Online Teaching,2022,24.0
131211,Online Educator/Online Teaching,2023,52.0
131211,Online Educator/Online Teaching,2024,24.0
131213,"Science, Technology, Engineering, And Mathematics (Stem) Educational Methods",2020,177.0
131213,"Science, Technology, Engineering, And Mathematics (Stem) Educational Methods",2021,44.0
131213,"Science, Technology, Engineering, And Mathematics (Stem) Educational Methods",2022,217.0
131213,"Science, Technology, Engineering, And Mathematics (Stem) Educational Methods",2023,278.0
131213,"Science, Technology, Engineering, And Mathematics (Stem) Educational Methods",2024,327.0
131214,College/Postsecondary/University Teaching,2021,0.0
131214,College/Postsecondary/University Teaching,2022,0.0
131214,College/Postsecondary/University Teaching,2023,3.0
131214,College/Postsecondary/University Teaching,2024,6.0
131299,Teacher Education & Professional Development,2012,3828.0
131299,Teacher Education & Professional Development,2013,3605.0
131299,Teacher Education & Professional Development,2014,3551.0
131299,Teacher Education & Professional Development,2015,3357.0
131299,Teacher Education & Professional Development,2016,3191.0
131299,Teacher Education & Professional Development,2017,3613.0
131299,Teacher Education & Professional Development,2018,3596.0
131299,Teacher Education & Professional Development,2019,3761.0
131299,Teacher Education & Professional Development,2020,3684.0
131299,Teacher Education & Professional Development,2021,4032.0
131299,Teacher Education & Professional Development,2022,4562.0
131299,Teacher Education & Professional Development,2023,4159.0
131299,Teacher Education & Professional Development,2024,4671.0
131301,Agricultural Teacher Education,2012,321.0
131301,Agricultural Teacher Education,2013,261.0
131301,Agricultural Teacher Education,2014,252.0
131301,Agricultural Teacher Education,2015,230.0
131301,Agricultural Teacher Education,2016,223.0
131301,Agricultural Teacher Education,2017,261.0
131301,Agricultural Teacher Education,2018,246.0
131301,Agricultural Teacher Education,2019,285.0
131301,Agricultural Teacher Education,2020,276.0
131301,Agricultural Teacher Education,2021,293.0
131301,Agricultural Teacher Education,2022,287.0
131301,Agricultural Teacher Education,2023,308.0
131301,Agricultural Teacher Education,2024,318.0
131302,Art Teacher Education,2012,1126.0
131302,Art Teacher Education,2013,970.0
131302,Art Teacher Education,2014,886.0
131302,Art Teacher Education,2015,783.0
131302,Art Teacher Education,2016,832.0
131302,Art Teacher Education,2017,640.0
131302,Art Teacher Education,2018,649.0
131302,Art Teacher Education,2019,658.0
131302,Art Teacher Education,2020,630.0
131302,Art Teacher Education,2021,710.0
131302,Art Teacher Education,2022,711.0
131302,Art Teacher Education,2023,622.0
131302,Art Teacher Education,2024,666.0
131303,Business Teacher Education,2012,195.0
131303,Business Teacher Education,2013,158.0
131303,Business Teacher Education,2014,137.0
131303,Business Teacher Education,2015,110.0
131303,Business Teacher Education,2016,111.0
131303,Business Teacher Education,2017,92.0
131303,Business Teacher Education,2018,77.0
131303,Business Teacher Education,2019,78.0
131303,Business Teacher Education,2020,65.0
131303,Business Teacher Education,2021,89.0
131303,Business Teacher Education,2022,165.0
131303,Business Teacher Education,2023,57.0
131303,Business Teacher Education,2024,86.0
131304,Driver & Safety Teacher Education,2012,9.0
131304,Driver & Safety Teacher Education,2013,14.0
131304,Driver & Safety Teacher Education,2014,5.0
131304,Driver & Safety Teacher Education,2015,5.0
131304,Driver & Safety Teacher Education,2016,0.0
131304,Driver & Safety Teacher Education,2017,11.0
131304,Driver & Safety Teacher Education,2018,23.0
131304,Driver & Safety Teacher Education,2019,29.0
131304,Driver & Safety Teacher Education,2020,26.0
131304,Driver & Safety Teacher Education,2021,23.0
131304,Driver & Safety Teacher Education,2022,16.0
131304,Driver & Safety Teacher Education,2023,0.0
131304,Driver & Safety Teacher Education,2024,0.0
131305,English & Language Arts Teacher Education,2012,1068.0
131305,English & Language Arts Teacher Education,2013,946.0
131305,English & Language Arts Teacher Education,2014,805.0
131305,English & Language Arts Teacher Education,2015,795.0
131305,English & Language Arts Teacher Education,2016,799.0
131305,English & Language Arts Teacher Education,2017,824.0
131305,English & Language Arts Teacher Education,2018,742.0
131305,English & Language Arts Teacher Education,2019,816.0
131305,English & Language Arts Teacher Education,2020,965.0
131305,English & Language Arts Teacher Education,2021,978.0
131305,English & Language Arts Teacher Education,2022,1118.0
131305,English & Language Arts Teacher Education,2023,1021.0
131305,English & Language Arts Teacher Education,2024,967.0
131306,Foreign Language Teacher Education,2012,237.0
131306,Foreign Language Teacher Education,2013,184.0
131306,Foreign Language Teacher Education,2014,189.0
131306,Foreign Language Teacher Education,2015,186.0
131306,Foreign Language Teacher Education,2016,198.0
131306,Foreign Language Teacher Education,2017,190.0
131306,Foreign Language Teacher Education,2018,201.0
131306,Foreign Language Teacher Education,2019,171.0
131306,Foreign Language Teacher Education,2020,172.0
131306,Foreign Language Teacher Education,2021,220.0
131306,Foreign Language Teacher Education,2022,228.0
131306,Foreign Language Teacher Education,2023,231.0
131306,Foreign Language Teacher Education,2024,206.0
131307,Health Teacher Education,2012,544.0
131307,Health Teacher Education,2013,516.0
131307,Health Teacher Education,2014,644.0
131307,Health Teacher Education,2015,586.0
131307,Health Teacher Education,2016,505.0
131307,Health Teacher Education,2017,594.0
131307,Health Teacher Education,2018,487.0
131307,Health Teacher Education,2019,462.0
131307,Health Teacher Education,2020,443.0
131307,Health Teacher Education,2021,499.0
131307,Health Teacher Education,2022,551.0
131307,Health Teacher Education,2023,458.0
131307,Health Teacher Education,2024,487.0
131308,Family & Consumer Sciences Teacher Education,2012,86.0
131308,Family & Consumer Sciences Teacher Education,2013,54.0
131308,Family & Consumer Sciences Teacher Education,2014,62.0
131308,Family & Consumer Sciences Teacher Education,2015,69.0
131308,Family & Consumer Sciences Teacher Education,2016,83.0
131308,Family & Consumer Sciences Teacher Education,2017,74.0
131308,Family & Consumer Sciences Teacher Education,2018,71.0
131308,Family & Consumer Sciences Teacher Education,2019,82.0
131308,Family & Consumer Sciences Teacher Education,2020,68.0
131308,Family & Consumer Sciences Teacher Education,2021,53.0
131308,Family & Consumer Sciences Teacher Education,2022,66.0
131308,Family & Consumer Sciences Teacher Education,2023,47.0
131308,Family & Consumer Sciences Teacher Education,2024,59.0
131309,Technology & Industrial Arts Teacher Education,2012,338.0
131309,Technology & Industrial Arts Teacher Education,2013,300.0
131309,Technology & Industrial Arts Teacher Education,2014,336.0
131309,Technology & Industrial Arts Teacher Education,2015,329.0
131309,Technology & Industrial Arts Teacher Education,2016,296.0
131309,Technology & Industrial Arts Teacher Education,2017,424.0
131309,Technology & Industrial Arts Teacher Education,2018,353.0
131309,Technology & Industrial Arts Teacher Education,2019,341.0
131309,Technology & Industrial Arts Teacher Education,2020,305.0
131309,Technology & Industrial Arts Teacher Education,2021,265.0
131309,Technology & Industrial Arts Teacher Education,2022,223.0
131309,Technology & Industrial Arts Teacher Education,2023,181.0
131309,Technology & Industrial Arts Teacher Education,2024,184.0
131310,"Sales, Marketing, Operations, & Distribution Teacher Education",2012,124.0
131310,"Sales, Marketing, Operations, & Distribution Teacher Education",2013,0.0
131310,"Sales, Marketing, Operations, & Distribution Teacher Education",2014,9.0
131310,"Sales, Marketing, Operations, & Distribution Teacher Education",2015,4.0
131310,"Sales, Marketing, Operations, & Distribution Teacher Education",2016,0.0
131310,"Sales, Marketing, Operations, & Distribution Teacher Education",2018,0.0
131310,"Sales, Marketing, Operations, & Distribution Teacher Education",2019,0.0
131310,"Sales, Marketing, Operations, & Distribution Teacher Education",2020,0.0
131310,"Sales, Marketing, Operations, & Distribution Teacher Education",2021,0.0
131310,"Sales, Marketing, Operations, & Distribution Teacher Education",2022,0.0
131310,"Sales, Marketing, Operations, & Distribution Teacher Education",2023,0.0
131310,"Sales, Marketing, Operations, & Distribution Teacher Education",2024,0.0
131311,Mathematics Teacher Education,2012,1946.0
131311,Mathematics Teacher Education,2013,1668.0
131311,Mathematics Teacher Education,2014,1633.0
131311,Mathematics Teacher Education,2015,1511.0
131311,Mathematics Teacher Education,2016,1621.0
131311,Mathematics Teacher Education,2017,1461.0
131311,Mathematics Teacher Education,2018,1437.0
131311,Mathematics Teacher Education,2019,1444.0
131311,Mathematics Teacher Education,2020,1474.0
131311,Mathematics Teacher Education,2021,1684.0
131311,Mathematics Teacher Education,2022,1587.0
131311,Mathematics Teacher Education,2023,1666.0
131311,Mathematics Teacher Education,2024,1592.0
131312,Music Teacher Education,2012,1261.0
131312,Music Teacher Education,2013,1184.0
131312,Music Teacher Education,2014,1174.0
131312,Music Teacher Education,2015,1164.0
131312,Music Teacher Education,2016,1139.0
131312,Music Teacher Education,2017,1083.0
131312,Music Teacher Education,2018,1083.0
131312,Music Teacher Education,2019,1152.0
131312,Music Teacher Education,2020,1128.0
131312,Music Teacher Education,2021,1178.0
131312,Music Teacher Education,2022,1210.0
131312,Music Teacher Education,2023,1142.0
131312,Music Teacher Education,2024,1075.0
131314,Physical Education Teaching & Coaching,2012,2236.0
131314,Physical Education Teaching & Coaching,2013,2186.0
131314,Physical Education Teaching & Coaching,2014,1989.0
131314,Physical Education Teaching & Coaching,2015,2006.0
131314,Physical Education Teaching & Coaching,2016,1920.0
131314,Physical Education Teaching & Coaching,2017,1685.0
131314,Physical Education Teaching & Coaching,2018,1597.0
131314,Physical Education Teaching & Coaching,2019,1649.0
131314,Physical Education Teaching & Coaching,2020,1655.0
131314,Physical Education Teaching & Coaching,2021,1717.0
131314,Physical Education Teaching & Coaching,2022,1635.0
131314,Physical Education Teaching & Coaching,2023,1554.0
131314,Physical Education Teaching & Coaching,2024,1613.0
131315,Reading Teacher Education,2012,7980.0
131315,Reading Teacher Education,2013,6927.0
131315,Reading Teacher Education,2014,6019.0
131315,Reading Teacher Education,2015,5601.0
131315,Reading Teacher Education,2016,5390.0
131315,Reading Teacher Education,2017,5600.0
131315,Reading Teacher Education,2018,5669.0
131315,Reading Teacher Education,2019,5552.0
131315,Reading Teacher Education,2020,5181.0
131315,Reading Teacher Education,2021,5516.0
131315,Reading Teacher Education,2022,5099.0
131315,Reading Teacher Education,2023,4837.0
131315,Reading Teacher Education,2024,4871.0
131316,General Science Teacher Education,2012,875.0
131316,General Science Teacher Education,2013,830.0
131316,General Science Teacher Education,2014,902.0
131316,General Science Teacher Education,2015,752.0
131316,General Science Teacher Education,2016,720.0
131316,General Science Teacher Education,2017,737.0
131316,General Science Teacher Education,2018,890.0
131316,General Science Teacher Education,2019,837.0
131316,General Science Teacher Education,2020,741.0
131316,General Science Teacher Education,2021,829.0
131316,General Science Teacher Education,2022,687.0
131316,General Science Teacher Education,2023,706.0
131316,General Science Teacher Education,2024,586.0
131317,Social Science Teacher Education,2012,152.0
131317,Social Science Teacher Education,2013,137.0
131317,Social Science Teacher Education,2014,111.0
131317,Social Science Teacher Education,2015,106.0
131317,Social Science Teacher Education,2016,97.0
131317,Social Science Teacher Education,2017,88.0
131317,Social Science Teacher Education,2018,119.0
131317,Social Science Teacher Education,2019,114.0
131317,Social Science Teacher Education,2020,131.0
131317,Social Science Teacher Education,2021,130.0
131317,Social Science Teacher Education,2022,141.0
131317,Social Science Teacher Education,2023,86.0
131317,Social Science Teacher Education,2024,111.0
131318,Social Studies Teacher Education,2012,745.0
131318,Social Studies Teacher Education,2013,614.0
131318,Social Studies Teacher Education,2014,479.0
131318,Social Studies Teacher Education,2015,481.0
131318,Social Studies Teacher Education,2016,459.0
131318,Social Studies Teacher Education,2017,426.0
131318,Social Studies Teacher Education,2018,417.0
131318,Social Studies Teacher Education,2019,396.0
131318,Social Studies Teacher Education,2020,405.0
131318,Social Studies Teacher Education,2021,498.0
131318,Social Studies Teacher Education,2022,509.0
131318,Social Studies Teacher Education,2023,445.0
131318,Social Studies Teacher Education,2024,477.0
131319,Technical Teacher Education,2012,233.0
131319,Technical Teacher Education,2013,197.0
131319,Technical Teacher Education,2014,231.0
131319,Technical Teacher Education,2015,252.0
131319,Technical Teacher Education,2016,207.0
131319,Technical Teacher Education,2017,190.0
131319,Technical Teacher Education,2018,139.0
131319,Technical Teacher Education,2019,208.0
131319,Technical Teacher Education,2020,125.0
131319,Technical Teacher Education,2021,179.0
131319,Technical Teacher Education,2022,152.0
131319,Technical Teacher Education,2023,109.0
131319,Technical Teacher Education,2024,111.0
131320,Trade & Industrial Teacher Education,2012,279.0
131320,Trade & Industrial Teacher Education,2013,242.0
131320,Trade & Industrial Teacher Education,2014,222.0
131320,Trade & Industrial Teacher Education,2015,232.0
131320,Trade & Industrial Teacher Education,2016,240.0
131320,Trade & Industrial Teacher Education,2017,222.0
131320,Trade & Industrial Teacher Education,2018,194.0
131320,Trade & Industrial Teacher Education,2019,188.0
131320,Trade & Industrial Teacher Education,2020,228.0
131320,Trade & Industrial Teacher Education,2021,220.0
131320,Trade & Industrial Teacher Education,2022,275.0
131320,Trade & Industrial Teacher Education,2023,288.0
131320,Trade & Industrial Teacher Education,2024,263.0
131321,Computer Teacher Education,2012,635.0
131321,Computer Teacher Education,2013,490.0
131321,Computer Teacher Education,2014,233.0
131321,Computer Teacher Education,2015,146.0
131321,Computer Teacher Education,2016,147.0
131321,Computer Teacher Education,2017,154.0
131321,Computer Teacher Education,2018,135.0
131321,Computer Teacher Education,2019,123.0
131321,Computer Teacher Education,2020,88.0
131321,Computer Teacher Education,2021,90.0
131321,Computer Teacher Education,2022,53.0
131321,Computer Teacher Education,2023,37.0
131321,Computer Teacher Education,2024,43.0
131322,Biology Teacher Education,2012,339.0
131322,Biology Teacher Education,2013,355.0
131322,Biology Teacher Education,2014,295.0
131322,Biology Teacher Education,2015,229.0
131322,Biology Teacher Education,2016,305.0
131322,Biology Teacher Education,2017,290.0
131322,Biology Teacher Education,2018,292.0
131322,Biology Teacher Education,2019,274.0
131322,Biology Teacher Education,2020,350.0
131322,Biology Teacher Education,2021,417.0
131322,Biology Teacher Education,2022,422.0
131322,Biology Teacher Education,2023,358.0
131322,Biology Teacher Education,2024,326.0
131323,Chemistry Teacher Education,2012,83.0
131323,Chemistry Teacher Education,2013,107.0
131323,Chemistry Teacher Education,2014,68.0
131323,Chemistry Teacher Education,2015,78.0
131323,Chemistry Teacher Education,2016,83.0
131323,Chemistry Teacher Education,2017,66.0
131323,Chemistry Teacher Education,2018,83.0
131323,Chemistry Teacher Education,2019,84.0
131323,Chemistry Teacher Education,2020,119.0
131323,Chemistry Teacher Education,2021,138.0
131323,Chemistry Teacher Education,2022,163.0
131323,Chemistry Teacher Education,2023,138.0
131323,Chemistry Teacher Education,2024,120.0
131324,Drama & Dance Teacher Education,2012,72.0
131324,Drama & Dance Teacher Education,2013,52.0
131324,Drama & Dance Teacher Education,2014,72.0
131324,Drama & Dance Teacher Education,2015,68.0
131324,Drama & Dance Teacher Education,2016,78.0
131324,Drama & Dance Teacher Education,2017,86.0
131324,Drama & Dance Teacher Education,2018,66.0
131324,Drama & Dance Teacher Education,2019,96.0
131324,Drama & Dance Teacher Education,2020,102.0
131324,Drama & Dance Teacher Education,2021,118.0
131324,Drama & Dance Teacher Education,2022,100.0
131324,Drama & Dance Teacher Education,2023,95.0
131324,Drama & Dance Teacher Education,2024,106.0
131325,French Language Teacher Education,2012,40.0
131325,French Language Teacher Education,2013,27.0
131325,French Language Teacher Education,2014,30.0
131325,French Language Teacher Education,2015,28.0
131325,French Language Teacher Education,2016,22.0
131325,French Language Teacher Education,2017,19.0
131325,French Language Teacher Education,2018,19.0
131325,French Language Teacher Education,2019,8.0
131325,French Language Teacher Education,2020,14.0
131325,French Language Teacher Education,2021,23.0
131325,French Language Teacher Education,2022,18.0
131325,French Language Teacher Education,2023,7.0
131325,French Language Teacher Education,2024,13.0
131326,German Language Teacher Education,2012,2.0
131326,German Language Teacher Education,2013,1.0
131326,German Language Teacher Education,2014,0.0
131326,German Language Teacher Education,2015,0.0
131326,German Language Teacher Education,2016,1.0
131326,German Language Teacher Education,2017,0.0
131326,German Language Teacher Education,2018,1.0
131326,German Language Teacher Education,2019,0.0
131326,German Language Teacher Education,2020,1.0
131326,German Language Teacher Education,2021,1.0
131326,German Language Teacher Education,2022,0.0
131326,German Language Teacher Education,2023,1.0
131326,German Language Teacher Education,2024,0.0
131327,Health Occupations Teacher Education,2012,27.0
131327,Health Occupations Teacher Education,2013,34.0
131327,Health Occupations Teacher Education,2014,74.0
131327,Health Occupations Teacher Education,2015,87.0
131327,Health Occupations Teacher Education,2016,96.0
131327,Health Occupations Teacher Education,2017,143.0
131327,Health Occupations Teacher Education,2018,159.0
131327,Health Occupations Teacher Education,2019,261.0
131327,Health Occupations Teacher Education,2020,44.0
131327,Health Occupations Teacher Education,2021,33.0
131327,Health Occupations Teacher Education,2022,68.0
131327,Health Occupations Teacher Education,2023,52.0
131327,Health Occupations Teacher Education,2024,75.0
131328,History Teacher Education,2012,107.0
131328,History Teacher Education,2013,96.0
131328,History Teacher Education,2014,96.0
131328,History Teacher Education,2015,94.0
131328,History Teacher Education,2016,102.0
131328,History Teacher Education,2017,112.0
131328,History Teacher Education,2018,82.0
131328,History Teacher Education,2019,109.0
131328,History Teacher Education,2020,180.0
131328,History Teacher Education,2021,196.0
131328,History Teacher Education,2022,234.0
131328,History Teacher Education,2023,216.0
131328,History Teacher Education,2024,237.0
131329,Physics Teacher Education,2012,58.0
131329,Physics Teacher Education,2013,64.0
131329,Physics Teacher Education,2014,62.0
131329,Physics Teacher Education,2015,55.0
131329,Physics Teacher Education,2016,57.0
131329,Physics Teacher Education,2017,58.0
131329,Physics Teacher Education,2018,54.0
131329,Physics Teacher Education,2019,69.0
131329,Physics Teacher Education,2020,75.0
131329,Physics Teacher Education,2021,95.0
131329,Physics Teacher Education,2022,58.0
131329,Physics Teacher Education,2023,58.0
131329,Physics Teacher Education,2024,57.0
131330,Spanish Language Teacher Education,2012,175.0
131330,Spanish Language Teacher Education,2013,205.0
131330,Spanish Language Teacher Education,2014,195.0
131330,Spanish Language Teacher Education,2015,219.0
131330,Spanish Language Teacher Education,2016,181.0
131330,Spanish Language Teacher Education,2017,159.0
131330,Spanish Language Teacher Education,2018,186.0
131330,Spanish Language Teacher Education,2019,112.0
131330,Spanish Language Teacher Education,2020,106.0
131330,Spanish Language Teacher Education,2021,141.0
131330,Spanish Language Teacher Education,2022,135.0
131330,Spanish Language Teacher Education,2023,117.0
131330,Spanish Language Teacher Education,2024,118.0
131331,Speech Teacher Education,2012,62.0
131331,Speech Teacher Education,2013,65.0
131331,Speech Teacher Education,2014,46.0
131331,Speech Teacher Education,2015,28.0
131331,Speech Teacher Education,2016,24.0
131331,Speech Teacher Education,2017,29.0
131331,Speech Teacher Education,2018,30.0
131331,Speech Teacher Education,2019,22.0
131331,Speech Teacher Education,2020,17.0
131331,Speech Teacher Education,2021,23.0
131331,Speech Teacher Education,2022,24.0
131331,Speech Teacher Education,2023,17.0
131331,Speech Teacher Education,2024,17.0
131332,Geography Teacher Education,2012,9.0
131332,Geography Teacher Education,2013,14.0
131332,Geography Teacher Education,2014,2.0
131332,Geography Teacher Education,2015,3.0
131332,Geography Teacher Education,2016,0.0
131332,Geography Teacher Education,2017,1.0
131332,Geography Teacher Education,2018,1.0
131332,Geography Teacher Education,2019,1.0
131332,Geography Teacher Education,2020,1.0
131332,Geography Teacher Education,2021,1.0
131332,Geography Teacher Education,2022,0.0
131332,Geography Teacher Education,2023,0.0
131332,Geography Teacher Education,2024,0.0
131333,Latin Teacher Education,2012,8.0
131333,Latin Teacher Education,2013,14.0
131333,Latin Teacher Education,2014,14.0
131333,Latin Teacher Education,2015,4.0
131333,Latin Teacher Education,2016,6.0
131333,Latin Teacher Education,2017,2.0
131333,Latin Teacher Education,2018,4.0
131333,Latin Teacher Education,2019,4.0
131333,Latin Teacher Education,2020,3.0
131333,Latin Teacher Education,2021,3.0
131333,Latin Teacher Education,2022,3.0
131333,Latin Teacher Education,2023,3.0
131333,Latin Teacher Education,2024,2.0
131334,School Librarian & Library Media Specialist,2012,170.0
131334,School Librarian & Library Media Specialist,2013,170.0
131334,School Librarian & Library Media Specialist,2014,145.0
131334,School Librarian & Library Media Specialist,2015,265.0
131334,School Librarian & Library Media Specialist,2016,193.0
131334,School Librarian & Library Media Specialist,2017,228.0
131334,School Librarian & Library Media Specialist,2018,255.0
131334,School Librarian & Library Media Specialist,2019,259.0
131334,School Librarian & Library Media Specialist,2020,236.0
131334,School Librarian & Library Media Specialist,2021,276.0
131334,School Librarian & Library Media Specialist,2022,314.0
131334,School Librarian & Library Media Specialist,2023,257.0
131334,School Librarian & Library Media Specialist,2024,305.0
131335,Psychology Teacher Education,2012,0.0
131335,Psychology Teacher Education,2013,0.0
131335,Psychology Teacher Education,2014,0.0
131335,Psychology Teacher Education,2015,0.0
131335,Psychology Teacher Education,2016,0.0
131335,Psychology Teacher Education,2017,0.0
131335,Psychology Teacher Education,2018,0.0
131335,Psychology Teacher Education,2019,0.0
131335,Psychology Teacher Education,2020,0.0
131335,Psychology Teacher Education,2021,0.0
131335,Psychology Teacher Education,2022,0.0
131335,Psychology Teacher Education,2023,0.0
131335,Psychology Teacher Education,2024,0.0
131337,Earth Science Teacher Education,2012,54.0
131337,Earth Science Teacher Education,2013,48.0
131337,Earth Science Teacher Education,2014,66.0
131337,Earth Science Teacher Education,2015,44.0
131337,Earth Science Teacher Education,2016,44.0
131337,Earth Science Teacher Education,2017,54.0
131337,Earth Science Teacher Education,2018,52.0
131337,Earth Science Teacher Education,2019,60.0
131337,Earth Science Teacher Education,2020,77.0
131337,Earth Science Teacher Education,2021,111.0
131337,Earth Science Teacher Education,2022,53.0
131337,Earth Science Teacher Education,2023,50.0
131337,Earth Science Teacher Education,2024,98.0
131338,Environmental Education,2012,10.0
131338,Environmental Education,2013,16.0
131338,Environmental Education,2014,11.0
131338,Environmental Education,2015,23.0
131338,Environmental Education,2016,188.0
131338,Environmental Education,2017,57.0
131338,Environmental Education,2018,84.0
131338,Environmental Education,2019,33.0
131338,Environmental Education,2020,26.0
131338,Environmental Education,2021,38.0
131338,Environmental Education,2022,22.0
131338,Environmental Education,2023,31.0
131338,Environmental Education,2024,29.0
131399,Other Teacher Education & Professional Development,2012,2182.0
131399,Other Teacher Education & Professional Development,2013,1941.0
131399,Other Teacher Education & Professional Development,2014,1856.0
131399,Other Teacher Education & Professional Development,2015,1660.0
131399,Other Teacher Education & Professional Development,2016,1385.0
131399,Other Teacher Education & Professional Development,2017,1344.0
131399,Other Teacher Education & Professional Development,2018,1445.0
131399,Other Teacher Education & Professional Development,2019,1488.0
131399,Other Teacher Education & Professional Development,2020,1318.0
131399,Other Teacher Education & Professional Development,2021,1213.0
131399,Other Teacher Education & Professional Development,2022,1466.0
131399,Other Teacher Education & Professional Development,2023,1261.0
131399,Other Teacher Education & Professional Development,2024,918.0
131401,Teaching English as a Second or Foreign Language Instructor,2012,3232.0
131401,Teaching English as a Second or Foreign Language Instructor,2013,3212.0
131401,Teaching English as a Second or Foreign Language Instructor,2014,3454.0
131401,Teaching English as a Second or Foreign Language Instructor,2015,3522.0
131401,Teaching English as a Second or Foreign Language Instructor,2016,3366.0
131401,Teaching English as a Second or Foreign Language Instructor,2017,3526.0
131401,Teaching English as a Second or Foreign Language Instructor,2018,3581.0
131401,Teaching English as a Second or Foreign Language Instructor,2019,3296.0
131401,Teaching English as a Second or Foreign Language Instructor,2020,3458.0
131401,Teaching English as a Second or Foreign Language Instructor,2021,3448.0
131401,Teaching English as a Second or Foreign Language Instructor,2022,3254.0
131401,Teaching English as a Second or Foreign Language Instructor,2023,3038.0
131401,Teaching English as a Second or Foreign Language Instructor,2024,2742.0
131402,Teaching French as a Second or Foreign Language,2012,1.0
131402,Teaching French as a Second or Foreign Language,2013,0.0
131402,Teaching French as a Second or Foreign Language,2014,0.0
131402,Teaching French as a Second or Foreign Language,2015,0.0
131402,Teaching French as a Second or Foreign Language,2016,0.0
131499,Other Teaching English or French as a Second or Foreign Language,2015,5.0
131499,Other Teaching English or French as a Second or Foreign Language,2016,5.0
131499,Other Teaching English or French as a Second or Foreign Language,2017,5.0
131499,Other Teaching English or French as a Second or Foreign Language,2018,17.0
131499,Other Teaching English or French as a Second or Foreign Language,2019,8.0
131499,Other Teaching English or French as a Second or Foreign Language,2020,15.0
131499,Other Teaching English or French as a Second or Foreign Language,2021,2.0
131499,Other Teaching English or French as a Second or Foreign Language,2022,3.0
131499,Other Teaching English or French as a Second or Foreign Language,2023,3.0
131499,Other Teaching English or French as a Second or Foreign Language,2024,2.0
131501,Teacher Assistant & Aides,2012,1.0
131501,Teacher Assistant & Aides,2013,3.0
131501,Teacher Assistant & Aides,2014,19.0
131501,Teacher Assistant & Aides,2015,18.0
131501,Teacher Assistant & Aides,2016,17.0
131501,Teacher Assistant & Aides,2023,0.0
131501,Teacher Assistant & Aides,2024,0.0
131502,Adult Literacy Instructor,2012,26.0
131502,Adult Literacy Instructor,2013,41.0
131502,Adult Literacy Instructor,2014,10.0
131502,Adult Literacy Instructor,2015,16.0
131502,Adult Literacy Instructor,2016,11.0
131502,Adult Literacy Instructor,2017,7.0
131502,Adult Literacy Instructor,2018,16.0
131502,Adult Literacy Instructor,2019,5.0
131502,Adult Literacy Instructor,2020,21.0
131502,Adult Literacy Instructor,2021,12.0
131502,Adult Literacy Instructor,2022,13.0
131502,Adult Literacy Instructor,2023,9.0
131502,Adult Literacy Instructor,2024,8.0
131599,Other Teaching Assistants & Aides,2012,0.0
131599,Other Teaching Assistants & Aides,2013,0.0
131599,Other Teaching Assistants & Aides,2014,0.0
139999,Other Education,2012,3587.0
139999,Other Education,2013,3059.0
139999,Other Education,2014,2815.0
139999,Other Education,2015,2781.0
139999,Other Education,2016,2616.0
139999,Other Education,2017,2445.0
139999,Other Education,2018,2431.0
139999,Other Education,2019,2228.0
139999,Other Education,2020,2066.0
139999,Other Education,2021,1705.0
139999,Other Education,2022,1679.0
139999,Other Education,2023,1604.0
139999,Other Education,2024,1148.0
140101,General Engineering,2012,2154.0
140101,General Engineering,2013,2037.0
140101,General Engineering,2014,2098.0
140101,General Engineering,2015,2365.0
140101,General Engineering,2016,2547.0
140101,General Engineering,2017,2847.0
140101,General Engineering,2018,2732.0
140101,General Engineering,2019,2939.0
140101,General Engineering,2020,2743.0
140101,General Engineering,2021,2899.0
140101,General Engineering,2022,2548.0
140101,General Engineering,2023,3660.0
140101,General Engineering,2024,3868.0
140103,Applied Engineering,2020,83.0
140103,Applied Engineering,2021,70.0
140103,Applied Engineering,2022,107.0
140103,Applied Engineering,2023,123.0
140103,Applied Engineering,2024,213.0
140201,"Aerospace, Aeronautical, & Astronautical Engineering",2012,1503.0
140201,"Aerospace, Aeronautical, & Astronautical Engineering",2013,1335.0
140201,"Aerospace, Aeronautical, & Astronautical Engineering",2014,1405.0
140201,"Aerospace, Aeronautical, & Astronautical Engineering",2015,1407.0
140201,"Aerospace, Aeronautical, & Astronautical Engineering",2016,1527.0
140201,"Aerospace, Aeronautical, & Astronautical Engineering",2017,1650.0
140201,"Aerospace, Aeronautical, & Astronautical Engineering",2018,1699.0
140201,"Aerospace, Aeronautical, & Astronautical Engineering",2019,1715.0
140201,"Aerospace, Aeronautical, & Astronautical Engineering",2020,1767.0
140201,"Aerospace, Aeronautical, & Astronautical Engineering",2021,1875.0
140201,"Aerospace, Aeronautical, & Astronautical Engineering",2022,2077.0
140201,"Aerospace, Aeronautical, & Astronautical Engineering",2023,2392.0
140201,"Aerospace, Aeronautical, & Astronautical Engineering",2024,2504.0
140202,Astronautical Engineering,2021,5.0
140202,Astronautical Engineering,2022,3.0
140202,Astronautical Engineering,2023,10.0
140202,Astronautical Engineering,2024,8.0
140299,"Aerospace, Aeronautical, And Astronautical/Space Engineering, Other",2024,0.0
140301,Agricultural Engineering,2012,272.0
140301,Agricultural Engineering,2013,310.0
140301,Agricultural Engineering,2014,306.0
140301,Agricultural Engineering,2015,258.0
140301,Agricultural Engineering,2016,307.0
140301,Agricultural Engineering,2017,316.0
140301,Agricultural Engineering,2018,208.0
140301,Agricultural Engineering,2019,203.0
140301,Agricultural Engineering,2020,238.0
140301,Agricultural Engineering,2021,197.0
140301,Agricultural Engineering,2022,198.0
140301,Agricultural Engineering,2023,264.0
140301,Agricultural Engineering,2024,202.0
140401,Architectural Engineering,2012,142.0
140401,Architectural Engineering,2013,142.0
140401,Architectural Engineering,2014,129.0
140401,Architectural Engineering,2015,130.0
140401,Architectural Engineering,2016,167.0
140401,Architectural Engineering,2017,184.0
140401,Architectural Engineering,2018,153.0
140401,Architectural Engineering,2019,173.0
140401,Architectural Engineering,2020,172.0
140401,Architectural Engineering,2021,168.0
140401,Architectural Engineering,2022,183.0
140401,Architectural Engineering,2023,184.0
140401,Architectural Engineering,2024,197.0
140501,Bioengineering & Biomedical Engineering,2012,1835.0
140501,Bioengineering & Biomedical Engineering,2013,1916.0
140501,Bioengineering & Biomedical Engineering,2014,1925.0
140501,Bioengineering & Biomedical Engineering,2015,2209.0
140501,Bioengineering & Biomedical Engineering,2016,2360.0
140501,Bioengineering & Biomedical Engineering,2017,2562.0
140501,Bioengineering & Biomedical Engineering,2018,2842.0
140501,Bioengineering & Biomedical Engineering,2019,2909.0
140501,Bioengineering & Biomedical Engineering,2020,2858.0
140501,Bioengineering & Biomedical Engineering,2021,3089.0
140501,Bioengineering & Biomedical Engineering,2022,3217.0
140501,Bioengineering & Biomedical Engineering,2023,3671.0
140501,Bioengineering & Biomedical Engineering,2024,3716.0
140601,Ceramic Sciences & Engineering,2012,7.0
140601,Ceramic Sciences & Engineering,2013,15.0
140601,Ceramic Sciences & Engineering,2014,9.0
140601,Ceramic Sciences & Engineering,2015,16.0
140601,Ceramic Sciences & Engineering,2016,22.0
140601,Ceramic Sciences & Engineering,2017,7.0
140601,Ceramic Sciences & Engineering,2018,16.0
140601,Ceramic Sciences & Engineering,2019,14.0
140601,Ceramic Sciences & Engineering,2020,14.0
140601,Ceramic Sciences & Engineering,2021,15.0
140601,Ceramic Sciences & Engineering,2022,16.0
140601,Ceramic Sciences & Engineering,2023,17.0
140601,Ceramic Sciences & Engineering,2024,19.0
140701,Chemical Engineering,2012,1369.0
140701,Chemical Engineering,2013,1389.0
140701,Chemical Engineering,2014,1477.0
140701,Chemical Engineering,2015,1588.0
140701,Chemical Engineering,2016,1657.0
140701,Chemical Engineering,2017,1775.0
140701,Chemical Engineering,2018,1876.0
140701,Chemical Engineering,2019,1779.0
140701,Chemical Engineering,2020,1583.0
140701,Chemical Engineering,2021,1527.0
140701,Chemical Engineering,2022,1494.0
140701,Chemical Engineering,2023,1617.0
140701,Chemical Engineering,2024,1567.0
140702,Chemical & Biomolecular Engineering,2012,12.0
140702,Chemical & Biomolecular Engineering,2013,51.0
140702,Chemical & Biomolecular Engineering,2014,37.0
140702,Chemical & Biomolecular Engineering,2015,34.0
140702,Chemical & Biomolecular Engineering,2016,29.0
140702,Chemical & Biomolecular Engineering,2017,20.0
140702,Chemical & Biomolecular Engineering,2018,43.0
140702,Chemical & Biomolecular Engineering,2019,40.0
140702,Chemical & Biomolecular Engineering,2020,56.0
140702,Chemical & Biomolecular Engineering,2021,31.0
140702,Chemical & Biomolecular Engineering,2022,62.0
140702,Chemical & Biomolecular Engineering,2023,70.0
140702,Chemical & Biomolecular Engineering,2024,80.0
140799,Other Chemical Engineering,2012,0.0
140799,Other Chemical Engineering,2013,1.0
140799,Other Chemical Engineering,2014,8.0
140799,Other Chemical Engineering,2015,7.0
140799,Other Chemical Engineering,2016,16.0
140799,Other Chemical Engineering,2017,6.0
140799,Other Chemical Engineering,2018,2.0
140799,Other Chemical Engineering,2019,5.0
140799,Other Chemical Engineering,2020,3.0
140799,Other Chemical Engineering,2021,0.0
140799,Other Chemical Engineering,2022,0.0
140799,Other Chemical Engineering,2023,0.0
140799,Other Chemical Engineering,2024,8.0
140801,General Civil Engineering,2012,4993.0
140801,General Civil Engineering,2013,4983.0
140801,General Civil Engineering,2014,5171.0
140801,General Civil Engineering,2015,5070.0
140801,General Civil Engineering,2016,5238.0
140801,General Civil Engineering,2017,5318.0
140801,General Civil Engineering,2018,5370.0
140801,General Civil Engineering,2019,5184.0
140801,General Civil Engineering,2020,4675.0
140801,General Civil Engineering,2021,4500.0
140801,General Civil Engineering,2022,4123.0
140801,General Civil Engineering,2023,4603.0
140801,General Civil Engineering,2024,4565.0
140802,Geotechnical & Geoenvironmental Engineering,2012,0.0
140802,Geotechnical & Geoenvironmental Engineering,2013,3.0
140802,Geotechnical & Geoenvironmental Engineering,2014,1.0
140802,Geotechnical & Geoenvironmental Engineering,2015,1.0
140802,Geotechnical & Geoenvironmental Engineering,2016,3.0
140802,Geotechnical & Geoenvironmental Engineering,2017,1.0
140802,Geotechnical & Geoenvironmental Engineering,2018,2.0
140802,Geotechnical & Geoenvironmental Engineering,2019,2.0
140802,Geotechnical & Geoenvironmental Engineering,2020,3.0
140802,Geotechnical & Geoenvironmental Engineering,2021,1.0
140802,Geotechnical & Geoenvironmental Engineering,2022,4.0
140802,Geotechnical & Geoenvironmental Engineering,2023,2.0
140802,Geotechnical & Geoenvironmental Engineering,2024,14.0
140803,Structural Engineering,2012,200.0
140803,Structural Engineering,2013,219.0
140803,Structural Engineering,2014,217.0
140803,Structural Engineering,2015,196.0
140803,Structural Engineering,2016,223.0
140803,Structural Engineering,2017,231.0
140803,Structural Engineering,2018,245.0
140803,Structural Engineering,2019,211.0
140803,Structural Engineering,2020,162.0
140803,Structural Engineering,2021,161.0
140803,Structural Engineering,2022,131.0
140803,Structural Engineering,2023,132.0
140803,Structural Engineering,2024,147.0
140804,Transportation & Highway Engineering,2012,68.0
140804,Transportation & Highway Engineering,2013,55.0
140804,Transportation & Highway Engineering,2014,95.0
140804,Transportation & Highway Engineering,2015,89.0
140804,Transportation & Highway Engineering,2016,119.0
140804,Transportation & Highway Engineering,2017,101.0
140804,Transportation & Highway Engineering,2018,97.0
140804,Transportation & Highway Engineering,2019,93.0
140804,Transportation & Highway Engineering,2020,98.0
140804,Transportation & Highway Engineering,2021,93.0
140804,Transportation & Highway Engineering,2022,79.0
140804,Transportation & Highway Engineering,2023,98.0
140804,Transportation & Highway Engineering,2024,82.0
140805,Water Resources Engineering,2012,63.0
140805,Water Resources Engineering,2013,60.0
140805,Water Resources Engineering,2014,65.0
140805,Water Resources Engineering,2015,51.0
140805,Water Resources Engineering,2016,72.0
140805,Water Resources Engineering,2017,54.0
140805,Water Resources Engineering,2018,56.0
140805,Water Resources Engineering,2019,61.0
140805,Water Resources Engineering,2020,37.0
140805,Water Resources Engineering,2021,45.0
140805,Water Resources Engineering,2022,30.0
140805,Water Resources Engineering,2023,24.0
140805,Water Resources Engineering,2024,29.0
140899,Other Civil Engineering,2012,25.0
140899,Other Civil Engineering,2013,26.0
140899,Other Civil Engineering,2014,16.0
140899,Other Civil Engineering,2015,19.0
140899,Other Civil Engineering,2016,16.0
140899,Other Civil Engineering,2017,15.0
140899,Other Civil Engineering,2018,55.0
140899,Other Civil Engineering,2019,61.0
140899,Other Civil Engineering,2020,67.0
140899,Other Civil Engineering,2021,84.0
140899,Other Civil Engineering,2022,86.0
140899,Other Civil Engineering,2023,101.0
140899,Other Civil Engineering,2024,103.0
140901,General Computer Engineering,2012,1811.0
140901,General Computer Engineering,2013,1828.0
140901,General Computer Engineering,2014,2009.0
140901,General Computer Engineering,2015,2270.0
140901,General Computer Engineering,2016,2993.0
140901,General Computer Engineering,2017,3148.0
140901,General Computer Engineering,2018,2871.0
140901,General Computer Engineering,2019,2749.0
140901,General Computer Engineering,2020,2553.0
140901,General Computer Engineering,2021,2742.0
140901,General Computer Engineering,2022,2056.0
140901,General Computer Engineering,2023,3298.0
140901,General Computer Engineering,2024,3575.0
140902,Computer Hardware Engineering,2012,142.0
140902,Computer Hardware Engineering,2013,77.0
140902,Computer Hardware Engineering,2014,71.0
140902,Computer Hardware Engineering,2015,159.0
140902,Computer Hardware Engineering,2016,109.0
140902,Computer Hardware Engineering,2017,66.0
140902,Computer Hardware Engineering,2018,43.0
140902,Computer Hardware Engineering,2019,37.0
140902,Computer Hardware Engineering,2020,33.0
140902,Computer Hardware Engineering,2021,50.0
140902,Computer Hardware Engineering,2022,37.0
140902,Computer Hardware Engineering,2023,40.0
140902,Computer Hardware Engineering,2024,57.0
140903,Computer Software Engineering,2012,1178.0
140903,Computer Software Engineering,2013,1318.0
140903,Computer Software Engineering,2014,1380.0
140903,Computer Software Engineering,2015,1712.0
140903,Computer Software Engineering,2016,2138.0
140903,Computer Software Engineering,2017,2010.0
140903,Computer Software Engineering,2018,1808.0
140903,Computer Software Engineering,2019,1691.0
140903,Computer Software Engineering,2020,2045.0
140903,Computer Software Engineering,2021,2180.0
140903,Computer Software Engineering,2022,1731.0
140903,Computer Software Engineering,2023,2362.0
140903,Computer Software Engineering,2024,2852.0
140999,Other Computer Engineering,2012,18.0
140999,Other Computer Engineering,2013,19.0
140999,Other Computer Engineering,2014,9.0
140999,Other Computer Engineering,2015,18.0
140999,Other Computer Engineering,2016,76.0
140999,Other Computer Engineering,2017,120.0
140999,Other Computer Engineering,2018,78.0
140999,Other Computer Engineering,2019,46.0
140999,Other Computer Engineering,2020,30.0
140999,Other Computer Engineering,2021,48.0
140999,Other Computer Engineering,2022,66.0
140999,Other Computer Engineering,2023,198.0
140999,Other Computer Engineering,2024,243.0
141001,Electrical & Electronics Engineering,2012,9438.0
141001,Electrical & Electronics Engineering,2013,9122.0
141001,Electrical & Electronics Engineering,2014,9704.0
141001,Electrical & Electronics Engineering,2015,11671.0
141001,Electrical & Electronics Engineering,2016,13443.0
141001,Electrical & Electronics Engineering,2017,12447.0
141001,Electrical & Electronics Engineering,2018,11266.0
141001,Electrical & Electronics Engineering,2019,10138.0
141001,Electrical & Electronics Engineering,2020,9330.0
141001,Electrical & Electronics Engineering,2021,8248.0
141001,Electrical & Electronics Engineering,2022,6780.0
141001,Electrical & Electronics Engineering,2023,8743.0
141001,Electrical & Electronics Engineering,2024,8356.0
141003,Laser & Optical Engineering,2012,34.0
141003,Laser & Optical Engineering,2013,32.0
141003,Laser & Optical Engineering,2014,36.0
141003,Laser & Optical Engineering,2015,30.0
141003,Laser & Optical Engineering,2016,40.0
141003,Laser & Optical Engineering,2017,22.0
141003,Laser & Optical Engineering,2018,43.0
141003,Laser & Optical Engineering,2019,40.0
141003,Laser & Optical Engineering,2020,45.0
141003,Laser & Optical Engineering,2021,46.0
141003,Laser & Optical Engineering,2022,29.0
141003,Laser & Optical Engineering,2023,28.0
141003,Laser & Optical Engineering,2024,42.0
141004,Telecommunications Engineering,2012,173.0
141004,Telecommunications Engineering,2013,233.0
141004,Telecommunications Engineering,2014,205.0
141004,Telecommunications Engineering,2015,243.0
141004,Telecommunications Engineering,2016,222.0
141004,Telecommunications Engineering,2017,247.0
141004,Telecommunications Engineering,2018,201.0
141004,Telecommunications Engineering,2019,154.0
141004,Telecommunications Engineering,2020,152.0
141004,Telecommunications Engineering,2021,118.0
141004,Telecommunications Engineering,2022,53.0
141004,Telecommunications Engineering,2023,125.0
141004,Telecommunications Engineering,2024,111.0
141099,"Other Electrical, Electronics, & Communications Engineering",2012,47.0
141099,"Other Electrical, Electronics, & Communications Engineering",2013,40.0
141099,"Other Electrical, Electronics, & Communications Engineering",2014,51.0
141099,"Other Electrical, Electronics, & Communications Engineering",2015,77.0
141099,"Other Electrical, Electronics, & Communications Engineering",2016,214.0
141099,"Other Electrical, Electronics, & Communications Engineering",2017,228.0
141099,"Other Electrical, Electronics, & Communications Engineering",2018,128.0
141099,"Other Electrical, Electronics, & Communications Engineering",2019,161.0
141099,"Other Electrical, Electronics, & Communications Engineering",2020,264.0
141099,"Other Electrical, Electronics, & Communications Engineering",2021,246.0
141099,"Other Electrical, Electronics, & Communications Engineering",2022,198.0
141099,"Other Electrical, Electronics, & Communications Engineering",2023,296.0
141099,"Other Electrical, Electronics, & Communications Engineering",2024,257.0
141101,Engineering Mechanics,2012,119.0
141101,Engineering Mechanics,2013,87.0
141101,Engineering Mechanics,2014,89.0
141101,Engineering Mechanics,2015,90.0
141101,Engineering Mechanics,2016,81.0
141101,Engineering Mechanics,2017,81.0
141101,Engineering Mechanics,2018,100.0
141101,Engineering Mechanics,2019,71.0
141101,Engineering Mechanics,2020,77.0
141101,Engineering Mechanics,2021,63.0
141101,Engineering Mechanics,2022,70.0
141101,Engineering Mechanics,2023,53.0
141101,Engineering Mechanics,2024,62.0
141201,Engineering Physics & Applied Physics,2012,116.0
141201,Engineering Physics & Applied Physics,2013,118.0
141201,Engineering Physics & Applied Physics,2014,142.0
141201,Engineering Physics & Applied Physics,2015,133.0
141201,Engineering Physics & Applied Physics,2016,134.0
141201,Engineering Physics & Applied Physics,2017,139.0
141201,Engineering Physics & Applied Physics,2018,128.0
141201,Engineering Physics & Applied Physics,2019,133.0
141201,Engineering Physics & Applied Physics,2020,139.0
141201,Engineering Physics & Applied Physics,2021,122.0
141201,Engineering Physics & Applied Physics,2022,168.0
141201,Engineering Physics & Applied Physics,2023,203.0
141201,Engineering Physics & Applied Physics,2024,186.0
141301,Engineering Science,2012,310.0
141301,Engineering Science,2013,306.0
141301,Engineering Science,2014,310.0
141301,Engineering Science,2015,304.0
141301,Engineering Science,2016,355.0
141301,Engineering Science,2017,339.0
141301,Engineering Science,2018,328.0
141301,Engineering Science,2019,298.0
141301,Engineering Science,2020,414.0
141301,Engineering Science,2021,335.0
141301,Engineering Science,2022,331.0
141301,Engineering Science,2023,364.0
141301,Engineering Science,2024,362.0
141401,Environmental Health Engineering,2012,739.0
141401,Environmental Health Engineering,2013,825.0
141401,Environmental Health Engineering,2014,909.0
141401,Environmental Health Engineering,2015,895.0
141401,Environmental Health Engineering,2016,871.0
141401,Environmental Health Engineering,2017,795.0
141401,Environmental Health Engineering,2018,950.0
141401,Environmental Health Engineering,2019,919.0
141401,Environmental Health Engineering,2020,823.0
141401,Environmental Health Engineering,2021,746.0
141401,Environmental Health Engineering,2022,739.0
141401,Environmental Health Engineering,2023,830.0
141401,Environmental Health Engineering,2024,757.0
141801,Materials Engineering,2012,762.0
141801,Materials Engineering,2013,868.0
141801,Materials Engineering,2014,925.0
141801,Materials Engineering,2015,946.0
141801,Materials Engineering,2016,1000.0
141801,Materials Engineering,2017,1108.0
141801,Materials Engineering,2018,1162.0
141801,Materials Engineering,2019,1140.0
141801,Materials Engineering,2020,1125.0
141801,Materials Engineering,2021,1090.0
141801,Materials Engineering,2022,1047.0
141801,Materials Engineering,2023,1205.0
141801,Materials Engineering,2024,1101.0
141901,Mechanical Engineering,2012,5865.0
141901,Mechanical Engineering,2013,5897.0
141901,Mechanical Engineering,2014,6211.0
141901,Mechanical Engineering,2015,6881.0
141901,Mechanical Engineering,2016,7616.0
141901,Mechanical Engineering,2017,8333.0
141901,Mechanical Engineering,2018,8213.0
141901,Mechanical Engineering,2019,7864.0
141901,Mechanical Engineering,2020,7458.0
141901,Mechanical Engineering,2021,7218.0
141901,Mechanical Engineering,2022,6953.0
141901,Mechanical Engineering,2023,7402.0
141901,Mechanical Engineering,2024,7288.0
142001,Metallurgical Engineering,2012,41.0
142001,Metallurgical Engineering,2013,38.0
142001,Metallurgical Engineering,2014,43.0
142001,Metallurgical Engineering,2015,30.0
142001,Metallurgical Engineering,2016,46.0
142001,Metallurgical Engineering,2017,32.0
142001,Metallurgical Engineering,2018,35.0
142001,Metallurgical Engineering,2019,37.0
142001,Metallurgical Engineering,2020,26.0
142001,Metallurgical Engineering,2021,27.0
142001,Metallurgical Engineering,2022,35.0
142001,Metallurgical Engineering,2023,35.0
142001,Metallurgical Engineering,2024,29.0
142101,Mining & Mineral Engineering,2012,53.0
142101,Mining & Mineral Engineering,2013,66.0
142101,Mining & Mineral Engineering,2014,52.0
142101,Mining & Mineral Engineering,2015,87.0
142101,Mining & Mineral Engineering,2016,103.0
142101,Mining & Mineral Engineering,2017,77.0
142101,Mining & Mineral Engineering,2018,99.0
142101,Mining & Mineral Engineering,2019,82.0
142101,Mining & Mineral Engineering,2020,62.0
142101,Mining & Mineral Engineering,2021,69.0
142101,Mining & Mineral Engineering,2022,92.0
142101,Mining & Mineral Engineering,2023,83.0
142101,Mining & Mineral Engineering,2024,85.0
142201,Naval Architecture & Marine Engineering,2012,59.0
142201,Naval Architecture & Marine Engineering,2013,43.0
142201,Naval Architecture & Marine Engineering,2014,48.0
142201,Naval Architecture & Marine Engineering,2015,37.0
142201,Naval Architecture & Marine Engineering,2016,51.0
142201,Naval Architecture & Marine Engineering,2017,40.0
142201,Naval Architecture & Marine Engineering,2018,35.0
142201,Naval Architecture & Marine Engineering,2019,41.0
142201,Naval Architecture & Marine Engineering,2020,32.0
142201,Naval Architecture & Marine Engineering,2021,34.0
142201,Naval Architecture & Marine Engineering,2022,37.0
142201,Naval Architecture & Marine Engineering,2023,33.0
142201,Naval Architecture & Marine Engineering,2024,35.0
142301,Nuclear Engineering,2012,329.0
142301,Nuclear Engineering,2013,372.0
142301,Nuclear Engineering,2014,311.0
142301,Nuclear Engineering,2015,354.0
142301,Nuclear Engineering,2016,322.0
142301,Nuclear Engineering,2017,274.0
142301,Nuclear Engineering,2018,256.0
142301,Nuclear Engineering,2019,261.0
142301,Nuclear Engineering,2020,253.0
142301,Nuclear Engineering,2021,229.0
142301,Nuclear Engineering,2022,243.0
142301,Nuclear Engineering,2023,248.0
142301,Nuclear Engineering,2024,311.0
142401,Ocean Engineering,2012,64.0
142401,Ocean Engineering,2013,91.0
142401,Ocean Engineering,2014,121.0
142401,Ocean Engineering,2015,95.0
142401,Ocean Engineering,2016,82.0
142401,Ocean Engineering,2017,88.0
142401,Ocean Engineering,2018,70.0
142401,Ocean Engineering,2019,85.0
142401,Ocean Engineering,2020,68.0
142401,Ocean Engineering,2021,63.0
142401,Ocean Engineering,2022,67.0
142401,Ocean Engineering,2023,74.0
142401,Ocean Engineering,2024,69.0
142501,Petroleum Engineering,2012,432.0
142501,Petroleum Engineering,2013,395.0
142501,Petroleum Engineering,2014,458.0
142501,Petroleum Engineering,2015,536.0
142501,Petroleum Engineering,2016,514.0
142501,Petroleum Engineering,2017,531.0
142501,Petroleum Engineering,2018,515.0
142501,Petroleum Engineering,2019,386.0
142501,Petroleum Engineering,2020,284.0
142501,Petroleum Engineering,2021,264.0
142501,Petroleum Engineering,2022,235.0
142501,Petroleum Engineering,2023,188.0
142501,Petroleum Engineering,2024,150.0
142701,Systems Engineering,2012,2084.0
142701,Systems Engineering,2013,2169.0
142701,Systems Engineering,2014,2321.0
142701,Systems Engineering,2015,1994.0
142701,Systems Engineering,2016,2145.0
142701,Systems Engineering,2017,1882.0
142701,Systems Engineering,2018,2047.0
142701,Systems Engineering,2019,2020.0
142701,Systems Engineering,2020,2018.0
142701,Systems Engineering,2021,2186.0
142701,Systems Engineering,2022,2159.0
142701,Systems Engineering,2023,2407.0
142701,Systems Engineering,2024,2163.0
142801,Textile Sciences & Engineering,2012,58.0
142801,Textile Sciences & Engineering,2013,46.0
142801,Textile Sciences & Engineering,2014,43.0
142801,Textile Sciences & Engineering,2015,51.0
142801,Textile Sciences & Engineering,2016,54.0
142801,Textile Sciences & Engineering,2017,59.0
142801,Textile Sciences & Engineering,2018,80.0
142801,Textile Sciences & Engineering,2019,76.0
142801,Textile Sciences & Engineering,2020,65.0
142801,Textile Sciences & Engineering,2021,64.0
142801,Textile Sciences & Engineering,2022,54.0
142801,Textile Sciences & Engineering,2023,62.0
142801,Textile Sciences & Engineering,2024,49.0
143201,Polymer & Plastics Engineering,2012,84.0
143201,Polymer & Plastics Engineering,2013,84.0
143201,Polymer & Plastics Engineering,2014,113.0
143201,Polymer & Plastics Engineering,2015,113.0
143201,Polymer & Plastics Engineering,2016,91.0
143201,Polymer & Plastics Engineering,2017,109.0
143201,Polymer & Plastics Engineering,2018,106.0
143201,Polymer & Plastics Engineering,2019,111.0
143201,Polymer & Plastics Engineering,2020,83.0
143201,Polymer & Plastics Engineering,2021,101.0
143201,Polymer & Plastics Engineering,2022,85.0
143201,Polymer & Plastics Engineering,2023,93.0
143201,Polymer & Plastics Engineering,2024,79.0
143301,Construction Engineering,2012,85.0
143301,Construction Engineering,2013,84.0
143301,Construction Engineering,2014,97.0
143301,Construction Engineering,2015,129.0
143301,Construction Engineering,2016,225.0
143301,Construction Engineering,2017,296.0
143301,Construction Engineering,2018,331.0
143301,Construction Engineering,2019,291.0
143301,Construction Engineering,2020,258.0
143301,Construction Engineering,2021,282.0
143301,Construction Engineering,2022,246.0
143301,Construction Engineering,2023,522.0
143301,Construction Engineering,2024,632.0
143401,Forest Engineering,2012,6.0
143401,Forest Engineering,2013,4.0
143401,Forest Engineering,2014,2.0
143401,Forest Engineering,2016,1.0
143401,Forest Engineering,2017,0.0
143401,Forest Engineering,2018,0.0
143401,Forest Engineering,2019,0.0
143401,Forest Engineering,2020,0.0
143401,Forest Engineering,2021,0.0
143401,Forest Engineering,2022,0.0
143401,Forest Engineering,2023,0.0
143401,Forest Engineering,2024,0.0
143501,Industrial Engineering,2012,2076.0
143501,Industrial Engineering,2013,1992.0
143501,Industrial Engineering,2014,2297.0
143501,Industrial Engineering,2015,2367.0
143501,Industrial Engineering,2016,2842.0
143501,Industrial Engineering,2017,3263.0
143501,Industrial Engineering,2018,3243.0
143501,Industrial Engineering,2019,2861.0
143501,Industrial Engineering,2020,2617.0
143501,Industrial Engineering,2021,2483.0
143501,Industrial Engineering,2022,1732.0
143501,Industrial Engineering,2023,2737.0
143501,Industrial Engineering,2024,2811.0
143601,Manufacturing Engineering,2012,329.0
143601,Manufacturing Engineering,2013,324.0
143601,Manufacturing Engineering,2014,300.0
143601,Manufacturing Engineering,2015,263.0
143601,Manufacturing Engineering,2016,344.0
143601,Manufacturing Engineering,2017,454.0
143601,Manufacturing Engineering,2018,362.0
143601,Manufacturing Engineering,2019,374.0
143601,Manufacturing Engineering,2020,356.0
143601,Manufacturing Engineering,2021,374.0
143601,Manufacturing Engineering,2022,363.0
143601,Manufacturing Engineering,2023,407.0
143601,Manufacturing Engineering,2024,343.0
143701,Operations Research,2012,674.0
143701,Operations Research,2013,741.0
143701,Operations Research,2014,787.0
143701,Operations Research,2015,765.0
143701,Operations Research,2016,862.0
143701,Operations Research,2017,895.0
143701,Operations Research,2018,884.0
143701,Operations Research,2019,1085.0
143701,Operations Research,2020,1049.0
143701,Operations Research,2021,957.0
143701,Operations Research,2022,921.0
143701,Operations Research,2023,1126.0
143701,Operations Research,2024,1047.0
143801,Survey Engineering,2012,6.0
143801,Survey Engineering,2013,6.0
143801,Survey Engineering,2014,15.0
143801,Survey Engineering,2015,12.0
143801,Survey Engineering,2016,8.0
143801,Survey Engineering,2017,8.0
143801,Survey Engineering,2018,6.0
143801,Survey Engineering,2019,13.0
143801,Survey Engineering,2020,11.0
143801,Survey Engineering,2021,8.0
143801,Survey Engineering,2022,5.0
143801,Survey Engineering,2023,15.0
143801,Survey Engineering,2024,12.0
143901,Geological & Geophysical Engineering,2012,122.0
143901,Geological & Geophysical Engineering,2013,142.0
143901,Geological & Geophysical Engineering,2014,159.0
143901,Geological & Geophysical Engineering,2015,142.0
143901,Geological & Geophysical Engineering,2016,164.0
143901,Geological & Geophysical Engineering,2017,170.0
143901,Geological & Geophysical Engineering,2018,137.0
143901,Geological & Geophysical Engineering,2019,119.0
143901,Geological & Geophysical Engineering,2020,119.0
143901,Geological & Geophysical Engineering,2021,100.0
143901,Geological & Geophysical Engineering,2022,90.0
143901,Geological & Geophysical Engineering,2023,106.0
143901,Geological & Geophysical Engineering,2024,125.0
144001,Paper Science & Engineering,2012,1.0
144001,Paper Science & Engineering,2013,4.0
144001,Paper Science & Engineering,2014,6.0
144001,Paper Science & Engineering,2015,5.0
144001,Paper Science & Engineering,2016,5.0
144001,Paper Science & Engineering,2017,8.0
144001,Paper Science & Engineering,2018,10.0
144001,Paper Science & Engineering,2019,7.0
144001,Paper Science & Engineering,2020,8.0
144001,Paper Science & Engineering,2021,4.0
144001,Paper Science & Engineering,2022,5.0
144001,Paper Science & Engineering,2023,2.0
144001,Paper Science & Engineering,2024,3.0
144201,"Mechatronics, Robotics, & Automation Engineering",2012,29.0
144201,"Mechatronics, Robotics, & Automation Engineering",2013,61.0
144201,"Mechatronics, Robotics, & Automation Engineering",2014,86.0
144201,"Mechatronics, Robotics, & Automation Engineering",2015,111.0
144201,"Mechatronics, Robotics, & Automation Engineering",2016,161.0
144201,"Mechatronics, Robotics, & Automation Engineering",2017,224.0
144201,"Mechatronics, Robotics, & Automation Engineering",2018,272.0
144201,"Mechatronics, Robotics, & Automation Engineering",2019,298.0
144201,"Mechatronics, Robotics, & Automation Engineering",2020,294.0
144201,"Mechatronics, Robotics, & Automation Engineering",2021,452.0
144201,"Mechatronics, Robotics, & Automation Engineering",2022,403.0
144201,"Mechatronics, Robotics, & Automation Engineering",2023,924.0
144201,"Mechatronics, Robotics, & Automation Engineering",2024,1016.0
144301,Biochemical Engineering,2012,2.0
144301,Biochemical Engineering,2013,4.0
144301,Biochemical Engineering,2014,2.0
144301,Biochemical Engineering,2015,4.0
144301,Biochemical Engineering,2016,19.0
144301,Biochemical Engineering,2017,15.0
144301,Biochemical Engineering,2018,13.0
144301,Biochemical Engineering,2019,6.0
144301,Biochemical Engineering,2020,13.0
144301,Biochemical Engineering,2021,18.0
144301,Biochemical Engineering,2022,18.0
144301,Biochemical Engineering,2023,35.0
144301,Biochemical Engineering,2024,32.0
144401,Engineering Chemistry,2022,30.0
144401,Engineering Chemistry,2023,26.0
144401,Engineering Chemistry,2024,23.0
144501,Biological & Biosystems Engineering,2012,12.0
144501,Biological & Biosystems Engineering,2013,14.0
144501,Biological & Biosystems Engineering,2014,21.0
144501,Biological & Biosystems Engineering,2015,37.0
144501,Biological & Biosystems Engineering,2016,22.0
144501,Biological & Biosystems Engineering,2017,24.0
144501,Biological & Biosystems Engineering,2018,21.0
144501,Biological & Biosystems Engineering,2019,35.0
144501,Biological & Biosystems Engineering,2020,27.0
144501,Biological & Biosystems Engineering,2021,47.0
144501,Biological & Biosystems Engineering,2022,45.0
144501,Biological & Biosystems Engineering,2023,55.0
144501,Biological & Biosystems Engineering,2024,87.0
144701,Electrical And Computer Engineering,2020,99.0
144701,Electrical And Computer Engineering,2021,815.0
144701,Electrical And Computer Engineering,2022,752.0
144701,Electrical And Computer Engineering,2023,1169.0
144701,Electrical And Computer Engineering,2024,1053.0
144801,"Energy Systems Engineering, General",2020,21.0
144801,"Energy Systems Engineering, General",2021,51.0
144801,"Energy Systems Engineering, General",2022,52.0
144801,"Energy Systems Engineering, General",2023,82.0
144801,"Energy Systems Engineering, General",2024,74.0
144899,"Energy Systems Engineering, Other",2022,5.0
144899,"Energy Systems Engineering, Other",2023,6.0
144899,"Energy Systems Engineering, Other",2024,2.0
149999,Other Engineering,2012,1031.0
149999,Other Engineering,2013,1110.0
149999,Other Engineering,2014,1156.0
149999,Other Engineering,2015,1247.0
149999,Other Engineering,2016,1173.0
149999,Other Engineering,2017,1226.0
149999,Other Engineering,2018,1386.0
149999,Other Engineering,2019,1357.0
149999,Other Engineering,2020,1387.0
149999,Other Engineering,2021,1409.0
149999,Other Engineering,2022,1414.0
149999,Other Engineering,2023,1708.0
149999,Other Engineering,2024,1922.0
150000,General Engineering Technology,2012,330.0
150000,General Engineering Technology,2013,290.0
150000,General Engineering Technology,2014,267.0
150000,General Engineering Technology,2015,312.0
150000,General Engineering Technology,2016,398.0
150000,General Engineering Technology,2017,504.0
150000,General Engineering Technology,2018,331.0
150000,General Engineering Technology,2019,296.0
150000,General Engineering Technology,2020,192.0
150000,General Engineering Technology,2021,228.0
150000,General Engineering Technology,2022,171.0
150000,General Engineering Technology,2023,258.0
150000,General Engineering Technology,2024,221.0
150101,Architectural Engineering Technology,2012,0.0
150101,Architectural Engineering Technology,2013,0.0
150101,Architectural Engineering Technology,2014,15.0
150101,Architectural Engineering Technology,2015,17.0
150101,Architectural Engineering Technology,2016,11.0
150101,Architectural Engineering Technology,2017,10.0
150101,Architectural Engineering Technology,2018,18.0
150101,Architectural Engineering Technology,2019,21.0
150101,Architectural Engineering Technology,2020,21.0
150101,Architectural Engineering Technology,2021,37.0
150101,Architectural Engineering Technology,2022,30.0
150101,Architectural Engineering Technology,2023,42.0
150101,Architectural Engineering Technology,2024,64.0
150201,Civil Engineering Technology,2021,5.0
150201,Civil Engineering Technology,2022,15.0
150201,Civil Engineering Technology,2023,13.0
150201,Civil Engineering Technology,2024,5.0
150303,"Electrical, Electronic, & Communications Engineering Technology",2012,26.0
150303,"Electrical, Electronic, & Communications Engineering Technology",2013,44.0
150303,"Electrical, Electronic, & Communications Engineering Technology",2014,39.0
150303,"Electrical, Electronic, & Communications Engineering Technology",2015,45.0
150303,"Electrical, Electronic, & Communications Engineering Technology",2016,70.0
150303,"Electrical, Electronic, & Communications Engineering Technology",2017,30.0
150303,"Electrical, Electronic, & Communications Engineering Technology",2018,16.0
150303,"Electrical, Electronic, & Communications Engineering Technology",2019,15.0
150303,"Electrical, Electronic, & Communications Engineering Technology",2020,16.0
150303,"Electrical, Electronic, & Communications Engineering Technology",2021,6.0
150303,"Electrical, Electronic, & Communications Engineering Technology",2022,11.0
150303,"Electrical, Electronic, & Communications Engineering Technology",2023,9.0
150303,"Electrical, Electronic, & Communications Engineering Technology",2024,6.0
150305,Telecommunications Technology,2012,89.0
150305,Telecommunications Technology,2013,112.0
150305,Telecommunications Technology,2014,101.0
150305,Telecommunications Technology,2015,140.0
150305,Telecommunications Technology,2016,124.0
150305,Telecommunications Technology,2017,167.0
150305,Telecommunications Technology,2018,192.0
150305,Telecommunications Technology,2019,112.0
150305,Telecommunications Technology,2020,88.0
150305,Telecommunications Technology,2021,26.0
150305,Telecommunications Technology,2022,26.0
150305,Telecommunications Technology,2023,9.0
150305,Telecommunications Technology,2024,11.0
150306,Integrated Circuit Design,2012,0.0
150306,Integrated Circuit Design,2013,0.0
150307,Audio Engineering Technology/Technician,2023,0.0
150307,Audio Engineering Technology/Technician,2024,9.0
150399,Other Electrical Engineering Technology,2012,1.0
150399,Other Electrical Engineering Technology,2013,2.0
150399,Other Electrical Engineering Technology,2014,2.0
150399,Other Electrical Engineering Technology,2015,4.0
150399,Other Electrical Engineering Technology,2016,4.0
150399,Other Electrical Engineering Technology,2017,15.0
150399,Other Electrical Engineering Technology,2018,13.0
150399,Other Electrical Engineering Technology,2019,15.0
150399,Other Electrical Engineering Technology,2020,9.0
150399,Other Electrical Engineering Technology,2021,7.0
150399,Other Electrical Engineering Technology,2022,2.0
150399,Other Electrical Engineering Technology,2023,0.0
150399,Other Electrical Engineering Technology,2024,2.0
150401,Biomedical Technology,2012,1.0
150401,Biomedical Technology,2013,14.0
150401,Biomedical Technology,2014,5.0
150401,Biomedical Technology,2015,3.0
150401,Biomedical Technology,2016,4.0
150401,Biomedical Technology,2017,1.0
150401,Biomedical Technology,2018,5.0
150401,Biomedical Technology,2019,2.0
150401,Biomedical Technology,2020,1.0
150401,Biomedical Technology,2021,4.0
150401,Biomedical Technology,2022,3.0
150401,Biomedical Technology,2023,5.0
150401,Biomedical Technology,2024,4.0
150403,Electromechanical Technology,2012,1.0
150403,Electromechanical Technology,2013,2.0
150403,Electromechanical Technology,2014,5.0
150403,Electromechanical Technology,2015,8.0
150403,Electromechanical Technology,2016,3.0
150403,Electromechanical Technology,2017,3.0
150403,Electromechanical Technology,2018,6.0
150403,Electromechanical Technology,2019,11.0
150403,Electromechanical Technology,2020,10.0
150403,Electromechanical Technology,2021,16.0
150403,Electromechanical Technology,2022,7.0
150403,Electromechanical Technology,2023,12.0
150403,Electromechanical Technology,2024,8.0
150405,Robotics Technology,2016,14.0
150405,Robotics Technology,2017,12.0
150405,Robotics Technology,2018,12.0
150405,Robotics Technology,2019,18.0
150405,Robotics Technology,2020,15.0
150405,Robotics Technology,2021,22.0
150405,Robotics Technology,2022,29.0
150405,Robotics Technology,2023,35.0
150405,Robotics Technology,2024,41.0
150406,Automation Engineer Technology,2022,2.0
150406,Automation Engineer Technology,2023,7.0
150406,Automation Engineer Technology,2024,5.0
150501,HVAC & Refrigeration Engineering Technology,2012,0.0
150501,HVAC & Refrigeration Engineering Technology,2013,0.0
150503,Energy Management & Systems Technology,2012,60.0
150503,Energy Management & Systems Technology,2013,51.0
150503,Energy Management & Systems Technology,2014,77.0
150503,Energy Management & Systems Technology,2015,167.0
150503,Energy Management & Systems Technology,2016,162.0
150503,Energy Management & Systems Technology,2017,210.0
150503,Energy Management & Systems Technology,2018,102.0
150503,Energy Management & Systems Technology,2019,99.0
150505,Solar Energy Technology,2012,5.0
150505,Solar Energy Technology,2013,13.0
150505,Solar Energy Technology,2014,12.0
150505,Solar Energy Technology,2015,6.0
150505,Solar Energy Technology,2016,15.0
150505,Solar Energy Technology,2017,12.0
150505,Solar Energy Technology,2018,15.0
150505,Solar Energy Technology,2019,14.0
150507,Environmental Engineering Technology,2012,70.0
150507,Environmental Engineering Technology,2013,73.0
150507,Environmental Engineering Technology,2014,77.0
150507,Environmental Engineering Technology,2015,88.0
150507,Environmental Engineering Technology,2016,89.0
150507,Environmental Engineering Technology,2017,70.0
150507,Environmental Engineering Technology,2018,83.0
150507,Environmental Engineering Technology,2019,71.0
150507,Environmental Engineering Technology,2020,55.0
150507,Environmental Engineering Technology,2021,67.0
150507,Environmental Engineering Technology,2022,43.0
150507,Environmental Engineering Technology,2023,31.0
150507,Environmental Engineering Technology,2024,51.0
150599,Other Environmental Control Technology,2012,60.0
150599,Other Environmental Control Technology,2013,51.0
150599,Other Environmental Control Technology,2014,57.0
150599,Other Environmental Control Technology,2015,51.0
150599,Other Environmental Control Technology,2016,70.0
150599,Other Environmental Control Technology,2017,72.0
150599,Other Environmental Control Technology,2018,25.0
150599,Other Environmental Control Technology,2019,20.0
150599,Other Environmental Control Technology,2020,11.0
150599,Other Environmental Control Technology,2021,22.0
150599,Other Environmental Control Technology,2022,15.0
150599,Other Environmental Control Technology,2023,7.0
150599,Other Environmental Control Technology,2024,1.0
150607,Plastics & Polymer Engineering Technology,2012,6.0
150607,Plastics & Polymer Engineering Technology,2013,2.0
150607,Plastics & Polymer Engineering Technology,2014,7.0
150607,Plastics & Polymer Engineering Technology,2015,6.0
150607,Plastics & Polymer Engineering Technology,2016,6.0
150607,Plastics & Polymer Engineering Technology,2017,8.0
150607,Plastics & Polymer Engineering Technology,2018,5.0
150607,Plastics & Polymer Engineering Technology,2019,7.0
150607,Plastics & Polymer Engineering Technology,2020,17.0
150607,Plastics & Polymer Engineering Technology,2021,8.0
150607,Plastics & Polymer Engineering Technology,2022,7.0
150607,Plastics & Polymer Engineering Technology,2023,8.0
150607,Plastics & Polymer Engineering Technology,2024,5.0
150612,Industrial Technology,2012,393.0
150612,Industrial Technology,2013,311.0
150612,Industrial Technology,2014,240.0
150612,Industrial Technology,2015,301.0
150612,Industrial Technology,2016,310.0
150612,Industrial Technology,2017,551.0
150612,Industrial Technology,2018,382.0
150612,Industrial Technology,2019,246.0
150612,Industrial Technology,2020,262.0
150612,Industrial Technology,2021,270.0
150612,Industrial Technology,2022,284.0
150612,Industrial Technology,2023,568.0
150612,Industrial Technology,2024,625.0
150613,Manufacturing Engineering Technology,2012,77.0
150613,Manufacturing Engineering Technology,2013,68.0
150613,Manufacturing Engineering Technology,2014,59.0
150613,Manufacturing Engineering Technology,2015,67.0
150613,Manufacturing Engineering Technology,2016,79.0
150613,Manufacturing Engineering Technology,2017,108.0
150613,Manufacturing Engineering Technology,2018,114.0
150613,Manufacturing Engineering Technology,2019,104.0
150613,Manufacturing Engineering Technology,2020,90.0
150613,Manufacturing Engineering Technology,2021,93.0
150613,Manufacturing Engineering Technology,2022,106.0
150613,Manufacturing Engineering Technology,2023,101.0
150613,Manufacturing Engineering Technology,2024,89.0
150699,Other Industrial Production Technology,2012,19.0
150699,Other Industrial Production Technology,2013,7.0
150699,Other Industrial Production Technology,2014,2.0
150699,Other Industrial Production Technology,2015,3.0
150699,Other Industrial Production Technology,2016,3.0
150699,Other Industrial Production Technology,2017,7.0
150699,Other Industrial Production Technology,2018,7.0
150699,Other Industrial Production Technology,2019,10.0
150699,Other Industrial Production Technology,2020,13.0
150699,Other Industrial Production Technology,2021,12.0
150699,Other Industrial Production Technology,2022,13.0
150699,Other Industrial Production Technology,2023,9.0
150699,Other Industrial Production Technology,2024,13.0
150701,Occupational Safety & Health Technology,2012,405.0
150701,Occupational Safety & Health Technology,2013,447.0
150701,Occupational Safety & Health Technology,2014,489.0
150701,Occupational Safety & Health Technology,2015,522.0
150701,Occupational Safety & Health Technology,2016,581.0
150701,Occupational Safety & Health Technology,2017,564.0
150701,Occupational Safety & Health Technology,2018,592.0
150701,Occupational Safety & Health Technology,2019,539.0
150701,Occupational Safety & Health Technology,2020,517.0
150701,Occupational Safety & Health Technology,2021,570.0
150701,Occupational Safety & Health Technology,2022,572.0
150701,Occupational Safety & Health Technology,2023,634.0
150701,Occupational Safety & Health Technology,2024,737.0
150702,Quality Control Technology,2012,66.0
150702,Quality Control Technology,2013,85.0
150702,Quality Control Technology,2014,96.0
150702,Quality Control Technology,2015,107.0
150702,Quality Control Technology,2016,78.0
150702,Quality Control Technology,2017,75.0
150702,Quality Control Technology,2018,62.0
150702,Quality Control Technology,2019,66.0
150702,Quality Control Technology,2020,81.0
150702,Quality Control Technology,2021,76.0
150702,Quality Control Technology,2022,86.0
150702,Quality Control Technology,2023,72.0
150702,Quality Control Technology,2024,52.0
150703,Industrial Safety Technology,2012,25.0
150703,Industrial Safety Technology,2013,23.0
150703,Industrial Safety Technology,2014,25.0
150703,Industrial Safety Technology,2015,26.0
150703,Industrial Safety Technology,2016,25.0
150703,Industrial Safety Technology,2017,18.0
150703,Industrial Safety Technology,2018,20.0
150703,Industrial Safety Technology,2019,23.0
150703,Industrial Safety Technology,2020,25.0
150703,Industrial Safety Technology,2021,9.0
150703,Industrial Safety Technology,2022,7.0
150703,Industrial Safety Technology,2023,11.0
150703,Industrial Safety Technology,2024,7.0
150799,Other Quality Control & Safety Technology,2012,3.0
150799,Other Quality Control & Safety Technology,2013,1.0
150799,Other Quality Control & Safety Technology,2014,0.0
150799,Other Quality Control & Safety Technology,2015,5.0
150799,Other Quality Control & Safety Technology,2016,4.0
150799,Other Quality Control & Safety Technology,2017,8.0
150799,Other Quality Control & Safety Technology,2018,11.0
150799,Other Quality Control & Safety Technology,2019,4.0
150799,Other Quality Control & Safety Technology,2020,7.0
150799,Other Quality Control & Safety Technology,2021,0.0
150799,Other Quality Control & Safety Technology,2022,0.0
150799,Other Quality Control & Safety Technology,2023,0.0
150799,Other Quality Control & Safety Technology,2024,0.0
150801,Aeronautical & Aerospace Engineering Technology,2014,46.0
150801,Aeronautical & Aerospace Engineering Technology,2015,48.0
150801,Aeronautical & Aerospace Engineering Technology,2016,45.0
150801,Aeronautical & Aerospace Engineering Technology,2017,42.0
150801,Aeronautical & Aerospace Engineering Technology,2018,43.0
150801,Aeronautical & Aerospace Engineering Technology,2019,47.0
150801,Aeronautical & Aerospace Engineering Technology,2020,64.0
150801,Aeronautical & Aerospace Engineering Technology,2021,59.0
150801,Aeronautical & Aerospace Engineering Technology,2022,60.0
150801,Aeronautical & Aerospace Engineering Technology,2023,67.0
150801,Aeronautical & Aerospace Engineering Technology,2024,74.0
150803,Automotive Engineering Technology,2012,16.0
150803,Automotive Engineering Technology,2013,14.0
150803,Automotive Engineering Technology,2014,28.0
150803,Automotive Engineering Technology,2015,49.0
150803,Automotive Engineering Technology,2016,78.0
150803,Automotive Engineering Technology,2017,69.0
150803,Automotive Engineering Technology,2018,97.0
150803,Automotive Engineering Technology,2019,98.0
150803,Automotive Engineering Technology,2020,78.0
150803,Automotive Engineering Technology,2021,5.0
150803,Automotive Engineering Technology,2022,4.0
150803,Automotive Engineering Technology,2023,5.0
150803,Automotive Engineering Technology,2024,12.0
150805,Mechanical Engineering Technology,2012,7.0
150805,Mechanical Engineering Technology,2013,17.0
150805,Mechanical Engineering Technology,2014,29.0
150805,Mechanical Engineering Technology,2015,17.0
150805,Mechanical Engineering Technology,2016,18.0
150805,Mechanical Engineering Technology,2017,14.0
150805,Mechanical Engineering Technology,2018,17.0
150805,Mechanical Engineering Technology,2019,19.0
150805,Mechanical Engineering Technology,2020,20.0
150805,Mechanical Engineering Technology,2021,23.0
150805,Mechanical Engineering Technology,2022,18.0
150805,Mechanical Engineering Technology,2023,16.0
150805,Mechanical Engineering Technology,2024,20.0
150899,Other Related Mechanical Engineering Technologies,2023,11.0
150899,Other Related Mechanical Engineering Technologies,2024,12.0
151001,Construction Engineering Technology,2012,164.0
151001,Construction Engineering Technology,2013,112.0
151001,Construction Engineering Technology,2014,148.0
151001,Construction Engineering Technology,2015,145.0
151001,Construction Engineering Technology,2016,111.0
151001,Construction Engineering Technology,2017,154.0
151001,Construction Engineering Technology,2018,181.0
151001,Construction Engineering Technology,2019,177.0
151001,Construction Engineering Technology,2020,229.0
151001,Construction Engineering Technology,2021,254.0
151001,Construction Engineering Technology,2022,321.0
151001,Construction Engineering Technology,2023,546.0
151001,Construction Engineering Technology,2024,711.0
151102,Surveying Technology,2012,12.0
151102,Surveying Technology,2013,9.0
151102,Surveying Technology,2014,2.0
151102,Surveying Technology,2015,4.0
151102,Surveying Technology,2016,3.0
151102,Surveying Technology,2017,4.0
151102,Surveying Technology,2018,7.0
151102,Surveying Technology,2019,3.0
151102,Surveying Technology,2020,1.0
151102,Surveying Technology,2021,3.0
151102,Surveying Technology,2022,0.0
151102,Surveying Technology,2023,2.0
151102,Surveying Technology,2024,1.0
151199,Other Engineering-Related Technologies,2019,0.0
151199,Other Engineering-Related Technologies,2020,0.0
151199,Other Engineering-Related Technologies,2021,0.0
151199,Other Engineering-Related Technologies,2022,0.0
151199,Other Engineering-Related Technologies,2023,2.0
151199,Other Engineering-Related Technologies,2024,0.0
151201,Computer Engineering Technology,2012,0.0
151201,Computer Engineering Technology,2013,0.0
151201,Computer Engineering Technology,2014,0.0
151201,Computer Engineering Technology,2015,0.0
151202,Computer & Computer Systems Technology,2012,7.0
151202,Computer & Computer Systems Technology,2013,6.0
151202,Computer & Computer Systems Technology,2014,6.0
151202,Computer & Computer Systems Technology,2015,15.0
151202,Computer & Computer Systems Technology,2016,106.0
151202,Computer & Computer Systems Technology,2017,280.0
151202,Computer & Computer Systems Technology,2018,354.0
151202,Computer & Computer Systems Technology,2019,264.0
151202,Computer & Computer Systems Technology,2020,208.0
151202,Computer & Computer Systems Technology,2021,171.0
151202,Computer & Computer Systems Technology,2022,146.0
151202,Computer & Computer Systems Technology,2023,96.0
151202,Computer & Computer Systems Technology,2024,84.0
151204,Computer Software Technology,2023,7.0
151204,Computer Software Technology,2024,10.0
151299,Other Computer Engineering Technologies,2022,1.0
151299,Other Computer Engineering Technologies,2023,4.0
151299,Other Computer Engineering Technologies,2024,0.0
151301,General Drafting & Design Technology,2017,53.0
151301,General Drafting & Design Technology,2018,58.0
151301,General Drafting & Design Technology,2019,100.0
151301,General Drafting & Design Technology,2020,81.0
151301,General Drafting & Design Technology,2021,92.0
151301,General Drafting & Design Technology,2022,121.0
151301,General Drafting & Design Technology,2023,130.0
151301,General Drafting & Design Technology,2024,145.0
151302,CAD/CADD Drafting & Design Technology,2012,6.0
151302,CAD/CADD Drafting & Design Technology,2013,11.0
151302,CAD/CADD Drafting & Design Technology,2014,1.0
151302,CAD/CADD Drafting & Design Technology,2015,18.0
151302,CAD/CADD Drafting & Design Technology,2016,18.0
151302,CAD/CADD Drafting & Design Technology,2017,67.0
151302,CAD/CADD Drafting & Design Technology,2018,62.0
151302,CAD/CADD Drafting & Design Technology,2019,56.0
151302,CAD/CADD Drafting & Design Technology,2020,45.0
151302,CAD/CADD Drafting & Design Technology,2021,36.0
151302,CAD/CADD Drafting & Design Technology,2022,39.0
151302,CAD/CADD Drafting & Design Technology,2023,46.0
151302,CAD/CADD Drafting & Design Technology,2024,43.0
151303,Architectural Drafting & Architectural CAD/CADD,2017,34.0
151303,Architectural Drafting & Architectural CAD/CADD,2018,34.0
151303,Architectural Drafting & Architectural CAD/CADD,2019,22.0
151303,Architectural Drafting & Architectural CAD/CADD,2020,28.0
151303,Architectural Drafting & Architectural CAD/CADD,2021,16.0
151303,Architectural Drafting & Architectural CAD/CADD,2022,32.0
151303,Architectural Drafting & Architectural CAD/CADD,2023,14.0
151303,Architectural Drafting & Architectural CAD/CADD,2024,64.0
151307,3-D Modeling And Design Technology/Technician,2021,0.0
151307,3-D Modeling And Design Technology/Technician,2022,0.0
151307,3-D Modeling And Design Technology/Technician,2023,0.0
151307,3-D Modeling And Design Technology/Technician,2024,3.0
151401,Nuclear Engineering Technology,2016,0.0
151401,Nuclear Engineering Technology,2017,0.0
151401,Nuclear Engineering Technology,2018,1.0
151401,Nuclear Engineering Technology,2019,0.0
151401,Nuclear Engineering Technology,2020,0.0
151401,Nuclear Engineering Technology,2021,0.0
151401,Nuclear Engineering Technology,2022,0.0
151401,Nuclear Engineering Technology,2023,0.0
151401,Nuclear Engineering Technology,2024,0.0
151501,Engineering & Industrial Management,2012,2815.0
151501,Engineering & Industrial Management,2013,2922.0
151501,Engineering & Industrial Management,2014,3068.0
151501,Engineering & Industrial Management,2015,3156.0
151501,Engineering & Industrial Management,2016,3632.0
151501,Engineering & Industrial Management,2017,4152.0
151501,Engineering & Industrial Management,2018,4196.0
151501,Engineering & Industrial Management,2019,3403.0
151501,Engineering & Industrial Management,2020,3592.0
151501,Engineering & Industrial Management,2021,3899.0
151501,Engineering & Industrial Management,2022,3748.0
151501,Engineering & Industrial Management,2023,5028.0
151501,Engineering & Industrial Management,2024,5539.0
151502,Engineering Design,2013,32.0
151502,Engineering Design,2014,40.0
151502,Engineering Design,2015,56.0
151502,Engineering Design,2016,37.0
151502,Engineering Design,2017,51.0
151502,Engineering Design,2018,77.0
151502,Engineering Design,2019,75.0
151502,Engineering Design,2020,74.0
151502,Engineering Design,2021,93.0
151502,Engineering Design,2022,94.0
151502,Engineering Design,2023,123.0
151502,Engineering Design,2024,150.0
151503,Packaging Science,2012,30.0
151503,Packaging Science,2013,51.0
151503,Packaging Science,2014,38.0
151503,Packaging Science,2015,35.0
151503,Packaging Science,2016,44.0
151503,Packaging Science,2017,49.0
151503,Packaging Science,2018,38.0
151503,Packaging Science,2019,47.0
151503,Packaging Science,2020,59.0
151503,Packaging Science,2021,39.0
151503,Packaging Science,2022,38.0
151503,Packaging Science,2023,61.0
151503,Packaging Science,2024,87.0
151599,Other Engineering-Related Fields,2013,4.0
151599,Other Engineering-Related Fields,2014,5.0
151599,Other Engineering-Related Fields,2015,14.0
151599,Other Engineering-Related Fields,2016,27.0
151599,Other Engineering-Related Fields,2017,13.0
151599,Other Engineering-Related Fields,2018,18.0
151599,Other Engineering-Related Fields,2019,17.0
151599,Other Engineering-Related Fields,2020,23.0
151599,Other Engineering-Related Fields,2021,22.0
151599,Other Engineering-Related Fields,2022,27.0
151599,Other Engineering-Related Fields,2023,130.0
151599,Other Engineering-Related Fields,2024,96.0
151601,Nanotechnology,2012,8.0
151601,Nanotechnology,2013,19.0
151601,Nanotechnology,2014,26.0
151601,Nanotechnology,2015,22.0
151601,Nanotechnology,2016,46.0
151601,Nanotechnology,2017,57.0
151601,Nanotechnology,2018,63.0
151601,Nanotechnology,2019,61.0
151601,Nanotechnology,2020,61.0
151601,Nanotechnology,2021,68.0
151601,Nanotechnology,2022,56.0
151601,Nanotechnology,2023,53.0
151601,Nanotechnology,2024,41.0
151701,Energy Systems Technology/Technician,2020,72.0
151701,Energy Systems Technology/Technician,2021,71.0
151701,Energy Systems Technology/Technician,2022,75.0
151701,Energy Systems Technology/Technician,2023,57.0
151701,Energy Systems Technology/Technician,2024,44.0
151703,Solar Energy Technology/Technician,2020,12.0
151703,Solar Energy Technology/Technician,2021,6.0
151703,Solar Energy Technology/Technician,2022,3.0
159999,Other Engineering Technologies & Engineering-Related Fields,2012,102.0
159999,Other Engineering Technologies & Engineering-Related Fields,2013,128.0
159999,Other Engineering Technologies & Engineering-Related Fields,2014,126.0
159999,Other Engineering Technologies & Engineering-Related Fields,2015,132.0
159999,Other Engineering Technologies & Engineering-Related Fields,2016,145.0
159999,Other Engineering Technologies & Engineering-Related Fields,2017,177.0
159999,Other Engineering Technologies & Engineering-Related Fields,2018,208.0
159999,Other Engineering Technologies & Engineering-Related Fields,2019,259.0
159999,Other Engineering Technologies & Engineering-Related Fields,2020,272.0
159999,Other Engineering Technologies & Engineering-Related Fields,2021,214.0
159999,Other Engineering Technologies & Engineering-Related Fields,2022,234.0
159999,Other Engineering Technologies & Engineering-Related Fields,2023,339.0
159999,Other Engineering Technologies & Engineering-Related Fields,2024,336.0
160101,General Foreign Languages & Literatures,2012,244.0
160101,General Foreign Languages & Literatures,2013,237.0
160101,General Foreign Languages & Literatures,2014,259.0
160101,General Foreign Languages & Literatures,2015,242.0
160101,General Foreign Languages & Literatures,2016,240.0
160101,General Foreign Languages & Literatures,2017,234.0
160101,General Foreign Languages & Literatures,2018,245.0
160101,General Foreign Languages & Literatures,2019,223.0
160101,General Foreign Languages & Literatures,2020,251.0
160101,General Foreign Languages & Literatures,2021,239.0
160101,General Foreign Languages & Literatures,2022,205.0
160101,General Foreign Languages & Literatures,2023,199.0
160101,General Foreign Languages & Literatures,2024,170.0
160102,Linguistics,2012,760.0
160102,Linguistics,2013,754.0
160102,Linguistics,2014,682.0
160102,Linguistics,2015,747.0
160102,Linguistics,2016,720.0
160102,Linguistics,2017,585.0
160102,Linguistics,2018,552.0
160102,Linguistics,2019,536.0
160102,Linguistics,2020,456.0
160102,Linguistics,2021,516.0
160102,Linguistics,2022,482.0
160102,Linguistics,2023,501.0
160102,Linguistics,2024,499.0
160103,Language Interpretation & Translation,2012,169.0
160103,Language Interpretation & Translation,2013,157.0
160103,Language Interpretation & Translation,2014,165.0
160103,Language Interpretation & Translation,2015,170.0
160103,Language Interpretation & Translation,2016,188.0
160103,Language Interpretation & Translation,2017,214.0
160103,Language Interpretation & Translation,2018,239.0
160103,Language Interpretation & Translation,2019,185.0
160103,Language Interpretation & Translation,2020,154.0
160103,Language Interpretation & Translation,2021,140.0
160103,Language Interpretation & Translation,2022,170.0
160103,Language Interpretation & Translation,2023,185.0
160103,Language Interpretation & Translation,2024,195.0
160104,Comparative Literature,2012,146.0
160104,Comparative Literature,2013,166.0
160104,Comparative Literature,2014,142.0
160104,Comparative Literature,2015,173.0
160104,Comparative Literature,2016,153.0
160104,Comparative Literature,2017,160.0
160104,Comparative Literature,2018,165.0
160104,Comparative Literature,2019,157.0
160104,Comparative Literature,2020,145.0
160104,Comparative Literature,2021,158.0
160104,Comparative Literature,2022,170.0
160104,Comparative Literature,2023,153.0
160104,Comparative Literature,2024,122.0
160105,Applied Linguistics,2012,21.0
160105,Applied Linguistics,2013,7.0
160105,Applied Linguistics,2014,16.0
160105,Applied Linguistics,2015,12.0
160105,Applied Linguistics,2016,25.0
160105,Applied Linguistics,2017,58.0
160105,Applied Linguistics,2018,88.0
160105,Applied Linguistics,2019,79.0
160105,Applied Linguistics,2020,100.0
160105,Applied Linguistics,2021,98.0
160105,Applied Linguistics,2022,103.0
160105,Applied Linguistics,2023,111.0
160105,Applied Linguistics,2024,98.0
160199,"Other Linguistic, Comparative, Related Language Studies & Services",2012,12.0
160199,"Other Linguistic, Comparative, Related Language Studies & Services",2013,25.0
160199,"Other Linguistic, Comparative, Related Language Studies & Services",2014,33.0
160199,"Other Linguistic, Comparative, Related Language Studies & Services",2015,23.0
160199,"Other Linguistic, Comparative, Related Language Studies & Services",2016,30.0
160199,"Other Linguistic, Comparative, Related Language Studies & Services",2017,46.0
160199,"Other Linguistic, Comparative, Related Language Studies & Services",2018,28.0
160199,"Other Linguistic, Comparative, Related Language Studies & Services",2019,31.0
160199,"Other Linguistic, Comparative, Related Language Studies & Services",2020,27.0
160199,"Other Linguistic, Comparative, Related Language Studies & Services",2021,16.0
160199,"Other Linguistic, Comparative, Related Language Studies & Services",2022,17.0
160199,"Other Linguistic, Comparative, Related Language Studies & Services",2023,19.0
160199,"Other Linguistic, Comparative, Related Language Studies & Services",2024,22.0
160201,"African Languages, Literatures, & Linguistics",2012,1.0
160201,"African Languages, Literatures, & Linguistics",2013,2.0
160201,"African Languages, Literatures, & Linguistics",2014,3.0
160201,"African Languages, Literatures, & Linguistics",2015,1.0
160201,"African Languages, Literatures, & Linguistics",2016,3.0
160201,"African Languages, Literatures, & Linguistics",2017,4.0
160201,"African Languages, Literatures, & Linguistics",2018,4.0
160201,"African Languages, Literatures, & Linguistics",2019,5.0
160201,"African Languages, Literatures, & Linguistics",2020,0.0
160201,"African Languages, Literatures, & Linguistics",2021,2.0
160201,"African Languages, Literatures, & Linguistics",2022,1.0
160201,"African Languages, Literatures, & Linguistics",2023,3.0
160201,"African Languages, Literatures, & Linguistics",2024,1.0
160300,"General East Asian Languages, Literatures, & Linguistics",2012,96.0
160300,"General East Asian Languages, Literatures, & Linguistics",2013,73.0
160300,"General East Asian Languages, Literatures, & Linguistics",2014,77.0
160300,"General East Asian Languages, Literatures, & Linguistics",2015,83.0
160300,"General East Asian Languages, Literatures, & Linguistics",2016,86.0
160300,"General East Asian Languages, Literatures, & Linguistics",2017,74.0
160300,"General East Asian Languages, Literatures, & Linguistics",2018,88.0
160300,"General East Asian Languages, Literatures, & Linguistics",2019,87.0
160300,"General East Asian Languages, Literatures, & Linguistics",2020,73.0
160300,"General East Asian Languages, Literatures, & Linguistics",2021,73.0
160300,"General East Asian Languages, Literatures, & Linguistics",2022,62.0
160300,"General East Asian Languages, Literatures, & Linguistics",2023,101.0
160300,"General East Asian Languages, Literatures, & Linguistics",2024,76.0
160301,Chinese Language & Literature,2012,46.0
160301,Chinese Language & Literature,2013,61.0
160301,Chinese Language & Literature,2014,46.0
160301,Chinese Language & Literature,2015,48.0
160301,Chinese Language & Literature,2016,44.0
160301,Chinese Language & Literature,2017,51.0
160301,Chinese Language & Literature,2018,46.0
160301,Chinese Language & Literature,2019,35.0
160301,Chinese Language & Literature,2020,40.0
160301,Chinese Language & Literature,2021,34.0
160301,Chinese Language & Literature,2022,26.0
160301,Chinese Language & Literature,2023,39.0
160301,Chinese Language & Literature,2024,28.0
160302,Japanese Language & Literature,2012,36.0
160302,Japanese Language & Literature,2013,23.0
160302,Japanese Language & Literature,2014,25.0
160302,Japanese Language & Literature,2015,36.0
160302,Japanese Language & Literature,2016,24.0
160302,Japanese Language & Literature,2017,23.0
160302,Japanese Language & Literature,2018,20.0
160302,Japanese Language & Literature,2019,18.0
160302,Japanese Language & Literature,2020,13.0
160302,Japanese Language & Literature,2021,19.0
160302,Japanese Language & Literature,2022,12.0
160302,Japanese Language & Literature,2023,18.0
160302,Japanese Language & Literature,2024,14.0
160303,Korean Language & Literature,2012,8.0
160303,Korean Language & Literature,2013,14.0
160303,Korean Language & Literature,2014,10.0
160303,Korean Language & Literature,2015,8.0
160303,Korean Language & Literature,2016,6.0
160303,Korean Language & Literature,2017,5.0
160303,Korean Language & Literature,2018,6.0
160303,Korean Language & Literature,2019,5.0
160303,Korean Language & Literature,2020,4.0
160303,Korean Language & Literature,2021,2.0
160303,Korean Language & Literature,2022,1.0
160303,Korean Language & Literature,2024,2.0
160399,"Other East Asian Languages, Literatures, & Linguistics",2012,31.0
160399,"Other East Asian Languages, Literatures, & Linguistics",2013,11.0
160399,"Other East Asian Languages, Literatures, & Linguistics",2014,19.0
160399,"Other East Asian Languages, Literatures, & Linguistics",2015,18.0
160399,"Other East Asian Languages, Literatures, & Linguistics",2016,20.0
160399,"Other East Asian Languages, Literatures, & Linguistics",2017,14.0
160399,"Other East Asian Languages, Literatures, & Linguistics",2018,17.0
160399,"Other East Asian Languages, Literatures, & Linguistics",2019,17.0
160399,"Other East Asian Languages, Literatures, & Linguistics",2020,15.0
160399,"Other East Asian Languages, Literatures, & Linguistics",2021,15.0
160399,"Other East Asian Languages, Literatures, & Linguistics",2022,12.0
160399,"Other East Asian Languages, Literatures, & Linguistics",2023,12.0
160399,"Other East Asian Languages, Literatures, & Linguistics",2024,16.0
160400,"General Slavic Languages, Literatures, & Linguistics",2012,55.0
160400,"General Slavic Languages, Literatures, & Linguistics",2013,71.0
160400,"General Slavic Languages, Literatures, & Linguistics",2014,46.0
160400,"General Slavic Languages, Literatures, & Linguistics",2015,50.0
160400,"General Slavic Languages, Literatures, & Linguistics",2016,36.0
160400,"General Slavic Languages, Literatures, & Linguistics",2017,44.0
160400,"General Slavic Languages, Literatures, & Linguistics",2018,44.0
160400,"General Slavic Languages, Literatures, & Linguistics",2019,47.0
160400,"General Slavic Languages, Literatures, & Linguistics",2020,39.0
160400,"General Slavic Languages, Literatures, & Linguistics",2021,37.0
160400,"General Slavic Languages, Literatures, & Linguistics",2022,36.0
160400,"General Slavic Languages, Literatures, & Linguistics",2023,51.0
160400,"General Slavic Languages, Literatures, & Linguistics",2024,43.0
160402,Russian Language & Literature,2012,17.0
160402,Russian Language & Literature,2013,11.0
160402,Russian Language & Literature,2014,14.0
160402,Russian Language & Literature,2015,15.0
160402,Russian Language & Literature,2016,13.0
160402,Russian Language & Literature,2017,13.0
160402,Russian Language & Literature,2018,10.0
160402,Russian Language & Literature,2019,17.0
160402,Russian Language & Literature,2020,9.0
160402,Russian Language & Literature,2021,12.0
160402,Russian Language & Literature,2022,11.0
160402,Russian Language & Literature,2023,14.0
160402,Russian Language & Literature,2024,8.0
160499,"Other Slvaic, Baltic, & Albanian Languages, Literatures, & Linguistics",2012,0.0
160499,"Other Slvaic, Baltic, & Albanian Languages, Literatures, & Linguistics",2013,3.0
160499,"Other Slvaic, Baltic, & Albanian Languages, Literatures, & Linguistics",2014,1.0
160499,"Other Slvaic, Baltic, & Albanian Languages, Literatures, & Linguistics",2015,1.0
160499,"Other Slvaic, Baltic, & Albanian Languages, Literatures, & Linguistics",2017,0.0
160500,"General Germanic Languages, Literatures, & Linguistics",2012,30.0
160500,"General Germanic Languages, Literatures, & Linguistics",2013,29.0
160500,"General Germanic Languages, Literatures, & Linguistics",2014,23.0
160500,"General Germanic Languages, Literatures, & Linguistics",2015,34.0
160500,"General Germanic Languages, Literatures, & Linguistics",2016,20.0
160500,"General Germanic Languages, Literatures, & Linguistics",2017,23.0
160500,"General Germanic Languages, Literatures, & Linguistics",2018,23.0
160500,"General Germanic Languages, Literatures, & Linguistics",2019,19.0
160500,"General Germanic Languages, Literatures, & Linguistics",2020,11.0
160500,"General Germanic Languages, Literatures, & Linguistics",2021,18.0
160500,"General Germanic Languages, Literatures, & Linguistics",2022,13.0
160500,"General Germanic Languages, Literatures, & Linguistics",2023,18.0
160500,"General Germanic Languages, Literatures, & Linguistics",2024,12.0
160501,German Language & Literature,2012,131.0
160501,German Language & Literature,2013,102.0
160501,German Language & Literature,2014,123.0
160501,German Language & Literature,2015,115.0
160501,German Language & Literature,2016,88.0
160501,German Language & Literature,2017,96.0
160501,German Language & Literature,2018,77.0
160501,German Language & Literature,2019,110.0
160501,German Language & Literature,2020,71.0
160501,German Language & Literature,2021,69.0
160501,German Language & Literature,2022,74.0
160501,German Language & Literature,2023,87.0
160501,German Language & Literature,2024,64.0
160502,"Scandanavian Languages, Literatures, & Linguistics",2012,2.0
160502,"Scandanavian Languages, Literatures, & Linguistics",2013,5.0
160502,"Scandanavian Languages, Literatures, & Linguistics",2014,3.0
160502,"Scandanavian Languages, Literatures, & Linguistics",2015,4.0
160502,"Scandanavian Languages, Literatures, & Linguistics",2016,4.0
160502,"Scandanavian Languages, Literatures, & Linguistics",2017,3.0
160502,"Scandanavian Languages, Literatures, & Linguistics",2018,2.0
160502,"Scandanavian Languages, Literatures, & Linguistics",2019,1.0
160502,"Scandanavian Languages, Literatures, & Linguistics",2020,4.0
160502,"Scandanavian Languages, Literatures, & Linguistics",2021,1.0
160502,"Scandanavian Languages, Literatures, & Linguistics",2022,2.0
160502,"Scandanavian Languages, Literatures, & Linguistics",2023,0.0
160502,"Scandanavian Languages, Literatures, & Linguistics",2024,3.0
160601,Modern Greek Language & Literature,2012,0.0
160601,Modern Greek Language & Literature,2013,0.0
160601,Modern Greek Language & Literature,2014,0.0
160601,Modern Greek Language & Literature,2015,1.0
160601,Modern Greek Language & Literature,2016,0.0
160601,Modern Greek Language & Literature,2017,0.0
160601,Modern Greek Language & Literature,2018,0.0
160601,Modern Greek Language & Literature,2019,0.0
160601,Modern Greek Language & Literature,2020,0.0
160601,Modern Greek Language & Literature,2021,1.0
160601,Modern Greek Language & Literature,2022,0.0
160601,Modern Greek Language & Literature,2023,0.0
160601,Modern Greek Language & Literature,2024,0.0
160700,"General South Asian Languages, Literatures, & Linguistics",2012,2.0
160700,"General South Asian Languages, Literatures, & Linguistics",2013,1.0
160700,"General South Asian Languages, Literatures, & Linguistics",2014,2.0
160700,"General South Asian Languages, Literatures, & Linguistics",2015,4.0
160700,"General South Asian Languages, Literatures, & Linguistics",2016,3.0
160700,"General South Asian Languages, Literatures, & Linguistics",2017,1.0
160700,"General South Asian Languages, Literatures, & Linguistics",2018,1.0
160700,"General South Asian Languages, Literatures, & Linguistics",2019,1.0
160700,"General South Asian Languages, Literatures, & Linguistics",2020,1.0
160700,"General South Asian Languages, Literatures, & Linguistics",2021,2.0
160700,"General South Asian Languages, Literatures, & Linguistics",2022,5.0
160700,"General South Asian Languages, Literatures, & Linguistics",2023,5.0
160700,"General South Asian Languages, Literatures, & Linguistics",2024,1.0
160702,"Sanskrit & Classical Indian Languages, Literatures, & Linguistics",2017,1.0
160702,"Sanskrit & Classical Indian Languages, Literatures, & Linguistics",2018,0.0
160702,"Sanskrit & Classical Indian Languages, Literatures, & Linguistics",2019,0.0
160702,"Sanskrit & Classical Indian Languages, Literatures, & Linguistics",2020,0.0
160702,"Sanskrit & Classical Indian Languages, Literatures, & Linguistics",2021,17.0
160702,"Sanskrit & Classical Indian Languages, Literatures, & Linguistics",2022,5.0
160702,"Sanskrit & Classical Indian Languages, Literatures, & Linguistics",2023,0.0
160702,"Sanskrit & Classical Indian Languages, Literatures, & Linguistics",2024,0.0
160799,"South Asian Languages, Literatures, and Linguistics, Other",2022,0.0
160799,"South Asian Languages, Literatures, and Linguistics, Other",2023,0.0
160799,"South Asian Languages, Literatures, and Linguistics, Other",2024,15.0
160801,"Iranian Languages, Literature, & Linguistics",2012,0.0
160801,"Iranian Languages, Literature, & Linguistics",2013,0.0
160801,"Iranian Languages, Literature, & Linguistics",2014,2.0
160801,"Iranian Languages, Literature, & Linguistics",2015,0.0
160801,"Iranian Languages, Literature, & Linguistics",2016,0.0
160801,"Iranian Languages, Literature, & Linguistics",2017,0.0
160801,"Iranian Languages, Literature, & Linguistics",2018,0.0
160801,"Iranian Languages, Literature, & Linguistics",2019,0.0
160801,"Iranian Languages, Literature, & Linguistics",2020,1.0
160801,"Iranian Languages, Literature, & Linguistics",2021,0.0
160801,"Iranian Languages, Literature, & Linguistics",2022,1.0
160801,"Iranian Languages, Literature, & Linguistics",2023,1.0
160801,"Iranian Languages, Literature, & Linguistics",2024,0.0
160900,"General Romance Languages, Literatures, & Linguistics",2012,83.0
160900,"General Romance Languages, Literatures, & Linguistics",2013,83.0
160900,"General Romance Languages, Literatures, & Linguistics",2014,74.0
160900,"General Romance Languages, Literatures, & Linguistics",2015,92.0
160900,"General Romance Languages, Literatures, & Linguistics",2016,85.0
160900,"General Romance Languages, Literatures, & Linguistics",2017,85.0
160900,"General Romance Languages, Literatures, & Linguistics",2018,74.0
160900,"General Romance Languages, Literatures, & Linguistics",2019,87.0
160900,"General Romance Languages, Literatures, & Linguistics",2020,86.0
160900,"General Romance Languages, Literatures, & Linguistics",2021,82.0
160900,"General Romance Languages, Literatures, & Linguistics",2022,71.0
160900,"General Romance Languages, Literatures, & Linguistics",2023,79.0
160900,"General Romance Languages, Literatures, & Linguistics",2024,77.0
160901,French Language & Literature,2012,341.0
160901,French Language & Literature,2013,332.0
160901,French Language & Literature,2014,308.0
160901,French Language & Literature,2015,270.0
160901,French Language & Literature,2016,306.0
160901,French Language & Literature,2017,265.0
160901,French Language & Literature,2018,277.0
160901,French Language & Literature,2019,216.0
160901,French Language & Literature,2020,230.0
160901,French Language & Literature,2021,181.0
160901,French Language & Literature,2022,167.0
160901,French Language & Literature,2023,185.0
160901,French Language & Literature,2024,178.0
160902,Italian Language & Literature,2012,72.0
160902,Italian Language & Literature,2013,73.0
160902,Italian Language & Literature,2014,58.0
160902,Italian Language & Literature,2015,55.0
160902,Italian Language & Literature,2016,34.0
160902,Italian Language & Literature,2017,56.0
160902,Italian Language & Literature,2018,36.0
160902,Italian Language & Literature,2019,41.0
160902,Italian Language & Literature,2020,42.0
160902,Italian Language & Literature,2021,43.0
160902,Italian Language & Literature,2022,31.0
160902,Italian Language & Literature,2023,33.0
160902,Italian Language & Literature,2024,38.0
160904,Portuguese Language & Literature,2012,14.0
160904,Portuguese Language & Literature,2013,11.0
160904,Portuguese Language & Literature,2014,19.0
160904,Portuguese Language & Literature,2015,18.0
160904,Portuguese Language & Literature,2016,10.0
160904,Portuguese Language & Literature,2017,17.0
160904,Portuguese Language & Literature,2018,9.0
160904,Portuguese Language & Literature,2019,12.0
160904,Portuguese Language & Literature,2020,10.0
160904,Portuguese Language & Literature,2021,7.0
160904,Portuguese Language & Literature,2022,10.0
160904,Portuguese Language & Literature,2023,9.0
160904,Portuguese Language & Literature,2024,10.0
160905,Spanish Language & Literature,2012,1001.0
160905,Spanish Language & Literature,2013,935.0
160905,Spanish Language & Literature,2014,844.0
160905,Spanish Language & Literature,2015,835.0
160905,Spanish Language & Literature,2016,751.0
160905,Spanish Language & Literature,2017,741.0
160905,Spanish Language & Literature,2018,742.0
160905,Spanish Language & Literature,2019,683.0
160905,Spanish Language & Literature,2020,660.0
160905,Spanish Language & Literature,2021,605.0
160905,Spanish Language & Literature,2022,592.0
160905,Spanish Language & Literature,2023,620.0
160905,Spanish Language & Literature,2024,576.0
160908,"General Hispanic & Latin American Languages, Literatures, & Linguistics",2012,20.0
160908,"General Hispanic & Latin American Languages, Literatures, & Linguistics",2013,16.0
160908,"General Hispanic & Latin American Languages, Literatures, & Linguistics",2014,21.0
160908,"General Hispanic & Latin American Languages, Literatures, & Linguistics",2015,17.0
160908,"General Hispanic & Latin American Languages, Literatures, & Linguistics",2016,23.0
160908,"General Hispanic & Latin American Languages, Literatures, & Linguistics",2017,18.0
160908,"General Hispanic & Latin American Languages, Literatures, & Linguistics",2018,23.0
160908,"General Hispanic & Latin American Languages, Literatures, & Linguistics",2019,26.0
160908,"General Hispanic & Latin American Languages, Literatures, & Linguistics",2020,35.0
160908,"General Hispanic & Latin American Languages, Literatures, & Linguistics",2021,32.0
160908,"General Hispanic & Latin American Languages, Literatures, & Linguistics",2022,30.0
160908,"General Hispanic & Latin American Languages, Literatures, & Linguistics",2023,14.0
160908,"General Hispanic & Latin American Languages, Literatures, & Linguistics",2024,35.0
160999,"Other Romance Languages, Literatures, & Linguistics",2012,64.0
160999,"Other Romance Languages, Literatures, & Linguistics",2013,64.0
160999,"Other Romance Languages, Literatures, & Linguistics",2014,40.0
160999,"Other Romance Languages, Literatures, & Linguistics",2015,47.0
160999,"Other Romance Languages, Literatures, & Linguistics",2016,42.0
160999,"Other Romance Languages, Literatures, & Linguistics",2017,55.0
160999,"Other Romance Languages, Literatures, & Linguistics",2018,51.0
160999,"Other Romance Languages, Literatures, & Linguistics",2019,37.0
160999,"Other Romance Languages, Literatures, & Linguistics",2020,35.0
160999,"Other Romance Languages, Literatures, & Linguistics",2021,25.0
160999,"Other Romance Languages, Literatures, & Linguistics",2022,27.0
160999,"Other Romance Languages, Literatures, & Linguistics",2023,29.0
160999,"Other Romance Languages, Literatures, & Linguistics",2024,20.0
161001,"Native American Languages, Literatures, & Linguistics",2012,4.0
161001,"Native American Languages, Literatures, & Linguistics",2013,6.0
161001,"Native American Languages, Literatures, & Linguistics",2014,9.0
161001,"Native American Languages, Literatures, & Linguistics",2015,0.0
161001,"Native American Languages, Literatures, & Linguistics",2016,11.0
161001,"Native American Languages, Literatures, & Linguistics",2017,1.0
161001,"Native American Languages, Literatures, & Linguistics",2018,10.0
161001,"Native American Languages, Literatures, & Linguistics",2019,1.0
161001,"Native American Languages, Literatures, & Linguistics",2020,12.0
161001,"Native American Languages, Literatures, & Linguistics",2021,0.0
161001,"Native American Languages, Literatures, & Linguistics",2022,15.0
161001,"Native American Languages, Literatures, & Linguistics",2023,1.0
161001,"Native American Languages, Literatures, & Linguistics",2024,7.0
161100,"Middle Eastern & Semetic Languages, Literatures, & Linguistics",2012,10.0
161100,"Middle Eastern & Semetic Languages, Literatures, & Linguistics",2013,25.0
161100,"Middle Eastern & Semetic Languages, Literatures, & Linguistics",2014,27.0
161100,"Middle Eastern & Semetic Languages, Literatures, & Linguistics",2015,31.0
161100,"Middle Eastern & Semetic Languages, Literatures, & Linguistics",2016,19.0
161100,"Middle Eastern & Semetic Languages, Literatures, & Linguistics",2017,20.0
161100,"Middle Eastern & Semetic Languages, Literatures, & Linguistics",2018,22.0
161100,"Middle Eastern & Semetic Languages, Literatures, & Linguistics",2019,8.0
161100,"Middle Eastern & Semetic Languages, Literatures, & Linguistics",2020,12.0
161100,"Middle Eastern & Semetic Languages, Literatures, & Linguistics",2021,7.0
161100,"Middle Eastern & Semetic Languages, Literatures, & Linguistics",2022,11.0
161100,"Middle Eastern & Semetic Languages, Literatures, & Linguistics",2023,7.0
161100,"Middle Eastern & Semetic Languages, Literatures, & Linguistics",2024,5.0
161101,Arabic Language & Literature,2012,8.0
161101,Arabic Language & Literature,2013,12.0
161101,Arabic Language & Literature,2014,6.0
161101,Arabic Language & Literature,2015,4.0
161101,Arabic Language & Literature,2016,18.0
161101,Arabic Language & Literature,2017,8.0
161101,Arabic Language & Literature,2018,6.0
161101,Arabic Language & Literature,2019,12.0
161101,Arabic Language & Literature,2020,28.0
161101,Arabic Language & Literature,2021,27.0
161101,Arabic Language & Literature,2022,51.0
161101,Arabic Language & Literature,2023,34.0
161101,Arabic Language & Literature,2024,36.0
161102,Hebrew Language & Literature,2012,26.0
161102,Hebrew Language & Literature,2013,31.0
161102,Hebrew Language & Literature,2014,30.0
161102,Hebrew Language & Literature,2015,19.0
161102,Hebrew Language & Literature,2016,8.0
161102,Hebrew Language & Literature,2017,8.0
161102,Hebrew Language & Literature,2018,10.0
161102,Hebrew Language & Literature,2019,18.0
161102,Hebrew Language & Literature,2020,7.0
161102,Hebrew Language & Literature,2021,7.0
161102,Hebrew Language & Literature,2022,6.0
161102,Hebrew Language & Literature,2023,9.0
161102,Hebrew Language & Literature,2024,15.0
161103,"Ancient Near Eastern & Biblical Languages, Literatures, & Linguistics",2012,20.0
161103,"Ancient Near Eastern & Biblical Languages, Literatures, & Linguistics",2013,20.0
161103,"Ancient Near Eastern & Biblical Languages, Literatures, & Linguistics",2014,26.0
161103,"Ancient Near Eastern & Biblical Languages, Literatures, & Linguistics",2015,20.0
161103,"Ancient Near Eastern & Biblical Languages, Literatures, & Linguistics",2016,17.0
161103,"Ancient Near Eastern & Biblical Languages, Literatures, & Linguistics",2017,16.0
161103,"Ancient Near Eastern & Biblical Languages, Literatures, & Linguistics",2018,19.0
161103,"Ancient Near Eastern & Biblical Languages, Literatures, & Linguistics",2019,20.0
161103,"Ancient Near Eastern & Biblical Languages, Literatures, & Linguistics",2020,14.0
161103,"Ancient Near Eastern & Biblical Languages, Literatures, & Linguistics",2021,23.0
161103,"Ancient Near Eastern & Biblical Languages, Literatures, & Linguistics",2022,31.0
161103,"Ancient Near Eastern & Biblical Languages, Literatures, & Linguistics",2023,20.0
161103,"Ancient Near Eastern & Biblical Languages, Literatures, & Linguistics",2024,37.0
161199,"Other Middle/Near Eastern & Semetic Languages, Literatures, & Linguistics",2012,50.0
161199,"Other Middle/Near Eastern & Semetic Languages, Literatures, & Linguistics",2013,46.0
161199,"Other Middle/Near Eastern & Semetic Languages, Literatures, & Linguistics",2014,38.0
161199,"Other Middle/Near Eastern & Semetic Languages, Literatures, & Linguistics",2015,49.0
161199,"Other Middle/Near Eastern & Semetic Languages, Literatures, & Linguistics",2016,51.0
161199,"Other Middle/Near Eastern & Semetic Languages, Literatures, & Linguistics",2017,31.0
161199,"Other Middle/Near Eastern & Semetic Languages, Literatures, & Linguistics",2018,33.0
161199,"Other Middle/Near Eastern & Semetic Languages, Literatures, & Linguistics",2019,39.0
161199,"Other Middle/Near Eastern & Semetic Languages, Literatures, & Linguistics",2020,31.0
161199,"Other Middle/Near Eastern & Semetic Languages, Literatures, & Linguistics",2021,24.0
161199,"Other Middle/Near Eastern & Semetic Languages, Literatures, & Linguistics",2022,17.0
161199,"Other Middle/Near Eastern & Semetic Languages, Literatures, & Linguistics",2023,28.0
161199,"Other Middle/Near Eastern & Semetic Languages, Literatures, & Linguistics",2024,18.0
161200,"General Classical Language, Literature, & Linguistics",2012,234.0
161200,"General Classical Language, Literature, & Linguistics",2013,199.0
161200,"General Classical Language, Literature, & Linguistics",2014,195.0
161200,"General Classical Language, Literature, & Linguistics",2015,219.0
161200,"General Classical Language, Literature, & Linguistics",2016,190.0
161200,"General Classical Language, Literature, & Linguistics",2017,167.0
161200,"General Classical Language, Literature, & Linguistics",2018,192.0
161200,"General Classical Language, Literature, & Linguistics",2019,191.0
161200,"General Classical Language, Literature, & Linguistics",2020,153.0
161200,"General Classical Language, Literature, & Linguistics",2021,172.0
161200,"General Classical Language, Literature, & Linguistics",2022,156.0
161200,"General Classical Language, Literature, & Linguistics",2023,184.0
161200,"General Classical Language, Literature, & Linguistics",2024,142.0
161202,Ancient/Classical Greek Language & Literature,2012,12.0
161202,Ancient/Classical Greek Language & Literature,2013,1.0
161202,Ancient/Classical Greek Language & Literature,2014,1.0
161202,Ancient/Classical Greek Language & Literature,2015,1.0
161202,Ancient/Classical Greek Language & Literature,2016,0.0
161202,Ancient/Classical Greek Language & Literature,2017,1.0
161202,Ancient/Classical Greek Language & Literature,2018,1.0
161202,Ancient/Classical Greek Language & Literature,2019,0.0
161202,Ancient/Classical Greek Language & Literature,2020,2.0
161202,Ancient/Classical Greek Language & Literature,2021,2.0
161202,Ancient/Classical Greek Language & Literature,2022,2.0
161202,Ancient/Classical Greek Language & Literature,2023,1.0
161202,Ancient/Classical Greek Language & Literature,2024,1.0
161203,Latin Language & Literature,2012,18.0
161203,Latin Language & Literature,2013,13.0
161203,Latin Language & Literature,2014,20.0
161203,Latin Language & Literature,2015,19.0
161203,Latin Language & Literature,2016,12.0
161203,Latin Language & Literature,2017,20.0
161203,Latin Language & Literature,2018,18.0
161203,Latin Language & Literature,2019,17.0
161203,Latin Language & Literature,2020,5.0
161203,Latin Language & Literature,2021,11.0
161203,Latin Language & Literature,2022,11.0
161203,Latin Language & Literature,2023,11.0
161203,Latin Language & Literature,2024,5.0
161299,"Other Classical Languages, Literature, & Linguistics",2012,14.0
161299,"Other Classical Languages, Literature, & Linguistics",2013,13.0
161299,"Other Classical Languages, Literature, & Linguistics",2014,23.0
161299,"Other Classical Languages, Literature, & Linguistics",2015,17.0
161299,"Other Classical Languages, Literature, & Linguistics",2016,12.0
161299,"Other Classical Languages, Literature, & Linguistics",2017,19.0
161299,"Other Classical Languages, Literature, & Linguistics",2018,14.0
161299,"Other Classical Languages, Literature, & Linguistics",2019,17.0
161299,"Other Classical Languages, Literature, & Linguistics",2020,14.0
161299,"Other Classical Languages, Literature, & Linguistics",2021,32.0
161299,"Other Classical Languages, Literature, & Linguistics",2022,33.0
161299,"Other Classical Languages, Literature, & Linguistics",2023,42.0
161299,"Other Classical Languages, Literature, & Linguistics",2024,49.0
161301,"Celtic Languages, Literatures, & Linguistics",2012,1.0
161301,"Celtic Languages, Literatures, & Linguistics",2013,2.0
161301,"Celtic Languages, Literatures, & Linguistics",2014,0.0
161301,"Celtic Languages, Literatures, & Linguistics",2015,1.0
161301,"Celtic Languages, Literatures, & Linguistics",2016,4.0
161301,"Celtic Languages, Literatures, & Linguistics",2017,0.0
161301,"Celtic Languages, Literatures, & Linguistics",2018,2.0
161301,"Celtic Languages, Literatures, & Linguistics",2019,2.0
161301,"Celtic Languages, Literatures, & Linguistics",2020,0.0
161301,"Celtic Languages, Literatures, & Linguistics",2021,2.0
161301,"Celtic Languages, Literatures, & Linguistics",2022,4.0
161301,"Celtic Languages, Literatures, & Linguistics",2023,0.0
161301,"Celtic Languages, Literatures, & Linguistics",2024,4.0
161409,Hawaiian Language And Literature,2021,1.0
161409,Hawaiian Language And Literature,2022,0.0
161409,Hawaiian Language And Literature,2023,4.0
161409,Hawaiian Language And Literature,2024,6.0
161501,Turkish Language & Literature,2012,0.0
161501,Turkish Language & Literature,2013,0.0
161501,Turkish Language & Literature,2014,0.0
161501,Turkish Language & Literature,2015,0.0
161501,Turkish Language & Literature,2016,0.0
161501,Turkish Language & Literature,2017,0.0
161501,Turkish Language & Literature,2018,0.0
161501,Turkish Language & Literature,2019,0.0
161501,Turkish Language & Literature,2020,0.0
161501,Turkish Language & Literature,2021,0.0
161501,Turkish Language & Literature,2022,0.0
161501,Turkish Language & Literature,2023,0.0
161501,Turkish Language & Literature,2024,0.0
161601,American Sign Language (ASL),2012,2.0
161601,American Sign Language (ASL),2013,22.0
161601,American Sign Language (ASL),2014,31.0
161601,American Sign Language (ASL),2015,24.0
161601,American Sign Language (ASL),2016,31.0
161601,American Sign Language (ASL),2017,27.0
161601,American Sign Language (ASL),2018,25.0
161601,American Sign Language (ASL),2019,33.0
161601,American Sign Language (ASL),2020,26.0
161601,American Sign Language (ASL),2021,32.0
161601,American Sign Language (ASL),2022,50.0
161601,American Sign Language (ASL),2023,28.0
161601,American Sign Language (ASL),2024,20.0
161602,Linguistics of ASL & Other Sign Languages,2016,8.0
161602,Linguistics of ASL & Other Sign Languages,2017,6.0
161602,Linguistics of ASL & Other Sign Languages,2018,13.0
161602,Linguistics of ASL & Other Sign Languages,2019,19.0
161602,Linguistics of ASL & Other Sign Languages,2020,12.0
161602,Linguistics of ASL & Other Sign Languages,2021,19.0
161602,Linguistics of ASL & Other Sign Languages,2022,20.0
161602,Linguistics of ASL & Other Sign Languages,2023,7.0
161602,Linguistics of ASL & Other Sign Languages,2024,10.0
161603,Sign Language Interpretation & Translation,2012,17.0
161603,Sign Language Interpretation & Translation,2013,17.0
161603,Sign Language Interpretation & Translation,2014,29.0
161603,Sign Language Interpretation & Translation,2015,24.0
161603,Sign Language Interpretation & Translation,2016,43.0
161603,Sign Language Interpretation & Translation,2017,41.0
161603,Sign Language Interpretation & Translation,2018,40.0
161603,Sign Language Interpretation & Translation,2019,41.0
161603,Sign Language Interpretation & Translation,2020,74.0
161603,Sign Language Interpretation & Translation,2021,61.0
161603,Sign Language Interpretation & Translation,2022,80.0
161603,Sign Language Interpretation & Translation,2023,71.0
161603,Sign Language Interpretation & Translation,2024,70.0
161701,English As A Second Language,2020,23.0
161701,English As A Second Language,2021,19.0
161701,English As A Second Language,2022,24.0
161701,English As A Second Language,2023,14.0
161701,English As A Second Language,2024,6.0
169999,"Other Foreign Languages, Literatures, & Linguistics",2012,67.0
169999,"Other Foreign Languages, Literatures, & Linguistics",2013,62.0
169999,"Other Foreign Languages, Literatures, & Linguistics",2014,44.0
169999,"Other Foreign Languages, Literatures, & Linguistics",2015,34.0
169999,"Other Foreign Languages, Literatures, & Linguistics",2016,51.0
169999,"Other Foreign Languages, Literatures, & Linguistics",2017,52.0
169999,"Other Foreign Languages, Literatures, & Linguistics",2018,33.0
169999,"Other Foreign Languages, Literatures, & Linguistics",2019,33.0
169999,"Other Foreign Languages, Literatures, & Linguistics",2020,39.0
169999,"Other Foreign Languages, Literatures, & Linguistics",2021,26.0
169999,"Other Foreign Languages, Literatures, & Linguistics",2022,20.0
169999,"Other Foreign Languages, Literatures, & Linguistics",2023,10.0
169999,"Other Foreign Languages, Literatures, & Linguistics",2024,23.0
190000,Work & Family Studies,2013,0.0
190000,Work & Family Studies,2014,0.0
190000,Work & Family Studies,2015,1.0
190000,Work & Family Studies,2016,2.0
190000,Work & Family Studies,2017,1.0
190101,General Family & Consumer Sciences,2012,561.0
190101,General Family & Consumer Sciences,2013,565.0
190101,General Family & Consumer Sciences,2014,529.0
190101,General Family & Consumer Sciences,2015,488.0
190101,General Family & Consumer Sciences,2016,514.0
190101,General Family & Consumer Sciences,2017,553.0
190101,General Family & Consumer Sciences,2018,543.0
190101,General Family & Consumer Sciences,2019,498.0
190101,General Family & Consumer Sciences,2020,431.0
190101,General Family & Consumer Sciences,2021,328.0
190101,General Family & Consumer Sciences,2022,264.0
190101,General Family & Consumer Sciences,2023,224.0
190101,General Family & Consumer Sciences,2024,202.0
190201,Business Family & Consumer Sciences,2012,5.0
190201,Business Family & Consumer Sciences,2013,7.0
190201,Business Family & Consumer Sciences,2014,4.0
190201,Business Family & Consumer Sciences,2015,13.0
190201,Business Family & Consumer Sciences,2016,9.0
190201,Business Family & Consumer Sciences,2017,13.0
190201,Business Family & Consumer Sciences,2018,13.0
190201,Business Family & Consumer Sciences,2019,19.0
190201,Business Family & Consumer Sciences,2020,15.0
190201,Business Family & Consumer Sciences,2021,32.0
190201,Business Family & Consumer Sciences,2022,17.0
190201,Business Family & Consumer Sciences,2023,38.0
190201,Business Family & Consumer Sciences,2024,47.0
190203,Consumer Merchandising & Retail Management,2012,5.0
190203,Consumer Merchandising & Retail Management,2013,6.0
190203,Consumer Merchandising & Retail Management,2014,6.0
190203,Consumer Merchandising & Retail Management,2015,16.0
190203,Consumer Merchandising & Retail Management,2016,25.0
190203,Consumer Merchandising & Retail Management,2017,19.0
190203,Consumer Merchandising & Retail Management,2018,26.0
190203,Consumer Merchandising & Retail Management,2019,20.0
190203,Consumer Merchandising & Retail Management,2020,25.0
190203,Consumer Merchandising & Retail Management,2021,19.0
190203,Consumer Merchandising & Retail Management,2022,20.0
190203,Consumer Merchandising & Retail Management,2023,16.0
190203,Consumer Merchandising & Retail Management,2024,18.0
190401,General Family Resource Mangement Studies,2012,85.0
190401,General Family Resource Mangement Studies,2013,84.0
190401,General Family Resource Mangement Studies,2014,58.0
190401,General Family Resource Mangement Studies,2015,56.0
190401,General Family Resource Mangement Studies,2016,164.0
190401,General Family Resource Mangement Studies,2017,189.0
190401,General Family Resource Mangement Studies,2018,236.0
190401,General Family Resource Mangement Studies,2019,238.0
190401,General Family Resource Mangement Studies,2020,209.0
190401,General Family Resource Mangement Studies,2021,202.0
190401,General Family Resource Mangement Studies,2022,179.0
190401,General Family Resource Mangement Studies,2023,154.0
190401,General Family Resource Mangement Studies,2024,157.0
190402,Consumer Economics,2012,0.0
190402,Consumer Economics,2013,1.0
190402,Consumer Economics,2014,0.0
190402,Consumer Economics,2015,0.0
190402,Consumer Economics,2016,0.0
190402,Consumer Economics,2017,0.0
190402,Consumer Economics,2018,0.0
190402,Consumer Economics,2019,0.0
190403,Consumer Services & Advocacy,2013,0.0
190403,Consumer Services & Advocacy,2014,0.0
190403,Consumer Services & Advocacy,2015,2.0
190403,Consumer Services & Advocacy,2016,1.0
190403,Consumer Services & Advocacy,2017,1.0
190403,Consumer Services & Advocacy,2018,0.0
190403,Consumer Services & Advocacy,2019,2.0
190403,Consumer Services & Advocacy,2020,1.0
190403,Consumer Services & Advocacy,2021,2.0
190403,Consumer Services & Advocacy,2022,1.0
190403,Consumer Services & Advocacy,2023,1.0
190403,Consumer Services & Advocacy,2024,1.0
190499,Other Family & Consumer Economics & Related Services,2012,3.0
190499,Other Family & Consumer Economics & Related Services,2013,2.0
190499,Other Family & Consumer Economics & Related Services,2014,4.0
190499,Other Family & Consumer Economics & Related Services,2015,3.0
190499,Other Family & Consumer Economics & Related Services,2016,4.0
190499,Other Family & Consumer Economics & Related Services,2017,4.0
190499,Other Family & Consumer Economics & Related Services,2018,5.0
190499,Other Family & Consumer Economics & Related Services,2019,3.0
190499,Other Family & Consumer Economics & Related Services,2020,3.0
190499,Other Family & Consumer Economics & Related Services,2021,1.0
190499,Other Family & Consumer Economics & Related Services,2022,2.0
190499,Other Family & Consumer Economics & Related Services,2023,3.0
190499,Other Family & Consumer Economics & Related Services,2024,3.0
190501,"General Food, Nutrition, & Wellness Studies",2012,599.0
190501,"General Food, Nutrition, & Wellness Studies",2013,610.0
190501,"General Food, Nutrition, & Wellness Studies",2014,581.0
190501,"General Food, Nutrition, & Wellness Studies",2015,612.0
190501,"General Food, Nutrition, & Wellness Studies",2016,613.0
190501,"General Food, Nutrition, & Wellness Studies",2017,542.0
190501,"General Food, Nutrition, & Wellness Studies",2018,571.0
190501,"General Food, Nutrition, & Wellness Studies",2019,563.0
190501,"General Food, Nutrition, & Wellness Studies",2020,555.0
190501,"General Food, Nutrition, & Wellness Studies",2021,587.0
190501,"General Food, Nutrition, & Wellness Studies",2022,560.0
190501,"General Food, Nutrition, & Wellness Studies",2023,602.0
190501,"General Food, Nutrition, & Wellness Studies",2024,582.0
190504,Human Nutrition,2012,281.0
190504,Human Nutrition,2013,347.0
190504,Human Nutrition,2014,318.0
190504,Human Nutrition,2015,245.0
190504,Human Nutrition,2016,293.0
190504,Human Nutrition,2017,285.0
190504,Human Nutrition,2018,412.0
190504,Human Nutrition,2019,362.0
190504,Human Nutrition,2020,403.0
190504,Human Nutrition,2021,438.0
190504,Human Nutrition,2022,435.0
190504,Human Nutrition,2023,446.0
190504,Human Nutrition,2024,514.0
190505,Foodservice System Management,2012,4.0
190505,Foodservice System Management,2013,3.0
190505,Foodservice System Management,2014,8.0
190505,Foodservice System Management,2015,8.0
190505,Foodservice System Management,2016,3.0
190505,Foodservice System Management,2017,18.0
190505,Foodservice System Management,2018,4.0
190505,Foodservice System Management,2019,10.0
190505,Foodservice System Management,2020,10.0
190505,Foodservice System Management,2021,3.0
190505,Foodservice System Management,2022,9.0
190505,Foodservice System Management,2023,3.0
190505,Foodservice System Management,2024,6.0
190599,"Other Foods, Nutrition, & Related Services",2012,24.0
190599,"Other Foods, Nutrition, & Related Services",2013,43.0
190599,"Other Foods, Nutrition, & Related Services",2014,34.0
190599,"Other Foods, Nutrition, & Related Services",2015,38.0
190599,"Other Foods, Nutrition, & Related Services",2016,49.0
190599,"Other Foods, Nutrition, & Related Services",2017,60.0
190599,"Other Foods, Nutrition, & Related Services",2018,44.0
190599,"Other Foods, Nutrition, & Related Services",2019,38.0
190599,"Other Foods, Nutrition, & Related Services",2020,60.0
190599,"Other Foods, Nutrition, & Related Services",2021,55.0
190599,"Other Foods, Nutrition, & Related Services",2022,43.0
190599,"Other Foods, Nutrition, & Related Services",2023,42.0
190599,"Other Foods, Nutrition, & Related Services",2024,38.0
190601,General Housing & Human Environments,2012,30.0
190601,General Housing & Human Environments,2013,32.0
190601,General Housing & Human Environments,2014,24.0
190601,General Housing & Human Environments,2015,26.0
190601,General Housing & Human Environments,2016,22.0
190601,General Housing & Human Environments,2017,26.0
190601,General Housing & Human Environments,2018,37.0
190601,General Housing & Human Environments,2019,42.0
190601,General Housing & Human Environments,2020,49.0
190601,General Housing & Human Environments,2021,44.0
190601,General Housing & Human Environments,2022,54.0
190601,General Housing & Human Environments,2023,63.0
190601,General Housing & Human Environments,2024,60.0
190604,Facilities Planning & Management,2012,11.0
190604,Facilities Planning & Management,2013,4.0
190604,Facilities Planning & Management,2014,11.0
190604,Facilities Planning & Management,2015,12.0
190604,Facilities Planning & Management,2016,6.0
190604,Facilities Planning & Management,2017,3.0
190604,Facilities Planning & Management,2018,3.0
190604,Facilities Planning & Management,2019,2.0
190604,Facilities Planning & Management,2020,0.0
190604,Facilities Planning & Management,2021,0.0
190604,Facilities Planning & Management,2022,0.0
190604,Facilities Planning & Management,2023,9.0
190604,Facilities Planning & Management,2024,22.0
190701,General Human Development & Family Studies,2012,613.0
190701,General Human Development & Family Studies,2013,651.0
190701,General Human Development & Family Studies,2014,602.0
190701,General Human Development & Family Studies,2015,668.0
190701,General Human Development & Family Studies,2016,673.0
190701,General Human Development & Family Studies,2017,717.0
190701,General Human Development & Family Studies,2018,622.0
190701,General Human Development & Family Studies,2019,639.0
190701,General Human Development & Family Studies,2020,651.0
190701,General Human Development & Family Studies,2021,612.0
190701,General Human Development & Family Studies,2022,554.0
190701,General Human Development & Family Studies,2023,580.0
190701,General Human Development & Family Studies,2024,566.0
190702,Adult Development & Aging,2012,23.0
190702,Adult Development & Aging,2013,44.0
190702,Adult Development & Aging,2014,171.0
190702,Adult Development & Aging,2015,195.0
190702,Adult Development & Aging,2016,152.0
190702,Adult Development & Aging,2017,133.0
190702,Adult Development & Aging,2018,90.0
190702,Adult Development & Aging,2019,88.0
190702,Adult Development & Aging,2020,71.0
190702,Adult Development & Aging,2021,46.0
190702,Adult Development & Aging,2022,21.0
190702,Adult Development & Aging,2023,32.0
190702,Adult Development & Aging,2024,41.0
190704,Family Systems,2012,28.0
190704,Family Systems,2013,21.0
190704,Family Systems,2014,24.0
190704,Family Systems,2015,36.0
190704,Family Systems,2016,39.0
190704,Family Systems,2017,63.0
190704,Family Systems,2018,33.0
190704,Family Systems,2019,38.0
190704,Family Systems,2020,15.0
190704,Family Systems,2021,14.0
190704,Family Systems,2022,10.0
190704,Family Systems,2023,33.0
190704,Family Systems,2024,30.0
190706,Child Development,2012,231.0
190706,Child Development,2013,204.0
190706,Child Development,2014,237.0
190706,Child Development,2015,241.0
190706,Child Development,2016,183.0
190706,Child Development,2017,193.0
190706,Child Development,2018,210.0
190706,Child Development,2019,174.0
190706,Child Development,2020,265.0
190706,Child Development,2021,246.0
190706,Child Development,2022,262.0
190706,Child Development,2023,302.0
190706,Child Development,2024,296.0
190707,Family & Community Services,2012,293.0
190707,Family & Community Services,2013,274.0
190707,Family & Community Services,2014,213.0
190707,Family & Community Services,2015,250.0
190707,Family & Community Services,2016,238.0
190707,Family & Community Services,2017,249.0
190707,Family & Community Services,2018,233.0
190707,Family & Community Services,2019,202.0
190707,Family & Community Services,2020,135.0
190707,Family & Community Services,2021,92.0
190707,Family & Community Services,2022,107.0
190707,Family & Community Services,2023,117.0
190707,Family & Community Services,2024,117.0
190708,Child Care & Support Services Management,2012,45.0
190708,Child Care & Support Services Management,2013,48.0
190708,Child Care & Support Services Management,2014,39.0
190708,Child Care & Support Services Management,2015,91.0
190708,Child Care & Support Services Management,2016,61.0
190708,Child Care & Support Services Management,2017,69.0
190708,Child Care & Support Services Management,2018,75.0
190708,Child Care & Support Services Management,2019,120.0
190708,Child Care & Support Services Management,2020,100.0
190708,Child Care & Support Services Management,2021,80.0
190708,Child Care & Support Services Management,2022,87.0
190708,Child Care & Support Services Management,2023,95.0
190708,Child Care & Support Services Management,2024,91.0
190709,Child Care Provider,2012,3.0
190709,Child Care Provider,2013,4.0
190709,Child Care Provider,2014,5.0
190709,Child Care Provider,2017,0.0
190709,Child Care Provider,2018,2.0
190709,Child Care Provider,2019,5.0
190709,Child Care Provider,2020,3.0
190709,Child Care Provider,2021,6.0
190709,Child Care Provider,2022,5.0
190709,Child Care Provider,2023,18.0
190709,Child Care Provider,2024,32.0
190710,Developmental Services Worker,2015,0.0
190710,Developmental Services Worker,2016,0.0
190710,Developmental Services Worker,2017,3.0
190710,Developmental Services Worker,2019,2.0
190710,Developmental Services Worker,2020,1.0
190710,Developmental Services Worker,2021,4.0
190710,Developmental Services Worker,2022,11.0
190710,Developmental Services Worker,2023,9.0
190710,Developmental Services Worker,2024,8.0
190711,Early Childhood And Family Studies,2022,3.0
190711,Early Childhood And Family Studies,2023,9.0
190711,Early Childhood And Family Studies,2024,17.0
190799,"Other Human Development, Family Studies, & Related Services",2012,46.0
190799,"Other Human Development, Family Studies, & Related Services",2013,49.0
190799,"Other Human Development, Family Studies, & Related Services",2014,58.0
190799,"Other Human Development, Family Studies, & Related Services",2015,43.0
190799,"Other Human Development, Family Studies, & Related Services",2016,49.0
190799,"Other Human Development, Family Studies, & Related Services",2017,40.0
190799,"Other Human Development, Family Studies, & Related Services",2018,48.0
190799,"Other Human Development, Family Studies, & Related Services",2019,67.0
190799,"Other Human Development, Family Studies, & Related Services",2020,106.0
190799,"Other Human Development, Family Studies, & Related Services",2021,181.0
190799,"Other Human Development, Family Studies, & Related Services",2022,193.0
190799,"Other Human Development, Family Studies, & Related Services",2023,178.0
190799,"Other Human Development, Family Studies, & Related Services",2024,125.0
190901,General Apparel & Textiles,2012,75.0
190901,General Apparel & Textiles,2013,63.0
190901,General Apparel & Textiles,2014,72.0
190901,General Apparel & Textiles,2015,54.0
190901,General Apparel & Textiles,2016,56.0
190901,General Apparel & Textiles,2017,54.0
190901,General Apparel & Textiles,2018,42.0
190901,General Apparel & Textiles,2019,50.0
190901,General Apparel & Textiles,2020,52.0
190901,General Apparel & Textiles,2021,44.0
190901,General Apparel & Textiles,2022,89.0
190901,General Apparel & Textiles,2023,68.0
190901,General Apparel & Textiles,2024,52.0
190902,Apparel & Textile Manufacture,2017,2.0
190902,Apparel & Textile Manufacture,2018,2.0
190902,Apparel & Textile Manufacture,2019,8.0
190902,Apparel & Textile Manufacture,2020,5.0
190902,Apparel & Textile Manufacture,2021,5.0
190902,Apparel & Textile Manufacture,2022,5.0
190902,Apparel & Textile Manufacture,2023,1.0
190902,Apparel & Textile Manufacture,2024,6.0
190905,Apparel & Textile Marketing Management,2012,42.0
190905,Apparel & Textile Marketing Management,2013,42.0
190905,Apparel & Textile Marketing Management,2014,46.0
190905,Apparel & Textile Marketing Management,2015,40.0
190905,Apparel & Textile Marketing Management,2016,66.0
190905,Apparel & Textile Marketing Management,2017,52.0
190905,Apparel & Textile Marketing Management,2018,67.0
190905,Apparel & Textile Marketing Management,2019,112.0
190905,Apparel & Textile Marketing Management,2020,106.0
190905,Apparel & Textile Marketing Management,2021,88.0
190905,Apparel & Textile Marketing Management,2022,16.0
190905,Apparel & Textile Marketing Management,2023,10.0
190905,Apparel & Textile Marketing Management,2024,16.0
190906,Fashion & Fabric Consultant,2013,0.0
190999,Other Apparel & Textiles,2012,1.0
190999,Other Apparel & Textiles,2013,2.0
190999,Other Apparel & Textiles,2014,1.0
190999,Other Apparel & Textiles,2015,2.0
190999,Other Apparel & Textiles,2016,4.0
190999,Other Apparel & Textiles,2017,5.0
190999,Other Apparel & Textiles,2018,7.0
190999,Other Apparel & Textiles,2019,11.0
190999,Other Apparel & Textiles,2020,6.0
190999,Other Apparel & Textiles,2021,2.0
199999,Other Family & Consumer Sciences,2012,35.0
199999,Other Family & Consumer Sciences,2013,25.0
199999,Other Family & Consumer Sciences,2014,41.0
199999,Other Family & Consumer Sciences,2015,9.0
199999,Other Family & Consumer Sciences,2016,14.0
199999,Other Family & Consumer Sciences,2017,6.0
199999,Other Family & Consumer Sciences,2018,9.0
199999,Other Family & Consumer Sciences,2019,9.0
199999,Other Family & Consumer Sciences,2020,5.0
199999,Other Family & Consumer Sciences,2021,8.0
199999,Other Family & Consumer Sciences,2022,3.0
199999,Other Family & Consumer Sciences,2023,6.0
199999,Other Family & Consumer Sciences,2024,5.0
220000,General Legal Studies,2012,362.0
220000,General Legal Studies,2013,385.0
220000,General Legal Studies,2014,407.0
220000,General Legal Studies,2015,367.0
220000,General Legal Studies,2016,347.0
220000,General Legal Studies,2017,316.0
220000,General Legal Studies,2018,264.0
220000,General Legal Studies,2019,293.0
220000,General Legal Studies,2020,373.0
220000,General Legal Studies,2021,334.0
220000,General Legal Studies,2022,425.0
220000,General Legal Studies,2023,396.0
220000,General Legal Studies,2024,356.0
220001,Pre-Law Studies,2015,16.0
220001,Pre-Law Studies,2016,14.0
220001,Pre-Law Studies,2017,19.0
220001,Pre-Law Studies,2018,36.0
220001,Pre-Law Studies,2019,51.0
220001,Pre-Law Studies,2020,114.0
220001,Pre-Law Studies,2021,83.0
220001,Pre-Law Studies,2022,59.0
220001,Pre-Law Studies,2023,86.0
220001,Pre-Law Studies,2024,42.0
220099,"Non-Professional Legal Studies, Other",2021,1.0
220099,"Non-Professional Legal Studies, Other",2022,0.0
220201,General Advanced Legal Studies,2012,1306.0
220201,General Advanced Legal Studies,2013,1467.0
220201,General Advanced Legal Studies,2014,1717.0
220201,General Advanced Legal Studies,2015,1880.0
220201,General Advanced Legal Studies,2016,1981.0
220201,General Advanced Legal Studies,2017,2245.0
220201,General Advanced Legal Studies,2018,2241.0
220201,General Advanced Legal Studies,2019,2260.0
220201,General Advanced Legal Studies,2020,2645.0
220201,General Advanced Legal Studies,2021,1869.0
220201,General Advanced Legal Studies,2022,3757.0
220201,General Advanced Legal Studies,2023,3536.0
220201,General Advanced Legal Studies,2024,3668.0
220202,Programs for Foreign Lawyers,2012,808.0
220202,Programs for Foreign Lawyers,2013,952.0
220202,Programs for Foreign Lawyers,2014,1065.0
220202,Programs for Foreign Lawyers,2015,1201.0
220202,Programs for Foreign Lawyers,2016,1277.0
220202,Programs for Foreign Lawyers,2017,1387.0
220202,Programs for Foreign Lawyers,2018,1757.0
220202,Programs for Foreign Lawyers,2019,1905.0
220202,Programs for Foreign Lawyers,2020,1823.0
220202,Programs for Foreign Lawyers,2021,770.0
220202,Programs for Foreign Lawyers,2022,2216.0
220202,Programs for Foreign Lawyers,2023,1716.0
220202,Programs for Foreign Lawyers,2024,1560.0
220203,Legal Studies & Jurisprudence,2012,247.0
220203,Legal Studies & Jurisprudence,2013,270.0
220203,Legal Studies & Jurisprudence,2014,306.0
220203,Legal Studies & Jurisprudence,2015,363.0
220203,Legal Studies & Jurisprudence,2016,371.0
220203,Legal Studies & Jurisprudence,2017,465.0
220203,Legal Studies & Jurisprudence,2018,474.0
220203,Legal Studies & Jurisprudence,2019,558.0
220203,Legal Studies & Jurisprudence,2020,692.0
220203,Legal Studies & Jurisprudence,2021,574.0
220203,Legal Studies & Jurisprudence,2022,881.0
220203,Legal Studies & Jurisprudence,2023,743.0
220203,Legal Studies & Jurisprudence,2024,699.0
220205,"Banking, Corporate, Finance, & Securities Law",2012,235.0
220205,"Banking, Corporate, Finance, & Securities Law",2013,163.0
220205,"Banking, Corporate, Finance, & Securities Law",2014,275.0
220205,"Banking, Corporate, Finance, & Securities Law",2015,256.0
220205,"Banking, Corporate, Finance, & Securities Law",2016,277.0
220205,"Banking, Corporate, Finance, & Securities Law",2017,306.0
220205,"Banking, Corporate, Finance, & Securities Law",2018,271.0
220205,"Banking, Corporate, Finance, & Securities Law",2019,216.0
220205,"Banking, Corporate, Finance, & Securities Law",2020,246.0
220205,"Banking, Corporate, Finance, & Securities Law",2021,114.0
220205,"Banking, Corporate, Finance, & Securities Law",2022,295.0
220205,"Banking, Corporate, Finance, & Securities Law",2023,246.0
220205,"Banking, Corporate, Finance, & Securities Law",2024,274.0
220206,Comparative Law,2012,62.0
220206,Comparative Law,2013,39.0
220206,Comparative Law,2014,51.0
220206,Comparative Law,2015,51.0
220206,Comparative Law,2016,56.0
220206,Comparative Law,2017,55.0
220206,Comparative Law,2018,49.0
220206,Comparative Law,2019,42.0
220206,Comparative Law,2020,31.0
220206,Comparative Law,2021,28.0
220206,Comparative Law,2022,29.0
220206,Comparative Law,2023,33.0
220206,Comparative Law,2024,22.0
220207,"Energy, Environment, & Natural Resources Law",2012,98.0
220207,"Energy, Environment, & Natural Resources Law",2013,92.0
220207,"Energy, Environment, & Natural Resources Law",2014,91.0
220207,"Energy, Environment, & Natural Resources Law",2015,128.0
220207,"Energy, Environment, & Natural Resources Law",2016,126.0
220207,"Energy, Environment, & Natural Resources Law",2017,141.0
220207,"Energy, Environment, & Natural Resources Law",2018,198.0
220207,"Energy, Environment, & Natural Resources Law",2019,178.0
220207,"Energy, Environment, & Natural Resources Law",2020,189.0
220207,"Energy, Environment, & Natural Resources Law",2021,168.0
220207,"Energy, Environment, & Natural Resources Law",2022,145.0
220207,"Energy, Environment, & Natural Resources Law",2023,118.0
220207,"Energy, Environment, & Natural Resources Law",2024,111.0
220208,Health Law,2012,162.0
220208,Health Law,2013,195.0
220208,Health Law,2014,214.0
220208,Health Law,2015,195.0
220208,Health Law,2016,218.0
220208,Health Law,2017,256.0
220208,Health Law,2018,295.0
220208,Health Law,2019,364.0
220208,Health Law,2020,369.0
220208,Health Law,2021,308.0
220208,Health Law,2022,344.0
220208,Health Law,2023,369.0
220208,Health Law,2024,301.0
220209,International Law & Legal Studies,2012,332.0
220209,International Law & Legal Studies,2013,409.0
220209,International Law & Legal Studies,2014,634.0
220209,International Law & Legal Studies,2015,565.0
220209,International Law & Legal Studies,2016,604.0
220209,International Law & Legal Studies,2017,532.0
220209,International Law & Legal Studies,2018,551.0
220209,International Law & Legal Studies,2019,534.0
220209,International Law & Legal Studies,2020,491.0
220209,International Law & Legal Studies,2021,235.0
220209,International Law & Legal Studies,2022,469.0
220209,International Law & Legal Studies,2023,428.0
220209,International Law & Legal Studies,2024,387.0
220210,"International Business, Trade, & Tax Law",2012,139.0
220210,"International Business, Trade, & Tax Law",2013,217.0
220210,"International Business, Trade, & Tax Law",2014,268.0
220210,"International Business, Trade, & Tax Law",2015,261.0
220210,"International Business, Trade, & Tax Law",2016,317.0
220210,"International Business, Trade, & Tax Law",2017,249.0
220210,"International Business, Trade, & Tax Law",2018,293.0
220210,"International Business, Trade, & Tax Law",2019,261.0
220210,"International Business, Trade, & Tax Law",2020,319.0
220210,"International Business, Trade, & Tax Law",2021,187.0
220210,"International Business, Trade, & Tax Law",2022,363.0
220210,"International Business, Trade, & Tax Law",2023,242.0
220210,"International Business, Trade, & Tax Law",2024,288.0
220211,Tax Law,2012,704.0
220211,Tax Law,2013,635.0
220211,Tax Law,2014,755.0
220211,Tax Law,2015,768.0
220211,Tax Law,2016,824.0
220211,Tax Law,2017,808.0
220211,Tax Law,2018,804.0
220211,Tax Law,2019,766.0
220211,Tax Law,2020,776.0
220211,Tax Law,2021,698.0
220211,Tax Law,2022,872.0
220211,Tax Law,2023,667.0
220211,Tax Law,2024,636.0
220212,Intellectual Property Law,2012,119.0
220212,Intellectual Property Law,2013,118.0
220212,Intellectual Property Law,2014,138.0
220212,Intellectual Property Law,2015,144.0
220212,Intellectual Property Law,2016,147.0
220212,Intellectual Property Law,2017,136.0
220212,Intellectual Property Law,2018,112.0
220212,Intellectual Property Law,2019,111.0
220212,Intellectual Property Law,2020,113.0
220212,Intellectual Property Law,2021,62.0
220212,Intellectual Property Law,2022,118.0
220212,Intellectual Property Law,2023,91.0
220212,Intellectual Property Law,2024,101.0
220213,Patent Law,2020,4.0
220213,Patent Law,2021,1.0
220213,Patent Law,2022,2.0
220213,Patent Law,2023,0.0
220213,Patent Law,2024,0.0
220216,Compliance Law,2021,0.0
220216,Compliance Law,2022,0.0
220216,Compliance Law,2023,7.0
220216,Compliance Law,2024,10.0
220217,Criminal Law And Procedure,2021,0.0
220217,Criminal Law And Procedure,2022,0.0
220217,Criminal Law And Procedure,2023,17.0
220217,Criminal Law And Procedure,2024,19.0
220220,Human Resources Law,2022,10.0
220220,Human Resources Law,2023,39.0
220220,Human Resources Law,2024,95.0
220222,Real Estate And Land Development Law,2020,0.0
220222,Real Estate And Land Development Law,2021,4.0
220222,Real Estate And Land Development Law,2022,1.0
220222,Real Estate And Land Development Law,2023,4.0
220222,Real Estate And Land Development Law,2024,9.0
220224,Tribal/Indigenous Law,2020,11.0
220224,Tribal/Indigenous Law,2021,14.0
220224,Tribal/Indigenous Law,2022,20.0
220224,Tribal/Indigenous Law,2023,9.0
220224,Tribal/Indigenous Law,2024,23.0
220299,Other Legal Research & Advanced Professional Studies,2012,571.0
220299,Other Legal Research & Advanced Professional Studies,2013,657.0
220299,Other Legal Research & Advanced Professional Studies,2014,769.0
220299,Other Legal Research & Advanced Professional Studies,2015,824.0
220299,Other Legal Research & Advanced Professional Studies,2016,884.0
220299,Other Legal Research & Advanced Professional Studies,2017,827.0
220299,Other Legal Research & Advanced Professional Studies,2018,907.0
220299,Other Legal Research & Advanced Professional Studies,2019,894.0
220299,Other Legal Research & Advanced Professional Studies,2020,774.0
220299,Other Legal Research & Advanced Professional Studies,2021,549.0
220299,Other Legal Research & Advanced Professional Studies,2022,899.0
220299,Other Legal Research & Advanced Professional Studies,2023,764.0
220299,Other Legal Research & Advanced Professional Studies,2024,822.0
220301,Legal Administrative Assistant,2014,0.0
220301,Legal Administrative Assistant,2015,4.0
220301,Legal Administrative Assistant,2016,4.0
220301,Legal Administrative Assistant,2017,5.0
220301,Legal Administrative Assistant,2018,11.0
220301,Legal Administrative Assistant,2019,13.0
220301,Legal Administrative Assistant,2020,15.0
220301,Legal Administrative Assistant,2021,8.0
220301,Legal Administrative Assistant,2022,15.0
220301,Legal Administrative Assistant,2023,13.0
220301,Legal Administrative Assistant,2024,21.0
220302,Paralegal,2012,111.0
220302,Paralegal,2013,122.0
220302,Paralegal,2014,103.0
220302,Paralegal,2015,99.0
220302,Paralegal,2016,66.0
220302,Paralegal,2017,79.0
220302,Paralegal,2018,99.0
220302,Paralegal,2019,94.0
220302,Paralegal,2020,95.0
220302,Paralegal,2021,98.0
220302,Paralegal,2022,75.0
220302,Paralegal,2023,92.0
220302,Paralegal,2024,102.0
220399,Other Legal Support Services,2012,8.0
220399,Other Legal Support Services,2013,9.0
220399,Other Legal Support Services,2014,11.0
220399,Other Legal Support Services,2015,14.0
220399,Other Legal Support Services,2016,15.0
220399,Other Legal Support Services,2017,4.0
220399,Other Legal Support Services,2018,6.0
220399,Other Legal Support Services,2019,13.0
220399,Other Legal Support Services,2020,10.0
220399,Other Legal Support Services,2021,0.0
229999,Other Legal Professions & Studies,2012,1338.0
229999,Other Legal Professions & Studies,2013,1344.0
229999,Other Legal Professions & Studies,2014,928.0
229999,Other Legal Professions & Studies,2015,885.0
229999,Other Legal Professions & Studies,2016,842.0
229999,Other Legal Professions & Studies,2017,976.0
229999,Other Legal Professions & Studies,2018,968.0
229999,Other Legal Professions & Studies,2019,1061.0
229999,Other Legal Professions & Studies,2020,1074.0
229999,Other Legal Professions & Studies,2021,1008.0
229999,Other Legal Professions & Studies,2022,1138.0
229999,Other Legal Professions & Studies,2023,1091.0
229999,Other Legal Professions & Studies,2024,1115.0
230101,General English Language & Literature,2012,5442.0
230101,General English Language & Literature,2013,5301.0
230101,General English Language & Literature,2014,5067.0
230101,General English Language & Literature,2015,4637.0
230101,General English Language & Literature,2016,4524.0
230101,General English Language & Literature,2017,4281.0
230101,General English Language & Literature,2018,4391.0
230101,General English Language & Literature,2019,4112.0
230101,General English Language & Literature,2020,3951.0
230101,General English Language & Literature,2021,3951.0
230101,General English Language & Literature,2022,3916.0
230101,General English Language & Literature,2023,3937.0
230101,General English Language & Literature,2024,3663.0
231301,General Writing,2012,104.0
231301,General Writing,2013,104.0
231301,General Writing,2014,132.0
231301,General Writing,2015,117.0
231301,General Writing,2016,109.0
231301,General Writing,2017,79.0
231301,General Writing,2018,80.0
231301,General Writing,2019,78.0
231301,General Writing,2020,80.0
231301,General Writing,2021,93.0
231301,General Writing,2022,84.0
231301,General Writing,2023,77.0
231301,General Writing,2024,79.0
231302,Creative Writing,2012,3357.0
231302,Creative Writing,2013,3369.0
231302,Creative Writing,2014,3193.0
231302,Creative Writing,2015,3411.0
231302,Creative Writing,2016,3175.0
231302,Creative Writing,2017,2988.0
231302,Creative Writing,2018,3003.0
231302,Creative Writing,2019,3129.0
231302,Creative Writing,2020,2979.0
231302,Creative Writing,2021,2996.0
231302,Creative Writing,2022,3225.0
231302,Creative Writing,2023,3478.0
231302,Creative Writing,2024,3274.0
231303,"Professional, Technical, Business, & Scientific Writing",2012,335.0
231303,"Professional, Technical, Business, & Scientific Writing",2013,329.0
231303,"Professional, Technical, Business, & Scientific Writing",2014,314.0
231303,"Professional, Technical, Business, & Scientific Writing",2015,354.0
231303,"Professional, Technical, Business, & Scientific Writing",2016,326.0
231303,"Professional, Technical, Business, & Scientific Writing",2017,370.0
231303,"Professional, Technical, Business, & Scientific Writing",2018,317.0
231303,"Professional, Technical, Business, & Scientific Writing",2019,364.0
231303,"Professional, Technical, Business, & Scientific Writing",2020,369.0
231303,"Professional, Technical, Business, & Scientific Writing",2021,338.0
231303,"Professional, Technical, Business, & Scientific Writing",2022,418.0
231303,"Professional, Technical, Business, & Scientific Writing",2023,377.0
231303,"Professional, Technical, Business, & Scientific Writing",2024,299.0
231304,Rhetoric & Composition,2012,349.0
231304,Rhetoric & Composition,2013,285.0
231304,Rhetoric & Composition,2014,265.0
231304,Rhetoric & Composition,2015,168.0
231304,Rhetoric & Composition,2016,162.0
231304,Rhetoric & Composition,2017,130.0
231304,Rhetoric & Composition,2018,153.0
231304,Rhetoric & Composition,2019,166.0
231304,Rhetoric & Composition,2020,139.0
231304,Rhetoric & Composition,2021,119.0
231304,Rhetoric & Composition,2022,130.0
231304,Rhetoric & Composition,2023,109.0
231304,Rhetoric & Composition,2024,124.0
231399,"Other Rhetoric, Composition, or Writing Studies",2012,3.0
231399,"Other Rhetoric, Composition, or Writing Studies",2013,1.0
231399,"Other Rhetoric, Composition, or Writing Studies",2014,7.0
231399,"Other Rhetoric, Composition, or Writing Studies",2015,15.0
231399,"Other Rhetoric, Composition, or Writing Studies",2016,19.0
231399,"Other Rhetoric, Composition, or Writing Studies",2017,145.0
231399,"Other Rhetoric, Composition, or Writing Studies",2018,128.0
231399,"Other Rhetoric, Composition, or Writing Studies",2019,140.0
231399,"Other Rhetoric, Composition, or Writing Studies",2020,162.0
231399,"Other Rhetoric, Composition, or Writing Studies",2021,151.0
231399,"Other Rhetoric, Composition, or Writing Studies",2022,144.0
231399,"Other Rhetoric, Composition, or Writing Studies",2023,119.0
231399,"Other Rhetoric, Composition, or Writing Studies",2024,17.0
231401,General Literature,2012,17.0
231401,General Literature,2013,20.0
231401,General Literature,2014,34.0
231401,General Literature,2015,24.0
231401,General Literature,2016,22.0
231401,General Literature,2017,16.0
231401,General Literature,2018,20.0
231401,General Literature,2019,9.0
231401,General Literature,2020,2.0
231401,General Literature,2021,8.0
231401,General Literature,2022,31.0
231401,General Literature,2023,43.0
231401,General Literature,2024,31.0
231402,US English Literature,2012,6.0
231402,US English Literature,2013,1.0
231402,US English Literature,2014,7.0
231402,US English Literature,2015,5.0
231402,US English Literature,2016,5.0
231402,US English Literature,2017,5.0
231402,US English Literature,2018,8.0
231402,US English Literature,2019,4.0
231402,US English Literature,2020,4.0
231402,US English Literature,2021,1.0
231402,US English Literature,2022,0.0
231402,US English Literature,2023,0.0
231402,US English Literature,2024,0.0
231404,British & Commonwealth English Literature,2012,177.0
231404,British & Commonwealth English Literature,2013,154.0
231404,British & Commonwealth English Literature,2014,117.0
231404,British & Commonwealth English Literature,2015,101.0
231404,British & Commonwealth English Literature,2016,82.0
231404,British & Commonwealth English Literature,2017,99.0
231404,British & Commonwealth English Literature,2018,84.0
231404,British & Commonwealth English Literature,2019,122.0
231404,British & Commonwealth English Literature,2020,74.0
231404,British & Commonwealth English Literature,2021,70.0
231404,British & Commonwealth English Literature,2022,63.0
231404,British & Commonwealth English Literature,2023,72.0
231404,British & Commonwealth English Literature,2024,67.0
231405,Children's & Adolescent Literature,2016,31.0
231405,Children's & Adolescent Literature,2017,10.0
231405,Children's & Adolescent Literature,2018,15.0
231405,Children's & Adolescent Literature,2019,9.0
231405,Children's & Adolescent Literature,2020,11.0
231405,Children's & Adolescent Literature,2021,26.0
231405,Children's & Adolescent Literature,2022,15.0
231405,Children's & Adolescent Literature,2023,10.0
231405,Children's & Adolescent Literature,2024,14.0
231499,Other Literature,2012,0.0
231499,Other Literature,2013,0.0
231499,Other Literature,2018,5.0
231499,Other Literature,2019,15.0
231499,Other Literature,2020,11.0
231499,Other Literature,2021,11.0
231499,Other Literature,2022,8.0
231499,Other Literature,2023,9.0
231499,Other Literature,2024,11.0
239999,Other English Language & Literature,2012,163.0
239999,Other English Language & Literature,2013,171.0
239999,Other English Language & Literature,2014,167.0
239999,Other English Language & Literature,2015,143.0
239999,Other English Language & Literature,2016,178.0
239999,Other English Language & Literature,2017,152.0
239999,Other English Language & Literature,2018,143.0
239999,Other English Language & Literature,2019,132.0
239999,Other English Language & Literature,2020,124.0
239999,Other English Language & Literature,2021,145.0
239999,Other English Language & Literature,2022,135.0
239999,Other English Language & Literature,2023,143.0
239999,Other English Language & Literature,2024,131.0
240101,Liberal Arts & Sciences,2012,2185.0
240101,Liberal Arts & Sciences,2013,2130.0
240101,Liberal Arts & Sciences,2014,1966.0
240101,Liberal Arts & Sciences,2015,1766.0
240101,Liberal Arts & Sciences,2016,1649.0
240101,Liberal Arts & Sciences,2017,1448.0
240101,Liberal Arts & Sciences,2018,1524.0
240101,Liberal Arts & Sciences,2019,1275.0
240101,Liberal Arts & Sciences,2020,1188.0
240101,Liberal Arts & Sciences,2021,1218.0
240101,Liberal Arts & Sciences,2022,1024.0
240101,Liberal Arts & Sciences,2023,901.0
240101,Liberal Arts & Sciences,2024,874.0
240102,General Studies,2012,163.0
240102,General Studies,2013,184.0
240102,General Studies,2014,143.0
240102,General Studies,2015,163.0
240102,General Studies,2016,143.0
240102,General Studies,2017,174.0
240102,General Studies,2018,179.0
240102,General Studies,2019,183.0
240102,General Studies,2020,168.0
240102,General Studies,2021,203.0
240102,General Studies,2022,183.0
240102,General Studies,2023,175.0
240102,General Studies,2024,214.0
240103,Humanistic Studies,2012,644.0
240103,Humanistic Studies,2013,630.0
240103,Humanistic Studies,2014,574.0
240103,Humanistic Studies,2015,586.0
240103,Humanistic Studies,2016,536.0
240103,Humanistic Studies,2017,510.0
240103,Humanistic Studies,2018,488.0
240103,Humanistic Studies,2019,498.0
240103,Humanistic Studies,2020,465.0
240103,Humanistic Studies,2021,490.0
240103,Humanistic Studies,2022,498.0
240103,Humanistic Studies,2023,504.0
240103,Humanistic Studies,2024,457.0
240199,"Other Liberal Arts & Sciences, General Studies, & Humanities",2012,808.0
240199,"Other Liberal Arts & Sciences, General Studies, & Humanities",2013,341.0
240199,"Other Liberal Arts & Sciences, General Studies, & Humanities",2014,335.0
240199,"Other Liberal Arts & Sciences, General Studies, & Humanities",2015,281.0
240199,"Other Liberal Arts & Sciences, General Studies, & Humanities",2016,271.0
240199,"Other Liberal Arts & Sciences, General Studies, & Humanities",2017,353.0
240199,"Other Liberal Arts & Sciences, General Studies, & Humanities",2018,293.0
240199,"Other Liberal Arts & Sciences, General Studies, & Humanities",2019,153.0
240199,"Other Liberal Arts & Sciences, General Studies, & Humanities",2020,169.0
240199,"Other Liberal Arts & Sciences, General Studies, & Humanities",2021,133.0
240199,"Other Liberal Arts & Sciences, General Studies, & Humanities",2022,158.0
240199,"Other Liberal Arts & Sciences, General Studies, & Humanities",2023,113.0
240199,"Other Liberal Arts & Sciences, General Studies, & Humanities",2024,131.0
250101,Library & Information Science,2012,7254.0
250101,Library & Information Science,2013,6840.0
250101,Library & Information Science,2014,5736.0
250101,Library & Information Science,2015,5158.0
250101,Library & Information Science,2016,4684.0
250101,Library & Information Science,2017,4561.0
250101,Library & Information Science,2018,4792.0
250101,Library & Information Science,2019,4990.0
250101,Library & Information Science,2020,4730.0
250101,Library & Information Science,2021,5220.0
250101,Library & Information Science,2022,5629.0
250101,Library & Information Science,2023,5417.0
250101,Library & Information Science,2024,5606.0
250102,Children and Youth Library Services,2016,16.0
250102,Children and Youth Library Services,2017,8.0
250102,Children and Youth Library Services,2018,18.0
250102,Children and Youth Library Services,2019,18.0
250102,Children and Youth Library Services,2020,16.0
250102,Children and Youth Library Services,2021,14.0
250102,Children and Youth Library Services,2022,14.0
250102,Children and Youth Library Services,2023,12.0
250102,Children and Youth Library Services,2024,20.0
250103,Archival Administration,2016,117.0
250103,Archival Administration,2017,132.0
250103,Archival Administration,2018,144.0
250103,Archival Administration,2019,36.0
250103,Archival Administration,2020,117.0
250103,Archival Administration,2021,144.0
250103,Archival Administration,2022,116.0
250103,Archival Administration,2023,139.0
250103,Archival Administration,2024,121.0
259999,Other Library Science,2012,223.0
259999,Other Library Science,2013,183.0
259999,Other Library Science,2014,138.0
259999,Other Library Science,2015,122.0
259999,Other Library Science,2016,119.0
259999,Other Library Science,2017,153.0
259999,Other Library Science,2018,128.0
259999,Other Library Science,2019,129.0
259999,Other Library Science,2020,102.0
259999,Other Library Science,2021,107.0
259999,Other Library Science,2022,103.0
259999,Other Library Science,2023,121.0
259999,Other Library Science,2024,135.0
260101,General Biological Sciences,2012,3518.0
260101,General Biological Sciences,2013,3505.0
260101,General Biological Sciences,2014,3480.0
260101,General Biological Sciences,2015,3450.0
260101,General Biological Sciences,2016,3470.0
260101,General Biological Sciences,2017,3464.0
260101,General Biological Sciences,2018,3599.0
260101,General Biological Sciences,2019,3649.0
260101,General Biological Sciences,2020,3613.0
260101,General Biological Sciences,2021,3572.0
260101,General Biological Sciences,2022,3566.0
260101,General Biological Sciences,2023,3822.0
260101,General Biological Sciences,2024,3727.0
260102,General Biomedical Sciences,2012,1017.0
260102,General Biomedical Sciences,2013,1271.0
260102,General Biomedical Sciences,2014,1503.0
260102,General Biomedical Sciences,2015,1689.0
260102,General Biomedical Sciences,2016,1923.0
260102,General Biomedical Sciences,2017,2226.0
260102,General Biomedical Sciences,2018,2532.0
260102,General Biomedical Sciences,2019,2846.0
260102,General Biomedical Sciences,2020,3121.0
260102,General Biomedical Sciences,2021,3396.0
260102,General Biomedical Sciences,2022,3664.0
260102,General Biomedical Sciences,2023,3939.0
260102,General Biomedical Sciences,2024,4033.0
260202,Biochemistry,2012,268.0
260202,Biochemistry,2013,338.0
260202,Biochemistry,2014,280.0
260202,Biochemistry,2015,277.0
260202,Biochemistry,2016,314.0
260202,Biochemistry,2017,296.0
260202,Biochemistry,2018,322.0
260202,Biochemistry,2019,303.0
260202,Biochemistry,2020,276.0
260202,Biochemistry,2021,307.0
260202,Biochemistry,2022,344.0
260202,Biochemistry,2023,366.0
260202,Biochemistry,2024,325.0
260203,Biophysics,2012,47.0
260203,Biophysics,2013,27.0
260203,Biophysics,2014,28.0
260203,Biophysics,2015,33.0
260203,Biophysics,2016,34.0
260203,Biophysics,2017,32.0
260203,Biophysics,2018,26.0
260203,Biophysics,2019,27.0
260203,Biophysics,2020,27.0
260203,Biophysics,2021,18.0
260203,Biophysics,2022,32.0
260203,Biophysics,2023,33.0
260203,Biophysics,2024,62.0
260204,Molecular Biology,2012,204.0
260204,Molecular Biology,2013,235.0
260204,Molecular Biology,2014,235.0
260204,Molecular Biology,2015,225.0
260204,Molecular Biology,2016,198.0
260204,Molecular Biology,2017,220.0
260204,Molecular Biology,2018,211.0
260204,Molecular Biology,2019,229.0
260204,Molecular Biology,2020,246.0
260204,Molecular Biology,2021,241.0
260204,Molecular Biology,2022,263.0
260204,Molecular Biology,2023,252.0
260204,Molecular Biology,2024,231.0
260205,Molecular Biochemistry,2012,69.0
260205,Molecular Biochemistry,2013,57.0
260205,Molecular Biochemistry,2014,82.0
260205,Molecular Biochemistry,2015,95.0
260205,Molecular Biochemistry,2016,94.0
260205,Molecular Biochemistry,2017,99.0
260205,Molecular Biochemistry,2018,95.0
260205,Molecular Biochemistry,2019,101.0
260205,Molecular Biochemistry,2020,72.0
260205,Molecular Biochemistry,2021,81.0
260205,Molecular Biochemistry,2022,75.0
260205,Molecular Biochemistry,2023,63.0
260205,Molecular Biochemistry,2024,75.0
260206,Molecular Biophysics,2012,1.0
260206,Molecular Biophysics,2013,1.0
260206,Molecular Biophysics,2014,3.0
260206,Molecular Biophysics,2015,1.0
260206,Molecular Biophysics,2016,1.0
260206,Molecular Biophysics,2017,1.0
260206,Molecular Biophysics,2018,1.0
260206,Molecular Biophysics,2019,1.0
260206,Molecular Biophysics,2020,3.0
260206,Molecular Biophysics,2021,3.0
260206,Molecular Biophysics,2022,0.0
260206,Molecular Biophysics,2023,1.0
260206,Molecular Biophysics,2024,0.0
260207,Structural Biology,2012,2.0
260207,Structural Biology,2013,2.0
260207,Structural Biology,2014,2.0
260207,Structural Biology,2015,1.0
260207,Structural Biology,2016,3.0
260207,Structural Biology,2017,1.0
260207,Structural Biology,2018,0.0
260207,Structural Biology,2019,3.0
260207,Structural Biology,2020,3.0
260207,Structural Biology,2021,4.0
260207,Structural Biology,2022,0.0
260207,Structural Biology,2023,1.0
260207,Structural Biology,2024,0.0
260209,Radiation Biology,2012,9.0
260209,Radiation Biology,2013,10.0
260209,Radiation Biology,2014,8.0
260209,Radiation Biology,2015,11.0
260209,Radiation Biology,2016,6.0
260209,Radiation Biology,2017,9.0
260209,Radiation Biology,2018,10.0
260209,Radiation Biology,2019,10.0
260209,Radiation Biology,2020,12.0
260209,Radiation Biology,2021,8.0
260209,Radiation Biology,2022,13.0
260209,Radiation Biology,2023,9.0
260209,Radiation Biology,2024,3.0
260210,Biochemistry & Molecular Biology,2012,70.0
260210,Biochemistry & Molecular Biology,2013,76.0
260210,Biochemistry & Molecular Biology,2014,97.0
260210,Biochemistry & Molecular Biology,2015,56.0
260210,Biochemistry & Molecular Biology,2016,63.0
260210,Biochemistry & Molecular Biology,2017,115.0
260210,Biochemistry & Molecular Biology,2018,125.0
260210,Biochemistry & Molecular Biology,2019,116.0
260210,Biochemistry & Molecular Biology,2020,117.0
260210,Biochemistry & Molecular Biology,2021,156.0
260210,Biochemistry & Molecular Biology,2022,179.0
260210,Biochemistry & Molecular Biology,2023,199.0
260210,Biochemistry & Molecular Biology,2024,170.0
260299,"Other Biochemistry, Biophysics, & Molecular Biology",2012,3.0
260299,"Other Biochemistry, Biophysics, & Molecular Biology",2013,5.0
260299,"Other Biochemistry, Biophysics, & Molecular Biology",2014,5.0
260299,"Other Biochemistry, Biophysics, & Molecular Biology",2015,11.0
260299,"Other Biochemistry, Biophysics, & Molecular Biology",2016,4.0
260299,"Other Biochemistry, Biophysics, & Molecular Biology",2017,10.0
260299,"Other Biochemistry, Biophysics, & Molecular Biology",2018,22.0
260299,"Other Biochemistry, Biophysics, & Molecular Biology",2019,19.0
260299,"Other Biochemistry, Biophysics, & Molecular Biology",2020,16.0
260299,"Other Biochemistry, Biophysics, & Molecular Biology",2021,22.0
260299,"Other Biochemistry, Biophysics, & Molecular Biology",2022,28.0
260299,"Other Biochemistry, Biophysics, & Molecular Biology",2023,29.0
260299,"Other Biochemistry, Biophysics, & Molecular Biology",2024,36.0
260301,Botany & Plant Biology,2012,95.0
260301,Botany & Plant Biology,2013,86.0
260301,Botany & Plant Biology,2014,87.0
260301,Botany & Plant Biology,2015,85.0
260301,Botany & Plant Biology,2016,80.0
260301,Botany & Plant Biology,2017,81.0
260301,Botany & Plant Biology,2018,93.0
260301,Botany & Plant Biology,2019,85.0
260301,Botany & Plant Biology,2020,77.0
260301,Botany & Plant Biology,2021,73.0
260301,Botany & Plant Biology,2022,78.0
260301,Botany & Plant Biology,2023,85.0
260301,Botany & Plant Biology,2024,88.0
260305,Plant Pathology,2012,67.0
260305,Plant Pathology,2013,69.0
260305,Plant Pathology,2014,74.0
260305,Plant Pathology,2015,78.0
260305,Plant Pathology,2016,69.0
260305,Plant Pathology,2017,77.0
260305,Plant Pathology,2018,68.0
260305,Plant Pathology,2019,63.0
260305,Plant Pathology,2020,67.0
260305,Plant Pathology,2021,67.0
260305,Plant Pathology,2022,74.0
260305,Plant Pathology,2023,59.0
260305,Plant Pathology,2024,72.0
260307,Plant Physiology,2012,2.0
260307,Plant Physiology,2013,1.0
260307,Plant Physiology,2014,3.0
260307,Plant Physiology,2015,2.0
260307,Plant Physiology,2016,2.0
260307,Plant Physiology,2017,5.0
260307,Plant Physiology,2018,5.0
260307,Plant Physiology,2019,4.0
260307,Plant Physiology,2020,1.0
260307,Plant Physiology,2021,2.0
260307,Plant Physiology,2022,2.0
260307,Plant Physiology,2023,2.0
260307,Plant Physiology,2024,2.0
260308,Plant Molecular Biology,2012,1.0
260308,Plant Molecular Biology,2013,3.0
260308,Plant Molecular Biology,2014,0.0
260308,Plant Molecular Biology,2015,0.0
260308,Plant Molecular Biology,2016,1.0
260308,Plant Molecular Biology,2017,0.0
260308,Plant Molecular Biology,2018,2.0
260308,Plant Molecular Biology,2019,0.0
260308,Plant Molecular Biology,2020,0.0
260308,Plant Molecular Biology,2021,0.0
260308,Plant Molecular Biology,2022,0.0
260308,Plant Molecular Biology,2023,0.0
260308,Plant Molecular Biology,2024,1.0
260399,Other Botany & Plant Biology,2012,10.0
260399,Other Botany & Plant Biology,2013,15.0
260399,Other Botany & Plant Biology,2014,9.0
260399,Other Botany & Plant Biology,2015,11.0
260399,Other Botany & Plant Biology,2016,12.0
260399,Other Botany & Plant Biology,2017,14.0
260399,Other Botany & Plant Biology,2018,8.0
260399,Other Botany & Plant Biology,2019,12.0
260399,Other Botany & Plant Biology,2020,10.0
260399,Other Botany & Plant Biology,2021,16.0
260399,Other Botany & Plant Biology,2022,14.0
260399,Other Botany & Plant Biology,2023,25.0
260399,Other Botany & Plant Biology,2024,15.0
260401,Cellular Biology & Histology,2012,47.0
260401,Cellular Biology & Histology,2013,25.0
260401,Cellular Biology & Histology,2014,46.0
260401,Cellular Biology & Histology,2015,25.0
260401,Cellular Biology & Histology,2016,31.0
260401,Cellular Biology & Histology,2017,38.0
260401,Cellular Biology & Histology,2018,45.0
260401,Cellular Biology & Histology,2019,75.0
260401,Cellular Biology & Histology,2020,36.0
260401,Cellular Biology & Histology,2021,31.0
260401,Cellular Biology & Histology,2022,48.0
260401,Cellular Biology & Histology,2023,29.0
260401,Cellular Biology & Histology,2024,41.0
260403,Anatomy,2012,103.0
260403,Anatomy,2013,128.0
260403,Anatomy,2014,142.0
260403,Anatomy,2015,169.0
260403,Anatomy,2016,184.0
260403,Anatomy,2017,211.0
260403,Anatomy,2018,235.0
260403,Anatomy,2019,256.0
260403,Anatomy,2020,250.0
260403,Anatomy,2021,271.0
260403,Anatomy,2022,225.0
260403,Anatomy,2023,210.0
260403,Anatomy,2024,168.0
260404,Developmental Biology & Embryology,2012,28.0
260404,Developmental Biology & Embryology,2013,22.0
260404,Developmental Biology & Embryology,2014,29.0
260404,Developmental Biology & Embryology,2015,28.0
260404,Developmental Biology & Embryology,2016,3.0
260404,Developmental Biology & Embryology,2017,1.0
260404,Developmental Biology & Embryology,2018,5.0
260404,Developmental Biology & Embryology,2019,8.0
260404,Developmental Biology & Embryology,2020,5.0
260404,Developmental Biology & Embryology,2021,7.0
260404,Developmental Biology & Embryology,2022,9.0
260404,Developmental Biology & Embryology,2023,11.0
260404,Developmental Biology & Embryology,2024,8.0
260406,Cellular & Molecular Biology,2012,201.0
260406,Cellular & Molecular Biology,2013,181.0
260406,Cellular & Molecular Biology,2014,193.0
260406,Cellular & Molecular Biology,2015,203.0
260406,Cellular & Molecular Biology,2016,209.0
260406,Cellular & Molecular Biology,2017,208.0
260406,Cellular & Molecular Biology,2018,194.0
260406,Cellular & Molecular Biology,2019,213.0
260406,Cellular & Molecular Biology,2020,203.0
260406,Cellular & Molecular Biology,2021,242.0
260406,Cellular & Molecular Biology,2022,259.0
260406,Cellular & Molecular Biology,2023,271.0
260406,Cellular & Molecular Biology,2024,310.0
260407,Cell Biology & Anatomy,2012,10.0
260407,Cell Biology & Anatomy,2013,8.0
260407,Cell Biology & Anatomy,2014,10.0
260407,Cell Biology & Anatomy,2015,27.0
260407,Cell Biology & Anatomy,2016,32.0
260407,Cell Biology & Anatomy,2017,36.0
260407,Cell Biology & Anatomy,2018,34.0
260407,Cell Biology & Anatomy,2019,44.0
260407,Cell Biology & Anatomy,2020,55.0
260407,Cell Biology & Anatomy,2021,34.0
260407,Cell Biology & Anatomy,2022,55.0
260407,Cell Biology & Anatomy,2023,73.0
260407,Cell Biology & Anatomy,2024,51.0
260499,Other Cellular Biology & Anatomical Sciences,2012,121.0
260499,Other Cellular Biology & Anatomical Sciences,2013,104.0
260499,Other Cellular Biology & Anatomical Sciences,2014,105.0
260499,Other Cellular Biology & Anatomical Sciences,2015,132.0
260499,Other Cellular Biology & Anatomical Sciences,2016,136.0
260499,Other Cellular Biology & Anatomical Sciences,2017,150.0
260499,Other Cellular Biology & Anatomical Sciences,2018,144.0
260499,Other Cellular Biology & Anatomical Sciences,2019,103.0
260499,Other Cellular Biology & Anatomical Sciences,2020,103.0
260499,Other Cellular Biology & Anatomical Sciences,2021,96.0
260499,Other Cellular Biology & Anatomical Sciences,2022,95.0
260499,Other Cellular Biology & Anatomical Sciences,2023,109.0
260499,Other Cellular Biology & Anatomical Sciences,2024,82.0
260502,General Microbiology,2012,171.0
260502,General Microbiology,2013,147.0
260502,General Microbiology,2014,185.0
260502,General Microbiology,2015,202.0
260502,General Microbiology,2016,215.0
260502,General Microbiology,2017,175.0
260502,General Microbiology,2018,183.0
260502,General Microbiology,2019,200.0
260502,General Microbiology,2020,199.0
260502,General Microbiology,2021,177.0
260502,General Microbiology,2022,206.0
260502,General Microbiology,2023,233.0
260502,General Microbiology,2024,232.0
260503,Medical Microbiology & Bacteriology,2012,135.0
260503,Medical Microbiology & Bacteriology,2013,140.0
260503,Medical Microbiology & Bacteriology,2014,152.0
260503,Medical Microbiology & Bacteriology,2015,172.0
260503,Medical Microbiology & Bacteriology,2016,138.0
260503,Medical Microbiology & Bacteriology,2017,158.0
260503,Medical Microbiology & Bacteriology,2018,206.0
260503,Medical Microbiology & Bacteriology,2019,227.0
260503,Medical Microbiology & Bacteriology,2020,278.0
260503,Medical Microbiology & Bacteriology,2021,240.0
260503,Medical Microbiology & Bacteriology,2022,336.0
260503,Medical Microbiology & Bacteriology,2023,419.0
260503,Medical Microbiology & Bacteriology,2024,373.0
260504,Virology,2012,0.0
260504,Virology,2013,0.0
260504,Virology,2014,0.0
260504,Virology,2015,2.0
260504,Virology,2016,1.0
260504,Virology,2017,2.0
260504,Virology,2018,1.0
260504,Virology,2019,16.0
260504,Virology,2020,7.0
260504,Virology,2021,0.0
260504,Virology,2022,0.0
260504,Virology,2023,1.0
260504,Virology,2024,1.0
260505,Parasitology,2012,3.0
260505,Parasitology,2013,0.0
260505,Parasitology,2014,1.0
260505,Parasitology,2015,5.0
260505,Parasitology,2016,0.0
260505,Parasitology,2017,0.0
260505,Parasitology,2018,0.0
260505,Parasitology,2019,5.0
260505,Parasitology,2020,5.0
260505,Parasitology,2021,5.0
260505,Parasitology,2022,2.0
260505,Parasitology,2023,11.0
260505,Parasitology,2024,4.0
260507,Immunology,2012,23.0
260507,Immunology,2013,27.0
260507,Immunology,2014,39.0
260507,Immunology,2015,53.0
260507,Immunology,2016,81.0
260507,Immunology,2017,56.0
260507,Immunology,2018,90.0
260507,Immunology,2019,55.0
260507,Immunology,2020,37.0
260507,Immunology,2021,60.0
260507,Immunology,2022,43.0
260507,Immunology,2023,49.0
260507,Immunology,2024,26.0
260508,Microbiology & Immunology,2012,31.0
260508,Microbiology & Immunology,2013,46.0
260508,Microbiology & Immunology,2014,33.0
260508,Microbiology & Immunology,2015,41.0
260508,Microbiology & Immunology,2016,58.0
260508,Microbiology & Immunology,2017,68.0
260508,Microbiology & Immunology,2018,74.0
260508,Microbiology & Immunology,2019,81.0
260508,Microbiology & Immunology,2020,99.0
260508,Microbiology & Immunology,2021,108.0
260508,Microbiology & Immunology,2022,104.0
260508,Microbiology & Immunology,2023,120.0
260508,Microbiology & Immunology,2024,129.0
260509,Infectious Disease And Global Health,2021,11.0
260509,Infectious Disease And Global Health,2022,58.0
260509,Infectious Disease And Global Health,2023,132.0
260509,Infectious Disease And Global Health,2024,146.0
260599,Other Microbiological Science & Immunology,2012,26.0
260599,Other Microbiological Science & Immunology,2013,39.0
260599,Other Microbiological Science & Immunology,2014,55.0
260599,Other Microbiological Science & Immunology,2015,35.0
260599,Other Microbiological Science & Immunology,2016,34.0
260599,Other Microbiological Science & Immunology,2017,32.0
260599,Other Microbiological Science & Immunology,2018,37.0
260599,Other Microbiological Science & Immunology,2019,33.0
260599,Other Microbiological Science & Immunology,2020,24.0
260599,Other Microbiological Science & Immunology,2021,30.0
260599,Other Microbiological Science & Immunology,2022,22.0
260599,Other Microbiological Science & Immunology,2023,33.0
260599,Other Microbiological Science & Immunology,2024,33.0
260701,Zoology,2012,133.0
260701,Zoology,2013,171.0
260701,Zoology,2014,179.0
260701,Zoology,2015,167.0
260701,Zoology,2016,215.0
260701,Zoology,2017,119.0
260701,Zoology,2018,87.0
260701,Zoology,2019,100.0
260701,Zoology,2020,84.0
260701,Zoology,2021,81.0
260701,Zoology,2022,82.0
260701,Zoology,2023,88.0
260701,Zoology,2024,75.0
260702,Entomology,2012,120.0
260702,Entomology,2013,145.0
260702,Entomology,2014,170.0
260702,Entomology,2015,146.0
260702,Entomology,2016,160.0
260702,Entomology,2017,150.0
260702,Entomology,2018,137.0
260702,Entomology,2019,122.0
260702,Entomology,2020,153.0
260702,Entomology,2021,142.0
260702,Entomology,2022,149.0
260702,Entomology,2023,168.0
260702,Entomology,2024,147.0
260707,Animal Physiology,2012,74.0
260707,Animal Physiology,2013,67.0
260707,Animal Physiology,2014,59.0
260707,Animal Physiology,2015,63.0
260707,Animal Physiology,2016,81.0
260707,Animal Physiology,2017,86.0
260707,Animal Physiology,2018,30.0
260707,Animal Physiology,2019,7.0
260707,Animal Physiology,2020,9.0
260707,Animal Physiology,2021,8.0
260707,Animal Physiology,2022,20.0
260707,Animal Physiology,2023,16.0
260707,Animal Physiology,2024,14.0
260708,Animal Behavior & Ethology,2012,5.0
260708,Animal Behavior & Ethology,2013,5.0
260708,Animal Behavior & Ethology,2014,6.0
260708,Animal Behavior & Ethology,2015,25.0
260708,Animal Behavior & Ethology,2016,18.0
260708,Animal Behavior & Ethology,2017,24.0
260708,Animal Behavior & Ethology,2018,29.0
260708,Animal Behavior & Ethology,2019,45.0
260708,Animal Behavior & Ethology,2020,35.0
260708,Animal Behavior & Ethology,2021,31.0
260708,Animal Behavior & Ethology,2022,31.0
260708,Animal Behavior & Ethology,2023,23.0
260708,Animal Behavior & Ethology,2024,18.0
260709,Wildlife Biology,2012,10.0
260709,Wildlife Biology,2013,10.0
260709,Wildlife Biology,2014,16.0
260709,Wildlife Biology,2015,13.0
260709,Wildlife Biology,2016,11.0
260709,Wildlife Biology,2017,8.0
260709,Wildlife Biology,2018,9.0
260709,Wildlife Biology,2019,14.0
260709,Wildlife Biology,2020,20.0
260709,Wildlife Biology,2021,19.0
260709,Wildlife Biology,2022,23.0
260709,Wildlife Biology,2023,25.0
260709,Wildlife Biology,2024,28.0
260799,Other Zoology,2012,4.0
260799,Other Zoology,2013,18.0
260799,Other Zoology,2014,34.0
260799,Other Zoology,2015,9.0
260799,Other Zoology,2016,16.0
260799,Other Zoology,2017,11.0
260799,Other Zoology,2018,14.0
260799,Other Zoology,2019,13.0
260799,Other Zoology,2020,7.0
260799,Other Zoology,2021,17.0
260799,Other Zoology,2022,9.0
260799,Other Zoology,2023,9.0
260799,Other Zoology,2024,22.0
260801,General Genetics,2012,68.0
260801,General Genetics,2013,55.0
260801,General Genetics,2014,57.0
260801,General Genetics,2015,61.0
260801,General Genetics,2016,41.0
260801,General Genetics,2017,89.0
260801,General Genetics,2018,58.0
260801,General Genetics,2019,51.0
260801,General Genetics,2020,56.0
260801,General Genetics,2021,67.0
260801,General Genetics,2022,80.0
260801,General Genetics,2023,69.0
260801,General Genetics,2024,79.0
260802,Molecular Genetics,2012,18.0
260802,Molecular Genetics,2013,17.0
260802,Molecular Genetics,2014,20.0
260802,Molecular Genetics,2015,22.0
260802,Molecular Genetics,2016,14.0
260802,Molecular Genetics,2017,18.0
260802,Molecular Genetics,2018,16.0
260802,Molecular Genetics,2019,21.0
260802,Molecular Genetics,2020,25.0
260802,Molecular Genetics,2021,28.0
260802,Molecular Genetics,2022,28.0
260802,Molecular Genetics,2023,24.0
260802,Molecular Genetics,2024,22.0
260804,Animal Genetics,2012,21.0
260804,Animal Genetics,2013,30.0
260804,Animal Genetics,2014,25.0
260804,Animal Genetics,2015,14.0
260804,Animal Genetics,2016,13.0
260804,Animal Genetics,2017,2.0
260804,Animal Genetics,2018,0.0
260804,Animal Genetics,2019,1.0
260804,Animal Genetics,2020,0.0
260804,Animal Genetics,2021,2.0
260804,Animal Genetics,2022,5.0
260804,Animal Genetics,2023,5.0
260804,Animal Genetics,2024,10.0
260805,Plant Genetics,2012,7.0
260805,Plant Genetics,2013,5.0
260805,Plant Genetics,2014,7.0
260805,Plant Genetics,2015,6.0
260805,Plant Genetics,2016,5.0
260805,Plant Genetics,2017,5.0
260805,Plant Genetics,2018,4.0
260805,Plant Genetics,2019,6.0
260805,Plant Genetics,2020,3.0
260805,Plant Genetics,2021,7.0
260805,Plant Genetics,2022,11.0
260805,Plant Genetics,2023,4.0
260805,Plant Genetics,2024,9.0
260806,Human & Medical Genetics,2012,97.0
260806,Human & Medical Genetics,2013,87.0
260806,Human & Medical Genetics,2014,115.0
260806,Human & Medical Genetics,2015,124.0
260806,Human & Medical Genetics,2016,133.0
260806,Human & Medical Genetics,2017,157.0
260806,Human & Medical Genetics,2018,184.0
260806,Human & Medical Genetics,2019,181.0
260806,Human & Medical Genetics,2020,190.0
260806,Human & Medical Genetics,2021,185.0
260806,Human & Medical Genetics,2022,215.0
260806,Human & Medical Genetics,2023,215.0
260806,Human & Medical Genetics,2024,267.0
260807,Genome Sciences,2012,3.0
260807,Genome Sciences,2013,1.0
260807,Genome Sciences,2014,1.0
260807,Genome Sciences,2015,3.0
260807,Genome Sciences,2016,5.0
260807,Genome Sciences,2017,10.0
260807,Genome Sciences,2018,11.0
260807,Genome Sciences,2019,20.0
260807,Genome Sciences,2020,44.0
260807,Genome Sciences,2021,60.0
260807,Genome Sciences,2022,101.0
260807,Genome Sciences,2023,143.0
260807,Genome Sciences,2024,109.0
260899,Other Genetics,2012,3.0
260899,Other Genetics,2013,2.0
260899,Other Genetics,2014,3.0
260899,Other Genetics,2015,3.0
260899,Other Genetics,2016,3.0
260899,Other Genetics,2017,4.0
260899,Other Genetics,2018,2.0
260899,Other Genetics,2019,0.0
260899,Other Genetics,2020,0.0
260899,Other Genetics,2021,7.0
260899,Other Genetics,2022,11.0
260899,Other Genetics,2023,14.0
260899,Other Genetics,2024,0.0
260901,General Physiology,2012,427.0
260901,General Physiology,2013,466.0
260901,General Physiology,2014,554.0
260901,General Physiology,2015,587.0
260901,General Physiology,2016,654.0
260901,General Physiology,2017,731.0
260901,General Physiology,2018,812.0
260901,General Physiology,2019,856.0
260901,General Physiology,2020,793.0
260901,General Physiology,2021,842.0
260901,General Physiology,2022,802.0
260901,General Physiology,2023,786.0
260901,General Physiology,2024,572.0
260902,Molecular Physiology,2012,10.0
260902,Molecular Physiology,2013,14.0
260902,Molecular Physiology,2014,5.0
260902,Molecular Physiology,2015,2.0
260902,Molecular Physiology,2016,6.0
260902,Molecular Physiology,2017,2.0
260902,Molecular Physiology,2018,0.0
260902,Molecular Physiology,2019,0.0
260902,Molecular Physiology,2020,2.0
260902,Molecular Physiology,2021,4.0
260902,Molecular Physiology,2022,1.0
260902,Molecular Physiology,2023,1.0
260902,Molecular Physiology,2024,3.0
260903,Cell Physiology,2012,4.0
260903,Cell Physiology,2013,5.0
260903,Cell Physiology,2014,23.0
260903,Cell Physiology,2015,16.0
260903,Cell Physiology,2016,34.0
260903,Cell Physiology,2017,39.0
260903,Cell Physiology,2018,25.0
260903,Cell Physiology,2019,48.0
260903,Cell Physiology,2020,51.0
260903,Cell Physiology,2021,31.0
260903,Cell Physiology,2022,17.0
260903,Cell Physiology,2023,8.0
260903,Cell Physiology,2024,18.0
260904,Endocrinology,2012,3.0
260904,Endocrinology,2013,4.0
260904,Endocrinology,2014,2.0
260904,Endocrinology,2015,1.0
260904,Endocrinology,2016,2.0
260904,Endocrinology,2017,2.0
260904,Endocrinology,2018,2.0
260904,Endocrinology,2019,2.0
260904,Endocrinology,2020,1.0
260904,Endocrinology,2021,4.0
260904,Endocrinology,2022,0.0
260904,Endocrinology,2023,2.0
260904,Endocrinology,2024,1.0
260905,Reproductive Biology,2012,5.0
260905,Reproductive Biology,2013,3.0
260905,Reproductive Biology,2014,9.0
260905,Reproductive Biology,2015,10.0
260905,Reproductive Biology,2016,3.0
260905,Reproductive Biology,2017,3.0
260905,Reproductive Biology,2018,25.0
260905,Reproductive Biology,2019,18.0
260905,Reproductive Biology,2020,31.0
260905,Reproductive Biology,2021,29.0
260905,Reproductive Biology,2022,16.0
260905,Reproductive Biology,2023,30.0
260905,Reproductive Biology,2024,20.0
260907,Cardiovascular Science,2012,17.0
260907,Cardiovascular Science,2013,3.0
260907,Cardiovascular Science,2014,7.0
260907,Cardiovascular Science,2015,8.0
260907,Cardiovascular Science,2016,12.0
260907,Cardiovascular Science,2017,7.0
260907,Cardiovascular Science,2018,7.0
260907,Cardiovascular Science,2019,0.0
260907,Cardiovascular Science,2020,0.0
260907,Cardiovascular Science,2021,16.0
260907,Cardiovascular Science,2022,2.0
260907,Cardiovascular Science,2023,6.0
260907,Cardiovascular Science,2024,48.0
260908,Exercise Physiology,2012,207.0
260908,Exercise Physiology,2013,209.0
260908,Exercise Physiology,2014,245.0
260908,Exercise Physiology,2015,320.0
260908,Exercise Physiology,2016,312.0
260908,Exercise Physiology,2017,413.0
260908,Exercise Physiology,2018,531.0
260908,Exercise Physiology,2019,517.0
260908,Exercise Physiology,2020,751.0
260908,Exercise Physiology,2021,818.0
260908,Exercise Physiology,2022,836.0
260908,Exercise Physiology,2023,984.0
260908,Exercise Physiology,2024,1164.0
260909,Vision Science & Physiological Optics,2012,18.0
260909,Vision Science & Physiological Optics,2013,25.0
260909,Vision Science & Physiological Optics,2014,26.0
260909,Vision Science & Physiological Optics,2015,31.0
260909,Vision Science & Physiological Optics,2016,30.0
260909,Vision Science & Physiological Optics,2017,46.0
260909,Vision Science & Physiological Optics,2018,40.0
260909,Vision Science & Physiological Optics,2019,34.0
260909,Vision Science & Physiological Optics,2020,48.0
260909,Vision Science & Physiological Optics,2021,32.0
260909,Vision Science & Physiological Optics,2022,48.0
260909,Vision Science & Physiological Optics,2023,39.0
260909,Vision Science & Physiological Optics,2024,44.0
260910,Pathology & Experimental Pathology,2012,89.0
260910,Pathology & Experimental Pathology,2013,95.0
260910,Pathology & Experimental Pathology,2014,99.0
260910,Pathology & Experimental Pathology,2015,106.0
260910,Pathology & Experimental Pathology,2016,93.0
260910,Pathology & Experimental Pathology,2017,93.0
260910,Pathology & Experimental Pathology,2018,105.0
260910,Pathology & Experimental Pathology,2019,119.0
260910,Pathology & Experimental Pathology,2020,82.0
260910,Pathology & Experimental Pathology,2021,107.0
260910,Pathology & Experimental Pathology,2022,102.0
260910,Pathology & Experimental Pathology,2023,100.0
260910,Pathology & Experimental Pathology,2024,118.0
260911,Oncology & Cancer Biology,2012,32.0
260911,Oncology & Cancer Biology,2013,36.0
260911,Oncology & Cancer Biology,2014,35.0
260911,Oncology & Cancer Biology,2015,30.0
260911,Oncology & Cancer Biology,2016,21.0
260911,Oncology & Cancer Biology,2017,30.0
260911,Oncology & Cancer Biology,2018,25.0
260911,Oncology & Cancer Biology,2019,30.0
260911,Oncology & Cancer Biology,2020,38.0
260911,Oncology & Cancer Biology,2021,37.0
260911,Oncology & Cancer Biology,2022,40.0
260911,Oncology & Cancer Biology,2023,39.0
260911,Oncology & Cancer Biology,2024,47.0
260912,Aerospace Physiology and Medicine,2024,2.0
260913,Biomechanics,2020,3.0
260913,Biomechanics,2021,0.0
260913,Biomechanics,2022,10.0
260913,Biomechanics,2023,13.0
260913,Biomechanics,2024,19.0
260999,"Other Physiology, Pathology, & Related Science",2012,13.0
260999,"Other Physiology, Pathology, & Related Science",2013,10.0
260999,"Other Physiology, Pathology, & Related Science",2014,5.0
260999,"Other Physiology, Pathology, & Related Science",2015,0.0
260999,"Other Physiology, Pathology, & Related Science",2016,3.0
260999,"Other Physiology, Pathology, & Related Science",2017,15.0
260999,"Other Physiology, Pathology, & Related Science",2018,20.0
260999,"Other Physiology, Pathology, & Related Science",2019,18.0
260999,"Other Physiology, Pathology, & Related Science",2020,28.0
260999,"Other Physiology, Pathology, & Related Science",2021,12.0
260999,"Other Physiology, Pathology, & Related Science",2022,15.0
260999,"Other Physiology, Pathology, & Related Science",2023,67.0
260999,"Other Physiology, Pathology, & Related Science",2024,27.0
261001,Pharmacology,2012,117.0
261001,Pharmacology,2013,104.0
261001,Pharmacology,2014,166.0
261001,Pharmacology,2015,171.0
261001,Pharmacology,2016,185.0
261001,Pharmacology,2017,181.0
261001,Pharmacology,2018,226.0
261001,Pharmacology,2019,218.0
261001,Pharmacology,2020,265.0
261001,Pharmacology,2021,252.0
261001,Pharmacology,2022,258.0
261001,Pharmacology,2023,246.0
261001,Pharmacology,2024,211.0
261002,Molecular Pharmacology,2012,8.0
261002,Molecular Pharmacology,2013,10.0
261002,Molecular Pharmacology,2014,5.0
261002,Molecular Pharmacology,2015,9.0
261002,Molecular Pharmacology,2016,11.0
261002,Molecular Pharmacology,2017,7.0
261002,Molecular Pharmacology,2018,5.0
261002,Molecular Pharmacology,2019,15.0
261002,Molecular Pharmacology,2020,16.0
261002,Molecular Pharmacology,2021,11.0
261002,Molecular Pharmacology,2022,17.0
261002,Molecular Pharmacology,2023,11.0
261002,Molecular Pharmacology,2024,29.0
261003,Neuropharmacology,2012,13.0
261003,Neuropharmacology,2013,10.0
261003,Neuropharmacology,2014,14.0
261003,Neuropharmacology,2015,11.0
261003,Neuropharmacology,2016,22.0
261003,Neuropharmacology,2017,34.0
261003,Neuropharmacology,2018,32.0
261003,Neuropharmacology,2019,36.0
261003,Neuropharmacology,2020,24.0
261003,Neuropharmacology,2021,22.0
261003,Neuropharmacology,2022,27.0
261003,Neuropharmacology,2023,30.0
261003,Neuropharmacology,2024,35.0
261004,Toxicology,2012,44.0
261004,Toxicology,2013,52.0
261004,Toxicology,2014,44.0
261004,Toxicology,2015,48.0
261004,Toxicology,2016,39.0
261004,Toxicology,2017,51.0
261004,Toxicology,2018,55.0
261004,Toxicology,2019,47.0
261004,Toxicology,2020,42.0
261004,Toxicology,2021,49.0
261004,Toxicology,2022,54.0
261004,Toxicology,2023,56.0
261004,Toxicology,2024,48.0
261005,Molecular Toxicology,2012,0.0
261005,Molecular Toxicology,2013,0.0
261006,Environmental Toxicology,2012,34.0
261006,Environmental Toxicology,2013,43.0
261006,Environmental Toxicology,2014,33.0
261006,Environmental Toxicology,2015,53.0
261006,Environmental Toxicology,2016,60.0
261006,Environmental Toxicology,2017,79.0
261006,Environmental Toxicology,2018,46.0
261006,Environmental Toxicology,2019,50.0
261006,Environmental Toxicology,2020,47.0
261006,Environmental Toxicology,2021,13.0
261006,Environmental Toxicology,2022,16.0
261006,Environmental Toxicology,2023,15.0
261006,Environmental Toxicology,2024,15.0
261007,Pharmacology & Toxicology,2012,54.0
261007,Pharmacology & Toxicology,2013,62.0
261007,Pharmacology & Toxicology,2014,72.0
261007,Pharmacology & Toxicology,2015,92.0
261007,Pharmacology & Toxicology,2016,124.0
261007,Pharmacology & Toxicology,2017,100.0
261007,Pharmacology & Toxicology,2018,102.0
261007,Pharmacology & Toxicology,2019,115.0
261007,Pharmacology & Toxicology,2020,115.0
261007,Pharmacology & Toxicology,2021,112.0
261007,Pharmacology & Toxicology,2022,102.0
261007,Pharmacology & Toxicology,2023,144.0
261007,Pharmacology & Toxicology,2024,160.0
261099,Other Pharmacology & Toxicology,2012,0.0
261099,Other Pharmacology & Toxicology,2013,0.0
261099,Other Pharmacology & Toxicology,2014,0.0
261099,Other Pharmacology & Toxicology,2015,0.0
261099,Other Pharmacology & Toxicology,2016,0.0
261099,Other Pharmacology & Toxicology,2017,13.0
261099,Other Pharmacology & Toxicology,2018,0.0
261099,Other Pharmacology & Toxicology,2019,2.0
261099,Other Pharmacology & Toxicology,2020,0.0
261099,Other Pharmacology & Toxicology,2021,0.0
261099,Other Pharmacology & Toxicology,2022,2.0
261099,Other Pharmacology & Toxicology,2023,0.0
261099,Other Pharmacology & Toxicology,2024,5.0
261101,Biometrics,2012,19.0
261101,Biometrics,2013,18.0
261101,Biometrics,2014,29.0
261101,Biometrics,2015,32.0
261101,Biometrics,2016,29.0
261101,Biometrics,2017,39.0
261101,Biometrics,2018,34.0
261101,Biometrics,2019,34.0
261101,Biometrics,2020,42.0
261101,Biometrics,2021,47.0
261101,Biometrics,2022,46.0
261101,Biometrics,2023,57.0
261101,Biometrics,2024,83.0
261102,Biostatistics,2012,393.0
261102,Biostatistics,2013,464.0
261102,Biostatistics,2014,489.0
261102,Biostatistics,2015,646.0
261102,Biostatistics,2016,667.0
261102,Biostatistics,2017,693.0
261102,Biostatistics,2018,729.0
261102,Biostatistics,2019,779.0
261102,Biostatistics,2020,888.0
261102,Biostatistics,2021,929.0
261102,Biostatistics,2022,921.0
261102,Biostatistics,2023,1130.0
261102,Biostatistics,2024,1091.0
261103,Bioinformatics,2012,291.0
261103,Bioinformatics,2013,287.0
261103,Bioinformatics,2014,262.0
261103,Bioinformatics,2015,270.0
261103,Bioinformatics,2016,315.0
261103,Bioinformatics,2017,336.0
261103,Bioinformatics,2018,420.0
261103,Bioinformatics,2019,475.0
261103,Bioinformatics,2020,575.0
261103,Bioinformatics,2021,612.0
261103,Bioinformatics,2022,605.0
261103,Bioinformatics,2023,690.0
261103,Bioinformatics,2024,749.0
261104,Computational Biology,2012,9.0
261104,Computational Biology,2013,8.0
261104,Computational Biology,2014,8.0
261104,Computational Biology,2015,8.0
261104,Computational Biology,2016,22.0
261104,Computational Biology,2017,27.0
261104,Computational Biology,2018,30.0
261104,Computational Biology,2019,43.0
261104,Computational Biology,2020,41.0
261104,Computational Biology,2021,47.0
261104,Computational Biology,2022,64.0
261104,Computational Biology,2023,74.0
261104,Computational Biology,2024,82.0
261199,"Other Biomathematics, Bioinformatics, & Computational Biology",2012,18.0
261199,"Other Biomathematics, Bioinformatics, & Computational Biology",2013,22.0
261199,"Other Biomathematics, Bioinformatics, & Computational Biology",2014,37.0
261199,"Other Biomathematics, Bioinformatics, & Computational Biology",2015,48.0
261199,"Other Biomathematics, Bioinformatics, & Computational Biology",2016,76.0
261199,"Other Biomathematics, Bioinformatics, & Computational Biology",2017,78.0
261199,"Other Biomathematics, Bioinformatics, & Computational Biology",2018,65.0
261199,"Other Biomathematics, Bioinformatics, & Computational Biology",2019,62.0
261199,"Other Biomathematics, Bioinformatics, & Computational Biology",2020,50.0
261199,"Other Biomathematics, Bioinformatics, & Computational Biology",2021,51.0
261199,"Other Biomathematics, Bioinformatics, & Computational Biology",2022,42.0
261199,"Other Biomathematics, Bioinformatics, & Computational Biology",2023,44.0
261199,"Other Biomathematics, Bioinformatics, & Computational Biology",2024,47.0
261201,Biotechnology,2012,1131.0
261201,Biotechnology,2013,1183.0
261201,Biotechnology,2014,1235.0
261201,Biotechnology,2015,1232.0
261201,Biotechnology,2016,1339.0
261201,Biotechnology,2017,1363.0
261201,Biotechnology,2018,1364.0
261201,Biotechnology,2019,1469.0
261201,Biotechnology,2020,1469.0
261201,Biotechnology,2021,1461.0
261201,Biotechnology,2022,1668.0
261201,Biotechnology,2023,1832.0
261201,Biotechnology,2024,2055.0
261301,Ecology,2012,189.0
261301,Ecology,2013,182.0
261301,Ecology,2014,125.0
261301,Ecology,2015,155.0
261301,Ecology,2016,172.0
261301,Ecology,2017,145.0
261301,Ecology,2018,159.0
261301,Ecology,2019,150.0
261301,Ecology,2020,114.0
261301,Ecology,2021,136.0
261301,Ecology,2022,154.0
261301,Ecology,2023,152.0
261301,Ecology,2024,186.0
261302,Marine Biology & Biological Oceonography,2012,182.0
261302,Marine Biology & Biological Oceonography,2013,196.0
261302,Marine Biology & Biological Oceonography,2014,258.0
261302,Marine Biology & Biological Oceonography,2015,228.0
261302,Marine Biology & Biological Oceonography,2016,269.0
261302,Marine Biology & Biological Oceonography,2017,221.0
261302,Marine Biology & Biological Oceonography,2018,247.0
261302,Marine Biology & Biological Oceonography,2019,244.0
261302,Marine Biology & Biological Oceonography,2020,245.0
261302,Marine Biology & Biological Oceonography,2021,204.0
261302,Marine Biology & Biological Oceonography,2022,258.0
261302,Marine Biology & Biological Oceonography,2023,383.0
261302,Marine Biology & Biological Oceonography,2024,349.0
261303,Evolutionary Biology,2012,10.0
261303,Evolutionary Biology,2013,20.0
261303,Evolutionary Biology,2014,15.0
261303,Evolutionary Biology,2015,12.0
261303,Evolutionary Biology,2016,13.0
261303,Evolutionary Biology,2017,19.0
261303,Evolutionary Biology,2018,22.0
261303,Evolutionary Biology,2019,24.0
261303,Evolutionary Biology,2020,24.0
261303,Evolutionary Biology,2021,19.0
261303,Evolutionary Biology,2022,33.0
261303,Evolutionary Biology,2023,28.0
261303,Evolutionary Biology,2024,29.0
261304,Aquatic Biology,2012,5.0
261304,Aquatic Biology,2013,15.0
261304,Aquatic Biology,2014,13.0
261304,Aquatic Biology,2015,11.0
261304,Aquatic Biology,2016,14.0
261304,Aquatic Biology,2017,13.0
261304,Aquatic Biology,2018,9.0
261304,Aquatic Biology,2019,10.0
261304,Aquatic Biology,2020,2.0
261304,Aquatic Biology,2021,6.0
261304,Aquatic Biology,2022,9.0
261304,Aquatic Biology,2023,10.0
261304,Aquatic Biology,2024,9.0
261305,Environmental Biology,2012,55.0
261305,Environmental Biology,2013,44.0
261305,Environmental Biology,2014,51.0
261305,Environmental Biology,2015,37.0
261305,Environmental Biology,2016,75.0
261305,Environmental Biology,2017,30.0
261305,Environmental Biology,2018,48.0
261305,Environmental Biology,2019,48.0
261305,Environmental Biology,2020,56.0
261305,Environmental Biology,2021,35.0
261305,Environmental Biology,2022,43.0
261305,Environmental Biology,2023,50.0
261305,Environmental Biology,2024,47.0
261306,Population Biology,2012,12.0
261306,Population Biology,2013,4.0
261306,Population Biology,2014,3.0
261306,Population Biology,2015,3.0
261306,Population Biology,2016,3.0
261306,Population Biology,2017,5.0
261306,Population Biology,2018,8.0
261306,Population Biology,2019,4.0
261306,Population Biology,2020,4.0
261306,Population Biology,2021,3.0
261306,Population Biology,2022,2.0
261306,Population Biology,2023,11.0
261306,Population Biology,2024,4.0
261307,Conservation Biology,2012,61.0
261307,Conservation Biology,2013,90.0
261307,Conservation Biology,2014,118.0
261307,Conservation Biology,2015,96.0
261307,Conservation Biology,2016,78.0
261307,Conservation Biology,2017,104.0
261307,Conservation Biology,2018,91.0
261307,Conservation Biology,2019,94.0
261307,Conservation Biology,2020,89.0
261307,Conservation Biology,2021,91.0
261307,Conservation Biology,2022,118.0
261307,Conservation Biology,2023,132.0
261307,Conservation Biology,2024,238.0
261308,Systematic Biology & Biological Systematics,2013,1.0
261308,Systematic Biology & Biological Systematics,2014,1.0
261308,Systematic Biology & Biological Systematics,2015,1.0
261308,Systematic Biology & Biological Systematics,2016,1.0
261308,Systematic Biology & Biological Systematics,2017,1.0
261308,Systematic Biology & Biological Systematics,2018,4.0
261308,Systematic Biology & Biological Systematics,2019,5.0
261308,Systematic Biology & Biological Systematics,2020,0.0
261308,Systematic Biology & Biological Systematics,2021,3.0
261308,Systematic Biology & Biological Systematics,2022,8.0
261308,Systematic Biology & Biological Systematics,2023,7.0
261308,Systematic Biology & Biological Systematics,2024,5.0
261309,Epidemiology,2012,888.0
261309,Epidemiology,2013,1059.0
261309,Epidemiology,2014,1136.0
261309,Epidemiology,2015,1258.0
261309,Epidemiology,2016,1400.0
261309,Epidemiology,2017,1324.0
261309,Epidemiology,2018,1425.0
261309,Epidemiology,2019,1483.0
261309,Epidemiology,2020,1611.0
261309,Epidemiology,2021,1572.0
261309,Epidemiology,2022,1778.0
261309,Epidemiology,2023,2361.0
261309,Epidemiology,2024,2195.0
261310,Ecology & Evolutionary Biology,2012,34.0
261310,Ecology & Evolutionary Biology,2013,38.0
261310,Ecology & Evolutionary Biology,2014,40.0
261310,Ecology & Evolutionary Biology,2015,54.0
261310,Ecology & Evolutionary Biology,2016,51.0
261310,Ecology & Evolutionary Biology,2017,63.0
261310,Ecology & Evolutionary Biology,2018,57.0
261310,Ecology & Evolutionary Biology,2019,62.0
261310,Ecology & Evolutionary Biology,2020,52.0
261310,Ecology & Evolutionary Biology,2021,50.0
261310,Ecology & Evolutionary Biology,2022,65.0
261310,Ecology & Evolutionary Biology,2023,61.0
261310,Ecology & Evolutionary Biology,2024,71.0
261311,Epidemiology And Biostatistics,2020,0.0
261311,Epidemiology And Biostatistics,2021,0.0
261311,Epidemiology And Biostatistics,2022,16.0
261311,Epidemiology And Biostatistics,2023,22.0
261311,Epidemiology And Biostatistics,2024,91.0
261399,"Other Ecology, Evolution, Systematics, & Population Biology",2012,21.0
261399,"Other Ecology, Evolution, Systematics, & Population Biology",2013,25.0
261399,"Other Ecology, Evolution, Systematics, & Population Biology",2014,22.0
261399,"Other Ecology, Evolution, Systematics, & Population Biology",2015,23.0
261399,"Other Ecology, Evolution, Systematics, & Population Biology",2016,17.0
261399,"Other Ecology, Evolution, Systematics, & Population Biology",2017,23.0
261399,"Other Ecology, Evolution, Systematics, & Population Biology",2018,26.0
261399,"Other Ecology, Evolution, Systematics, & Population Biology",2019,14.0
261399,"Other Ecology, Evolution, Systematics, & Population Biology",2020,22.0
261399,"Other Ecology, Evolution, Systematics, & Population Biology",2021,15.0
261399,"Other Ecology, Evolution, Systematics, & Population Biology",2022,31.0
261399,"Other Ecology, Evolution, Systematics, & Population Biology",2023,30.0
261399,"Other Ecology, Evolution, Systematics, & Population Biology",2024,13.0
261401,Molecular Medicine,2012,8.0
261401,Molecular Medicine,2013,13.0
261401,Molecular Medicine,2014,16.0
261401,Molecular Medicine,2015,18.0
261401,Molecular Medicine,2016,40.0
261401,Molecular Medicine,2017,22.0
261401,Molecular Medicine,2018,16.0
261401,Molecular Medicine,2019,27.0
261401,Molecular Medicine,2020,23.0
261401,Molecular Medicine,2021,30.0
261401,Molecular Medicine,2022,40.0
261401,Molecular Medicine,2023,74.0
261401,Molecular Medicine,2024,97.0
261501,Neuroscience,2012,144.0
261501,Neuroscience,2013,173.0
261501,Neuroscience,2014,150.0
261501,Neuroscience,2015,161.0
261501,Neuroscience,2016,166.0
261501,Neuroscience,2017,170.0
261501,Neuroscience,2018,243.0
261501,Neuroscience,2019,289.0
261501,Neuroscience,2020,306.0
261501,Neuroscience,2021,408.0
261501,Neuroscience,2022,442.0
261501,Neuroscience,2023,471.0
261501,Neuroscience,2024,432.0
261502,Neuroanatomy,2012,0.0
261502,Neuroanatomy,2013,0.0
261502,Neuroanatomy,2014,0.0
261502,Neuroanatomy,2015,0.0
261502,Neuroanatomy,2016,0.0
261502,Neuroanatomy,2017,0.0
261503,Neurobiology & Anatomy,2012,19.0
261503,Neurobiology & Anatomy,2013,16.0
261503,Neurobiology & Anatomy,2014,11.0
261503,Neurobiology & Anatomy,2015,18.0
261503,Neurobiology & Anatomy,2016,14.0
261503,Neurobiology & Anatomy,2017,18.0
261503,Neurobiology & Anatomy,2018,11.0
261503,Neurobiology & Anatomy,2019,11.0
261503,Neurobiology & Anatomy,2020,26.0
261503,Neurobiology & Anatomy,2021,29.0
261503,Neurobiology & Anatomy,2022,36.0
261503,Neurobiology & Anatomy,2023,28.0
261503,Neurobiology & Anatomy,2024,27.0
261504,Neurobiology & Behavior,2012,32.0
261504,Neurobiology & Behavior,2013,27.0
261504,Neurobiology & Behavior,2014,26.0
261504,Neurobiology & Behavior,2015,37.0
261504,Neurobiology & Behavior,2016,33.0
261504,Neurobiology & Behavior,2017,36.0
261504,Neurobiology & Behavior,2018,33.0
261504,Neurobiology & Behavior,2019,8.0
261504,Neurobiology & Behavior,2020,12.0
261504,Neurobiology & Behavior,2021,12.0
261504,Neurobiology & Behavior,2022,12.0
261504,Neurobiology & Behavior,2023,13.0
261504,Neurobiology & Behavior,2024,11.0
261599,Other Neurobiology & Neurosciences,2012,0.0
261599,Other Neurobiology & Neurosciences,2013,0.0
261599,Other Neurobiology & Neurosciences,2014,0.0
261599,Other Neurobiology & Neurosciences,2015,0.0
261599,Other Neurobiology & Neurosciences,2016,1.0
261599,Other Neurobiology & Neurosciences,2017,1.0
261599,Other Neurobiology & Neurosciences,2018,0.0
261599,Other Neurobiology & Neurosciences,2019,2.0
261599,Other Neurobiology & Neurosciences,2020,0.0
261599,Other Neurobiology & Neurosciences,2021,0.0
261599,Other Neurobiology & Neurosciences,2022,2.0
261599,Other Neurobiology & Neurosciences,2023,1.0
261599,Other Neurobiology & Neurosciences,2024,2.0
269999,Other Biological & Biomedical Sciences,2012,917.0
269999,Other Biological & Biomedical Sciences,2013,1097.0
269999,Other Biological & Biomedical Sciences,2014,1181.0
269999,Other Biological & Biomedical Sciences,2015,1206.0
269999,Other Biological & Biomedical Sciences,2016,1392.0
269999,Other Biological & Biomedical Sciences,2017,1466.0
269999,Other Biological & Biomedical Sciences,2018,1298.0
269999,Other Biological & Biomedical Sciences,2019,1462.0
269999,Other Biological & Biomedical Sciences,2020,1439.0
269999,Other Biological & Biomedical Sciences,2021,1552.0
269999,Other Biological & Biomedical Sciences,2022,1524.0
269999,Other Biological & Biomedical Sciences,2023,1778.0
269999,Other Biological & Biomedical Sciences,2024,1810.0
270101,General Mathematics,2012,2893.0
270101,General Mathematics,2013,2875.0
270101,General Mathematics,2014,2919.0
270101,General Mathematics,2015,2946.0
270101,General Mathematics,2016,2889.0
270101,General Mathematics,2017,2689.0
270101,General Mathematics,2018,2717.0
270101,General Mathematics,2019,2670.0
270101,General Mathematics,2020,2550.0
270101,General Mathematics,2021,2504.0
270101,General Mathematics,2022,2413.0
270101,General Mathematics,2023,2526.0
270101,General Mathematics,2024,2233.0
270103,Analysis & Functional Analysis,2023,6.0
270103,Analysis & Functional Analysis,2024,0.0
270199,Other Mathematics,2012,24.0
270199,Other Mathematics,2013,48.0
270199,Other Mathematics,2014,37.0
270199,Other Mathematics,2015,28.0
270199,Other Mathematics,2016,40.0
270199,Other Mathematics,2017,44.0
270199,Other Mathematics,2018,30.0
270199,Other Mathematics,2019,35.0
270199,Other Mathematics,2020,33.0
270199,Other Mathematics,2021,29.0
270199,Other Mathematics,2022,58.0
270199,Other Mathematics,2023,40.0
270199,Other Mathematics,2024,31.0
270301,General Applied Mathematics,2012,775.0
270301,General Applied Mathematics,2013,880.0
270301,General Applied Mathematics,2014,830.0
270301,General Applied Mathematics,2015,946.0
270301,General Applied Mathematics,2016,986.0
270301,General Applied Mathematics,2017,994.0
270301,General Applied Mathematics,2018,1062.0
270301,General Applied Mathematics,2019,1063.0
270301,General Applied Mathematics,2020,963.0
270301,General Applied Mathematics,2021,1033.0
270301,General Applied Mathematics,2022,889.0
270301,General Applied Mathematics,2023,997.0
270301,General Applied Mathematics,2024,949.0
270303,Computational Mathematics,2012,24.0
270303,Computational Mathematics,2013,16.0
270303,Computational Mathematics,2014,26.0
270303,Computational Mathematics,2015,12.0
270303,Computational Mathematics,2016,14.0
270303,Computational Mathematics,2017,15.0
270303,Computational Mathematics,2018,9.0
270303,Computational Mathematics,2019,7.0
270303,Computational Mathematics,2020,20.0
270303,Computational Mathematics,2021,9.0
270303,Computational Mathematics,2022,15.0
270303,Computational Mathematics,2023,12.0
270303,Computational Mathematics,2024,9.0
270304,Computational & Applied Mathematics,2012,48.0
270304,Computational & Applied Mathematics,2013,49.0
270304,Computational & Applied Mathematics,2014,63.0
270304,Computational & Applied Mathematics,2015,74.0
270304,Computational & Applied Mathematics,2016,114.0
270304,Computational & Applied Mathematics,2017,152.0
270304,Computational & Applied Mathematics,2018,229.0
270304,Computational & Applied Mathematics,2019,302.0
270304,Computational & Applied Mathematics,2020,513.0
270304,Computational & Applied Mathematics,2021,662.0
270304,Computational & Applied Mathematics,2022,585.0
270304,Computational & Applied Mathematics,2023,419.0
270304,Computational & Applied Mathematics,2024,377.0
270305,Financial Mathematics,2012,275.0
270305,Financial Mathematics,2013,547.0
270305,Financial Mathematics,2014,773.0
270305,Financial Mathematics,2015,824.0
270305,Financial Mathematics,2016,1141.0
270305,Financial Mathematics,2017,1838.0
270305,Financial Mathematics,2018,2886.0
270305,Financial Mathematics,2019,3554.0
270305,Financial Mathematics,2020,3940.0
270305,Financial Mathematics,2021,4149.0
270305,Financial Mathematics,2022,4298.0
270305,Financial Mathematics,2023,5107.0
270305,Financial Mathematics,2024,4608.0
270306,Mathematical Biology,2012,1.0
270306,Mathematical Biology,2015,0.0
270306,Mathematical Biology,2017,0.0
270306,Mathematical Biology,2018,0.0
270399,Other Applied Mathematics,2012,110.0
270399,Other Applied Mathematics,2013,122.0
270399,Other Applied Mathematics,2014,119.0
270399,Other Applied Mathematics,2015,5.0
270399,Other Applied Mathematics,2016,21.0
270399,Other Applied Mathematics,2017,12.0
270399,Other Applied Mathematics,2018,8.0
270399,Other Applied Mathematics,2019,6.0
270399,Other Applied Mathematics,2020,2.0
270399,Other Applied Mathematics,2021,9.0
270399,Other Applied Mathematics,2022,7.0
270399,Other Applied Mathematics,2023,6.0
270399,Other Applied Mathematics,2024,1.0
270501,General Statistics,2012,1819.0
270501,General Statistics,2013,2077.0
270501,General Statistics,2014,2292.0
270501,General Statistics,2015,2523.0
270501,General Statistics,2016,3031.0
270501,General Statistics,2017,3098.0
270501,General Statistics,2018,3205.0
270501,General Statistics,2019,3317.0
270501,General Statistics,2020,3440.0
270501,General Statistics,2021,3415.0
270501,General Statistics,2022,2810.0
270501,General Statistics,2023,3146.0
270501,General Statistics,2024,2725.0
270502,Mathematical Statistics & Probability,2012,124.0
270502,Mathematical Statistics & Probability,2013,113.0
270502,Mathematical Statistics & Probability,2014,112.0
270502,Mathematical Statistics & Probability,2015,157.0
270502,Mathematical Statistics & Probability,2016,126.0
270502,Mathematical Statistics & Probability,2017,152.0
270502,Mathematical Statistics & Probability,2018,168.0
270502,Mathematical Statistics & Probability,2019,174.0
270502,Mathematical Statistics & Probability,2020,166.0
270502,Mathematical Statistics & Probability,2021,202.0
270502,Mathematical Statistics & Probability,2022,132.0
270502,Mathematical Statistics & Probability,2023,186.0
270502,Mathematical Statistics & Probability,2024,171.0
270503,Mathematics & Statistics,2012,53.0
270503,Mathematics & Statistics,2013,64.0
270503,Mathematics & Statistics,2014,50.0
270503,Mathematics & Statistics,2015,69.0
270503,Mathematics & Statistics,2016,60.0
270503,Mathematics & Statistics,2017,70.0
270503,Mathematics & Statistics,2018,86.0
270503,Mathematics & Statistics,2019,124.0
270503,Mathematics & Statistics,2020,166.0
270503,Mathematics & Statistics,2021,191.0
270503,Mathematics & Statistics,2022,200.0
270503,Mathematics & Statistics,2023,258.0
270503,Mathematics & Statistics,2024,549.0
270599,Other Statistics,2012,12.0
270599,Other Statistics,2013,20.0
270599,Other Statistics,2014,36.0
270599,Other Statistics,2015,27.0
270599,Other Statistics,2016,38.0
270599,Other Statistics,2017,50.0
270599,Other Statistics,2018,58.0
270599,Other Statistics,2019,141.0
270599,Other Statistics,2020,128.0
270599,Other Statistics,2021,93.0
270599,Other Statistics,2022,126.0
270599,Other Statistics,2023,113.0
270599,Other Statistics,2024,115.0
270601,"Applied Statistics, General",2020,130.0
270601,"Applied Statistics, General",2021,312.0
270601,"Applied Statistics, General",2022,308.0
270601,"Applied Statistics, General",2023,321.0
270601,"Applied Statistics, General",2024,369.0
279999,Other Mathematics & Statistics,2012,48.0
279999,Other Mathematics & Statistics,2013,35.0
279999,Other Mathematics & Statistics,2014,38.0
279999,Other Mathematics & Statistics,2015,38.0
279999,Other Mathematics & Statistics,2016,32.0
279999,Other Mathematics & Statistics,2017,27.0
279999,Other Mathematics & Statistics,2018,41.0
279999,Other Mathematics & Statistics,2019,44.0
279999,Other Mathematics & Statistics,2020,49.0
279999,Other Mathematics & Statistics,2021,50.0
279999,Other Mathematics & Statistics,2022,38.0
279999,Other Mathematics & Statistics,2023,50.0
279999,Other Mathematics & Statistics,2024,61.0
290201,General Intelligence,2013,0.0
290201,General Intelligence,2014,0.0
290201,General Intelligence,2015,36.0
290201,General Intelligence,2016,56.0
290201,General Intelligence,2017,63.0
290201,General Intelligence,2018,62.0
290201,General Intelligence,2019,115.0
290201,General Intelligence,2020,381.0
290201,General Intelligence,2021,432.0
290201,General Intelligence,2022,424.0
290201,General Intelligence,2023,524.0
290201,General Intelligence,2024,439.0
290202,Strategic Intelligence,2012,27.0
290202,Strategic Intelligence,2013,24.0
290202,Strategic Intelligence,2014,25.0
290202,Strategic Intelligence,2015,31.0
290202,Strategic Intelligence,2016,34.0
290202,Strategic Intelligence,2017,28.0
290202,Strategic Intelligence,2018,44.0
290202,Strategic Intelligence,2019,57.0
290202,Strategic Intelligence,2020,29.0
290202,Strategic Intelligence,2021,106.0
290202,Strategic Intelligence,2022,94.0
290202,Strategic Intelligence,2023,87.0
290202,Strategic Intelligence,2024,85.0
290203,Signal & Geospatial Intelligence,2017,5.0
290203,Signal & Geospatial Intelligence,2018,2.0
290203,Signal & Geospatial Intelligence,2019,8.0
290203,Signal & Geospatial Intelligence,2020,9.0
290203,Signal & Geospatial Intelligence,2021,20.0
290203,Signal & Geospatial Intelligence,2022,22.0
290203,Signal & Geospatial Intelligence,2023,30.0
290203,Signal & Geospatial Intelligence,2024,20.0
290204,"Command & Control (C3, C4I) Systems & Operations",2023,0.0
290204,"Command & Control (C3, C4I) Systems & Operations",2024,3.0
290205,Information Operations/Joint Information Operations,2012,11.0
290205,Information Operations/Joint Information Operations,2018,4.0
290205,Information Operations/Joint Information Operations,2019,9.0
290206,Information & Psychological Warfare & Military Media Relations,2013,9.0
290206,Information & Psychological Warfare & Military Media Relations,2014,3.0
290206,Information & Psychological Warfare & Military Media Relations,2015,31.0
290206,Information & Psychological Warfare & Military Media Relations,2016,27.0
290206,Information & Psychological Warfare & Military Media Relations,2017,22.0
290206,Information & Psychological Warfare & Military Media Relations,2018,28.0
290206,Information & Psychological Warfare & Military Media Relations,2019,29.0
290206,Information & Psychological Warfare & Military Media Relations,2020,40.0
290206,Information & Psychological Warfare & Military Media Relations,2021,21.0
290206,Information & Psychological Warfare & Military Media Relations,2022,21.0
290206,Information & Psychological Warfare & Military Media Relations,2023,28.0
290206,Information & Psychological Warfare & Military Media Relations,2024,9.0
290207,Electronic Operations & Warfare,2014,9.0
290207,Electronic Operations & Warfare,2015,13.0
290207,Electronic Operations & Warfare,2016,83.0
290207,Electronic Operations & Warfare,2017,163.0
290207,Electronic Operations & Warfare,2018,241.0
290207,Electronic Operations & Warfare,2019,363.0
290207,Electronic Operations & Warfare,2020,416.0
290207,Electronic Operations & Warfare,2021,351.0
290207,Electronic Operations & Warfare,2022,314.0
290207,Electronic Operations & Warfare,2023,321.0
290207,Electronic Operations & Warfare,2024,424.0
290299,"Other Intelligence, Command Control, & Information Operations",2012,1.0
290299,"Other Intelligence, Command Control, & Information Operations",2013,6.0
290299,"Other Intelligence, Command Control, & Information Operations",2014,4.0
290299,"Other Intelligence, Command Control, & Information Operations",2015,0.0
290301,Combat Systems Engineering,2012,28.0
290301,Combat Systems Engineering,2013,9.0
290301,Combat Systems Engineering,2014,4.0
290301,Combat Systems Engineering,2015,3.0
290301,Combat Systems Engineering,2016,1.0
290301,Combat Systems Engineering,2017,1.0
290301,Combat Systems Engineering,2018,1.0
290301,Combat Systems Engineering,2019,0.0
290301,Combat Systems Engineering,2020,8.0
290301,Combat Systems Engineering,2021,17.0
290301,Combat Systems Engineering,2022,32.0
290301,Combat Systems Engineering,2023,42.0
290301,Combat Systems Engineering,2024,13.0
290303,Engineering Acoustics,2012,3.0
290303,Engineering Acoustics,2015,19.0
290303,Engineering Acoustics,2016,1.0
290303,Engineering Acoustics,2017,2.0
290303,Engineering Acoustics,2018,4.0
290303,Engineering Acoustics,2019,2.0
290303,Engineering Acoustics,2020,7.0
290303,Engineering Acoustics,2021,1.0
290303,Engineering Acoustics,2022,12.0
290303,Engineering Acoustics,2023,1.0
290303,Engineering Acoustics,2024,8.0
290305,Space Systems Operations,2012,0.0
290305,Space Systems Operations,2019,24.0
290305,Space Systems Operations,2020,34.0
290305,Space Systems Operations,2021,64.0
290305,Space Systems Operations,2022,40.0
290305,Space Systems Operations,2023,61.0
290305,Space Systems Operations,2024,93.0
290306,Operational Oceanography,2021,1.0
290306,Operational Oceanography,2022,0.0
290306,Operational Oceanography,2023,0.0
290306,Operational Oceanography,2024,0.0
290307,Undersea Warfare,2015,12.0
290307,Undersea Warfare,2016,10.0
290307,Undersea Warfare,2017,15.0
290307,Undersea Warfare,2018,10.0
290307,Undersea Warfare,2019,11.0
290307,Undersea Warfare,2020,0.0
290307,Undersea Warfare,2021,15.0
290307,Undersea Warfare,2022,10.0
290307,Undersea Warfare,2023,12.0
290307,Undersea Warfare,2024,15.0
290399,Other Military Applied Sciences,2012,2.0
290399,Other Military Applied Sciences,2013,2.0
290402,Air & Space Operations Technology,2022,0.0
290402,Air & Space Operations Technology,2023,0.0
290402,Air & Space Operations Technology,2024,0.0
290405,"Joint Command & Task Force (C3, C4I) Systems",2012,12.0
290405,"Joint Command & Task Force (C3, C4I) Systems",2013,8.0
290405,"Joint Command & Task Force (C3, C4I) Systems",2014,2.0
290405,"Joint Command & Task Force (C3, C4I) Systems",2015,5.0
290405,"Joint Command & Task Force (C3, C4I) Systems",2016,3.0
290405,"Joint Command & Task Force (C3, C4I) Systems",2017,1.0
290405,"Joint Command & Task Force (C3, C4I) Systems",2018,4.0
290405,"Joint Command & Task Force (C3, C4I) Systems",2019,2.0
290405,"Joint Command & Task Force (C3, C4I) Systems",2020,5.0
290405,"Joint Command & Task Force (C3, C4I) Systems",2021,3.0
290405,"Joint Command & Task Force (C3, C4I) Systems",2022,1.0
290405,"Joint Command & Task Force (C3, C4I) Systems",2023,0.0
290405,"Joint Command & Task Force (C3, C4I) Systems",2024,0.0
299999,Other Military Technologies & Applied Sciences,2012,62.0
299999,Other Military Technologies & Applied Sciences,2015,1.0
299999,Other Military Technologies & Applied Sciences,2016,1.0
299999,Other Military Technologies & Applied Sciences,2017,20.0
299999,Other Military Technologies & Applied Sciences,2018,30.0
299999,Other Military Technologies & Applied Sciences,2019,24.0
299999,Other Military Technologies & Applied Sciences,2020,43.0
299999,Other Military Technologies & Applied Sciences,2021,4.0
299999,Other Military Technologies & Applied Sciences,2022,9.0
299999,Other Military Technologies & Applied Sciences,2023,16.0
299999,Other Military Technologies & Applied Sciences,2024,22.0
300000,General Interdisciplinary Studies,2012,31.0
300000,General Interdisciplinary Studies,2013,27.0
300000,General Interdisciplinary Studies,2014,76.0
300000,General Interdisciplinary Studies,2015,90.0
300000,General Interdisciplinary Studies,2016,110.0
300000,General Interdisciplinary Studies,2017,134.0
300000,General Interdisciplinary Studies,2018,141.0
300000,General Interdisciplinary Studies,2019,176.0
300000,General Interdisciplinary Studies,2020,223.0
300000,General Interdisciplinary Studies,2021,308.0
300000,General Interdisciplinary Studies,2022,411.0
300000,General Interdisciplinary Studies,2023,351.0
300000,General Interdisciplinary Studies,2024,412.0
300101,Biological & Physical Sciences,2012,371.0
300101,Biological & Physical Sciences,2013,410.0
300101,Biological & Physical Sciences,2014,428.0
300101,Biological & Physical Sciences,2015,420.0
300101,Biological & Physical Sciences,2016,543.0
300101,Biological & Physical Sciences,2017,518.0
300101,Biological & Physical Sciences,2018,450.0
300101,Biological & Physical Sciences,2019,466.0
300101,Biological & Physical Sciences,2020,487.0
300101,Biological & Physical Sciences,2021,496.0
300101,Biological & Physical Sciences,2022,536.0
300101,Biological & Physical Sciences,2023,551.0
300101,Biological & Physical Sciences,2024,546.0
300501,Peace Studies & Conflict Resolution,2012,593.0
300501,Peace Studies & Conflict Resolution,2013,620.0
300501,Peace Studies & Conflict Resolution,2014,551.0
300501,Peace Studies & Conflict Resolution,2015,584.0
300501,Peace Studies & Conflict Resolution,2016,611.0
300501,Peace Studies & Conflict Resolution,2017,607.0
300501,Peace Studies & Conflict Resolution,2018,471.0
300501,Peace Studies & Conflict Resolution,2019,521.0
300501,Peace Studies & Conflict Resolution,2020,456.0
300501,Peace Studies & Conflict Resolution,2021,449.0
300501,Peace Studies & Conflict Resolution,2022,338.0
300501,Peace Studies & Conflict Resolution,2023,398.0
300501,Peace Studies & Conflict Resolution,2024,374.0
300601,Systems Science & Theory,2012,209.0
300601,Systems Science & Theory,2013,261.0
300601,Systems Science & Theory,2014,221.0
300601,Systems Science & Theory,2015,210.0
300601,Systems Science & Theory,2016,239.0
300601,Systems Science & Theory,2017,228.0
300601,Systems Science & Theory,2018,244.0
300601,Systems Science & Theory,2019,350.0
300601,Systems Science & Theory,2020,331.0
300601,Systems Science & Theory,2021,342.0
300601,Systems Science & Theory,2022,423.0
300601,Systems Science & Theory,2023,471.0
300601,Systems Science & Theory,2024,423.0
300801,Mathematics & Computer Science,2012,45.0
300801,Mathematics & Computer Science,2013,31.0
300801,Mathematics & Computer Science,2014,26.0
300801,Mathematics & Computer Science,2015,27.0
300801,Mathematics & Computer Science,2016,68.0
300801,Mathematics & Computer Science,2017,93.0
300801,Mathematics & Computer Science,2018,118.0
300801,Mathematics & Computer Science,2019,165.0
300801,Mathematics & Computer Science,2020,167.0
300801,Mathematics & Computer Science,2021,256.0
300801,Mathematics & Computer Science,2022,140.0
300801,Mathematics & Computer Science,2023,266.0
300801,Mathematics & Computer Science,2024,375.0
301001,Biopsychology,2012,4.0
301001,Biopsychology,2013,2.0
301001,Biopsychology,2014,8.0
301001,Biopsychology,2015,3.0
301001,Biopsychology,2016,2.0
301001,Biopsychology,2017,4.0
301001,Biopsychology,2018,3.0
301001,Biopsychology,2019,0.0
301001,Biopsychology,2020,0.0
301001,Biopsychology,2021,0.0
301001,Biopsychology,2022,0.0
301001,Biopsychology,2023,0.0
301001,Biopsychology,2024,0.0
301101,Gerontology,2012,384.0
301101,Gerontology,2013,444.0
301101,Gerontology,2014,468.0
301101,Gerontology,2015,457.0
301101,Gerontology,2016,441.0
301101,Gerontology,2017,449.0
301101,Gerontology,2018,494.0
301101,Gerontology,2019,416.0
301101,Gerontology,2020,383.0
301101,Gerontology,2021,393.0
301101,Gerontology,2022,402.0
301101,Gerontology,2023,336.0
301101,Gerontology,2024,266.0
301201,Historic Preservation & Conservation,2012,216.0
301201,Historic Preservation & Conservation,2013,221.0
301201,Historic Preservation & Conservation,2014,225.0
301201,Historic Preservation & Conservation,2015,170.0
301201,Historic Preservation & Conservation,2016,192.0
301201,Historic Preservation & Conservation,2017,192.0
301201,Historic Preservation & Conservation,2018,200.0
301201,Historic Preservation & Conservation,2019,184.0
301201,Historic Preservation & Conservation,2020,142.0
301201,Historic Preservation & Conservation,2021,133.0
301201,Historic Preservation & Conservation,2022,140.0
301201,Historic Preservation & Conservation,2023,155.0
301201,Historic Preservation & Conservation,2024,173.0
301202,Cultural Resource Management & Policy Analysis,2012,29.0
301202,Cultural Resource Management & Policy Analysis,2013,29.0
301202,Cultural Resource Management & Policy Analysis,2014,26.0
301202,Cultural Resource Management & Policy Analysis,2015,26.0
301202,Cultural Resource Management & Policy Analysis,2016,29.0
301202,Cultural Resource Management & Policy Analysis,2017,41.0
301202,Cultural Resource Management & Policy Analysis,2018,37.0
301202,Cultural Resource Management & Policy Analysis,2019,30.0
301202,Cultural Resource Management & Policy Analysis,2020,37.0
301202,Cultural Resource Management & Policy Analysis,2021,43.0
301202,Cultural Resource Management & Policy Analysis,2022,52.0
301202,Cultural Resource Management & Policy Analysis,2023,42.0
301202,Cultural Resource Management & Policy Analysis,2024,47.0
301299,Other Historic Preservation & Conservation,2014,6.0
301299,Other Historic Preservation & Conservation,2015,5.0
301299,Other Historic Preservation & Conservation,2016,9.0
301299,Other Historic Preservation & Conservation,2017,10.0
301299,Other Historic Preservation & Conservation,2018,12.0
301299,Other Historic Preservation & Conservation,2019,12.0
301299,Other Historic Preservation & Conservation,2020,24.0
301299,Other Historic Preservation & Conservation,2021,23.0
301299,Other Historic Preservation & Conservation,2022,20.0
301299,Other Historic Preservation & Conservation,2023,9.0
301299,Other Historic Preservation & Conservation,2024,7.0
301301,Medieval & Renaissance Studies,2012,16.0
301301,Medieval & Renaissance Studies,2013,20.0
301301,Medieval & Renaissance Studies,2014,25.0
301301,Medieval & Renaissance Studies,2015,10.0
301301,Medieval & Renaissance Studies,2016,18.0
301301,Medieval & Renaissance Studies,2017,21.0
301301,Medieval & Renaissance Studies,2018,27.0
301301,Medieval & Renaissance Studies,2019,27.0
301301,Medieval & Renaissance Studies,2020,23.0
301301,Medieval & Renaissance Studies,2021,20.0
301301,Medieval & Renaissance Studies,2022,27.0
301301,Medieval & Renaissance Studies,2023,19.0
301301,Medieval & Renaissance Studies,2024,15.0
301401,Museum Studies,2012,442.0
301401,Museum Studies,2013,444.0
301401,Museum Studies,2014,526.0
301401,Museum Studies,2015,534.0
301401,Museum Studies,2016,495.0
301401,Museum Studies,2017,526.0
301401,Museum Studies,2018,579.0
301401,Museum Studies,2019,587.0
301401,Museum Studies,2020,549.0
301401,Museum Studies,2021,490.0
301401,Museum Studies,2022,536.0
301401,Museum Studies,2023,562.0
301401,Museum Studies,2024,506.0
301501,"Science, Technology, & Society",2012,132.0
301501,"Science, Technology, & Society",2013,143.0
301501,"Science, Technology, & Society",2014,124.0
301501,"Science, Technology, & Society",2015,131.0
301501,"Science, Technology, & Society",2016,113.0
301501,"Science, Technology, & Society",2017,147.0
301501,"Science, Technology, & Society",2018,132.0
301501,"Science, Technology, & Society",2019,143.0
301501,"Science, Technology, & Society",2020,144.0
301501,"Science, Technology, & Society",2021,136.0
301501,"Science, Technology, & Society",2022,70.0
301501,"Science, Technology, & Society",2023,102.0
301501,"Science, Technology, & Society",2024,82.0
301601,Accounting & Computer Science,2012,12.0
301601,Accounting & Computer Science,2013,13.0
301601,Accounting & Computer Science,2014,4.0
301601,Accounting & Computer Science,2015,8.0
301601,Accounting & Computer Science,2016,5.0
301601,Accounting & Computer Science,2017,5.0
301601,Accounting & Computer Science,2018,5.0
301601,Accounting & Computer Science,2019,10.0
301601,Accounting & Computer Science,2020,6.0
301601,Accounting & Computer Science,2021,6.0
301601,Accounting & Computer Science,2022,0.0
301601,Accounting & Computer Science,2023,0.0
301601,Accounting & Computer Science,2024,0.0
301701,Behavioral Sciences,2012,82.0
301701,Behavioral Sciences,2013,74.0
301701,Behavioral Sciences,2014,52.0
301701,Behavioral Sciences,2015,90.0
301701,Behavioral Sciences,2016,99.0
301701,Behavioral Sciences,2017,261.0
301701,Behavioral Sciences,2018,327.0
301701,Behavioral Sciences,2019,612.0
301701,Behavioral Sciences,2020,853.0
301701,Behavioral Sciences,2021,1148.0
301701,Behavioral Sciences,2022,1268.0
301701,Behavioral Sciences,2023,1629.0
301701,Behavioral Sciences,2024,1862.0
301801,Natural Sciences,2012,141.0
301801,Natural Sciences,2013,124.0
301801,Natural Sciences,2014,97.0
301801,Natural Sciences,2015,88.0
301801,Natural Sciences,2016,72.0
301801,Natural Sciences,2017,81.0
301801,Natural Sciences,2018,58.0
301801,Natural Sciences,2019,80.0
301801,Natural Sciences,2020,50.0
301801,Natural Sciences,2021,58.0
301801,Natural Sciences,2022,58.0
301801,Natural Sciences,2023,67.0
301801,Natural Sciences,2024,69.0
301901,Nutrition Sciences,2012,657.0
301901,Nutrition Sciences,2013,640.0
301901,Nutrition Sciences,2014,735.0
301901,Nutrition Sciences,2015,782.0
301901,Nutrition Sciences,2016,849.0
301901,Nutrition Sciences,2017,1026.0
301901,Nutrition Sciences,2018,1237.0
301901,Nutrition Sciences,2019,1182.0
301901,Nutrition Sciences,2020,1253.0
301901,Nutrition Sciences,2021,1196.0
301901,Nutrition Sciences,2022,1380.0
301901,Nutrition Sciences,2023,1636.0
301901,Nutrition Sciences,2024,1727.0
302001,International & Global Studies,2012,1171.0
302001,International & Global Studies,2013,1254.0
302001,International & Global Studies,2014,1201.0
302001,International & Global Studies,2015,1090.0
302001,International & Global Studies,2016,1116.0
302001,International & Global Studies,2017,1069.0
302001,International & Global Studies,2018,1141.0
302001,International & Global Studies,2019,1084.0
302001,International & Global Studies,2020,883.0
302001,International & Global Studies,2021,834.0
302001,International & Global Studies,2022,854.0
302001,International & Global Studies,2023,938.0
302001,International & Global Studies,2024,827.0
302101,Holocaust & Related Studies,2012,6.0
302101,Holocaust & Related Studies,2013,17.0
302101,Holocaust & Related Studies,2014,15.0
302101,Holocaust & Related Studies,2015,13.0
302101,Holocaust & Related Studies,2016,29.0
302101,Holocaust & Related Studies,2017,27.0
302101,Holocaust & Related Studies,2018,34.0
302101,Holocaust & Related Studies,2019,17.0
302101,Holocaust & Related Studies,2020,30.0
302101,Holocaust & Related Studies,2021,24.0
302101,Holocaust & Related Studies,2022,12.0
302101,Holocaust & Related Studies,2023,30.0
302101,Holocaust & Related Studies,2024,21.0
302201,Ancient Civilization Studies,2012,2.0
302201,Ancient Civilization Studies,2013,2.0
302201,Ancient Civilization Studies,2014,6.0
302201,Ancient Civilization Studies,2015,4.0
302201,Ancient Civilization Studies,2016,8.0
302201,Ancient Civilization Studies,2017,8.0
302201,Ancient Civilization Studies,2018,5.0
302201,Ancient Civilization Studies,2019,8.0
302201,Ancient Civilization Studies,2020,6.0
302201,Ancient Civilization Studies,2021,9.0
302201,Ancient Civilization Studies,2022,10.0
302201,Ancient Civilization Studies,2023,14.0
302201,Ancient Civilization Studies,2024,9.0
302202,"Classical, Ancient Mediterranean, & Near Eastern Studies & Archeology",2012,3.0
302202,"Classical, Ancient Mediterranean, & Near Eastern Studies & Archeology",2013,3.0
302202,"Classical, Ancient Mediterranean, & Near Eastern Studies & Archeology",2014,4.0
302202,"Classical, Ancient Mediterranean, & Near Eastern Studies & Archeology",2015,1.0
302202,"Classical, Ancient Mediterranean, & Near Eastern Studies & Archeology",2016,6.0
302202,"Classical, Ancient Mediterranean, & Near Eastern Studies & Archeology",2017,7.0
302202,"Classical, Ancient Mediterranean, & Near Eastern Studies & Archeology",2018,4.0
302202,"Classical, Ancient Mediterranean, & Near Eastern Studies & Archeology",2019,4.0
302202,"Classical, Ancient Mediterranean, & Near Eastern Studies & Archeology",2020,5.0
302202,"Classical, Ancient Mediterranean, & Near Eastern Studies & Archeology",2021,2.0
302202,"Classical, Ancient Mediterranean, & Near Eastern Studies & Archeology",2022,5.0
302202,"Classical, Ancient Mediterranean, & Near Eastern Studies & Archeology",2023,7.0
302202,"Classical, Ancient Mediterranean, & Near Eastern Studies & Archeology",2024,3.0
302301,"Intercultural, Multicultural, & Diversity Studies",2012,86.0
302301,"Intercultural, Multicultural, & Diversity Studies",2013,134.0
302301,"Intercultural, Multicultural, & Diversity Studies",2014,137.0
302301,"Intercultural, Multicultural, & Diversity Studies",2015,142.0
302301,"Intercultural, Multicultural, & Diversity Studies",2016,139.0
302301,"Intercultural, Multicultural, & Diversity Studies",2017,96.0
302301,"Intercultural, Multicultural, & Diversity Studies",2018,117.0
302301,"Intercultural, Multicultural, & Diversity Studies",2019,87.0
302301,"Intercultural, Multicultural, & Diversity Studies",2020,126.0
302301,"Intercultural, Multicultural, & Diversity Studies",2021,106.0
302301,"Intercultural, Multicultural, & Diversity Studies",2022,95.0
302301,"Intercultural, Multicultural, & Diversity Studies",2023,118.0
302301,"Intercultural, Multicultural, & Diversity Studies",2024,133.0
302501,Cognitive Science,2012,82.0
302501,Cognitive Science,2013,56.0
302501,Cognitive Science,2014,72.0
302501,Cognitive Science,2015,83.0
302501,Cognitive Science,2016,101.0
302501,Cognitive Science,2017,105.0
302501,Cognitive Science,2018,110.0
302501,Cognitive Science,2019,92.0
302501,Cognitive Science,2020,105.0
302501,Cognitive Science,2021,59.0
302501,Cognitive Science,2022,35.0
302501,Cognitive Science,2023,66.0
302501,Cognitive Science,2024,82.0
302601,"Cultural Studies, Critical Theory, & Analysis",2012,3.0
302601,"Cultural Studies, Critical Theory, & Analysis",2013,31.0
302601,"Cultural Studies, Critical Theory, & Analysis",2014,37.0
302601,"Cultural Studies, Critical Theory, & Analysis",2015,46.0
302601,"Cultural Studies, Critical Theory, & Analysis",2016,45.0
302601,"Cultural Studies, Critical Theory, & Analysis",2017,53.0
302601,"Cultural Studies, Critical Theory, & Analysis",2018,46.0
302601,"Cultural Studies, Critical Theory, & Analysis",2019,27.0
302601,"Cultural Studies, Critical Theory, & Analysis",2020,38.0
302601,"Cultural Studies, Critical Theory, & Analysis",2021,53.0
302601,"Cultural Studies, Critical Theory, & Analysis",2022,36.0
302601,"Cultural Studies, Critical Theory, & Analysis",2023,59.0
302601,"Cultural Studies, Critical Theory, & Analysis",2024,42.0
302701,Human Biology,2019,1.0
302701,Human Biology,2020,1.0
302701,Human Biology,2021,7.0
302701,Human Biology,2022,30.0
302701,Human Biology,2023,36.0
302701,Human Biology,2024,40.0
302801,Dispute Resolution,2012,219.0
302801,Dispute Resolution,2013,266.0
302801,Dispute Resolution,2014,288.0
302801,Dispute Resolution,2015,297.0
302801,Dispute Resolution,2016,288.0
302801,Dispute Resolution,2017,312.0
302801,Dispute Resolution,2018,311.0
302801,Dispute Resolution,2019,326.0
302801,Dispute Resolution,2020,293.0
302801,Dispute Resolution,2021,292.0
302801,Dispute Resolution,2022,293.0
302801,Dispute Resolution,2023,313.0
302801,Dispute Resolution,2024,232.0
302901,Maritime Studies,2017,1.0
302901,Maritime Studies,2018,5.0
302901,Maritime Studies,2019,20.0
302901,Maritime Studies,2020,17.0
302901,Maritime Studies,2021,9.0
302901,Maritime Studies,2022,22.0
302901,Maritime Studies,2023,12.0
302901,Maritime Studies,2024,22.0
303001,Computational Science,2012,26.0
303001,Computational Science,2013,24.0
303001,Computational Science,2014,56.0
303001,Computational Science,2015,84.0
303001,Computational Science,2016,168.0
303001,Computational Science,2017,311.0
303001,Computational Science,2018,511.0
303001,Computational Science,2019,682.0
303001,Computational Science,2020,832.0
303001,Computational Science,2021,953.0
303001,Computational Science,2022,869.0
303001,Computational Science,2023,1477.0
303001,Computational Science,2024,1682.0
303101,Human Computer Interaction,2012,63.0
303101,Human Computer Interaction,2013,137.0
303101,Human Computer Interaction,2014,136.0
303101,Human Computer Interaction,2015,195.0
303101,Human Computer Interaction,2016,221.0
303101,Human Computer Interaction,2017,381.0
303101,Human Computer Interaction,2018,405.0
303101,Human Computer Interaction,2019,505.0
303101,Human Computer Interaction,2020,620.0
303101,Human Computer Interaction,2021,748.0
303101,Human Computer Interaction,2022,713.0
303101,Human Computer Interaction,2023,1048.0
303101,Human Computer Interaction,2024,1261.0
303201,Maritime Sciences,2012,38.0
303201,Maritime Sciences,2013,39.0
303201,Maritime Sciences,2014,51.0
303201,Maritime Sciences,2015,61.0
303201,Maritime Sciences,2016,61.0
303201,Maritime Sciences,2017,62.0
303201,Maritime Sciences,2018,79.0
303201,Maritime Sciences,2019,73.0
303201,Maritime Sciences,2020,93.0
303201,Maritime Sciences,2021,68.0
303201,Maritime Sciences,2022,81.0
303201,Maritime Sciences,2023,89.0
303201,Maritime Sciences,2024,98.0
303301,Sustainability Studies,2012,197.0
303301,Sustainability Studies,2013,276.0
303301,Sustainability Studies,2014,327.0
303301,Sustainability Studies,2015,397.0
303301,Sustainability Studies,2016,395.0
303301,Sustainability Studies,2017,594.0
303301,Sustainability Studies,2018,816.0
303301,Sustainability Studies,2019,1014.0
303301,Sustainability Studies,2020,1087.0
303301,Sustainability Studies,2021,1227.0
303301,Sustainability Studies,2022,1435.0
303301,Sustainability Studies,2023,1914.0
303301,Sustainability Studies,2024,1850.0
303401,Anthrozoology,2021,0.0
303401,Anthrozoology,2022,10.0
303401,Anthrozoology,2023,12.0
303401,Anthrozoology,2024,23.0
303501,Climate Science,2022,40.0
303501,Climate Science,2023,106.0
303501,Climate Science,2024,91.0
303801,Earth Systems Science,2020,6.0
303801,Earth Systems Science,2021,4.0
303801,Earth Systems Science,2023,0.0
303801,Earth Systems Science,2024,8.0
303901,Economics And Computer Science,2023,30.0
303901,Economics And Computer Science,2024,42.0
304101,Environmental Geosciences,2020,0.0
304101,Environmental Geosciences,2021,6.0
304101,Environmental Geosciences,2022,5.0
304101,Environmental Geosciences,2023,5.0
304101,Environmental Geosciences,2024,3.0
304401,Geography And Environmental Studies,2022,24.0
304401,Geography And Environmental Studies,2023,126.0
304401,Geography And Environmental Studies,2024,186.0
304601,History And Political Science,2021,4.0
304601,History And Political Science,2022,5.0
304601,History And Political Science,2023,8.0
304601,History And Political Science,2024,5.0
304801,Linguistics And Computer Science,2020,6.0
304801,Linguistics And Computer Science,2021,6.0
304801,Linguistics And Computer Science,2022,3.0
304801,Linguistics And Computer Science,2023,4.0
304801,Linguistics And Computer Science,2024,7.0
304901,Mathematical Economics,2023,4.0
304901,Mathematical Economics,2024,8.0
305202,Digital Humanities,2024,2.0
305301,Thanatology,2020,0.0
305301,Thanatology,2022,0.0
305301,Thanatology,2023,0.0
305301,Thanatology,2024,1.0
307001,"Data Science, General",2020,160.0
307001,"Data Science, General",2021,271.0
307001,"Data Science, General",2022,1183.0
307001,"Data Science, General",2023,2325.0
307001,"Data Science, General",2024,4322.0
307099,"Data Science, Other",2022,25.0
307099,"Data Science, Other",2023,1.0
307099,"Data Science, Other",2024,6.0
307101,"Data Analytics, General",2020,88.0
307101,"Data Analytics, General",2021,223.0
307101,"Data Analytics, General",2022,362.0
307101,"Data Analytics, General",2023,691.0
307101,"Data Analytics, General",2024,931.0
307102,Business Analytics,2020,258.0
307102,Business Analytics,2021,306.0
307102,Business Analytics,2022,1220.0
307102,Business Analytics,2023,3488.0
307102,Business Analytics,2024,6456.0
307103,Data Visualization,2023,10.0
307103,Data Visualization,2024,17.0
307104,Financial Analytics,2022,89.0
307104,Financial Analytics,2023,416.0
307104,Financial Analytics,2024,965.0
307199,"Data Analytics, Other",2020,0.0
307199,"Data Analytics, Other",2021,1.0
307199,"Data Analytics, Other",2022,10.0
307199,"Data Analytics, Other",2023,4.0
307199,"Data Analytics, Other",2024,70.0
309999,Other Multidisciplinary Studies,2012,2553.0
309999,Other Multidisciplinary Studies,2013,2237.0
309999,Other Multidisciplinary Studies,2014,2264.0
309999,Other Multidisciplinary Studies,2015,2148.0
309999,Other Multidisciplinary Studies,2016,2122.0
309999,Other Multidisciplinary Studies,2017,1927.0
309999,Other Multidisciplinary Studies,2018,2162.0
309999,Other Multidisciplinary Studies,2019,1894.0
309999,Other Multidisciplinary Studies,2020,1835.0
309999,Other Multidisciplinary Studies,2021,1716.0
309999,Other Multidisciplinary Studies,2022,1886.0
309999,Other Multidisciplinary Studies,2023,1860.0
309999,Other Multidisciplinary Studies,2024,2025.0
310101,"Parks, Recreation, & Leisure Studies",2012,302.0
310101,"Parks, Recreation, & Leisure Studies",2013,236.0
310101,"Parks, Recreation, & Leisure Studies",2014,236.0
310101,"Parks, Recreation, & Leisure Studies",2015,180.0
310101,"Parks, Recreation, & Leisure Studies",2016,162.0
310101,"Parks, Recreation, & Leisure Studies",2017,188.0
310101,"Parks, Recreation, & Leisure Studies",2018,173.0
310101,"Parks, Recreation, & Leisure Studies",2019,167.0
310101,"Parks, Recreation, & Leisure Studies",2020,158.0
310101,"Parks, Recreation, & Leisure Studies",2021,198.0
310101,"Parks, Recreation, & Leisure Studies",2022,196.0
310101,"Parks, Recreation, & Leisure Studies",2023,174.0
310101,"Parks, Recreation, & Leisure Studies",2024,164.0
310301,"General Parks, Recreation, & Leisure Facilities Management",2012,427.0
310301,"General Parks, Recreation, & Leisure Facilities Management",2013,432.0
310301,"General Parks, Recreation, & Leisure Facilities Management",2014,415.0
310301,"General Parks, Recreation, & Leisure Facilities Management",2015,383.0
310301,"General Parks, Recreation, & Leisure Facilities Management",2016,439.0
310301,"General Parks, Recreation, & Leisure Facilities Management",2017,405.0
310301,"General Parks, Recreation, & Leisure Facilities Management",2018,411.0
310301,"General Parks, Recreation, & Leisure Facilities Management",2019,331.0
310301,"General Parks, Recreation, & Leisure Facilities Management",2020,384.0
310301,"General Parks, Recreation, & Leisure Facilities Management",2021,396.0
310301,"General Parks, Recreation, & Leisure Facilities Management",2022,344.0
310301,"General Parks, Recreation, & Leisure Facilities Management",2023,360.0
310301,"General Parks, Recreation, & Leisure Facilities Management",2024,283.0
310302,Golf Course Operation & Grounds Management,2022,0.0
310302,Golf Course Operation & Grounds Management,2023,0.0
310302,Golf Course Operation & Grounds Management,2024,5.0
310399,"Other Parks, Recreation, & Leisure Facilities Management",2012,0.0
310399,"Other Parks, Recreation, & Leisure Facilities Management",2013,2.0
310399,"Other Parks, Recreation, & Leisure Facilities Management",2014,0.0
310501,General Health & Physical Education,2012,1174.0
310501,General Health & Physical Education,2013,1064.0
310501,General Health & Physical Education,2014,1117.0
310501,General Health & Physical Education,2015,1055.0
310501,General Health & Physical Education,2016,1140.0
310501,General Health & Physical Education,2017,1244.0
310501,General Health & Physical Education,2018,1191.0
310501,General Health & Physical Education,2019,1106.0
310501,General Health & Physical Education,2020,1086.0
310501,General Health & Physical Education,2021,1003.0
310501,General Health & Physical Education,2022,1021.0
310501,General Health & Physical Education,2023,1102.0
310501,General Health & Physical Education,2024,936.0
310504,Sport & Fitness Management,2012,3014.0
310504,Sport & Fitness Management,2013,3058.0
310504,Sport & Fitness Management,2014,3483.0
310504,Sport & Fitness Management,2015,3655.0
310504,Sport & Fitness Management,2016,3882.0
310504,Sport & Fitness Management,2017,4106.0
310504,Sport & Fitness Management,2018,4390.0
310504,Sport & Fitness Management,2019,4439.0
310504,Sport & Fitness Management,2020,4431.0
310504,Sport & Fitness Management,2021,4986.0
310504,Sport & Fitness Management,2022,5252.0
310504,Sport & Fitness Management,2023,4864.0
310504,Sport & Fitness Management,2024,4581.0
310505,Kinesiology & Exercise Science,2012,1956.0
310505,Kinesiology & Exercise Science,2013,2174.0
310505,Kinesiology & Exercise Science,2014,2171.0
310505,Kinesiology & Exercise Science,2015,2207.0
310505,Kinesiology & Exercise Science,2016,2479.0
310505,Kinesiology & Exercise Science,2017,2485.0
310505,Kinesiology & Exercise Science,2018,2591.0
310505,Kinesiology & Exercise Science,2019,2599.0
310505,Kinesiology & Exercise Science,2020,2727.0
310505,Kinesiology & Exercise Science,2021,2913.0
310505,Kinesiology & Exercise Science,2022,2900.0
310505,Kinesiology & Exercise Science,2023,2880.0
310505,Kinesiology & Exercise Science,2024,2684.0
310507,Physical Fitness Technician,2017,12.0
310507,Physical Fitness Technician,2018,15.0
310507,Physical Fitness Technician,2019,9.0
310507,Physical Fitness Technician,2020,17.0
310507,Physical Fitness Technician,2021,2.0
310507,Physical Fitness Technician,2022,18.0
310507,Physical Fitness Technician,2023,10.0
310507,Physical Fitness Technician,2024,16.0
310508,Sports Studies,2012,78.0
310508,Sports Studies,2013,102.0
310508,Sports Studies,2014,105.0
310508,Sports Studies,2015,115.0
310508,Sports Studies,2016,113.0
310508,Sports Studies,2017,105.0
310508,Sports Studies,2018,114.0
310508,Sports Studies,2019,107.0
310508,Sports Studies,2020,145.0
310508,Sports Studies,2021,180.0
310508,Sports Studies,2022,165.0
310508,Sports Studies,2023,186.0
310508,Sports Studies,2024,172.0
310599,Other Health & Physical Education,2012,39.0
310599,Other Health & Physical Education,2013,43.0
310599,Other Health & Physical Education,2014,48.0
310599,Other Health & Physical Education,2015,49.0
310599,Other Health & Physical Education,2016,62.0
310599,Other Health & Physical Education,2017,86.0
310599,Other Health & Physical Education,2018,153.0
310599,Other Health & Physical Education,2019,163.0
310599,Other Health & Physical Education,2020,161.0
310599,Other Health & Physical Education,2021,158.0
310599,Other Health & Physical Education,2022,142.0
310599,Other Health & Physical Education,2023,150.0
310599,Other Health & Physical Education,2024,62.0
310601,Outdoor Education,2012,28.0
310601,Outdoor Education,2013,31.0
310601,Outdoor Education,2014,52.0
310601,Outdoor Education,2015,43.0
310601,Outdoor Education,2016,33.0
310601,Outdoor Education,2017,47.0
310601,Outdoor Education,2018,35.0
310601,Outdoor Education,2019,39.0
310601,Outdoor Education,2020,21.0
310601,Outdoor Education,2021,28.0
310601,Outdoor Education,2022,61.0
310601,Outdoor Education,2023,65.0
310601,Outdoor Education,2024,64.0
319999,"Other Parks, Recreation, Leisure, & Fitness Studies",2012,8.0
319999,"Other Parks, Recreation, Leisure, & Fitness Studies",2013,8.0
319999,"Other Parks, Recreation, Leisure, & Fitness Studies",2014,14.0
319999,"Other Parks, Recreation, Leisure, & Fitness Studies",2015,19.0
319999,"Other Parks, Recreation, Leisure, & Fitness Studies",2016,17.0
319999,"Other Parks, Recreation, Leisure, & Fitness Studies",2017,10.0
319999,"Other Parks, Recreation, Leisure, & Fitness Studies",2018,18.0
319999,"Other Parks, Recreation, Leisure, & Fitness Studies",2019,21.0
319999,"Other Parks, Recreation, Leisure, & Fitness Studies",2020,25.0
319999,"Other Parks, Recreation, Leisure, & Fitness Studies",2021,30.0
319999,"Other Parks, Recreation, Leisure, & Fitness Studies",2022,40.0
319999,"Other Parks, Recreation, Leisure, & Fitness Studies",2023,25.0
319999,"Other Parks, Recreation, Leisure, & Fitness Studies",2024,6.0
380001,General Philosophy & Religious Studies,2012,3.0
380001,General Philosophy & Religious Studies,2013,11.0
380001,General Philosophy & Religious Studies,2014,7.0
380001,General Philosophy & Religious Studies,2015,3.0
380001,General Philosophy & Religious Studies,2016,4.0
380001,General Philosophy & Religious Studies,2017,4.0
380001,General Philosophy & Religious Studies,2018,26.0
380001,General Philosophy & Religious Studies,2019,9.0
380001,General Philosophy & Religious Studies,2020,18.0
380001,General Philosophy & Religious Studies,2021,15.0
380001,General Philosophy & Religious Studies,2022,25.0
380001,General Philosophy & Religious Studies,2023,20.0
380001,General Philosophy & Religious Studies,2024,36.0
380101,Philosophy,2012,812.0
380101,Philosophy,2013,799.0
380101,Philosophy,2014,870.0
380101,Philosophy,2015,786.0
380101,Philosophy,2016,767.0
380101,Philosophy,2017,752.0
380101,Philosophy,2018,714.0
380101,Philosophy,2019,728.0
380101,Philosophy,2020,675.0
380101,Philosophy,2021,702.0
380101,Philosophy,2022,683.0
380101,Philosophy,2023,703.0
380101,Philosophy,2024,722.0
380102,Logic,2012,10.0
380102,Logic,2013,3.0
380102,Logic,2014,10.0
380102,Logic,2015,8.0
380102,Logic,2016,7.0
380102,Logic,2017,9.0
380102,Logic,2018,4.0
380102,Logic,2019,7.0
380102,Logic,2020,8.0
380102,Logic,2021,7.0
380102,Logic,2022,6.0
380102,Logic,2023,7.0
380102,Logic,2024,3.0
380103,Ethics,2012,37.0
380103,Ethics,2013,33.0
380103,Ethics,2014,59.0
380103,Ethics,2015,42.0
380103,Ethics,2016,36.0
380103,Ethics,2017,47.0
380103,Ethics,2018,50.0
380103,Ethics,2019,47.0
380103,Ethics,2020,56.0
380103,Ethics,2021,44.0
380103,Ethics,2022,49.0
380103,Ethics,2023,72.0
380103,Ethics,2024,50.0
380104,Applied & Professional Ethics,2012,18.0
380104,Applied & Professional Ethics,2013,18.0
380104,Applied & Professional Ethics,2014,16.0
380104,Applied & Professional Ethics,2015,30.0
380104,Applied & Professional Ethics,2016,19.0
380104,Applied & Professional Ethics,2017,18.0
380104,Applied & Professional Ethics,2018,18.0
380104,Applied & Professional Ethics,2019,17.0
380104,Applied & Professional Ethics,2020,59.0
380104,Applied & Professional Ethics,2021,31.0
380104,Applied & Professional Ethics,2022,52.0
380104,Applied & Professional Ethics,2023,50.0
380104,Applied & Professional Ethics,2024,44.0
380199,Other Philosophy,2012,7.0
380199,Other Philosophy,2013,3.0
380199,Other Philosophy,2014,1.0
380199,Other Philosophy,2015,3.0
380199,Other Philosophy,2016,1.0
380199,Other Philosophy,2017,10.0
380199,Other Philosophy,2018,8.0
380199,Other Philosophy,2019,12.0
380199,Other Philosophy,2020,6.0
380199,Other Philosophy,2021,5.0
380199,Other Philosophy,2022,16.0
380199,Other Philosophy,2023,14.0
380199,Other Philosophy,2024,9.0
380201,Religious Studies,2012,626.0
380201,Religious Studies,2013,608.0
380201,Religious Studies,2014,546.0
380201,Religious Studies,2015,548.0
380201,Religious Studies,2016,542.0
380201,Religious Studies,2017,460.0
380201,Religious Studies,2018,490.0
380201,Religious Studies,2019,488.0
380201,Religious Studies,2020,439.0
380201,Religious Studies,2021,426.0
380201,Religious Studies,2022,441.0
380201,Religious Studies,2023,350.0
380201,Religious Studies,2024,331.0
380202,Buddhist Studies,2012,0.0
380202,Buddhist Studies,2013,0.0
380202,Buddhist Studies,2014,2.0
380202,Buddhist Studies,2015,2.0
380202,Buddhist Studies,2016,0.0
380202,Buddhist Studies,2017,5.0
380202,Buddhist Studies,2018,5.0
380202,Buddhist Studies,2019,2.0
380202,Buddhist Studies,2020,3.0
380202,Buddhist Studies,2021,1.0
380202,Buddhist Studies,2022,3.0
380202,Buddhist Studies,2023,1.0
380202,Buddhist Studies,2024,9.0
380203,Christian Studies,2012,252.0
380203,Christian Studies,2013,245.0
380203,Christian Studies,2014,357.0
380203,Christian Studies,2015,199.0
380203,Christian Studies,2016,186.0
380203,Christian Studies,2017,216.0
380203,Christian Studies,2018,214.0
380203,Christian Studies,2019,204.0
380203,Christian Studies,2020,221.0
380203,Christian Studies,2021,293.0
380203,Christian Studies,2022,270.0
380203,Christian Studies,2023,251.0
380203,Christian Studies,2024,245.0
380204,Hindu Studies,2016,1.0
380204,Hindu Studies,2017,0.0
380204,Hindu Studies,2018,0.0
380204,Hindu Studies,2019,0.0
380204,Hindu Studies,2020,0.0
380204,Hindu Studies,2021,0.0
380205,Islamic Studies,2012,13.0
380205,Islamic Studies,2013,7.0
380205,Islamic Studies,2014,13.0
380205,Islamic Studies,2015,12.0
380205,Islamic Studies,2016,18.0
380205,Islamic Studies,2017,17.0
380205,Islamic Studies,2018,20.0
380205,Islamic Studies,2019,15.0
380205,Islamic Studies,2020,24.0
380205,Islamic Studies,2021,31.0
380205,Islamic Studies,2022,14.0
380205,Islamic Studies,2023,11.0
380205,Islamic Studies,2024,22.0
380206,Judaic Studies,2012,64.0
380206,Judaic Studies,2013,86.0
380206,Judaic Studies,2014,85.0
380206,Judaic Studies,2015,139.0
380206,Judaic Studies,2016,92.0
380206,Judaic Studies,2017,91.0
380206,Judaic Studies,2018,89.0
380206,Judaic Studies,2019,94.0
380206,Judaic Studies,2020,88.0
380206,Judaic Studies,2021,89.0
380206,Judaic Studies,2022,90.0
380206,Judaic Studies,2023,95.0
380206,Judaic Studies,2024,99.0
380207,Talmudic Studies,2020,481.0
380207,Talmudic Studies,2021,307.0
380207,Talmudic Studies,2022,473.0
380207,Talmudic Studies,2023,716.0
380207,Talmudic Studies,2024,579.0
380208,Catholic Studies,2020,7.0
380208,Catholic Studies,2021,4.0
380208,Catholic Studies,2022,15.0
380208,Catholic Studies,2023,31.0
380208,Catholic Studies,2024,35.0
380299,Other Religious Studies,2012,66.0
380299,Other Religious Studies,2013,36.0
380299,Other Religious Studies,2014,45.0
380299,Other Religious Studies,2015,44.0
380299,Other Religious Studies,2016,29.0
380299,Other Religious Studies,2017,29.0
380299,Other Religious Studies,2018,41.0
380299,Other Religious Studies,2019,25.0
380299,Other Religious Studies,2020,27.0
380299,Other Religious Studies,2021,34.0
380299,Other Religious Studies,2022,26.0
380299,Other Religious Studies,2023,12.0
380299,Other Religious Studies,2024,21.0
389999,Other Philosophy & Religious Studies,2012,123.0
389999,Other Philosophy & Religious Studies,2013,126.0
389999,Other Philosophy & Religious Studies,2014,108.0
389999,Other Philosophy & Religious Studies,2015,118.0
389999,Other Philosophy & Religious Studies,2016,89.0
389999,Other Philosophy & Religious Studies,2017,79.0
389999,Other Philosophy & Religious Studies,2018,67.0
389999,Other Philosophy & Religious Studies,2019,82.0
389999,Other Philosophy & Religious Studies,2020,86.0
389999,Other Philosophy & Religious Studies,2021,98.0
389999,Other Philosophy & Religious Studies,2022,73.0
389999,Other Philosophy & Religious Studies,2023,92.0
389999,Other Philosophy & Religious Studies,2024,86.0
390201,Biblical Studies,2012,517.0
390201,Biblical Studies,2013,532.0
390201,Biblical Studies,2014,523.0
390201,Biblical Studies,2015,571.0
390201,Biblical Studies,2016,595.0
390201,Biblical Studies,2017,681.0
390201,Biblical Studies,2018,757.0
390201,Biblical Studies,2019,682.0
390201,Biblical Studies,2020,774.0
390201,Biblical Studies,2021,844.0
390201,Biblical Studies,2022,764.0
390201,Biblical Studies,2023,781.0
390201,Biblical Studies,2024,730.0
390301,Missionary Studies & Missiology,2012,289.0
390301,Missionary Studies & Missiology,2013,329.0
390301,Missionary Studies & Missiology,2014,293.0
390301,Missionary Studies & Missiology,2015,273.0
390301,Missionary Studies & Missiology,2016,333.0
390301,Missionary Studies & Missiology,2017,330.0
390301,Missionary Studies & Missiology,2018,424.0
390301,Missionary Studies & Missiology,2019,319.0
390301,Missionary Studies & Missiology,2020,332.0
390301,Missionary Studies & Missiology,2021,294.0
390301,Missionary Studies & Missiology,2022,299.0
390301,Missionary Studies & Missiology,2023,308.0
390301,Missionary Studies & Missiology,2024,343.0
390302,Church Planting,2021,0.0
390302,Church Planting,2022,0.0
390302,Church Planting,2023,4.0
390302,Church Planting,2024,9.0
390401,Religious Education,2012,610.0
390401,Religious Education,2013,529.0
390401,Religious Education,2014,536.0
390401,Religious Education,2015,696.0
390401,Religious Education,2016,616.0
390401,Religious Education,2017,550.0
390401,Religious Education,2018,586.0
390401,Religious Education,2019,523.0
390401,Religious Education,2020,506.0
390401,Religious Education,2021,570.0
390401,Religious Education,2022,456.0
390401,Religious Education,2023,425.0
390401,Religious Education,2024,416.0
390501,Religious & Sacred Music,2012,119.0
390501,Religious & Sacred Music,2013,126.0
390501,Religious & Sacred Music,2014,121.0
390501,Religious & Sacred Music,2015,123.0
390501,Religious & Sacred Music,2016,109.0
390501,Religious & Sacred Music,2017,125.0
390501,Religious & Sacred Music,2018,96.0
390501,Religious & Sacred Music,2019,114.0
390501,Religious & Sacred Music,2020,123.0
390501,Religious & Sacred Music,2021,109.0
390501,Religious & Sacred Music,2022,105.0
390501,Religious & Sacred Music,2023,108.0
390501,Religious & Sacred Music,2024,107.0
390502,Worship Ministry,2020,0.0
390502,Worship Ministry,2021,14.0
390502,Worship Ministry,2022,8.0
390502,Worship Ministry,2023,23.0
390502,Worship Ministry,2024,10.0
390599,"Religious Music And Worship, Other",2021,1.0
390599,"Religious Music And Worship, Other",2022,0.0
390599,"Religious Music And Worship, Other",2023,3.0
390599,"Religious Music And Worship, Other",2024,1.0
390601,Theological Studies,2012,4092.0
390601,Theological Studies,2013,4028.0
390601,Theological Studies,2014,4130.0
390601,Theological Studies,2015,4015.0
390601,Theological Studies,2016,4349.0
390601,Theological Studies,2017,4013.0
390601,Theological Studies,2018,4056.0
390601,Theological Studies,2019,4142.0
390601,Theological Studies,2020,3700.0
390601,Theological Studies,2021,3814.0
390601,Theological Studies,2022,3734.0
390601,Theological Studies,2023,3785.0
390601,Theological Studies,2024,3719.0
390602,Divinity & Ministry,2012,5224.0
390602,Divinity & Ministry,2013,6017.0
390602,Divinity & Ministry,2014,6001.0
390602,Divinity & Ministry,2015,6136.0
390602,Divinity & Ministry,2016,5942.0
390602,Divinity & Ministry,2017,5602.0
390602,Divinity & Ministry,2018,5611.0
390602,Divinity & Ministry,2019,5636.0
390602,Divinity & Ministry,2020,5372.0
390602,Divinity & Ministry,2021,5606.0
390602,Divinity & Ministry,2022,5288.0
390602,Divinity & Ministry,2023,5094.0
390602,Divinity & Ministry,2024,4958.0
390604,Pre-Theology & Pre-Ministerial Studies,2012,0.0
390604,Pre-Theology & Pre-Ministerial Studies,2013,0.0
390604,Pre-Theology & Pre-Ministerial Studies,2014,2.0
390604,Pre-Theology & Pre-Ministerial Studies,2015,2.0
390604,Pre-Theology & Pre-Ministerial Studies,2016,4.0
390604,Pre-Theology & Pre-Ministerial Studies,2017,2.0
390604,Pre-Theology & Pre-Ministerial Studies,2018,10.0
390604,Pre-Theology & Pre-Ministerial Studies,2019,11.0
390604,Pre-Theology & Pre-Ministerial Studies,2020,36.0
390604,Pre-Theology & Pre-Ministerial Studies,2021,14.0
390604,Pre-Theology & Pre-Ministerial Studies,2022,14.0
390604,Pre-Theology & Pre-Ministerial Studies,2023,9.0
390604,Pre-Theology & Pre-Ministerial Studies,2024,7.0
390605,Rabbinical Studies,2012,136.0
390605,Rabbinical Studies,2013,111.0
390605,Rabbinical Studies,2014,109.0
390605,Rabbinical Studies,2015,117.0
390605,Rabbinical Studies,2016,92.0
390605,Rabbinical Studies,2017,115.0
390605,Rabbinical Studies,2018,96.0
390605,Rabbinical Studies,2019,98.0
390605,Rabbinical Studies,2020,97.0
390605,Rabbinical Studies,2021,93.0
390605,Rabbinical Studies,2022,99.0
390605,Rabbinical Studies,2023,98.0
390605,Rabbinical Studies,2024,91.0
390606,Talmudic Studies,2012,429.0
390606,Talmudic Studies,2013,463.0
390606,Talmudic Studies,2014,465.0
390606,Talmudic Studies,2015,500.0
390606,Talmudic Studies,2016,471.0
390606,Talmudic Studies,2017,486.0
390606,Talmudic Studies,2018,502.0
390606,Talmudic Studies,2019,589.0
390699,Other Theological & Ministerial Studies,2012,582.0
390699,Other Theological & Ministerial Studies,2013,743.0
390699,Other Theological & Ministerial Studies,2014,696.0
390699,Other Theological & Ministerial Studies,2015,716.0
390699,Other Theological & Ministerial Studies,2016,721.0
390699,Other Theological & Ministerial Studies,2017,774.0
390699,Other Theological & Ministerial Studies,2018,709.0
390699,Other Theological & Ministerial Studies,2019,754.0
390699,Other Theological & Ministerial Studies,2020,822.0
390699,Other Theological & Ministerial Studies,2021,942.0
390699,Other Theological & Ministerial Studies,2022,866.0
390699,Other Theological & Ministerial Studies,2023,886.0
390699,Other Theological & Ministerial Studies,2024,778.0
390701,Pastoral Studies & Counseling,2012,776.0
390701,Pastoral Studies & Counseling,2013,830.0
390701,Pastoral Studies & Counseling,2014,843.0
390701,Pastoral Studies & Counseling,2015,713.0
390701,Pastoral Studies & Counseling,2016,670.0
390701,Pastoral Studies & Counseling,2017,707.0
390701,Pastoral Studies & Counseling,2018,638.0
390701,Pastoral Studies & Counseling,2019,670.0
390701,Pastoral Studies & Counseling,2020,650.0
390701,Pastoral Studies & Counseling,2021,684.0
390701,Pastoral Studies & Counseling,2022,672.0
390701,Pastoral Studies & Counseling,2023,688.0
390701,Pastoral Studies & Counseling,2024,612.0
390702,Youth Ministry,2012,68.0
390702,Youth Ministry,2013,79.0
390702,Youth Ministry,2014,55.0
390702,Youth Ministry,2015,57.0
390702,Youth Ministry,2016,50.0
390702,Youth Ministry,2017,46.0
390702,Youth Ministry,2018,46.0
390702,Youth Ministry,2019,40.0
390702,Youth Ministry,2020,38.0
390702,Youth Ministry,2021,49.0
390702,Youth Ministry,2022,41.0
390702,Youth Ministry,2023,29.0
390702,Youth Ministry,2024,30.0
390703,Urban Ministry,2012,51.0
390703,Urban Ministry,2013,32.0
390703,Urban Ministry,2014,23.0
390703,Urban Ministry,2015,48.0
390703,Urban Ministry,2016,36.0
390703,Urban Ministry,2017,26.0
390703,Urban Ministry,2018,38.0
390703,Urban Ministry,2019,30.0
390703,Urban Ministry,2020,22.0
390703,Urban Ministry,2021,25.0
390703,Urban Ministry,2022,23.0
390703,Urban Ministry,2023,13.0
390703,Urban Ministry,2024,10.0
390704,Women's Ministry,2012,0.0
390704,Women's Ministry,2013,0.0
390704,Women's Ministry,2014,0.0
390704,Women's Ministry,2015,0.0
390704,Women's Ministry,2016,0.0
390704,Women's Ministry,2017,2.0
390704,Women's Ministry,2018,4.0
390704,Women's Ministry,2019,5.0
390704,Women's Ministry,2020,2.0
390704,Women's Ministry,2021,10.0
390704,Women's Ministry,2022,10.0
390704,Women's Ministry,2023,7.0
390704,Women's Ministry,2024,11.0
390705,Lay Ministry,2012,68.0
390705,Lay Ministry,2013,57.0
390705,Lay Ministry,2014,79.0
390705,Lay Ministry,2015,56.0
390705,Lay Ministry,2016,128.0
390705,Lay Ministry,2017,89.0
390705,Lay Ministry,2018,122.0
390705,Lay Ministry,2019,152.0
390705,Lay Ministry,2020,166.0
390705,Lay Ministry,2021,188.0
390705,Lay Ministry,2022,298.0
390705,Lay Ministry,2023,260.0
390705,Lay Ministry,2024,317.0
390706,Chaplain/Chaplaincy Studies,2020,27.0
390706,Chaplain/Chaplaincy Studies,2021,17.0
390706,Chaplain/Chaplaincy Studies,2022,14.0
390706,Chaplain/Chaplaincy Studies,2023,24.0
390706,Chaplain/Chaplaincy Studies,2024,30.0
390799,Other Pastoral Counseling & Specialized Ministries,2012,150.0
390799,Other Pastoral Counseling & Specialized Ministries,2013,188.0
390799,Other Pastoral Counseling & Specialized Ministries,2014,211.0
390799,Other Pastoral Counseling & Specialized Ministries,2015,222.0
390799,Other Pastoral Counseling & Specialized Ministries,2016,239.0
390799,Other Pastoral Counseling & Specialized Ministries,2017,230.0
390799,Other Pastoral Counseling & Specialized Ministries,2018,207.0
390799,Other Pastoral Counseling & Specialized Ministries,2019,203.0
390799,Other Pastoral Counseling & Specialized Ministries,2020,163.0
390799,Other Pastoral Counseling & Specialized Ministries,2021,218.0
390799,Other Pastoral Counseling & Specialized Ministries,2022,163.0
390799,Other Pastoral Counseling & Specialized Ministries,2023,206.0
390799,Other Pastoral Counseling & Specialized Ministries,2024,212.0
390801,Religious Institution Administration And Management,2020,18.0
390801,Religious Institution Administration And Management,2021,23.0
390801,Religious Institution Administration And Management,2022,31.0
390801,Religious Institution Administration And Management,2023,41.0
390801,Religious Institution Administration And Management,2024,39.0
399999,Other Theology & Religious Vocations,2012,551.0
399999,Other Theology & Religious Vocations,2013,620.0
399999,Other Theology & Religious Vocations,2014,608.0
399999,Other Theology & Religious Vocations,2015,667.0
399999,Other Theology & Religious Vocations,2016,768.0
399999,Other Theology & Religious Vocations,2017,523.0
399999,Other Theology & Religious Vocations,2018,604.0
399999,Other Theology & Religious Vocations,2019,626.0
399999,Other Theology & Religious Vocations,2020,579.0
399999,Other Theology & Religious Vocations,2021,512.0
399999,Other Theology & Religious Vocations,2022,551.0
399999,Other Theology & Religious Vocations,2023,518.0
399999,Other Theology & Religious Vocations,2024,573.0
400101,Physical Sciences,2012,63.0
400101,Physical Sciences,2013,58.0
400101,Physical Sciences,2014,58.0
400101,Physical Sciences,2015,58.0
400101,Physical Sciences,2016,49.0
400101,Physical Sciences,2017,78.0
400101,Physical Sciences,2018,49.0
400101,Physical Sciences,2019,82.0
400101,Physical Sciences,2020,41.0
400101,Physical Sciences,2021,75.0
400101,Physical Sciences,2022,75.0
400101,Physical Sciences,2023,50.0
400101,Physical Sciences,2024,36.0
400201,Astronomy,2012,101.0
400201,Astronomy,2013,98.0
400201,Astronomy,2014,103.0
400201,Astronomy,2015,102.0
400201,Astronomy,2016,85.0
400201,Astronomy,2017,100.0
400201,Astronomy,2018,90.0
400201,Astronomy,2019,141.0
400201,Astronomy,2020,115.0
400201,Astronomy,2021,98.0
400201,Astronomy,2022,104.0
400201,Astronomy,2023,164.0
400201,Astronomy,2024,128.0
400202,Astrophysics,2012,15.0
400202,Astrophysics,2013,47.0
400202,Astrophysics,2014,33.0
400202,Astrophysics,2015,20.0
400202,Astrophysics,2016,27.0
400202,Astrophysics,2017,42.0
400202,Astrophysics,2018,27.0
400202,Astrophysics,2019,55.0
400202,Astrophysics,2020,44.0
400202,Astrophysics,2021,65.0
400202,Astrophysics,2022,31.0
400202,Astrophysics,2023,48.0
400202,Astrophysics,2024,49.0
400203,Planetary Astronomy & Science,2012,6.0
400203,Planetary Astronomy & Science,2013,16.0
400203,Planetary Astronomy & Science,2014,12.0
400203,Planetary Astronomy & Science,2015,19.0
400203,Planetary Astronomy & Science,2016,17.0
400203,Planetary Astronomy & Science,2017,15.0
400203,Planetary Astronomy & Science,2018,12.0
400203,Planetary Astronomy & Science,2019,20.0
400203,Planetary Astronomy & Science,2020,20.0
400203,Planetary Astronomy & Science,2021,16.0
400203,Planetary Astronomy & Science,2022,25.0
400203,Planetary Astronomy & Science,2023,22.0
400203,Planetary Astronomy & Science,2024,21.0
400299,Other Astronomy & Astrophysics,2012,5.0
400299,Other Astronomy & Astrophysics,2013,9.0
400299,Other Astronomy & Astrophysics,2014,12.0
400299,Other Astronomy & Astrophysics,2015,15.0
400299,Other Astronomy & Astrophysics,2016,12.0
400299,Other Astronomy & Astrophysics,2017,12.0
400299,Other Astronomy & Astrophysics,2018,16.0
400299,Other Astronomy & Astrophysics,2019,9.0
400299,Other Astronomy & Astrophysics,2020,16.0
400299,Other Astronomy & Astrophysics,2021,8.0
400299,Other Astronomy & Astrophysics,2022,13.0
400299,Other Astronomy & Astrophysics,2023,19.0
400299,Other Astronomy & Astrophysics,2024,13.0
400401,General Atmospheric Sciences & Meteorology,2012,217.0
400401,General Atmospheric Sciences & Meteorology,2013,219.0
400401,General Atmospheric Sciences & Meteorology,2014,249.0
400401,General Atmospheric Sciences & Meteorology,2015,231.0
400401,General Atmospheric Sciences & Meteorology,2016,209.0
400401,General Atmospheric Sciences & Meteorology,2017,219.0
400401,General Atmospheric Sciences & Meteorology,2018,242.0
400401,General Atmospheric Sciences & Meteorology,2019,216.0
400401,General Atmospheric Sciences & Meteorology,2020,209.0
400401,General Atmospheric Sciences & Meteorology,2021,185.0
400401,General Atmospheric Sciences & Meteorology,2022,173.0
400401,General Atmospheric Sciences & Meteorology,2023,223.0
400401,General Atmospheric Sciences & Meteorology,2024,227.0
400402,Atmospheric Chemistry and Climatology,2023,1.0
400402,Atmospheric Chemistry and Climatology,2024,1.0
400403,Atmospheric Physics & Dynamics,2012,0.0
400403,Atmospheric Physics & Dynamics,2013,1.0
400403,Atmospheric Physics & Dynamics,2014,0.0
400403,Atmospheric Physics & Dynamics,2015,1.0
400403,Atmospheric Physics & Dynamics,2016,0.0
400403,Atmospheric Physics & Dynamics,2017,1.0
400403,Atmospheric Physics & Dynamics,2018,1.0
400403,Atmospheric Physics & Dynamics,2019,0.0
400403,Atmospheric Physics & Dynamics,2020,1.0
400403,Atmospheric Physics & Dynamics,2021,0.0
400403,Atmospheric Physics & Dynamics,2022,1.0
400403,Atmospheric Physics & Dynamics,2023,0.0
400403,Atmospheric Physics & Dynamics,2024,0.0
400404,Meteorology,2012,51.0
400404,Meteorology,2013,33.0
400404,Meteorology,2014,29.0
400404,Meteorology,2015,34.0
400404,Meteorology,2016,25.0
400404,Meteorology,2017,31.0
400404,Meteorology,2018,16.0
400404,Meteorology,2019,20.0
400404,Meteorology,2020,15.0
400404,Meteorology,2021,27.0
400404,Meteorology,2022,32.0
400404,Meteorology,2023,31.0
400404,Meteorology,2024,32.0
400499,Other Atmospheric Sciences & Meteorology,2012,3.0
400499,Other Atmospheric Sciences & Meteorology,2013,7.0
400499,Other Atmospheric Sciences & Meteorology,2014,1.0
400499,Other Atmospheric Sciences & Meteorology,2015,0.0
400499,Other Atmospheric Sciences & Meteorology,2016,2.0
400499,Other Atmospheric Sciences & Meteorology,2017,1.0
400499,Other Atmospheric Sciences & Meteorology,2018,2.0
400499,Other Atmospheric Sciences & Meteorology,2019,2.0
400499,Other Atmospheric Sciences & Meteorology,2020,2.0
400499,Other Atmospheric Sciences & Meteorology,2021,1.0
400499,Other Atmospheric Sciences & Meteorology,2022,3.0
400499,Other Atmospheric Sciences & Meteorology,2023,3.0
400499,Other Atmospheric Sciences & Meteorology,2024,8.0
400501,General Chemistry,2012,2311.0
400501,General Chemistry,2013,2264.0
400501,General Chemistry,2014,2241.0
400501,General Chemistry,2015,2314.0
400501,General Chemistry,2016,2329.0
400501,General Chemistry,2017,2371.0
400501,General Chemistry,2018,2270.0
400501,General Chemistry,2019,2229.0
400501,General Chemistry,2020,2145.0
400501,General Chemistry,2021,2104.0
400501,General Chemistry,2022,2207.0
400501,General Chemistry,2023,2285.0
400501,General Chemistry,2024,2389.0
400502,Analytical Chemistry,2012,37.0
400502,Analytical Chemistry,2013,41.0
400502,Analytical Chemistry,2014,23.0
400502,Analytical Chemistry,2015,18.0
400502,Analytical Chemistry,2016,23.0
400502,Analytical Chemistry,2017,23.0
400502,Analytical Chemistry,2018,28.0
400502,Analytical Chemistry,2019,17.0
400502,Analytical Chemistry,2020,15.0
400502,Analytical Chemistry,2021,22.0
400502,Analytical Chemistry,2022,17.0
400502,Analytical Chemistry,2023,15.0
400502,Analytical Chemistry,2024,15.0
400503,Inorganic Chemistry,2015,1.0
400503,Inorganic Chemistry,2016,1.0
400503,Inorganic Chemistry,2017,0.0
400503,Inorganic Chemistry,2018,1.0
400503,Inorganic Chemistry,2019,0.0
400503,Inorganic Chemistry,2020,1.0
400503,Inorganic Chemistry,2021,0.0
400503,Inorganic Chemistry,2022,1.0
400503,Inorganic Chemistry,2023,0.0
400503,Inorganic Chemistry,2024,0.0
400504,Organic Chemistry,2013,2.0
400504,Organic Chemistry,2014,2.0
400504,Organic Chemistry,2015,1.0
400504,Organic Chemistry,2016,2.0
400504,Organic Chemistry,2017,3.0
400504,Organic Chemistry,2018,0.0
400504,Organic Chemistry,2019,3.0
400504,Organic Chemistry,2020,1.0
400504,Organic Chemistry,2021,0.0
400504,Organic Chemistry,2022,0.0
400504,Organic Chemistry,2023,0.0
400504,Organic Chemistry,2024,2.0
400506,Physical Chemistry,2012,1.0
400506,Physical Chemistry,2013,0.0
400506,Physical Chemistry,2014,1.0
400506,Physical Chemistry,2015,0.0
400506,Physical Chemistry,2016,2.0
400506,Physical Chemistry,2017,0.0
400506,Physical Chemistry,2018,0.0
400506,Physical Chemistry,2019,1.0
400506,Physical Chemistry,2020,2.0
400506,Physical Chemistry,2021,0.0
400506,Physical Chemistry,2022,0.0
400506,Physical Chemistry,2023,1.0
400506,Physical Chemistry,2024,0.0
400507,Polymer Chemistry,2012,15.0
400507,Polymer Chemistry,2013,32.0
400507,Polymer Chemistry,2014,51.0
400507,Polymer Chemistry,2015,46.0
400507,Polymer Chemistry,2016,51.0
400507,Polymer Chemistry,2017,60.0
400507,Polymer Chemistry,2018,63.0
400507,Polymer Chemistry,2019,66.0
400507,Polymer Chemistry,2020,34.0
400507,Polymer Chemistry,2021,55.0
400507,Polymer Chemistry,2022,37.0
400507,Polymer Chemistry,2023,51.0
400507,Polymer Chemistry,2024,49.0
400508,Chemical Physics,2012,4.0
400508,Chemical Physics,2013,4.0
400508,Chemical Physics,2014,1.0
400508,Chemical Physics,2015,7.0
400508,Chemical Physics,2016,14.0
400508,Chemical Physics,2017,7.0
400508,Chemical Physics,2018,6.0
400508,Chemical Physics,2019,8.0
400508,Chemical Physics,2020,9.0
400508,Chemical Physics,2021,14.0
400508,Chemical Physics,2022,6.0
400508,Chemical Physics,2023,0.0
400508,Chemical Physics,2024,2.0
400509,Environmental Chemistry,2014,1.0
400509,Environmental Chemistry,2015,6.0
400509,Environmental Chemistry,2016,3.0
400509,Environmental Chemistry,2017,1.0
400509,Environmental Chemistry,2018,3.0
400509,Environmental Chemistry,2019,3.0
400509,Environmental Chemistry,2020,12.0
400509,Environmental Chemistry,2021,11.0
400509,Environmental Chemistry,2022,8.0
400509,Environmental Chemistry,2023,3.0
400509,Environmental Chemistry,2024,4.0
400510,Forensic Chemistry,2017,1.0
400510,Forensic Chemistry,2018,6.0
400510,Forensic Chemistry,2019,6.0
400510,Forensic Chemistry,2020,5.0
400510,Forensic Chemistry,2021,11.0
400510,Forensic Chemistry,2022,16.0
400510,Forensic Chemistry,2023,27.0
400510,Forensic Chemistry,2024,23.0
400599,Other Chemistry,2012,60.0
400599,Other Chemistry,2013,52.0
400599,Other Chemistry,2014,44.0
400599,Other Chemistry,2015,37.0
400599,Other Chemistry,2016,32.0
400599,Other Chemistry,2017,29.0
400599,Other Chemistry,2018,25.0
400599,Other Chemistry,2019,27.0
400599,Other Chemistry,2020,20.0
400599,Other Chemistry,2021,29.0
400599,Other Chemistry,2022,21.0
400599,Other Chemistry,2023,31.0
400599,Other Chemistry,2024,56.0
400601,General Geology & Earch Science,2012,1323.0
400601,General Geology & Earch Science,2013,1405.0
400601,General Geology & Earch Science,2014,1430.0
400601,General Geology & Earch Science,2015,1459.0
400601,General Geology & Earch Science,2016,1403.0
400601,General Geology & Earch Science,2017,1391.0
400601,General Geology & Earch Science,2018,1314.0
400601,General Geology & Earch Science,2019,1357.0
400601,General Geology & Earch Science,2020,1233.0
400601,General Geology & Earch Science,2021,1154.0
400601,General Geology & Earch Science,2022,1164.0
400601,General Geology & Earch Science,2023,1122.0
400601,General Geology & Earch Science,2024,1173.0
400602,Geochemistry,2012,16.0
400602,Geochemistry,2013,7.0
400602,Geochemistry,2014,6.0
400602,Geochemistry,2015,5.0
400602,Geochemistry,2016,6.0
400602,Geochemistry,2017,4.0
400602,Geochemistry,2018,5.0
400602,Geochemistry,2019,14.0
400602,Geochemistry,2020,9.0
400602,Geochemistry,2021,12.0
400602,Geochemistry,2022,3.0
400602,Geochemistry,2023,8.0
400602,Geochemistry,2024,11.0
400603,Geophysics & Seismology,2012,104.0
400603,Geophysics & Seismology,2013,122.0
400603,Geophysics & Seismology,2014,134.0
400603,Geophysics & Seismology,2015,124.0
400603,Geophysics & Seismology,2016,113.0
400603,Geophysics & Seismology,2017,121.0
400603,Geophysics & Seismology,2018,99.0
400603,Geophysics & Seismology,2019,86.0
400603,Geophysics & Seismology,2020,70.0
400603,Geophysics & Seismology,2021,79.0
400603,Geophysics & Seismology,2022,65.0
400603,Geophysics & Seismology,2023,56.0
400603,Geophysics & Seismology,2024,67.0
400604,Paleontology,2012,1.0
400604,Paleontology,2013,2.0
400604,Paleontology,2014,4.0
400604,Paleontology,2015,3.0
400604,Paleontology,2016,6.0
400604,Paleontology,2017,1.0
400604,Paleontology,2018,4.0
400604,Paleontology,2019,3.0
400604,Paleontology,2020,2.0
400604,Paleontology,2021,2.0
400604,Paleontology,2022,3.0
400604,Paleontology,2023,7.0
400604,Paleontology,2024,3.0
400605,Hydrology & Water Resources Science,2012,66.0
400605,Hydrology & Water Resources Science,2013,69.0
400605,Hydrology & Water Resources Science,2014,67.0
400605,Hydrology & Water Resources Science,2015,86.0
400605,Hydrology & Water Resources Science,2016,89.0
400605,Hydrology & Water Resources Science,2017,94.0
400605,Hydrology & Water Resources Science,2018,87.0
400605,Hydrology & Water Resources Science,2019,103.0
400605,Hydrology & Water Resources Science,2020,102.0
400605,Hydrology & Water Resources Science,2021,97.0
400605,Hydrology & Water Resources Science,2022,93.0
400605,Hydrology & Water Resources Science,2023,98.0
400605,Hydrology & Water Resources Science,2024,99.0
400607,Chemical & Physical Oceanography,2012,159.0
400607,Chemical & Physical Oceanography,2013,149.0
400607,Chemical & Physical Oceanography,2014,155.0
400607,Chemical & Physical Oceanography,2015,147.0
400607,Chemical & Physical Oceanography,2016,155.0
400607,Chemical & Physical Oceanography,2017,168.0
400607,Chemical & Physical Oceanography,2018,155.0
400607,Chemical & Physical Oceanography,2019,146.0
400607,Chemical & Physical Oceanography,2020,160.0
400607,Chemical & Physical Oceanography,2021,182.0
400607,Chemical & Physical Oceanography,2022,194.0
400607,Chemical & Physical Oceanography,2023,175.0
400607,Chemical & Physical Oceanography,2024,204.0
400699,Other Geological & Earth Sciences,2012,154.0
400699,Other Geological & Earth Sciences,2013,106.0
400699,Other Geological & Earth Sciences,2014,144.0
400699,Other Geological & Earth Sciences,2015,143.0
400699,Other Geological & Earth Sciences,2016,152.0
400699,Other Geological & Earth Sciences,2017,173.0
400699,Other Geological & Earth Sciences,2018,161.0
400699,Other Geological & Earth Sciences,2019,169.0
400699,Other Geological & Earth Sciences,2020,144.0
400699,Other Geological & Earth Sciences,2021,137.0
400699,Other Geological & Earth Sciences,2022,139.0
400699,Other Geological & Earth Sciences,2023,146.0
400699,Other Geological & Earth Sciences,2024,134.0
400801,General Physics,2012,1696.0
400801,General Physics,2013,1768.0
400801,General Physics,2014,1682.0
400801,General Physics,2015,1703.0
400801,General Physics,2016,1691.0
400801,General Physics,2017,1628.0
400801,General Physics,2018,1896.0
400801,General Physics,2019,1686.0
400801,General Physics,2020,1782.0
400801,General Physics,2021,1643.0
400801,General Physics,2022,1725.0
400801,General Physics,2023,1774.0
400801,General Physics,2024,1938.0
400802,Atomic & Molecular Physics,2012,11.0
400802,Atomic & Molecular Physics,2013,10.0
400802,Atomic & Molecular Physics,2014,3.0
400802,Atomic & Molecular Physics,2015,12.0
400802,Atomic & Molecular Physics,2016,21.0
400802,Atomic & Molecular Physics,2017,13.0
400802,Atomic & Molecular Physics,2018,11.0
400802,Atomic & Molecular Physics,2019,3.0
400802,Atomic & Molecular Physics,2020,5.0
400802,Atomic & Molecular Physics,2021,1.0
400802,Atomic & Molecular Physics,2022,3.0
400802,Atomic & Molecular Physics,2023,7.0
400802,Atomic & Molecular Physics,2024,4.0
400804,Elementary Particle Physics,2013,1.0
400804,Elementary Particle Physics,2014,0.0
400804,Elementary Particle Physics,2015,0.0
400804,Elementary Particle Physics,2016,5.0
400804,Elementary Particle Physics,2017,1.0
400804,Elementary Particle Physics,2018,0.0
400804,Elementary Particle Physics,2019,0.0
400804,Elementary Particle Physics,2020,0.0
400804,Elementary Particle Physics,2021,1.0
400804,Elementary Particle Physics,2022,0.0
400804,Elementary Particle Physics,2023,1.0
400804,Elementary Particle Physics,2024,0.0
400806,Nuclear Physics,2013,1.0
400806,Nuclear Physics,2014,1.0
400806,Nuclear Physics,2015,0.0
400806,Nuclear Physics,2016,0.0
400806,Nuclear Physics,2017,0.0
400806,Nuclear Physics,2018,1.0
400806,Nuclear Physics,2019,0.0
400806,Nuclear Physics,2020,2.0
400806,Nuclear Physics,2021,1.0
400806,Nuclear Physics,2022,0.0
400806,Nuclear Physics,2023,0.0
400806,Nuclear Physics,2024,1.0
400807,Optical Sciences,2012,79.0
400807,Optical Sciences,2013,78.0
400807,Optical Sciences,2014,77.0
400807,Optical Sciences,2015,92.0
400807,Optical Sciences,2016,122.0
400807,Optical Sciences,2017,73.0
400807,Optical Sciences,2018,98.0
400807,Optical Sciences,2019,106.0
400807,Optical Sciences,2020,83.0
400807,Optical Sciences,2021,99.0
400807,Optical Sciences,2022,110.0
400807,Optical Sciences,2023,132.0
400807,Optical Sciences,2024,120.0
400808,Condensed Matter & Materials Physics,2012,1.0
400808,Condensed Matter & Materials Physics,2013,0.0
400808,Condensed Matter & Materials Physics,2014,2.0
400808,Condensed Matter & Materials Physics,2015,2.0
400808,Condensed Matter & Materials Physics,2016,2.0
400808,Condensed Matter & Materials Physics,2017,2.0
400808,Condensed Matter & Materials Physics,2018,3.0
400808,Condensed Matter & Materials Physics,2019,4.0
400808,Condensed Matter & Materials Physics,2020,4.0
400808,Condensed Matter & Materials Physics,2021,3.0
400808,Condensed Matter & Materials Physics,2022,0.0
400808,Condensed Matter & Materials Physics,2023,1.0
400808,Condensed Matter & Materials Physics,2024,0.0
400809,Acoustics,2012,17.0
400809,Acoustics,2013,21.0
400809,Acoustics,2014,19.0
400809,Acoustics,2015,20.0
400809,Acoustics,2016,23.0
400809,Acoustics,2017,25.0
400809,Acoustics,2018,32.0
400809,Acoustics,2019,59.0
400809,Acoustics,2020,69.0
400809,Acoustics,2021,54.0
400809,Acoustics,2022,52.0
400809,Acoustics,2023,85.0
400809,Acoustics,2024,67.0
400810,Theoretical & Mathematical Physics,2023,0.0
400810,Theoretical & Mathematical Physics,2024,0.0
400899,Other Physics,2012,85.0
400899,Other Physics,2013,120.0
400899,Other Physics,2014,107.0
400899,Other Physics,2015,110.0
400899,Other Physics,2016,113.0
400899,Other Physics,2017,124.0
400899,Other Physics,2018,119.0
400899,Other Physics,2019,140.0
400899,Other Physics,2020,148.0
400899,Other Physics,2021,147.0
400899,Other Physics,2022,154.0
400899,Other Physics,2023,152.0
400899,Other Physics,2024,154.0
401001,Materials Science,2012,183.0
401001,Materials Science,2013,182.0
401001,Materials Science,2014,201.0
401001,Materials Science,2015,176.0
401001,Materials Science,2016,242.0
401001,Materials Science,2017,228.0
401001,Materials Science,2018,238.0
401001,Materials Science,2019,252.0
401001,Materials Science,2020,285.0
401001,Materials Science,2021,248.0
401001,Materials Science,2022,228.0
401001,Materials Science,2023,258.0
401001,Materials Science,2024,250.0
401002,Materials Chemistry,2012,9.0
401002,Materials Chemistry,2013,12.0
401002,Materials Chemistry,2014,12.0
401002,Materials Chemistry,2015,20.0
401002,Materials Chemistry,2016,10.0
401002,Materials Chemistry,2017,11.0
401002,Materials Chemistry,2018,7.0
401002,Materials Chemistry,2019,9.0
401002,Materials Chemistry,2020,18.0
401002,Materials Chemistry,2021,14.0
401002,Materials Chemistry,2022,13.0
401002,Materials Chemistry,2023,8.0
401002,Materials Chemistry,2024,5.0
401099,Other Materials Sciences,2012,1.0
401099,Other Materials Sciences,2013,1.0
401099,Other Materials Sciences,2014,0.0
401099,Other Materials Sciences,2015,0.0
401099,Other Materials Sciences,2016,2.0
401099,Other Materials Sciences,2017,2.0
401099,Other Materials Sciences,2018,3.0
401099,Other Materials Sciences,2019,5.0
401099,Other Materials Sciences,2020,4.0
401099,Other Materials Sciences,2021,8.0
401099,Other Materials Sciences,2022,11.0
401099,Other Materials Sciences,2023,13.0
401099,Other Materials Sciences,2024,6.0
401101,Physics And Astronomy,2020,37.0
401101,Physics And Astronomy,2021,9.0
401101,Physics And Astronomy,2022,17.0
401101,Physics And Astronomy,2023,4.0
401101,Physics And Astronomy,2024,16.0
409999,Other Physical Sciences,2012,136.0
409999,Other Physical Sciences,2013,106.0
409999,Other Physical Sciences,2014,108.0
409999,Other Physical Sciences,2015,84.0
409999,Other Physical Sciences,2016,63.0
409999,Other Physical Sciences,2017,88.0
409999,Other Physical Sciences,2018,105.0
409999,Other Physical Sciences,2019,99.0
409999,Other Physical Sciences,2020,107.0
409999,Other Physical Sciences,2021,148.0
409999,Other Physical Sciences,2022,131.0
409999,Other Physical Sciences,2023,153.0
409999,Other Physical Sciences,2024,132.0
410000,General Science Technology,2018,7.0
410000,General Science Technology,2019,3.0
410000,General Science Technology,2020,12.0
410000,General Science Technology,2021,3.0
410000,General Science Technology,2022,8.0
410000,General Science Technology,2023,3.0
410000,General Science Technology,2024,1.0
410101,Biology Laboratory Technician,2019,0.0
410101,Biology Laboratory Technician,2020,4.0
410101,Biology Laboratory Technician,2021,3.0
410101,Biology Laboratory Technician,2022,1.0
410101,Biology Laboratory Technician,2023,3.0
410101,Biology Laboratory Technician,2024,2.0
410205,Nuclear Power Technology,2012,5.0
410205,Nuclear Power Technology,2013,5.0
410205,Nuclear Power Technology,2014,0.0
410205,Nuclear Power Technology,2015,5.0
410205,Nuclear Power Technology,2016,4.0
410205,Nuclear Power Technology,2017,0.0
410205,Nuclear Power Technology,2018,0.0
410205,Nuclear Power Technology,2019,0.0
410205,Nuclear Power Technology,2020,0.0
410205,Nuclear Power Technology,2021,0.0
410205,Nuclear Power Technology,2022,0.0
410205,Nuclear Power Technology,2023,0.0
410205,Nuclear Power Technology,2024,0.0
410301,Chemical Technology,2012,9.0
410301,Chemical Technology,2013,6.0
410301,Chemical Technology,2014,5.0
410301,Chemical Technology,2015,2.0
410301,Chemical Technology,2016,3.0
410301,Chemical Technology,2017,2.0
410301,Chemical Technology,2019,0.0
410301,Chemical Technology,2020,0.0
410301,Chemical Technology,2021,11.0
410301,Chemical Technology,2022,19.0
410301,Chemical Technology,2023,30.0
410301,Chemical Technology,2024,36.0
410303,Chemical Process Technology,2020,0.0
410303,Chemical Process Technology,2021,2.0
410303,Chemical Process Technology,2022,0.0
410303,Chemical Process Technology,2023,1.0
410303,Chemical Process Technology,2024,3.0
419999,Other Science Technologies,2012,27.0
419999,Other Science Technologies,2013,29.0
419999,Other Science Technologies,2014,29.0
419999,Other Science Technologies,2015,43.0
419999,Other Science Technologies,2016,76.0
419999,Other Science Technologies,2017,48.0
419999,Other Science Technologies,2018,58.0
419999,Other Science Technologies,2019,51.0
419999,Other Science Technologies,2020,49.0
419999,Other Science Technologies,2021,47.0
419999,Other Science Technologies,2022,48.0
419999,Other Science Technologies,2023,56.0
419999,Other Science Technologies,2024,51.0
420101,General Psychology,2012,6406.0
420101,General Psychology,2013,6344.0
420101,General Psychology,2014,6390.0
420101,General Psychology,2015,6142.0
420101,General Psychology,2016,6630.0
420101,General Psychology,2017,6349.0
420101,General Psychology,2018,6331.0
420101,General Psychology,2019,6210.0
420101,General Psychology,2020,5985.0
420101,General Psychology,2021,6330.0
420101,General Psychology,2022,6370.0
420101,General Psychology,2023,6995.0
420101,General Psychology,2024,6999.0
422701,Cognitive Psychology & Psycholinguistics,2012,10.0
422701,Cognitive Psychology & Psycholinguistics,2013,7.0
422701,Cognitive Psychology & Psycholinguistics,2014,5.0
422701,Cognitive Psychology & Psycholinguistics,2015,8.0
422701,Cognitive Psychology & Psycholinguistics,2016,33.0
422701,Cognitive Psychology & Psycholinguistics,2017,32.0
422701,Cognitive Psychology & Psycholinguistics,2018,26.0
422701,Cognitive Psychology & Psycholinguistics,2019,46.0
422701,Cognitive Psychology & Psycholinguistics,2020,38.0
422701,Cognitive Psychology & Psycholinguistics,2021,31.0
422701,Cognitive Psychology & Psycholinguistics,2022,37.0
422701,Cognitive Psychology & Psycholinguistics,2023,49.0
422701,Cognitive Psychology & Psycholinguistics,2024,61.0
422702,Comparative Psychology,2012,5.0
422702,Comparative Psychology,2013,5.0
422702,Comparative Psychology,2014,5.0
422702,Comparative Psychology,2015,15.0
422702,Comparative Psychology,2016,17.0
422702,Comparative Psychology,2017,19.0
422702,Comparative Psychology,2018,14.0
422702,Comparative Psychology,2019,13.0
422702,Comparative Psychology,2020,13.0
422702,Comparative Psychology,2021,24.0
422702,Comparative Psychology,2022,21.0
422702,Comparative Psychology,2023,16.0
422702,Comparative Psychology,2024,9.0
422703,Developmental & Child Psychology,2012,294.0
422703,Developmental & Child Psychology,2013,318.0
422703,Developmental & Child Psychology,2014,359.0
422703,Developmental & Child Psychology,2015,308.0
422703,Developmental & Child Psychology,2016,314.0
422703,Developmental & Child Psychology,2017,307.0
422703,Developmental & Child Psychology,2018,319.0
422703,Developmental & Child Psychology,2019,337.0
422703,Developmental & Child Psychology,2020,601.0
422703,Developmental & Child Psychology,2021,694.0
422703,Developmental & Child Psychology,2022,795.0
422703,Developmental & Child Psychology,2023,1169.0
422703,Developmental & Child Psychology,2024,1007.0
422704,Experimental Psychology,2012,149.0
422704,Experimental Psychology,2013,165.0
422704,Experimental Psychology,2014,180.0
422704,Experimental Psychology,2015,204.0
422704,Experimental Psychology,2016,244.0
422704,Experimental Psychology,2017,224.0
422704,Experimental Psychology,2018,274.0
422704,Experimental Psychology,2019,312.0
422704,Experimental Psychology,2020,336.0
422704,Experimental Psychology,2021,343.0
422704,Experimental Psychology,2022,398.0
422704,Experimental Psychology,2023,457.0
422704,Experimental Psychology,2024,334.0
422705,Personality Psychology,2012,6.0
422705,Personality Psychology,2013,3.0
422705,Personality Psychology,2014,7.0
422705,Personality Psychology,2015,11.0
422705,Personality Psychology,2016,2.0
422705,Personality Psychology,2017,10.0
422705,Personality Psychology,2018,8.0
422705,Personality Psychology,2019,5.0
422705,Personality Psychology,2020,6.0
422705,Personality Psychology,2021,5.0
422705,Personality Psychology,2022,9.0
422705,Personality Psychology,2023,8.0
422705,Personality Psychology,2024,4.0
422706,Physiological Psychology & Psychobiology,2012,13.0
422706,Physiological Psychology & Psychobiology,2013,26.0
422706,Physiological Psychology & Psychobiology,2014,28.0
422706,Physiological Psychology & Psychobiology,2015,35.0
422706,Physiological Psychology & Psychobiology,2016,44.0
422706,Physiological Psychology & Psychobiology,2017,53.0
422706,Physiological Psychology & Psychobiology,2018,42.0
422706,Physiological Psychology & Psychobiology,2019,28.0
422706,Physiological Psychology & Psychobiology,2020,37.0
422706,Physiological Psychology & Psychobiology,2021,41.0
422706,Physiological Psychology & Psychobiology,2022,47.0
422706,Physiological Psychology & Psychobiology,2023,49.0
422706,Physiological Psychology & Psychobiology,2024,55.0
422707,Social Psychology,2012,40.0
422707,Social Psychology,2013,49.0
422707,Social Psychology,2014,53.0
422707,Social Psychology,2015,173.0
422707,Social Psychology,2016,37.0
422707,Social Psychology,2017,36.0
422707,Social Psychology,2018,36.0
422707,Social Psychology,2019,41.0
422707,Social Psychology,2020,46.0
422707,Social Psychology,2021,41.0
422707,Social Psychology,2022,57.0
422707,Social Psychology,2023,63.0
422707,Social Psychology,2024,55.0
422708,Psychometrics & Quantitative Psychology,2012,15.0
422708,Psychometrics & Quantitative Psychology,2013,11.0
422708,Psychometrics & Quantitative Psychology,2014,14.0
422708,Psychometrics & Quantitative Psychology,2015,15.0
422708,Psychometrics & Quantitative Psychology,2016,14.0
422708,Psychometrics & Quantitative Psychology,2017,16.0
422708,Psychometrics & Quantitative Psychology,2018,19.0
422708,Psychometrics & Quantitative Psychology,2019,26.0
422708,Psychometrics & Quantitative Psychology,2020,33.0
422708,Psychometrics & Quantitative Psychology,2021,53.0
422708,Psychometrics & Quantitative Psychology,2022,53.0
422708,Psychometrics & Quantitative Psychology,2023,63.0
422708,Psychometrics & Quantitative Psychology,2024,42.0
422709,Psychopharmacology,2012,37.0
422709,Psychopharmacology,2013,39.0
422709,Psychopharmacology,2014,36.0
422709,Psychopharmacology,2015,42.0
422709,Psychopharmacology,2016,10.0
422709,Psychopharmacology,2017,16.0
422709,Psychopharmacology,2018,43.0
422709,Psychopharmacology,2019,23.0
422709,Psychopharmacology,2020,25.0
422709,Psychopharmacology,2021,11.0
422709,Psychopharmacology,2022,24.0
422709,Psychopharmacology,2023,33.0
422709,Psychopharmacology,2024,67.0
422799,Other Research & Experimental Psychology,2013,5.0
422799,Other Research & Experimental Psychology,2014,18.0
422799,Other Research & Experimental Psychology,2015,37.0
422799,Other Research & Experimental Psychology,2016,37.0
422799,Other Research & Experimental Psychology,2017,97.0
422799,Other Research & Experimental Psychology,2018,195.0
422799,Other Research & Experimental Psychology,2019,227.0
422799,Other Research & Experimental Psychology,2020,436.0
422799,Other Research & Experimental Psychology,2021,443.0
422799,Other Research & Experimental Psychology,2022,494.0
422799,Other Research & Experimental Psychology,2023,637.0
422799,Other Research & Experimental Psychology,2024,670.0
422801,Clinical Psychology,2012,2534.0
422801,Clinical Psychology,2013,2818.0
422801,Clinical Psychology,2014,2845.0
422801,Clinical Psychology,2015,2473.0
422801,Clinical Psychology,2016,2680.0
422801,Clinical Psychology,2017,2466.0
422801,Clinical Psychology,2018,2466.0
422801,Clinical Psychology,2019,2751.0
422801,Clinical Psychology,2020,2349.0
422801,Clinical Psychology,2021,2410.0
422801,Clinical Psychology,2022,2701.0
422801,Clinical Psychology,2023,2956.0
422801,Clinical Psychology,2024,3156.0
422802,Community Psychology,2012,266.0
422802,Community Psychology,2013,226.0
422802,Community Psychology,2014,225.0
422802,Community Psychology,2015,214.0
422802,Community Psychology,2016,219.0
422802,Community Psychology,2017,235.0
422802,Community Psychology,2018,222.0
422802,Community Psychology,2019,230.0
422802,Community Psychology,2020,194.0
422802,Community Psychology,2021,223.0
422802,Community Psychology,2022,283.0
422802,Community Psychology,2023,206.0
422802,Community Psychology,2024,229.0
422803,Counseling Psychology,2012,8592.0
422803,Counseling Psychology,2013,9597.0
422803,Counseling Psychology,2014,9537.0
422803,Counseling Psychology,2015,9496.0
422803,Counseling Psychology,2016,9355.0
422803,Counseling Psychology,2017,8824.0
422803,Counseling Psychology,2018,8312.0
422803,Counseling Psychology,2019,8374.0
422803,Counseling Psychology,2020,8003.0
422803,Counseling Psychology,2021,8317.0
422803,Counseling Psychology,2022,8991.0
422803,Counseling Psychology,2023,9589.0
422803,Counseling Psychology,2024,10254.0
422804,Industrial & Organizational Psychology,2012,1127.0
422804,Industrial & Organizational Psychology,2013,1070.0
422804,Industrial & Organizational Psychology,2014,1084.0
422804,Industrial & Organizational Psychology,2015,1099.0
422804,Industrial & Organizational Psychology,2016,1305.0
422804,Industrial & Organizational Psychology,2017,1395.0
422804,Industrial & Organizational Psychology,2018,1434.0
422804,Industrial & Organizational Psychology,2019,1524.0
422804,Industrial & Organizational Psychology,2020,1553.0
422804,Industrial & Organizational Psychology,2021,1694.0
422804,Industrial & Organizational Psychology,2022,1722.0
422804,Industrial & Organizational Psychology,2023,2091.0
422804,Industrial & Organizational Psychology,2024,1990.0
422805,School Psychology,2012,1673.0
422805,School Psychology,2013,1762.0
422805,School Psychology,2014,1689.0
422805,School Psychology,2015,1742.0
422805,School Psychology,2016,1880.0
422805,School Psychology,2017,2054.0
422805,School Psychology,2018,1881.0
422805,School Psychology,2019,1861.0
422805,School Psychology,2020,2150.0
422805,School Psychology,2021,2017.0
422805,School Psychology,2022,2348.0
422805,School Psychology,2023,2441.0
422805,School Psychology,2024,2408.0
422806,Educational Psychology,2012,1376.0
422806,Educational Psychology,2013,1355.0
422806,Educational Psychology,2014,1291.0
422806,Educational Psychology,2015,1360.0
422806,Educational Psychology,2016,1252.0
422806,Educational Psychology,2017,1276.0
422806,Educational Psychology,2018,1285.0
422806,Educational Psychology,2019,1292.0
422806,Educational Psychology,2020,1311.0
422806,Educational Psychology,2021,1343.0
422806,Educational Psychology,2022,1393.0
422806,Educational Psychology,2023,1541.0
422806,Educational Psychology,2024,1372.0
422807,Clinical Child Psychology,2012,28.0
422807,Clinical Child Psychology,2013,12.0
422807,Clinical Child Psychology,2014,17.0
422807,Clinical Child Psychology,2015,11.0
422807,Clinical Child Psychology,2016,20.0
422807,Clinical Child Psychology,2017,27.0
422807,Clinical Child Psychology,2018,21.0
422807,Clinical Child Psychology,2019,34.0
422807,Clinical Child Psychology,2020,41.0
422807,Clinical Child Psychology,2021,42.0
422807,Clinical Child Psychology,2022,35.0
422807,Clinical Child Psychology,2023,41.0
422807,Clinical Child Psychology,2024,26.0
422808,Environmental Psychology,2012,25.0
422808,Environmental Psychology,2013,23.0
422808,Environmental Psychology,2014,71.0
422808,Environmental Psychology,2015,23.0
422808,Environmental Psychology,2016,12.0
422808,Environmental Psychology,2017,22.0
422808,Environmental Psychology,2018,9.0
422808,Environmental Psychology,2019,2.0
422808,Environmental Psychology,2020,4.0
422808,Environmental Psychology,2021,4.0
422808,Environmental Psychology,2022,0.0
422808,Environmental Psychology,2023,0.0
422808,Environmental Psychology,2024,0.0
422809,Geropsychology,2012,1.0
422809,Geropsychology,2014,1.0
422809,Geropsychology,2015,5.0
422809,Geropsychology,2016,1.0
422809,Geropsychology,2017,5.0
422809,Geropsychology,2018,2.0
422809,Geropsychology,2019,2.0
422809,Geropsychology,2020,2.0
422809,Geropsychology,2021,2.0
422809,Geropsychology,2022,4.0
422809,Geropsychology,2023,0.0
422809,Geropsychology,2024,0.0
422810,Health & Medical Psychology,2012,56.0
422810,Health & Medical Psychology,2013,57.0
422810,Health & Medical Psychology,2014,32.0
422810,Health & Medical Psychology,2015,19.0
422810,Health & Medical Psychology,2016,2.0
422810,Health & Medical Psychology,2017,10.0
422810,Health & Medical Psychology,2018,9.0
422810,Health & Medical Psychology,2019,20.0
422810,Health & Medical Psychology,2020,36.0
422810,Health & Medical Psychology,2021,36.0
422810,Health & Medical Psychology,2022,48.0
422810,Health & Medical Psychology,2023,35.0
422810,Health & Medical Psychology,2024,67.0
422811,Family Psychology,2012,39.0
422811,Family Psychology,2013,79.0
422811,Family Psychology,2014,44.0
422811,Family Psychology,2015,66.0
422811,Family Psychology,2016,50.0
422811,Family Psychology,2017,77.0
422811,Family Psychology,2018,74.0
422811,Family Psychology,2019,66.0
422811,Family Psychology,2020,55.0
422811,Family Psychology,2021,48.0
422811,Family Psychology,2022,34.0
422811,Family Psychology,2023,41.0
422811,Family Psychology,2024,46.0
422812,Forensic Psychology,2012,774.0
422812,Forensic Psychology,2013,686.0
422812,Forensic Psychology,2014,831.0
422812,Forensic Psychology,2015,861.0
422812,Forensic Psychology,2016,848.0
422812,Forensic Psychology,2017,746.0
422812,Forensic Psychology,2018,781.0
422812,Forensic Psychology,2019,921.0
422812,Forensic Psychology,2020,1157.0
422812,Forensic Psychology,2021,1245.0
422812,Forensic Psychology,2022,1439.0
422812,Forensic Psychology,2023,1487.0
422812,Forensic Psychology,2024,1587.0
422813,Applied Psychology,2012,580.0
422813,Applied Psychology,2013,539.0
422813,Applied Psychology,2014,530.0
422813,Applied Psychology,2015,195.0
422813,Applied Psychology,2016,230.0
422813,Applied Psychology,2017,345.0
422813,Applied Psychology,2018,420.0
422813,Applied Psychology,2019,486.0
422813,Applied Psychology,2020,629.0
422813,Applied Psychology,2021,764.0
422813,Applied Psychology,2022,903.0
422813,Applied Psychology,2023,1017.0
422813,Applied Psychology,2024,1258.0
422814,Applied Behavior Analysis,2012,207.0
422814,Applied Behavior Analysis,2013,229.0
422814,Applied Behavior Analysis,2014,290.0
422814,Applied Behavior Analysis,2015,498.0
422814,Applied Behavior Analysis,2016,802.0
422814,Applied Behavior Analysis,2017,1209.0
422814,Applied Behavior Analysis,2018,1871.0
422814,Applied Behavior Analysis,2019,2445.0
422814,Applied Behavior Analysis,2020,2942.0
422814,Applied Behavior Analysis,2021,3834.0
422814,Applied Behavior Analysis,2022,3548.0
422814,Applied Behavior Analysis,2023,4526.0
422814,Applied Behavior Analysis,2024,4599.0
422815,Performance And Sport Psychology,2020,61.0
422815,Performance And Sport Psychology,2021,70.0
422815,Performance And Sport Psychology,2022,167.0
422815,Performance And Sport Psychology,2023,132.0
422815,Performance And Sport Psychology,2024,179.0
422817,Transpersonal/Spiritual Psychology,2020,11.0
422817,Transpersonal/Spiritual Psychology,2021,9.0
422817,Transpersonal/Spiritual Psychology,2022,6.0
422817,Transpersonal/Spiritual Psychology,2023,20.0
422817,Transpersonal/Spiritual Psychology,2024,15.0
422899,"Other Clinical, Counseling, & Applied Psychology",2012,626.0
422899,"Other Clinical, Counseling, & Applied Psychology",2013,500.0
422899,"Other Clinical, Counseling, & Applied Psychology",2014,457.0
422899,"Other Clinical, Counseling, & Applied Psychology",2015,275.0
422899,"Other Clinical, Counseling, & Applied Psychology",2016,233.0
422899,"Other Clinical, Counseling, & Applied Psychology",2017,308.0
422899,"Other Clinical, Counseling, & Applied Psychology",2018,329.0
422899,"Other Clinical, Counseling, & Applied Psychology",2019,376.0
422899,"Other Clinical, Counseling, & Applied Psychology",2020,523.0
422899,"Other Clinical, Counseling, & Applied Psychology",2021,419.0
422899,"Other Clinical, Counseling, & Applied Psychology",2022,378.0
422899,"Other Clinical, Counseling, & Applied Psychology",2023,406.0
422899,"Other Clinical, Counseling, & Applied Psychology",2024,347.0
429999,Other Psychology,2012,934.0
429999,Other Psychology,2013,1116.0
429999,Other Psychology,2014,2384.0
429999,Other Psychology,2015,1983.0
429999,Other Psychology,2016,1955.0
429999,Other Psychology,2017,1893.0
429999,Other Psychology,2018,2025.0
429999,Other Psychology,2019,1930.0
429999,Other Psychology,2020,1706.0
429999,Other Psychology,2021,1777.0
429999,Other Psychology,2022,1833.0
429999,Other Psychology,2023,1975.0
429999,Other Psychology,2024,2060.0
430100,"Criminal Justice And Corrections, General",2020,14.0
430100,"Criminal Justice And Corrections, General",2021,33.0
430100,"Criminal Justice And Corrections, General",2022,17.0
430100,"Criminal Justice And Corrections, General",2023,36.0
430100,"Criminal Justice And Corrections, General",2024,27.0
430102,Corrections,2012,13.0
430102,Corrections,2013,19.0
430102,Corrections,2014,18.0
430102,Corrections,2015,25.0
430102,Corrections,2016,13.0
430102,Corrections,2017,9.0
430102,Corrections,2018,7.0
430102,Corrections,2019,3.0
430102,Corrections,2020,4.0
430102,Corrections,2021,1.0
430102,Corrections,2022,1.0
430102,Corrections,2023,2.0
430102,Corrections,2024,0.0
430103,Criminal Justice - Law Enforcement Administration,2012,2141.0
430103,Criminal Justice - Law Enforcement Administration,2013,2153.0
430103,Criminal Justice - Law Enforcement Administration,2014,2931.0
430103,Criminal Justice - Law Enforcement Administration,2015,2920.0
430103,Criminal Justice - Law Enforcement Administration,2016,3061.0
430103,Criminal Justice - Law Enforcement Administration,2017,2754.0
430103,Criminal Justice - Law Enforcement Administration,2018,2574.0
430103,Criminal Justice - Law Enforcement Administration,2019,2638.0
430103,Criminal Justice - Law Enforcement Administration,2020,2574.0
430103,Criminal Justice - Law Enforcement Administration,2021,2792.0
430103,Criminal Justice - Law Enforcement Administration,2022,2823.0
430103,Criminal Justice - Law Enforcement Administration,2023,2651.0
430103,Criminal Justice - Law Enforcement Administration,2024,2605.0
430104,Criminal Justice - Safety Studies,2012,2806.0
430104,Criminal Justice - Safety Studies,2013,2943.0
430104,Criminal Justice - Safety Studies,2014,2876.0
430104,Criminal Justice - Safety Studies,2015,3035.0
430104,Criminal Justice - Safety Studies,2016,2822.0
430104,Criminal Justice - Safety Studies,2017,3213.0
430104,Criminal Justice - Safety Studies,2018,3223.0
430104,Criminal Justice - Safety Studies,2019,3050.0
430104,Criminal Justice - Safety Studies,2020,3321.0
430104,Criminal Justice - Safety Studies,2021,3405.0
430104,Criminal Justice - Safety Studies,2022,3524.0
430104,Criminal Justice - Safety Studies,2023,3316.0
430104,Criminal Justice - Safety Studies,2024,3043.0
430106,Forensic Science & Technology,2012,668.0
430106,Forensic Science & Technology,2013,658.0
430106,Forensic Science & Technology,2014,640.0
430106,Forensic Science & Technology,2015,588.0
430106,Forensic Science & Technology,2016,625.0
430106,Forensic Science & Technology,2017,626.0
430106,Forensic Science & Technology,2018,578.0
430106,Forensic Science & Technology,2019,633.0
430107,Criminal Justice - Police Science,2012,71.0
430107,Criminal Justice - Police Science,2013,83.0
430107,Criminal Justice - Police Science,2014,70.0
430107,Criminal Justice - Police Science,2015,67.0
430107,Criminal Justice - Police Science,2016,56.0
430107,Criminal Justice - Police Science,2017,55.0
430107,Criminal Justice - Police Science,2018,51.0
430107,Criminal Justice - Police Science,2019,58.0
430107,Criminal Justice - Police Science,2020,90.0
430107,Criminal Justice - Police Science,2021,90.0
430107,Criminal Justice - Police Science,2022,107.0
430107,Criminal Justice - Police Science,2023,99.0
430107,Criminal Justice - Police Science,2024,109.0
430109,Security & Loss Prevention Services,2012,25.0
430109,Security & Loss Prevention Services,2013,28.0
430109,Security & Loss Prevention Services,2014,17.0
430109,Security & Loss Prevention Services,2015,25.0
430109,Security & Loss Prevention Services,2016,27.0
430109,Security & Loss Prevention Services,2017,38.0
430109,Security & Loss Prevention Services,2018,32.0
430109,Security & Loss Prevention Services,2019,29.0
430109,Security & Loss Prevention Services,2020,22.0
430109,Security & Loss Prevention Services,2021,62.0
430109,Security & Loss Prevention Services,2022,162.0
430109,Security & Loss Prevention Services,2023,26.0
430109,Security & Loss Prevention Services,2024,20.0
430110,Juvenile Corrections,2012,5.0
430110,Juvenile Corrections,2013,0.0
430110,Juvenile Corrections,2014,6.0
430110,Juvenile Corrections,2015,16.0
430110,Juvenile Corrections,2016,15.0
430110,Juvenile Corrections,2017,10.0
430110,Juvenile Corrections,2018,10.0
430110,Juvenile Corrections,2019,10.0
430110,Juvenile Corrections,2020,11.0
430110,Juvenile Corrections,2021,20.0
430110,Juvenile Corrections,2022,20.0
430110,Juvenile Corrections,2023,17.0
430110,Juvenile Corrections,2024,30.0
430111,Criminalistics & Criminal Science,2012,14.0
430111,Criminalistics & Criminal Science,2013,42.0
430111,Criminalistics & Criminal Science,2014,51.0
430111,Criminalistics & Criminal Science,2015,48.0
430111,Criminalistics & Criminal Science,2016,40.0
430111,Criminalistics & Criminal Science,2017,41.0
430111,Criminalistics & Criminal Science,2018,12.0
430111,Criminalistics & Criminal Science,2019,36.0
430112,Securities Services Management,2012,226.0
430112,Securities Services Management,2013,284.0
430112,Securities Services Management,2014,287.0
430112,Securities Services Management,2015,269.0
430112,Securities Services Management,2016,222.0
430112,Securities Services Management,2017,205.0
430112,Securities Services Management,2018,174.0
430112,Securities Services Management,2019,163.0
430112,Securities Services Management,2020,133.0
430112,Securities Services Management,2021,130.0
430112,Securities Services Management,2022,140.0
430112,Securities Services Management,2023,132.0
430112,Securities Services Management,2024,117.0
430113,Corrections Administration,2012,8.0
430113,Corrections Administration,2013,25.0
430113,Corrections Administration,2014,11.0
430113,Corrections Administration,2015,12.0
430113,Corrections Administration,2016,17.0
430113,Corrections Administration,2017,8.0
430113,Corrections Administration,2018,6.0
430113,Corrections Administration,2019,5.0
430113,Corrections Administration,2020,6.0
430113,Corrections Administration,2021,8.0
430113,Corrections Administration,2022,5.0
430113,Corrections Administration,2023,9.0
430113,Corrections Administration,2024,7.0
430114,Law Enforcement Investigation & Interviewing,2015,0.0
430114,Law Enforcement Investigation & Interviewing,2016,0.0
430114,Law Enforcement Investigation & Interviewing,2017,22.0
430114,Law Enforcement Investigation & Interviewing,2018,59.0
430114,Law Enforcement Investigation & Interviewing,2019,77.0
430114,Law Enforcement Investigation & Interviewing,2020,76.0
430114,Law Enforcement Investigation & Interviewing,2021,125.0
430114,Law Enforcement Investigation & Interviewing,2022,133.0
430114,Law Enforcement Investigation & Interviewing,2023,118.0
430114,Law Enforcement Investigation & Interviewing,2024,97.0
430116,Computer Forensics & Counterterrorism,2012,38.0
430116,Computer Forensics & Counterterrorism,2013,62.0
430116,Computer Forensics & Counterterrorism,2014,110.0
430116,Computer Forensics & Counterterrorism,2015,133.0
430116,Computer Forensics & Counterterrorism,2016,282.0
430116,Computer Forensics & Counterterrorism,2017,393.0
430116,Computer Forensics & Counterterrorism,2018,513.0
430116,Computer Forensics & Counterterrorism,2019,500.0
430117,Financial Forensics & Fraud Investigation,2012,82.0
430117,Financial Forensics & Fraud Investigation,2013,111.0
430117,Financial Forensics & Fraud Investigation,2014,111.0
430117,Financial Forensics & Fraud Investigation,2015,117.0
430117,Financial Forensics & Fraud Investigation,2016,131.0
430117,Financial Forensics & Fraud Investigation,2017,139.0
430117,Financial Forensics & Fraud Investigation,2018,152.0
430117,Financial Forensics & Fraud Investigation,2019,116.0
430118,Law Enforcement Intelligence Analysis,2013,0.0
430118,Law Enforcement Intelligence Analysis,2014,11.0
430118,Law Enforcement Intelligence Analysis,2015,8.0
430118,Law Enforcement Intelligence Analysis,2016,6.0
430118,Law Enforcement Intelligence Analysis,2017,5.0
430118,Law Enforcement Intelligence Analysis,2018,10.0
430118,Law Enforcement Intelligence Analysis,2019,12.0
430119,Critical Incident Response & Special Police Operations,2012,6.0
430119,Critical Incident Response & Special Police Operations,2013,0.0
430119,Critical Incident Response & Special Police Operations,2014,0.0
430119,Critical Incident Response & Special Police Operations,2015,0.0
430119,Critical Incident Response & Special Police Operations,2016,0.0
430119,Critical Incident Response & Special Police Operations,2017,0.0
430119,Critical Incident Response & Special Police Operations,2018,0.0
430119,Critical Incident Response & Special Police Operations,2019,0.0
430119,Critical Incident Response & Special Police Operations,2020,0.0
430119,Critical Incident Response & Special Police Operations,2021,0.0
430119,Critical Incident Response & Special Police Operations,2022,0.0
430119,Critical Incident Response & Special Police Operations,2023,0.0
430119,Critical Incident Response & Special Police Operations,2024,0.0
430120,Protective Services Operations,2013,11.0
430120,Protective Services Operations,2014,0.0
430120,Protective Services Operations,2015,0.0
430120,Protective Services Operations,2016,0.0
430120,Protective Services Operations,2017,0.0
430120,Protective Services Operations,2018,0.0
430120,Protective Services Operations,2019,0.0
430120,Protective Services Operations,2020,0.0
430120,Protective Services Operations,2021,0.0
430120,Protective Services Operations,2022,0.0
430120,Protective Services Operations,2023,0.0
430120,Protective Services Operations,2024,0.0
430199,Other Corrections & Criminal Justice,2012,188.0
430199,Other Corrections & Criminal Justice,2013,208.0
430199,Other Corrections & Criminal Justice,2014,264.0
430199,Other Corrections & Criminal Justice,2015,275.0
430199,Other Corrections & Criminal Justice,2016,390.0
430199,Other Corrections & Criminal Justice,2017,353.0
430199,Other Corrections & Criminal Justice,2018,494.0
430199,Other Corrections & Criminal Justice,2019,418.0
430199,Other Corrections & Criminal Justice,2020,402.0
430199,Other Corrections & Criminal Justice,2021,469.0
430199,Other Corrections & Criminal Justice,2022,455.0
430199,Other Corrections & Criminal Justice,2023,424.0
430199,Other Corrections & Criminal Justice,2024,482.0
430201,Fire Prevention & Safety Technology,2012,5.0
430201,Fire Prevention & Safety Technology,2013,7.0
430201,Fire Prevention & Safety Technology,2014,12.0
430201,Fire Prevention & Safety Technology,2015,13.0
430201,Fire Prevention & Safety Technology,2016,10.0
430201,Fire Prevention & Safety Technology,2017,9.0
430201,Fire Prevention & Safety Technology,2018,9.0
430201,Fire Prevention & Safety Technology,2019,8.0
430201,Fire Prevention & Safety Technology,2020,5.0
430201,Fire Prevention & Safety Technology,2021,3.0
430201,Fire Prevention & Safety Technology,2022,4.0
430201,Fire Prevention & Safety Technology,2023,0.0
430201,Fire Prevention & Safety Technology,2024,0.0
430202,Fire Services Administration,2012,39.0
430202,Fire Services Administration,2013,74.0
430202,Fire Services Administration,2014,122.0
430202,Fire Services Administration,2015,194.0
430202,Fire Services Administration,2016,100.0
430202,Fire Services Administration,2017,72.0
430202,Fire Services Administration,2018,65.0
430202,Fire Services Administration,2019,77.0
430202,Fire Services Administration,2020,75.0
430202,Fire Services Administration,2021,121.0
430202,Fire Services Administration,2022,125.0
430202,Fire Services Administration,2023,79.0
430202,Fire Services Administration,2024,154.0
430203,Fire Science & Fire-Fighting,2012,0.0
430203,Fire Science & Fire-Fighting,2013,3.0
430203,Fire Science & Fire-Fighting,2014,0.0
430203,Fire Science & Fire-Fighting,2015,0.0
430203,Fire Science & Fire-Fighting,2016,0.0
430203,Fire Science & Fire-Fighting,2017,5.0
430203,Fire Science & Fire-Fighting,2018,6.0
430203,Fire Science & Fire-Fighting,2019,4.0
430203,Fire Science & Fire-Fighting,2020,2.0
430203,Fire Science & Fire-Fighting,2021,13.0
430203,Fire Science & Fire-Fighting,2022,8.0
430203,Fire Science & Fire-Fighting,2023,19.0
430203,Fire Science & Fire-Fighting,2024,16.0
430205,Fire/Arson Investigation & Prevention,2023,7.0
430205,Fire/Arson Investigation & Prevention,2024,5.0
430206,Forest Firefighting & Investigation,2016,0.0
430206,Forest Firefighting & Investigation,2017,0.0
430206,Forest Firefighting & Investigation,2018,0.0
430206,Forest Firefighting & Investigation,2019,0.0
430299,Other Fire Protection,2012,0.0
430299,Other Fire Protection,2013,2.0
430299,Other Fire Protection,2014,1.0
430299,Other Fire Protection,2015,8.0
430299,Other Fire Protection,2016,21.0
430299,Other Fire Protection,2017,25.0
430299,Other Fire Protection,2018,17.0
430299,Other Fire Protection,2019,9.0
430299,Other Fire Protection,2020,10.0
430299,Other Fire Protection,2021,16.0
430299,Other Fire Protection,2022,10.0
430299,Other Fire Protection,2023,27.0
430299,Other Fire Protection,2024,11.0
430301,Homeland Security,2012,327.0
430301,Homeland Security,2013,417.0
430301,Homeland Security,2014,479.0
430301,Homeland Security,2015,426.0
430301,Homeland Security,2016,533.0
430301,Homeland Security,2017,553.0
430301,Homeland Security,2018,757.0
430301,Homeland Security,2019,783.0
430301,Homeland Security,2020,715.0
430301,Homeland Security,2021,861.0
430301,Homeland Security,2022,831.0
430301,Homeland Security,2023,923.0
430301,Homeland Security,2024,855.0
430302,Crisis/Disaster Management,2012,248.0
430302,Crisis/Disaster Management,2013,386.0
430302,Crisis/Disaster Management,2014,449.0
430302,Crisis/Disaster Management,2015,555.0
430302,Crisis/Disaster Management,2016,594.0
430302,Crisis/Disaster Management,2017,808.0
430302,Crisis/Disaster Management,2018,768.0
430302,Crisis/Disaster Management,2019,755.0
430302,Crisis/Disaster Management,2020,852.0
430302,Crisis/Disaster Management,2021,848.0
430302,Crisis/Disaster Management,2022,859.0
430302,Crisis/Disaster Management,2023,808.0
430302,Crisis/Disaster Management,2024,825.0
430303,Critical Infrastructure Protection,2012,124.0
430303,Critical Infrastructure Protection,2013,164.0
430303,Critical Infrastructure Protection,2014,185.0
430303,Critical Infrastructure Protection,2015,190.0
430303,Critical Infrastructure Protection,2016,291.0
430303,Critical Infrastructure Protection,2017,414.0
430303,Critical Infrastructure Protection,2018,506.0
430303,Critical Infrastructure Protection,2019,597.0
430303,Critical Infrastructure Protection,2020,621.0
430303,Critical Infrastructure Protection,2021,582.0
430303,Critical Infrastructure Protection,2022,274.0
430303,Critical Infrastructure Protection,2023,179.0
430303,Critical Infrastructure Protection,2024,169.0
430304,Terrorism & Counterterrorism Operations,2012,28.0
430304,Terrorism & Counterterrorism Operations,2013,9.0
430304,Terrorism & Counterterrorism Operations,2014,12.0
430304,Terrorism & Counterterrorism Operations,2015,10.0
430304,Terrorism & Counterterrorism Operations,2016,14.0
430304,Terrorism & Counterterrorism Operations,2017,7.0
430304,Terrorism & Counterterrorism Operations,2018,15.0
430304,Terrorism & Counterterrorism Operations,2019,53.0
430304,Terrorism & Counterterrorism Operations,2020,21.0
430304,Terrorism & Counterterrorism Operations,2021,33.0
430304,Terrorism & Counterterrorism Operations,2022,37.0
430304,Terrorism & Counterterrorism Operations,2023,49.0
430304,Terrorism & Counterterrorism Operations,2024,46.0
430399,Other Homeland Security,2012,10.0
430399,Other Homeland Security,2013,111.0
430399,Other Homeland Security,2014,138.0
430399,Other Homeland Security,2015,23.0
430399,Other Homeland Security,2016,19.0
430399,Other Homeland Security,2017,17.0
430399,Other Homeland Security,2018,19.0
430399,Other Homeland Security,2019,20.0
430399,Other Homeland Security,2020,32.0
430399,Other Homeland Security,2021,33.0
430399,Other Homeland Security,2022,48.0
430399,Other Homeland Security,2023,50.0
430399,Other Homeland Security,2024,60.0
430402,Criminalistics And Criminal Science,2020,48.0
430402,Criminalistics And Criminal Science,2021,54.0
430402,Criminalistics And Criminal Science,2022,55.0
430402,Criminalistics And Criminal Science,2023,73.0
430402,Criminalistics And Criminal Science,2024,63.0
430403,Cyber/Computer Forensics And Counterterrorism,2020,581.0
430403,Cyber/Computer Forensics And Counterterrorism,2021,556.0
430403,Cyber/Computer Forensics And Counterterrorism,2022,618.0
430403,Cyber/Computer Forensics And Counterterrorism,2023,675.0
430403,Cyber/Computer Forensics And Counterterrorism,2024,747.0
430404,Cybersecurity Defense Strategy/Policy,2020,44.0
430404,Cybersecurity Defense Strategy/Policy,2021,68.0
430404,Cybersecurity Defense Strategy/Policy,2022,152.0
430404,Cybersecurity Defense Strategy/Policy,2023,197.0
430404,Cybersecurity Defense Strategy/Policy,2024,300.0
430405,Financial Forensics And Fraud Investigation,2020,140.0
430405,Financial Forensics And Fraud Investigation,2021,150.0
430405,Financial Forensics And Fraud Investigation,2022,133.0
430405,Financial Forensics And Fraud Investigation,2023,152.0
430405,Financial Forensics And Fraud Investigation,2024,149.0
430406,Forensic Science And Technology,2020,661.0
430406,Forensic Science And Technology,2021,685.0
430406,Forensic Science And Technology,2022,760.0
430406,Forensic Science And Technology,2023,832.0
430406,Forensic Science And Technology,2024,895.0
430407,Geospatial Intelligence,2023,0.0
430408,Law Enforcement Intelligence Analysis,2020,17.0
430408,Law Enforcement Intelligence Analysis,2021,40.0
430408,Law Enforcement Intelligence Analysis,2022,53.0
430408,Law Enforcement Intelligence Analysis,2023,57.0
430408,Law Enforcement Intelligence Analysis,2024,51.0
439999,"Other Homeland Security, Law Enforcement, Firefighting, & Related Protective Services",2012,631.0
439999,"Other Homeland Security, Law Enforcement, Firefighting, & Related Protective Services",2013,650.0
439999,"Other Homeland Security, Law Enforcement, Firefighting, & Related Protective Services",2014,639.0
439999,"Other Homeland Security, Law Enforcement, Firefighting, & Related Protective Services",2015,780.0
439999,"Other Homeland Security, Law Enforcement, Firefighting, & Related Protective Services",2016,816.0
439999,"Other Homeland Security, Law Enforcement, Firefighting, & Related Protective Services",2017,768.0
439999,"Other Homeland Security, Law Enforcement, Firefighting, & Related Protective Services",2018,515.0
439999,"Other Homeland Security, Law Enforcement, Firefighting, & Related Protective Services",2019,534.0
439999,"Other Homeland Security, Law Enforcement, Firefighting, & Related Protective Services",2020,448.0
439999,"Other Homeland Security, Law Enforcement, Firefighting, & Related Protective Services",2021,416.0
439999,"Other Homeland Security, Law Enforcement, Firefighting, & Related Protective Services",2022,435.0
439999,"Other Homeland Security, Law Enforcement, Firefighting, & Related Protective Services",2023,374.0
439999,"Other Homeland Security, Law Enforcement, Firefighting, & Related Protective Services",2024,329.0
440000,General Human Services,2012,1773.0
440000,General Human Services,2013,1997.0
440000,General Human Services,2014,2509.0
440000,General Human Services,2015,3029.0
440000,General Human Services,2016,3178.0
440000,General Human Services,2017,1262.0
440000,General Human Services,2018,1406.0
440000,General Human Services,2019,1236.0
440000,General Human Services,2020,1095.0
440000,General Human Services,2021,1153.0
440000,General Human Services,2022,1042.0
440000,General Human Services,2023,873.0
440000,General Human Services,2024,842.0
440201,Community Organization & Advocacy,2012,604.0
440201,Community Organization & Advocacy,2013,638.0
440201,Community Organization & Advocacy,2014,568.0
440201,Community Organization & Advocacy,2015,596.0
440201,Community Organization & Advocacy,2016,553.0
440201,Community Organization & Advocacy,2017,349.0
440201,Community Organization & Advocacy,2018,311.0
440201,Community Organization & Advocacy,2019,469.0
440201,Community Organization & Advocacy,2020,537.0
440201,Community Organization & Advocacy,2021,633.0
440201,Community Organization & Advocacy,2022,567.0
440201,Community Organization & Advocacy,2023,478.0
440201,Community Organization & Advocacy,2024,472.0
440401,Public Administration,2012,12770.0
440401,Public Administration,2013,13207.0
440401,Public Administration,2014,13258.0
440401,Public Administration,2015,12883.0
440401,Public Administration,2016,12737.0
440401,Public Administration,2017,12656.0
440401,Public Administration,2018,12239.0
440401,Public Administration,2019,12640.0
440401,Public Administration,2020,12512.0
440401,Public Administration,2021,12282.0
440401,Public Administration,2022,11787.0
440401,Public Administration,2023,11965.0
440401,Public Administration,2024,10493.0
440403,Transportation And Infrastructure Planning/Studies,2021,8.0
440403,Transportation And Infrastructure Planning/Studies,2022,16.0
440403,Transportation And Infrastructure Planning/Studies,2023,13.0
440403,Transportation And Infrastructure Planning/Studies,2024,4.0
440499,"Public Administration, Other",2022,4.0
440499,"Public Administration, Other",2023,6.0
440499,"Public Administration, Other",2024,25.0
440501,General Public Policy Analysis,2012,2733.0
440501,General Public Policy Analysis,2013,2857.0
440501,General Public Policy Analysis,2014,2719.0
440501,General Public Policy Analysis,2015,2795.0
440501,General Public Policy Analysis,2016,2711.0
440501,General Public Policy Analysis,2017,2632.0
440501,General Public Policy Analysis,2018,2695.0
440501,General Public Policy Analysis,2019,2964.0
440501,General Public Policy Analysis,2020,2885.0
440501,General Public Policy Analysis,2021,2840.0
440501,General Public Policy Analysis,2022,2882.0
440501,General Public Policy Analysis,2023,2935.0
440501,General Public Policy Analysis,2024,2551.0
440502,Education Policy Analysis,2012,15.0
440502,Education Policy Analysis,2013,22.0
440502,Education Policy Analysis,2014,40.0
440502,Education Policy Analysis,2015,20.0
440502,Education Policy Analysis,2016,19.0
440502,Education Policy Analysis,2017,51.0
440502,Education Policy Analysis,2018,63.0
440502,Education Policy Analysis,2019,47.0
440502,Education Policy Analysis,2020,64.0
440502,Education Policy Analysis,2021,66.0
440502,Education Policy Analysis,2022,59.0
440502,Education Policy Analysis,2023,99.0
440502,Education Policy Analysis,2024,67.0
440503,Health Policy Analysis,2012,36.0
440503,Health Policy Analysis,2013,79.0
440503,Health Policy Analysis,2014,105.0
440503,Health Policy Analysis,2015,62.0
440503,Health Policy Analysis,2016,65.0
440503,Health Policy Analysis,2017,60.0
440503,Health Policy Analysis,2018,85.0
440503,Health Policy Analysis,2019,72.0
440503,Health Policy Analysis,2020,58.0
440503,Health Policy Analysis,2021,79.0
440503,Health Policy Analysis,2022,118.0
440503,Health Policy Analysis,2023,160.0
440503,Health Policy Analysis,2024,105.0
440504,International Policy Analysis,2012,40.0
440504,International Policy Analysis,2013,30.0
440504,International Policy Analysis,2014,43.0
440504,International Policy Analysis,2015,42.0
440504,International Policy Analysis,2016,27.0
440504,International Policy Analysis,2017,9.0
440504,International Policy Analysis,2018,12.0
440504,International Policy Analysis,2019,49.0
440504,International Policy Analysis,2020,75.0
440504,International Policy Analysis,2021,83.0
440504,International Policy Analysis,2022,81.0
440504,International Policy Analysis,2023,104.0
440504,International Policy Analysis,2024,102.0
440599,Other Public Policy Analysis,2013,2.0
440599,Other Public Policy Analysis,2014,57.0
440599,Other Public Policy Analysis,2015,53.0
440599,Other Public Policy Analysis,2016,71.0
440599,Other Public Policy Analysis,2017,109.0
440599,Other Public Policy Analysis,2018,80.0
440599,Other Public Policy Analysis,2019,87.0
440599,Other Public Policy Analysis,2020,78.0
440599,Other Public Policy Analysis,2021,85.0
440599,Other Public Policy Analysis,2022,73.0
440599,Other Public Policy Analysis,2023,93.0
440599,Other Public Policy Analysis,2024,45.0
440701,Social Work,2012,22340.0
440701,Social Work,2013,23313.0
440701,Social Work,2014,24538.0
440701,Social Work,2015,26187.0
440701,Social Work,2016,27207.0
440701,Social Work,2017,28159.0
440701,Social Work,2018,29471.0
440701,Social Work,2019,30981.0
440701,Social Work,2020,32208.0
440701,Social Work,2021,32079.0
440701,Social Work,2022,33304.0
440701,Social Work,2023,34563.0
440701,Social Work,2024,34458.0
440702,Youth Services Administration,2012,12.0
440702,Youth Services Administration,2013,39.0
440702,Youth Services Administration,2014,60.0
440702,Youth Services Administration,2015,58.0
440702,Youth Services Administration,2016,30.0
440702,Youth Services Administration,2017,63.0
440702,Youth Services Administration,2018,92.0
440702,Youth Services Administration,2019,108.0
440702,Youth Services Administration,2020,113.0
440702,Youth Services Administration,2021,88.0
440702,Youth Services Administration,2022,82.0
440702,Youth Services Administration,2023,64.0
440702,Youth Services Administration,2024,63.0
440799,Other Social Work,2012,92.0
440799,Other Social Work,2013,288.0
440799,Other Social Work,2014,193.0
440799,Other Social Work,2015,203.0
440799,Other Social Work,2016,195.0
440799,Other Social Work,2017,202.0
440799,Other Social Work,2018,137.0
440799,Other Social Work,2019,181.0
440799,Other Social Work,2020,64.0
440799,Other Social Work,2021,51.0
440799,Other Social Work,2022,50.0
440799,Other Social Work,2023,80.0
440799,Other Social Work,2024,81.0
449999,Other Public Administration & Social Service Professions,2012,1199.0
449999,Other Public Administration & Social Service Professions,2013,941.0
449999,Other Public Administration & Social Service Professions,2014,551.0
449999,Other Public Administration & Social Service Professions,2015,357.0
449999,Other Public Administration & Social Service Professions,2016,332.0
449999,Other Public Administration & Social Service Professions,2017,264.0
449999,Other Public Administration & Social Service Professions,2018,268.0
449999,Other Public Administration & Social Service Professions,2019,280.0
449999,Other Public Administration & Social Service Professions,2020,221.0
449999,Other Public Administration & Social Service Professions,2021,213.0
449999,Other Public Administration & Social Service Professions,2022,248.0
449999,Other Public Administration & Social Service Professions,2023,222.0
449999,Other Public Administration & Social Service Professions,2024,155.0
450101,General Social Sciences,2012,602.0
450101,General Social Sciences,2013,593.0
450101,General Social Sciences,2014,578.0
450101,General Social Sciences,2015,596.0
450101,General Social Sciences,2016,578.0
450101,General Social Sciences,2017,671.0
450101,General Social Sciences,2018,639.0
450101,General Social Sciences,2019,658.0
450101,General Social Sciences,2020,557.0
450101,General Social Sciences,2021,498.0
450101,General Social Sciences,2022,522.0
450101,General Social Sciences,2023,439.0
450101,General Social Sciences,2024,400.0
450102,Research Methodology & Quantitative Methods,2012,5.0
450102,Research Methodology & Quantitative Methods,2013,3.0
450102,Research Methodology & Quantitative Methods,2014,11.0
450102,Research Methodology & Quantitative Methods,2015,2.0
450102,Research Methodology & Quantitative Methods,2016,18.0
450102,Research Methodology & Quantitative Methods,2017,43.0
450102,Research Methodology & Quantitative Methods,2018,54.0
450102,Research Methodology & Quantitative Methods,2019,63.0
450102,Research Methodology & Quantitative Methods,2020,74.0
450102,Research Methodology & Quantitative Methods,2021,98.0
450102,Research Methodology & Quantitative Methods,2022,332.0
450102,Research Methodology & Quantitative Methods,2023,1179.0
450102,Research Methodology & Quantitative Methods,2024,1549.0
450103,Survey Research/Methodology,2024,5.0
450201,Anthropology,2012,1185.0
450201,Anthropology,2013,1121.0
450201,Anthropology,2014,1193.0
450201,Anthropology,2015,1149.0
450201,Anthropology,2016,1100.0
450201,Anthropology,2017,1081.0
450201,Anthropology,2018,1096.0
450201,Anthropology,2019,1025.0
450201,Anthropology,2020,974.0
450201,Anthropology,2021,879.0
450201,Anthropology,2022,915.0
450201,Anthropology,2023,926.0
450201,Anthropology,2024,912.0
450202,Physical & Biological Anthropology,2012,12.0
450202,Physical & Biological Anthropology,2013,15.0
450202,Physical & Biological Anthropology,2014,18.0
450202,Physical & Biological Anthropology,2015,13.0
450202,Physical & Biological Anthropology,2016,11.0
450202,Physical & Biological Anthropology,2017,16.0
450202,Physical & Biological Anthropology,2018,29.0
450202,Physical & Biological Anthropology,2019,19.0
450202,Physical & Biological Anthropology,2020,17.0
450202,Physical & Biological Anthropology,2021,16.0
450202,Physical & Biological Anthropology,2022,28.0
450202,Physical & Biological Anthropology,2023,35.0
450202,Physical & Biological Anthropology,2024,11.0
450203,Medical Anthropology,2018,7.0
450203,Medical Anthropology,2019,3.0
450203,Medical Anthropology,2020,7.0
450203,Medical Anthropology,2021,3.0
450203,Medical Anthropology,2022,0.0
450203,Medical Anthropology,2023,1.0
450203,Medical Anthropology,2024,21.0
450204,Cultural Anthropology,2014,19.0
450204,Cultural Anthropology,2015,16.0
450204,Cultural Anthropology,2016,19.0
450204,Cultural Anthropology,2017,11.0
450204,Cultural Anthropology,2018,14.0
450204,Cultural Anthropology,2019,11.0
450204,Cultural Anthropology,2020,14.0
450204,Cultural Anthropology,2021,17.0
450204,Cultural Anthropology,2022,8.0
450204,Cultural Anthropology,2023,19.0
450204,Cultural Anthropology,2024,12.0
450205,Forensic Anthropology,2022,6.0
450205,Forensic Anthropology,2023,10.0
450205,Forensic Anthropology,2024,10.0
450299,Other Anthropology,2012,36.0
450299,Other Anthropology,2013,15.0
450299,Other Anthropology,2014,26.0
450299,Other Anthropology,2015,22.0
450299,Other Anthropology,2016,27.0
450299,Other Anthropology,2017,13.0
450299,Other Anthropology,2018,36.0
450299,Other Anthropology,2019,27.0
450299,Other Anthropology,2020,33.0
450299,Other Anthropology,2021,26.0
450299,Other Anthropology,2022,44.0
450299,Other Anthropology,2023,37.0
450299,Other Anthropology,2024,43.0
450301,Archeology,2012,46.0
450301,Archeology,2013,44.0
450301,Archeology,2014,60.0
450301,Archeology,2015,58.0
450301,Archeology,2016,48.0
450301,Archeology,2017,41.0
450301,Archeology,2018,47.0
450301,Archeology,2019,42.0
450301,Archeology,2020,52.0
450301,Archeology,2021,48.0
450301,Archeology,2022,60.0
450301,Archeology,2023,52.0
450301,Archeology,2024,51.0
450401,Criminology,2012,743.0
450401,Criminology,2013,667.0
450401,Criminology,2014,763.0
450401,Criminology,2015,756.0
450401,Criminology,2016,702.0
450401,Criminology,2017,724.0
450401,Criminology,2018,729.0
450401,Criminology,2019,795.0
450401,Criminology,2020,783.0
450401,Criminology,2021,789.0
450401,Criminology,2022,815.0
450401,Criminology,2023,778.0
450401,Criminology,2024,792.0
450501,Demography & Population Studies,2012,100.0
450501,Demography & Population Studies,2013,39.0
450501,Demography & Population Studies,2014,40.0
450501,Demography & Population Studies,2015,28.0
450501,Demography & Population Studies,2016,50.0
450501,Demography & Population Studies,2017,36.0
450501,Demography & Population Studies,2018,53.0
450501,Demography & Population Studies,2019,60.0
450501,Demography & Population Studies,2020,46.0
450501,Demography & Population Studies,2021,50.0
450501,Demography & Population Studies,2022,33.0
450501,Demography & Population Studies,2023,46.0
450501,Demography & Population Studies,2024,80.0
450502,Applied Demography,2021,1.0
450502,Applied Demography,2022,4.0
450502,Applied Demography,2023,0.0
450502,Applied Demography,2024,0.0
450601,General Economics,2012,2906.0
450601,General Economics,2013,2846.0
450601,General Economics,2014,2890.0
450601,General Economics,2015,2779.0
450601,General Economics,2016,2656.0
450601,General Economics,2017,2294.0
450601,General Economics,2018,1727.0
450601,General Economics,2019,1426.0
450601,General Economics,2020,1132.0
450601,General Economics,2021,827.0
450601,General Economics,2022,638.0
450601,General Economics,2023,553.0
450601,General Economics,2024,400.0
450602,Applied Economices,2012,264.0
450602,Applied Economices,2013,268.0
450602,Applied Economices,2014,392.0
450602,Applied Economices,2015,370.0
450602,Applied Economices,2016,322.0
450602,Applied Economices,2017,327.0
450602,Applied Economices,2018,309.0
450602,Applied Economices,2019,342.0
450602,Applied Economices,2020,236.0
450602,Applied Economices,2021,240.0
450602,Applied Economices,2022,176.0
450602,Applied Economices,2023,138.0
450602,Applied Economices,2024,123.0
450603,Econometrics & Quantitative Economics,2012,37.0
450603,Econometrics & Quantitative Economics,2013,53.0
450603,Econometrics & Quantitative Economics,2014,84.0
450603,Econometrics & Quantitative Economics,2015,128.0
450603,Econometrics & Quantitative Economics,2016,331.0
450603,Econometrics & Quantitative Economics,2017,921.0
450603,Econometrics & Quantitative Economics,2018,1639.0
450603,Econometrics & Quantitative Economics,2019,2251.0
450603,Econometrics & Quantitative Economics,2020,2779.0
450603,Econometrics & Quantitative Economics,2021,3384.0
450603,Econometrics & Quantitative Economics,2022,3577.0
450603,Econometrics & Quantitative Economics,2023,4337.0
450603,Econometrics & Quantitative Economics,2024,4198.0
450604,Developmental Economics & International Development,2012,398.0
450604,Developmental Economics & International Development,2013,337.0
450604,Developmental Economics & International Development,2014,389.0
450604,Developmental Economics & International Development,2015,402.0
450604,Developmental Economics & International Development,2016,399.0
450604,Developmental Economics & International Development,2017,354.0
450604,Developmental Economics & International Development,2018,302.0
450604,Developmental Economics & International Development,2019,264.0
450604,Developmental Economics & International Development,2020,239.0
450604,Developmental Economics & International Development,2021,238.0
450604,Developmental Economics & International Development,2022,218.0
450604,Developmental Economics & International Development,2023,206.0
450604,Developmental Economics & International Development,2024,164.0
450605,International Economics,2012,213.0
450605,International Economics,2013,227.0
450605,International Economics,2014,215.0
450605,International Economics,2015,194.0
450605,International Economics,2016,163.0
450605,International Economics,2017,45.0
450605,International Economics,2018,39.0
450605,International Economics,2019,22.0
450605,International Economics,2020,39.0
450605,International Economics,2021,28.0
450605,International Economics,2022,28.0
450605,International Economics,2023,34.0
450605,International Economics,2024,35.0
450699,Other Economics,2012,92.0
450699,Other Economics,2013,158.0
450699,Other Economics,2014,155.0
450699,Other Economics,2015,132.0
450699,Other Economics,2016,97.0
450699,Other Economics,2017,127.0
450699,Other Economics,2018,110.0
450699,Other Economics,2019,86.0
450699,Other Economics,2020,68.0
450699,Other Economics,2021,86.0
450699,Other Economics,2022,49.0
450699,Other Economics,2023,49.0
450699,Other Economics,2024,49.0
450701,Geography,2012,929.0
450701,Geography,2013,852.0
450701,Geography,2014,792.0
450701,Geography,2015,778.0
450701,Geography,2016,742.0
450701,Geography,2017,610.0
450701,Geography,2018,617.0
450701,Geography,2019,534.0
450701,Geography,2020,522.0
450701,Geography,2021,414.0
450701,Geography,2022,493.0
450701,Geography,2023,409.0
450701,Geography,2024,349.0
450702,Geographic Information Science & Cartography,2012,177.0
450702,Geographic Information Science & Cartography,2013,298.0
450702,Geographic Information Science & Cartography,2014,327.0
450702,Geographic Information Science & Cartography,2015,422.0
450702,Geographic Information Science & Cartography,2016,473.0
450702,Geographic Information Science & Cartography,2017,496.0
450702,Geographic Information Science & Cartography,2018,566.0
450702,Geographic Information Science & Cartography,2019,605.0
450702,Geographic Information Science & Cartography,2020,704.0
450702,Geographic Information Science & Cartography,2021,601.0
450702,Geographic Information Science & Cartography,2022,669.0
450702,Geographic Information Science & Cartography,2023,728.0
450702,Geographic Information Science & Cartography,2024,694.0
450799,Other Geography,2012,20.0
450799,Other Geography,2013,19.0
450799,Other Geography,2014,21.0
450799,Other Geography,2015,8.0
450799,Other Geography,2016,16.0
450799,Other Geography,2017,52.0
450799,Other Geography,2018,60.0
450799,Other Geography,2019,53.0
450799,Other Geography,2020,65.0
450799,Other Geography,2021,61.0
450799,Other Geography,2022,86.0
450799,Other Geography,2023,56.0
450799,Other Geography,2024,64.0
450901,International Relations & Affairs,2012,4585.0
450901,International Relations & Affairs,2013,4664.0
450901,International Relations & Affairs,2014,4392.0
450901,International Relations & Affairs,2015,4167.0
450901,International Relations & Affairs,2016,4029.0
450901,International Relations & Affairs,2017,4170.0
450901,International Relations & Affairs,2018,4134.0
450901,International Relations & Affairs,2019,4109.0
450901,International Relations & Affairs,2020,3819.0
450901,International Relations & Affairs,2021,3711.0
450901,International Relations & Affairs,2022,3807.0
450901,International Relations & Affairs,2023,4455.0
450901,International Relations & Affairs,2024,3988.0
450902,National Security Policy Studies,2012,331.0
450902,National Security Policy Studies,2013,423.0
450902,National Security Policy Studies,2014,438.0
450902,National Security Policy Studies,2015,488.0
450902,National Security Policy Studies,2016,451.0
450902,National Security Policy Studies,2017,404.0
450902,National Security Policy Studies,2018,415.0
450902,National Security Policy Studies,2019,470.0
450902,National Security Policy Studies,2020,475.0
450902,National Security Policy Studies,2021,372.0
450902,National Security Policy Studies,2022,428.0
450902,National Security Policy Studies,2023,432.0
450902,National Security Policy Studies,2024,466.0
450999,Other International Relations & National Security Studies,2012,53.0
450999,Other International Relations & National Security Studies,2013,74.0
450999,Other International Relations & National Security Studies,2014,118.0
450999,Other International Relations & National Security Studies,2015,76.0
450999,Other International Relations & National Security Studies,2016,132.0
450999,Other International Relations & National Security Studies,2017,151.0
450999,Other International Relations & National Security Studies,2018,175.0
450999,Other International Relations & National Security Studies,2019,239.0
450999,Other International Relations & National Security Studies,2020,259.0
450999,Other International Relations & National Security Studies,2021,343.0
450999,Other International Relations & National Security Studies,2022,415.0
450999,Other International Relations & National Security Studies,2023,375.0
450999,Other International Relations & National Security Studies,2024,354.0
451001,General Political Science & Government,2012,2231.0
451001,General Political Science & Government,2013,2080.0
451001,General Political Science & Government,2014,2020.0
451001,General Political Science & Government,2015,1818.0
451001,General Political Science & Government,2016,1723.0
451001,General Political Science & Government,2017,1602.0
451001,General Political Science & Government,2018,1590.0
451001,General Political Science & Government,2019,1718.0
451001,General Political Science & Government,2020,1601.0
451001,General Political Science & Government,2021,1676.0
451001,General Political Science & Government,2022,1652.0
451001,General Political Science & Government,2023,1731.0
451001,General Political Science & Government,2024,1659.0
451002,US Government & Politics,2012,171.0
451002,US Government & Politics,2013,148.0
451002,US Government & Politics,2014,174.0
451002,US Government & Politics,2015,146.0
451002,US Government & Politics,2016,188.0
451002,US Government & Politics,2017,147.0
451002,US Government & Politics,2018,178.0
451002,US Government & Politics,2019,162.0
451002,US Government & Politics,2020,179.0
451002,US Government & Politics,2021,176.0
451002,US Government & Politics,2022,153.0
451002,US Government & Politics,2023,165.0
451002,US Government & Politics,2024,84.0
451004,Political Economy,2013,1.0
451004,Political Economy,2015,2.0
451004,Political Economy,2016,0.0
451004,Political Economy,2017,4.0
451004,Political Economy,2018,10.0
451004,Political Economy,2019,16.0
451004,Political Economy,2020,17.0
451004,Political Economy,2021,12.0
451004,Political Economy,2022,9.0
451004,Political Economy,2023,13.0
451004,Political Economy,2024,8.0
451099,Other Political Science & Government,2012,111.0
451099,Other Political Science & Government,2013,106.0
451099,Other Political Science & Government,2014,102.0
451099,Other Political Science & Government,2015,131.0
451099,Other Political Science & Government,2016,86.0
451099,Other Political Science & Government,2017,101.0
451099,Other Political Science & Government,2018,99.0
451099,Other Political Science & Government,2019,88.0
451099,Other Political Science & Government,2020,53.0
451099,Other Political Science & Government,2021,72.0
451099,Other Political Science & Government,2022,75.0
451099,Other Political Science & Government,2023,91.0
451099,Other Political Science & Government,2024,113.0
451101,Sociology,2012,1700.0
451101,Sociology,2013,1607.0
451101,Sociology,2014,1616.0
451101,Sociology,2015,1449.0
451101,Sociology,2016,1367.0
451101,Sociology,2017,1402.0
451101,Sociology,2018,1418.0
451101,Sociology,2019,1442.0
451101,Sociology,2020,1307.0
451101,Sociology,2021,1289.0
451101,Sociology,2022,1403.0
451101,Sociology,2023,1319.0
451101,Sociology,2024,1199.0
451102,Applied/Public Sociology,2020,4.0
451102,Applied/Public Sociology,2021,9.0
451102,Applied/Public Sociology,2022,25.0
451102,Applied/Public Sociology,2023,39.0
451102,Applied/Public Sociology,2024,24.0
451103,Rural Sociology,2024,2.0
451201,Urban Studies,2012,479.0
451201,Urban Studies,2013,457.0
451201,Urban Studies,2014,444.0
451201,Urban Studies,2015,393.0
451201,Urban Studies,2016,342.0
451201,Urban Studies,2017,413.0
451201,Urban Studies,2018,345.0
451201,Urban Studies,2019,331.0
451201,Urban Studies,2020,300.0
451201,Urban Studies,2021,351.0
451201,Urban Studies,2022,382.0
451201,Urban Studies,2023,327.0
451201,Urban Studies,2024,315.0
451301,Sociology & Anthropology,2012,10.0
451301,Sociology & Anthropology,2013,8.0
451301,Sociology & Anthropology,2014,9.0
451301,Sociology & Anthropology,2015,4.0
451301,Sociology & Anthropology,2016,4.0
451301,Sociology & Anthropology,2017,9.0
451301,Sociology & Anthropology,2018,2.0
451301,Sociology & Anthropology,2019,4.0
451301,Sociology & Anthropology,2020,0.0
451301,Sociology & Anthropology,2021,0.0
451301,Sociology & Anthropology,2022,0.0
451301,Sociology & Anthropology,2023,1.0
451301,Sociology & Anthropology,2024,2.0
451401,Rural Sociology,2012,1.0
451401,Rural Sociology,2013,1.0
451401,Rural Sociology,2014,0.0
451401,Rural Sociology,2015,0.0
451401,Rural Sociology,2016,0.0
459999,Other Social Sciences,2012,489.0
459999,Other Social Sciences,2013,672.0
459999,Other Social Sciences,2014,556.0
459999,Other Social Sciences,2015,622.0
459999,Other Social Sciences,2016,623.0
459999,Other Social Sciences,2017,620.0
459999,Other Social Sciences,2018,502.0
459999,Other Social Sciences,2019,449.0
459999,Other Social Sciences,2020,369.0
459999,Other Social Sciences,2021,378.0
459999,Other Social Sciences,2022,351.0
459999,Other Social Sciences,2023,315.0
459999,Other Social Sciences,2024,280.0
460401,Building & Property Maintenance,2012,5.0
460401,Building & Property Maintenance,2013,6.0
460401,Building & Property Maintenance,2014,0.0
460401,Building & Property Maintenance,2015,0.0
460401,Building & Property Maintenance,2022,0.0
460401,Building & Property Maintenance,2023,0.0
460401,Building & Property Maintenance,2024,0.0
460412,Construction Site Manager,2012,0.0
460412,Construction Site Manager,2013,0.0
469999,Other Construction Trade,2024,0.0
470604,Automobile Mechanics Technology,2022,0.0
470604,Automobile Mechanics Technology,2023,0.0
470604,Automobile Mechanics Technology,2024,0.0
470608,Aircraft Powerplant Technology,2017,0.0
470608,Aircraft Powerplant Technology,2018,1.0
470608,Aircraft Powerplant Technology,2019,7.0
470608,Aircraft Powerplant Technology,2020,22.0
470608,Aircraft Powerplant Technology,2021,25.0
470608,Aircraft Powerplant Technology,2022,27.0
470608,Aircraft Powerplant Technology,2023,29.0
470608,Aircraft Powerplant Technology,2024,23.0
470699,Other Vehicle Maintenance & Repair Technologies,2022,0.0
470699,Other Vehicle Maintenance & Repair Technologies,2023,0.0
470699,Other Vehicle Maintenance & Repair Technologies,2024,0.0
470701,Energy Systems Installation And Repair Technology/Technician,2021,2.0
470701,Energy Systems Installation And Repair Technology/Technician,2022,0.0
480702,Furniture Design & Manufacturing,2012,11.0
480702,Furniture Design & Manufacturing,2013,9.0
480702,Furniture Design & Manufacturing,2014,15.0
480702,Furniture Design & Manufacturing,2015,4.0
480702,Furniture Design & Manufacturing,2016,10.0
480702,Furniture Design & Manufacturing,2017,14.0
480702,Furniture Design & Manufacturing,2018,11.0
480702,Furniture Design & Manufacturing,2019,12.0
480702,Furniture Design & Manufacturing,2020,11.0
480702,Furniture Design & Manufacturing,2021,8.0
480702,Furniture Design & Manufacturing,2022,11.0
480702,Furniture Design & Manufacturing,2023,10.0
480702,Furniture Design & Manufacturing,2024,11.0
490101,General Aeronautics & Aerospace Science & Technology,2012,149.0
490101,General Aeronautics & Aerospace Science & Technology,2013,1142.0
490101,General Aeronautics & Aerospace Science & Technology,2014,937.0
490101,General Aeronautics & Aerospace Science & Technology,2015,723.0
490101,General Aeronautics & Aerospace Science & Technology,2016,605.0
490101,General Aeronautics & Aerospace Science & Technology,2017,570.0
490101,General Aeronautics & Aerospace Science & Technology,2018,556.0
490101,General Aeronautics & Aerospace Science & Technology,2019,553.0
490101,General Aeronautics & Aerospace Science & Technology,2020,552.0
490101,General Aeronautics & Aerospace Science & Technology,2021,590.0
490101,General Aeronautics & Aerospace Science & Technology,2022,578.0
490101,General Aeronautics & Aerospace Science & Technology,2023,601.0
490101,General Aeronautics & Aerospace Science & Technology,2024,707.0
490102,Airline Professional Pilot & Flight Crew,2012,1264.0
490102,Airline Professional Pilot & Flight Crew,2013,0.0
490102,Airline Professional Pilot & Flight Crew,2014,0.0
490102,Airline Professional Pilot & Flight Crew,2015,0.0
490104,Airway Management & Operations,2012,227.0
490104,Airway Management & Operations,2013,260.0
490104,Airway Management & Operations,2014,224.0
490104,Airway Management & Operations,2015,184.0
490104,Airway Management & Operations,2016,255.0
490104,Airway Management & Operations,2017,237.0
490104,Airway Management & Operations,2018,224.0
490104,Airway Management & Operations,2019,198.0
490104,Airway Management & Operations,2020,75.0
490104,Airway Management & Operations,2021,79.0
490104,Airway Management & Operations,2022,96.0
490104,Airway Management & Operations,2023,124.0
490104,Airway Management & Operations,2024,110.0
490199,Other Air Transportation,2012,47.0
490199,Other Air Transportation,2013,27.0
490199,Other Air Transportation,2014,58.0
490199,Other Air Transportation,2015,44.0
490199,Other Air Transportation,2016,50.0
490199,Other Air Transportation,2017,26.0
490199,Other Air Transportation,2018,29.0
490199,Other Air Transportation,2019,17.0
490199,Other Air Transportation,2020,4.0
490199,Other Air Transportation,2021,0.0
490199,Other Air Transportation,2022,0.0
490199,Other Air Transportation,2023,0.0
490199,Other Air Transportation,2024,0.0
499999,Other Transportation & Materials Moving,2012,0.0
499999,Other Transportation & Materials Moving,2013,2.0
499999,Other Transportation & Materials Moving,2014,6.0
499999,Other Transportation & Materials Moving,2015,6.0
499999,Other Transportation & Materials Moving,2016,1.0
499999,Other Transportation & Materials Moving,2017,6.0
499999,Other Transportation & Materials Moving,2018,6.0
499999,Other Transportation & Materials Moving,2019,6.0
499999,Other Transportation & Materials Moving,2020,0.0
499999,Other Transportation & Materials Moving,2021,1.0
499999,Other Transportation & Materials Moving,2022,0.0
499999,Other Transportation & Materials Moving,2023,1.0
499999,Other Transportation & Materials Moving,2024,0.0
500101,General Visual & Performing Arts,2012,148.0
500101,General Visual & Performing Arts,2013,194.0
500101,General Visual & Performing Arts,2014,166.0
500101,General Visual & Performing Arts,2015,138.0
500101,General Visual & Performing Arts,2016,166.0
500101,General Visual & Performing Arts,2017,114.0
500101,General Visual & Performing Arts,2018,134.0
500101,General Visual & Performing Arts,2019,116.0
500101,General Visual & Performing Arts,2020,145.0
500101,General Visual & Performing Arts,2021,129.0
500101,General Visual & Performing Arts,2022,122.0
500101,General Visual & Performing Arts,2023,119.0
500101,General Visual & Performing Arts,2024,92.0
500102,Digital Arts,2012,103.0
500102,Digital Arts,2013,113.0
500102,Digital Arts,2014,137.0
500102,Digital Arts,2015,229.0
500102,Digital Arts,2016,264.0
500102,Digital Arts,2017,169.0
500102,Digital Arts,2018,238.0
500102,Digital Arts,2019,257.0
500102,Digital Arts,2020,210.0
500102,Digital Arts,2021,214.0
500102,Digital Arts,2022,243.0
500102,Digital Arts,2023,208.0
500102,Digital Arts,2024,114.0
500201,"Crafts Design, Folk Art, & Artisanry",2012,2.0
500201,"Crafts Design, Folk Art, & Artisanry",2013,6.0
500201,"Crafts Design, Folk Art, & Artisanry",2014,7.0
500201,"Crafts Design, Folk Art, & Artisanry",2015,16.0
500201,"Crafts Design, Folk Art, & Artisanry",2016,11.0
500201,"Crafts Design, Folk Art, & Artisanry",2017,19.0
500201,"Crafts Design, Folk Art, & Artisanry",2018,22.0
500201,"Crafts Design, Folk Art, & Artisanry",2019,2.0
500201,"Crafts Design, Folk Art, & Artisanry",2020,6.0
500201,"Crafts Design, Folk Art, & Artisanry",2021,13.0
500201,"Crafts Design, Folk Art, & Artisanry",2022,5.0
500201,"Crafts Design, Folk Art, & Artisanry",2023,0.0
500201,"Crafts Design, Folk Art, & Artisanry",2024,0.0
500301,General Dance,2012,237.0
500301,General Dance,2013,246.0
500301,General Dance,2014,215.0
500301,General Dance,2015,191.0
500301,General Dance,2016,223.0
500301,General Dance,2017,208.0
500301,General Dance,2018,226.0
500301,General Dance,2019,217.0
500301,General Dance,2020,218.0
500301,General Dance,2021,243.0
500301,General Dance,2022,232.0
500301,General Dance,2023,244.0
500301,General Dance,2024,202.0
500302,Ballet,2012,4.0
500302,Ballet,2013,3.0
500302,Ballet,2014,0.0
500302,Ballet,2015,0.0
500302,Ballet,2016,0.0
500302,Ballet,2017,0.0
500302,Ballet,2018,0.0
500302,Ballet,2019,4.0
500302,Ballet,2020,1.0
500302,Ballet,2021,2.0
500302,Ballet,2022,1.0
500302,Ballet,2023,0.0
500302,Ballet,2024,2.0
500399,Other Dance,2012,2.0
500399,Other Dance,2013,2.0
500399,Other Dance,2014,2.0
500399,Other Dance,2015,1.0
500399,Other Dance,2016,0.0
500399,Other Dance,2017,0.0
500399,Other Dance,2018,0.0
500399,Other Dance,2019,0.0
500399,Other Dance,2020,0.0
500399,Other Dance,2021,0.0
500399,Other Dance,2022,0.0
500399,Other Dance,2023,0.0
500399,Other Dance,2024,7.0
500401,General Design & Visual Communications,2012,510.0
500401,General Design & Visual Communications,2013,526.0
500401,General Design & Visual Communications,2014,508.0
500401,General Design & Visual Communications,2015,455.0
500401,General Design & Visual Communications,2016,368.0
500401,General Design & Visual Communications,2017,449.0
500401,General Design & Visual Communications,2018,390.0
500401,General Design & Visual Communications,2019,432.0
500401,General Design & Visual Communications,2020,459.0
500401,General Design & Visual Communications,2021,481.0
500401,General Design & Visual Communications,2022,466.0
500401,General Design & Visual Communications,2023,423.0
500401,General Design & Visual Communications,2024,396.0
500402,Commercial & Advertising Art,2012,115.0
500402,Commercial & Advertising Art,2013,93.0
500402,Commercial & Advertising Art,2014,88.0
500402,Commercial & Advertising Art,2015,83.0
500402,Commercial & Advertising Art,2016,100.0
500402,Commercial & Advertising Art,2017,87.0
500402,Commercial & Advertising Art,2018,39.0
500402,Commercial & Advertising Art,2019,11.0
500402,Commercial & Advertising Art,2020,15.0
500402,Commercial & Advertising Art,2021,14.0
500402,Commercial & Advertising Art,2022,33.0
500402,Commercial & Advertising Art,2023,38.0
500402,Commercial & Advertising Art,2024,16.0
500404,Industrial & Product Design,2012,179.0
500404,Industrial & Product Design,2013,198.0
500404,Industrial & Product Design,2014,189.0
500404,Industrial & Product Design,2015,204.0
500404,Industrial & Product Design,2016,216.0
500404,Industrial & Product Design,2017,209.0
500404,Industrial & Product Design,2018,205.0
500404,Industrial & Product Design,2019,216.0
500404,Industrial & Product Design,2020,233.0
500404,Industrial & Product Design,2021,180.0
500404,Industrial & Product Design,2022,148.0
500404,Industrial & Product Design,2023,108.0
500404,Industrial & Product Design,2024,95.0
500406,Commercial Photography,2012,12.0
500406,Commercial Photography,2013,18.0
500406,Commercial Photography,2014,20.0
500406,Commercial Photography,2015,7.0
500406,Commercial Photography,2016,18.0
500406,Commercial Photography,2017,14.0
500406,Commercial Photography,2018,3.0
500406,Commercial Photography,2019,6.0
500406,Commercial Photography,2020,12.0
500406,Commercial Photography,2021,21.0
500406,Commercial Photography,2022,10.0
500406,Commercial Photography,2023,6.0
500406,Commercial Photography,2024,6.0
500407,Fashion & Apparel Design,2012,196.0
500407,Fashion & Apparel Design,2013,213.0
500407,Fashion & Apparel Design,2014,246.0
500407,Fashion & Apparel Design,2015,246.0
500407,Fashion & Apparel Design,2016,185.0
500407,Fashion & Apparel Design,2017,198.0
500407,Fashion & Apparel Design,2018,154.0
500407,Fashion & Apparel Design,2019,157.0
500407,Fashion & Apparel Design,2020,144.0
500407,Fashion & Apparel Design,2021,103.0
500407,Fashion & Apparel Design,2022,119.0
500407,Fashion & Apparel Design,2023,112.0
500407,Fashion & Apparel Design,2024,96.0
500408,Interior Design,2012,449.0
500408,Interior Design,2013,430.0
500408,Interior Design,2014,388.0
500408,Interior Design,2015,440.0
500408,Interior Design,2016,437.0
500408,Interior Design,2017,338.0
500408,Interior Design,2018,300.0
500408,Interior Design,2019,257.0
500408,Interior Design,2020,271.0
500408,Interior Design,2021,244.0
500408,Interior Design,2022,302.0
500408,Interior Design,2023,249.0
500408,Interior Design,2024,225.0
500409,Graphic Design,2012,256.0
500409,Graphic Design,2013,353.0
500409,Graphic Design,2014,336.0
500409,Graphic Design,2015,259.0
500409,Graphic Design,2016,289.0
500409,Graphic Design,2017,211.0
500409,Graphic Design,2018,174.0
500409,Graphic Design,2019,226.0
500409,Graphic Design,2020,254.0
500409,Graphic Design,2021,230.0
500409,Graphic Design,2022,194.0
500409,Graphic Design,2023,162.0
500409,Graphic Design,2024,169.0
500410,Illustration,2012,134.0
500410,Illustration,2013,125.0
500410,Illustration,2014,159.0
500410,Illustration,2015,174.0
500410,Illustration,2016,179.0
500410,Illustration,2017,174.0
500410,Illustration,2018,160.0
500410,Illustration,2019,213.0
500410,Illustration,2020,212.0
500410,Illustration,2021,194.0
500410,Illustration,2022,221.0
500410,Illustration,2023,168.0
500410,Illustration,2024,291.0
500411,Game & Interactive Media Design,2012,121.0
500411,Game & Interactive Media Design,2013,123.0
500411,Game & Interactive Media Design,2014,167.0
500411,Game & Interactive Media Design,2015,192.0
500411,Game & Interactive Media Design,2016,157.0
500411,Game & Interactive Media Design,2017,152.0
500411,Game & Interactive Media Design,2018,123.0
500411,Game & Interactive Media Design,2019,134.0
500411,Game & Interactive Media Design,2020,94.0
500411,Game & Interactive Media Design,2021,121.0
500411,Game & Interactive Media Design,2022,45.0
500411,Game & Interactive Media Design,2023,48.0
500411,Game & Interactive Media Design,2024,50.0
500499,Other Design & Applied Arts,2012,284.0
500499,Other Design & Applied Arts,2013,281.0
500499,Other Design & Applied Arts,2014,272.0
500499,Other Design & Applied Arts,2015,249.0
500499,Other Design & Applied Arts,2016,281.0
500499,Other Design & Applied Arts,2017,250.0
500499,Other Design & Applied Arts,2018,278.0
500499,Other Design & Applied Arts,2019,242.0
500499,Other Design & Applied Arts,2020,293.0
500499,Other Design & Applied Arts,2021,343.0
500499,Other Design & Applied Arts,2022,406.0
500499,Other Design & Applied Arts,2023,374.0
500499,Other Design & Applied Arts,2024,339.0
500501,General Drama & Theater Arts,2012,1212.0
500501,General Drama & Theater Arts,2013,1151.0
500501,General Drama & Theater Arts,2014,975.0
500501,General Drama & Theater Arts,2015,955.0
500501,General Drama & Theater Arts,2016,936.0
500501,General Drama & Theater Arts,2017,904.0
500501,General Drama & Theater Arts,2018,997.0
500501,General Drama & Theater Arts,2019,894.0
500501,General Drama & Theater Arts,2020,819.0
500501,General Drama & Theater Arts,2021,832.0
500501,General Drama & Theater Arts,2022,842.0
500501,General Drama & Theater Arts,2023,927.0
500501,General Drama & Theater Arts,2024,820.0
500502,Technical Theatre Design & Technology,2012,142.0
500502,Technical Theatre Design & Technology,2013,155.0
500502,Technical Theatre Design & Technology,2014,160.0
500502,Technical Theatre Design & Technology,2015,161.0
500502,Technical Theatre Design & Technology,2016,160.0
500502,Technical Theatre Design & Technology,2017,157.0
500502,Technical Theatre Design & Technology,2018,176.0
500502,Technical Theatre Design & Technology,2019,165.0
500502,Technical Theatre Design & Technology,2020,176.0
500502,Technical Theatre Design & Technology,2021,162.0
500502,Technical Theatre Design & Technology,2022,154.0
500502,Technical Theatre Design & Technology,2023,142.0
500502,Technical Theatre Design & Technology,2024,150.0
500504,Playwriting & Screenwriting,2012,184.0
500504,Playwriting & Screenwriting,2013,183.0
500504,Playwriting & Screenwriting,2014,220.0
500504,Playwriting & Screenwriting,2015,266.0
500504,Playwriting & Screenwriting,2016,276.0
500504,Playwriting & Screenwriting,2017,321.0
500504,Playwriting & Screenwriting,2018,354.0
500504,Playwriting & Screenwriting,2019,350.0
500504,Playwriting & Screenwriting,2020,335.0
500504,Playwriting & Screenwriting,2021,333.0
500504,Playwriting & Screenwriting,2022,388.0
500504,Playwriting & Screenwriting,2023,375.0
500504,Playwriting & Screenwriting,2024,304.0
500505,"Theatre Literature, History, & Criticism",2012,8.0
500505,"Theatre Literature, History, & Criticism",2013,8.0
500505,"Theatre Literature, History, & Criticism",2014,8.0
500505,"Theatre Literature, History, & Criticism",2015,7.0
500505,"Theatre Literature, History, & Criticism",2016,9.0
500505,"Theatre Literature, History, & Criticism",2017,10.0
500505,"Theatre Literature, History, & Criticism",2018,7.0
500505,"Theatre Literature, History, & Criticism",2019,9.0
500505,"Theatre Literature, History, & Criticism",2020,2.0
500505,"Theatre Literature, History, & Criticism",2021,0.0
500505,"Theatre Literature, History, & Criticism",2022,6.0
500505,"Theatre Literature, History, & Criticism",2023,7.0
500505,"Theatre Literature, History, & Criticism",2024,5.0
500506,Acting,2012,206.0
500506,Acting,2013,201.0
500506,Acting,2014,251.0
500506,Acting,2015,230.0
500506,Acting,2016,217.0
500506,Acting,2017,193.0
500506,Acting,2018,189.0
500506,Acting,2019,190.0
500506,Acting,2020,189.0
500506,Acting,2021,158.0
500506,Acting,2022,142.0
500506,Acting,2023,174.0
500506,Acting,2024,151.0
500507,Directing & Theatrical Production,2012,83.0
500507,Directing & Theatrical Production,2013,72.0
500507,Directing & Theatrical Production,2014,84.0
500507,Directing & Theatrical Production,2015,102.0
500507,Directing & Theatrical Production,2016,87.0
500507,Directing & Theatrical Production,2017,85.0
500507,Directing & Theatrical Production,2018,84.0
500507,Directing & Theatrical Production,2019,87.0
500507,Directing & Theatrical Production,2020,75.0
500507,Directing & Theatrical Production,2021,63.0
500507,Directing & Theatrical Production,2022,76.0
500507,Directing & Theatrical Production,2023,69.0
500507,Directing & Theatrical Production,2024,63.0
500509,Musical Theatre,2016,13.0
500509,Musical Theatre,2017,14.0
500509,Musical Theatre,2018,18.0
500509,Musical Theatre,2019,17.0
500509,Musical Theatre,2020,11.0
500509,Musical Theatre,2021,12.0
500509,Musical Theatre,2022,20.0
500509,Musical Theatre,2023,5.0
500509,Musical Theatre,2024,7.0
500510,Costume Design,2012,3.0
500510,Costume Design,2013,5.0
500510,Costume Design,2014,6.0
500510,Costume Design,2015,6.0
500510,Costume Design,2016,4.0
500510,Costume Design,2017,7.0
500510,Costume Design,2018,5.0
500510,Costume Design,2019,16.0
500510,Costume Design,2020,17.0
500510,Costume Design,2021,8.0
500510,Costume Design,2022,8.0
500510,Costume Design,2023,8.0
500510,Costume Design,2024,11.0
500599,Other Dramatic Arts & Stagecraft,2012,44.0
500599,Other Dramatic Arts & Stagecraft,2013,63.0
500599,Other Dramatic Arts & Stagecraft,2014,56.0
500599,Other Dramatic Arts & Stagecraft,2015,68.0
500599,Other Dramatic Arts & Stagecraft,2016,50.0
500599,Other Dramatic Arts & Stagecraft,2017,44.0
500599,Other Dramatic Arts & Stagecraft,2018,66.0
500599,Other Dramatic Arts & Stagecraft,2019,55.0
500599,Other Dramatic Arts & Stagecraft,2020,60.0
500599,Other Dramatic Arts & Stagecraft,2021,43.0
500599,Other Dramatic Arts & Stagecraft,2022,34.0
500599,Other Dramatic Arts & Stagecraft,2023,49.0
500599,Other Dramatic Arts & Stagecraft,2024,61.0
500601,"Film, Cinema, & Video Studies",2012,382.0
500601,"Film, Cinema, & Video Studies",2013,408.0
500601,"Film, Cinema, & Video Studies",2014,322.0
500601,"Film, Cinema, & Video Studies",2015,444.0
500601,"Film, Cinema, & Video Studies",2016,398.0
500601,"Film, Cinema, & Video Studies",2017,768.0
500601,"Film, Cinema, & Video Studies",2018,560.0
500601,"Film, Cinema, & Video Studies",2019,587.0
500601,"Film, Cinema, & Video Studies",2020,555.0
500601,"Film, Cinema, & Video Studies",2021,491.0
500601,"Film, Cinema, & Video Studies",2022,506.0
500601,"Film, Cinema, & Video Studies",2023,574.0
500601,"Film, Cinema, & Video Studies",2024,586.0
500602,Cinematography & Film Production,2012,813.0
500602,Cinematography & Film Production,2013,901.0
500602,Cinematography & Film Production,2014,860.0
500602,Cinematography & Film Production,2015,982.0
500602,Cinematography & Film Production,2016,1018.0
500602,Cinematography & Film Production,2017,916.0
500602,Cinematography & Film Production,2018,1056.0
500602,Cinematography & Film Production,2019,1038.0
500602,Cinematography & Film Production,2020,967.0
500602,Cinematography & Film Production,2021,854.0
500602,Cinematography & Film Production,2022,928.0
500602,Cinematography & Film Production,2023,1011.0
500602,Cinematography & Film Production,2024,999.0
500605,Photography,2012,253.0
500605,Photography,2013,321.0
500605,Photography,2014,280.0
500605,Photography,2015,309.0
500605,Photography,2016,268.0
500605,Photography,2017,286.0
500605,Photography,2018,263.0
500605,Photography,2019,255.0
500605,Photography,2020,242.0
500605,Photography,2021,217.0
500605,Photography,2022,209.0
500605,Photography,2023,215.0
500605,Photography,2024,188.0
500607,Documentary Production,2012,10.0
500607,Documentary Production,2013,24.0
500607,Documentary Production,2014,24.0
500607,Documentary Production,2015,8.0
500607,Documentary Production,2016,25.0
500607,Documentary Production,2017,34.0
500607,Documentary Production,2018,46.0
500607,Documentary Production,2019,33.0
500607,Documentary Production,2020,32.0
500607,Documentary Production,2021,24.0
500607,Documentary Production,2022,34.0
500607,Documentary Production,2023,43.0
500607,Documentary Production,2024,36.0
500699,Other Film & Photographic Arts,2012,92.0
500699,Other Film & Photographic Arts,2013,187.0
500699,Other Film & Photographic Arts,2014,178.0
500699,Other Film & Photographic Arts,2015,57.0
500699,Other Film & Photographic Arts,2016,59.0
500699,Other Film & Photographic Arts,2017,59.0
500699,Other Film & Photographic Arts,2018,56.0
500699,Other Film & Photographic Arts,2019,50.0
500699,Other Film & Photographic Arts,2020,41.0
500699,Other Film & Photographic Arts,2021,24.0
500699,Other Film & Photographic Arts,2022,27.0
500699,Other Film & Photographic Arts,2023,28.0
500699,Other Film & Photographic Arts,2024,22.0
500701,General Art Studies,2012,810.0
500701,General Art Studies,2013,790.0
500701,General Art Studies,2014,770.0
500701,General Art Studies,2015,662.0
500701,General Art Studies,2016,772.0
500701,General Art Studies,2017,668.0
500701,General Art Studies,2018,714.0
500701,General Art Studies,2019,649.0
500701,General Art Studies,2020,521.0
500701,General Art Studies,2021,512.0
500701,General Art Studies,2022,532.0
500701,General Art Studies,2023,537.0
500701,General Art Studies,2024,525.0
500702,General Fine Studio Arts,2012,1414.0
500702,General Fine Studio Arts,2013,1490.0
500702,General Fine Studio Arts,2014,1521.0
500702,General Fine Studio Arts,2015,1468.0
500702,General Fine Studio Arts,2016,1409.0
500702,General Fine Studio Arts,2017,1310.0
500702,General Fine Studio Arts,2018,1394.0
500702,General Fine Studio Arts,2019,1350.0
500702,General Fine Studio Arts,2020,1208.0
500702,General Fine Studio Arts,2021,1196.0
500702,General Fine Studio Arts,2022,1156.0
500702,General Fine Studio Arts,2023,1177.0
500702,General Fine Studio Arts,2024,1195.0
500703,"Art History, Criticism, & Conservation",2012,903.0
500703,"Art History, Criticism, & Conservation",2013,976.0
500703,"Art History, Criticism, & Conservation",2014,941.0
500703,"Art History, Criticism, & Conservation",2015,868.0
500703,"Art History, Criticism, & Conservation",2016,885.0
500703,"Art History, Criticism, & Conservation",2017,828.0
500703,"Art History, Criticism, & Conservation",2018,851.0
500703,"Art History, Criticism, & Conservation",2019,877.0
500703,"Art History, Criticism, & Conservation",2020,774.0
500703,"Art History, Criticism, & Conservation",2021,764.0
500703,"Art History, Criticism, & Conservation",2022,762.0
500703,"Art History, Criticism, & Conservation",2023,755.0
500703,"Art History, Criticism, & Conservation",2024,768.0
500705,Drawing,2012,31.0
500705,Drawing,2013,21.0
500705,Drawing,2014,21.0
500705,Drawing,2015,23.0
500705,Drawing,2016,23.0
500705,Drawing,2017,21.0
500705,Drawing,2018,25.0
500705,Drawing,2019,31.0
500705,Drawing,2020,24.0
500705,Drawing,2021,19.0
500705,Drawing,2022,13.0
500705,Drawing,2023,17.0
500705,Drawing,2024,10.0
500706,Multimedia,2012,35.0
500706,Multimedia,2013,28.0
500706,Multimedia,2014,63.0
500706,Multimedia,2015,51.0
500706,Multimedia,2016,45.0
500706,Multimedia,2017,55.0
500706,Multimedia,2018,41.0
500706,Multimedia,2019,47.0
500706,Multimedia,2020,21.0
500706,Multimedia,2021,17.0
500706,Multimedia,2022,26.0
500706,Multimedia,2023,28.0
500706,Multimedia,2024,26.0
500708,Painting,2012,232.0
500708,Painting,2013,206.0
500708,Painting,2014,203.0
500708,Painting,2015,185.0
500708,Painting,2016,145.0
500708,Painting,2017,158.0
500708,Painting,2018,144.0
500708,Painting,2019,136.0
500708,Painting,2020,149.0
500708,Painting,2021,132.0
500708,Painting,2022,135.0
500708,Painting,2023,130.0
500708,Painting,2024,130.0
500709,Sculpture,2012,70.0
500709,Sculpture,2013,71.0
500709,Sculpture,2014,62.0
500709,Sculpture,2015,66.0
500709,Sculpture,2016,49.0
500709,Sculpture,2017,51.0
500709,Sculpture,2018,51.0
500709,Sculpture,2019,47.0
500709,Sculpture,2020,47.0
500709,Sculpture,2021,42.0
500709,Sculpture,2022,42.0
500709,Sculpture,2023,57.0
500709,Sculpture,2024,55.0
500710,Printmaking,2012,56.0
500710,Printmaking,2013,54.0
500710,Printmaking,2014,44.0
500710,Printmaking,2015,43.0
500710,Printmaking,2016,43.0
500710,Printmaking,2017,37.0
500710,Printmaking,2018,33.0
500710,Printmaking,2019,35.0
500710,Printmaking,2020,62.0
500710,Printmaking,2021,40.0
500710,Printmaking,2022,43.0
500710,Printmaking,2023,56.0
500710,Printmaking,2024,42.0
500711,Ceramic Arts & Ceramics,2012,52.0
500711,Ceramic Arts & Ceramics,2013,46.0
500711,Ceramic Arts & Ceramics,2014,41.0
500711,Ceramic Arts & Ceramics,2015,43.0
500711,Ceramic Arts & Ceramics,2016,48.0
500711,Ceramic Arts & Ceramics,2017,51.0
500711,Ceramic Arts & Ceramics,2018,46.0
500711,Ceramic Arts & Ceramics,2019,50.0
500711,Ceramic Arts & Ceramics,2020,32.0
500711,Ceramic Arts & Ceramics,2021,40.0
500711,Ceramic Arts & Ceramics,2022,34.0
500711,Ceramic Arts & Ceramics,2023,37.0
500711,Ceramic Arts & Ceramics,2024,36.0
500712,"Fiber, Textile, & Weaving Arts",2012,47.0
500712,"Fiber, Textile, & Weaving Arts",2013,43.0
500712,"Fiber, Textile, & Weaving Arts",2014,30.0
500712,"Fiber, Textile, & Weaving Arts",2015,37.0
500712,"Fiber, Textile, & Weaving Arts",2016,36.0
500712,"Fiber, Textile, & Weaving Arts",2017,30.0
500712,"Fiber, Textile, & Weaving Arts",2018,44.0
500712,"Fiber, Textile, & Weaving Arts",2019,36.0
500712,"Fiber, Textile, & Weaving Arts",2020,25.0
500712,"Fiber, Textile, & Weaving Arts",2021,31.0
500712,"Fiber, Textile, & Weaving Arts",2022,32.0
500712,"Fiber, Textile, & Weaving Arts",2023,24.0
500712,"Fiber, Textile, & Weaving Arts",2024,17.0
500713,Metal & Jewelry Arts,2012,34.0
500713,Metal & Jewelry Arts,2013,40.0
500713,Metal & Jewelry Arts,2014,35.0
500713,Metal & Jewelry Arts,2015,37.0
500713,Metal & Jewelry Arts,2016,39.0
500713,Metal & Jewelry Arts,2017,35.0
500713,Metal & Jewelry Arts,2018,56.0
500713,Metal & Jewelry Arts,2019,42.0
500713,Metal & Jewelry Arts,2020,39.0
500713,Metal & Jewelry Arts,2021,24.0
500713,Metal & Jewelry Arts,2022,19.0
500713,Metal & Jewelry Arts,2023,12.0
500713,Metal & Jewelry Arts,2024,12.0
500714,Metal Arts,2020,0.0
500714,Metal Arts,2021,2.0
500714,Metal Arts,2022,6.0
500714,Metal Arts,2023,8.0
500714,Metal Arts,2024,7.0
500799,Other Fine Arts & Art Studies,2012,319.0
500799,Other Fine Arts & Art Studies,2013,357.0
500799,Other Fine Arts & Art Studies,2014,333.0
500799,Other Fine Arts & Art Studies,2015,304.0
500799,Other Fine Arts & Art Studies,2016,317.0
500799,Other Fine Arts & Art Studies,2017,275.0
500799,Other Fine Arts & Art Studies,2018,289.0
500799,Other Fine Arts & Art Studies,2019,227.0
500799,Other Fine Arts & Art Studies,2020,180.0
500799,Other Fine Arts & Art Studies,2021,165.0
500799,Other Fine Arts & Art Studies,2022,148.0
500799,Other Fine Arts & Art Studies,2023,220.0
500799,Other Fine Arts & Art Studies,2024,154.0
500901,General Music,2012,1912.0
500901,General Music,2013,1963.0
500901,General Music,2014,1971.0
500901,General Music,2015,1808.0
500901,General Music,2016,1893.0
500901,General Music,2017,1915.0
500901,General Music,2018,1834.0
500901,General Music,2019,1831.0
500901,General Music,2020,1753.0
500901,General Music,2021,1777.0
500901,General Music,2022,1619.0
500901,General Music,2023,1644.0
500901,General Music,2024,1579.0
500902,"Music History, Literature, & Theory",2012,46.0
500902,"Music History, Literature, & Theory",2013,37.0
500902,"Music History, Literature, & Theory",2014,45.0
500902,"Music History, Literature, & Theory",2015,51.0
500902,"Music History, Literature, & Theory",2016,43.0
500902,"Music History, Literature, & Theory",2017,28.0
500902,"Music History, Literature, & Theory",2018,43.0
500902,"Music History, Literature, & Theory",2019,37.0
500902,"Music History, Literature, & Theory",2020,33.0
500902,"Music History, Literature, & Theory",2021,35.0
500902,"Music History, Literature, & Theory",2022,37.0
500902,"Music History, Literature, & Theory",2023,32.0
500902,"Music History, Literature, & Theory",2024,38.0
500903,General Music Performance,2012,2344.0
500903,General Music Performance,2013,2298.0
500903,General Music Performance,2014,2369.0
500903,General Music Performance,2015,2279.0
500903,General Music Performance,2016,2358.0
500903,General Music Performance,2017,2157.0
500903,General Music Performance,2018,2207.0
500903,General Music Performance,2019,2200.0
500903,General Music Performance,2020,2269.0
500903,General Music Performance,2021,2066.0
500903,General Music Performance,2022,1908.0
500903,General Music Performance,2023,2231.0
500903,General Music Performance,2024,2115.0
500904,Music Theory & Composition,2012,273.0
500904,Music Theory & Composition,2013,278.0
500904,Music Theory & Composition,2014,296.0
500904,Music Theory & Composition,2015,331.0
500904,Music Theory & Composition,2016,319.0
500904,Music Theory & Composition,2017,335.0
500904,Music Theory & Composition,2018,324.0
500904,Music Theory & Composition,2019,334.0
500904,Music Theory & Composition,2020,310.0
500904,Music Theory & Composition,2021,297.0
500904,Music Theory & Composition,2022,279.0
500904,Music Theory & Composition,2023,344.0
500904,Music Theory & Composition,2024,298.0
500905,Musicology & Ethnomusicology,2012,61.0
500905,Musicology & Ethnomusicology,2013,90.0
500905,Musicology & Ethnomusicology,2014,85.0
500905,Musicology & Ethnomusicology,2015,59.0
500905,Musicology & Ethnomusicology,2016,52.0
500905,Musicology & Ethnomusicology,2017,59.0
500905,Musicology & Ethnomusicology,2018,75.0
500905,Musicology & Ethnomusicology,2019,49.0
500905,Musicology & Ethnomusicology,2020,47.0
500905,Musicology & Ethnomusicology,2021,58.0
500905,Musicology & Ethnomusicology,2022,53.0
500905,Musicology & Ethnomusicology,2023,73.0
500905,Musicology & Ethnomusicology,2024,53.0
500906,Conducting,2012,115.0
500906,Conducting,2013,109.0
500906,Conducting,2014,107.0
500906,Conducting,2015,181.0
500906,Conducting,2016,180.0
500906,Conducting,2017,149.0
500906,Conducting,2018,186.0
500906,Conducting,2019,106.0
500906,Conducting,2020,121.0
500906,Conducting,2021,111.0
500906,Conducting,2022,103.0
500906,Conducting,2023,117.0
500906,Conducting,2024,107.0
500907,Keyboard Instruments,2012,152.0
500907,Keyboard Instruments,2013,139.0
500907,Keyboard Instruments,2014,197.0
500907,Keyboard Instruments,2015,171.0
500907,Keyboard Instruments,2016,192.0
500907,Keyboard Instruments,2017,247.0
500907,Keyboard Instruments,2018,263.0
500907,Keyboard Instruments,2019,231.0
500907,Keyboard Instruments,2020,266.0
500907,Keyboard Instruments,2021,262.0
500907,Keyboard Instruments,2022,214.0
500907,Keyboard Instruments,2023,261.0
500907,Keyboard Instruments,2024,250.0
500908,Voice & Opera,2012,209.0
500908,Voice & Opera,2013,234.0
500908,Voice & Opera,2014,252.0
500908,Voice & Opera,2015,240.0
500908,Voice & Opera,2016,290.0
500908,Voice & Opera,2017,264.0
500908,Voice & Opera,2018,294.0
500908,Voice & Opera,2019,286.0
500908,Voice & Opera,2020,293.0
500908,Voice & Opera,2021,246.0
500908,Voice & Opera,2022,280.0
500908,Voice & Opera,2023,356.0
500908,Voice & Opera,2024,293.0
500910,Jazz & Jazz Studies,2012,152.0
500910,Jazz & Jazz Studies,2013,142.0
500910,Jazz & Jazz Studies,2014,137.0
500910,Jazz & Jazz Studies,2015,147.0
500910,Jazz & Jazz Studies,2016,175.0
500910,Jazz & Jazz Studies,2017,203.0
500910,Jazz & Jazz Studies,2018,183.0
500910,Jazz & Jazz Studies,2019,179.0
500910,Jazz & Jazz Studies,2020,168.0
500910,Jazz & Jazz Studies,2021,183.0
500910,Jazz & Jazz Studies,2022,177.0
500910,Jazz & Jazz Studies,2023,192.0
500910,Jazz & Jazz Studies,2024,154.0
500911,Stringed Instruments,2012,194.0
500911,Stringed Instruments,2013,217.0
500911,Stringed Instruments,2014,197.0
500911,Stringed Instruments,2015,197.0
500911,Stringed Instruments,2016,227.0
500911,Stringed Instruments,2017,228.0
500911,Stringed Instruments,2018,252.0
500911,Stringed Instruments,2019,244.0
500911,Stringed Instruments,2020,262.0
500911,Stringed Instruments,2021,249.0
500911,Stringed Instruments,2022,269.0
500911,Stringed Instruments,2023,322.0
500911,Stringed Instruments,2024,273.0
500912,Music Pedagogy,2012,50.0
500912,Music Pedagogy,2013,38.0
500912,Music Pedagogy,2014,44.0
500912,Music Pedagogy,2015,46.0
500912,Music Pedagogy,2016,55.0
500912,Music Pedagogy,2017,65.0
500912,Music Pedagogy,2018,92.0
500912,Music Pedagogy,2019,94.0
500912,Music Pedagogy,2020,101.0
500912,Music Pedagogy,2021,138.0
500912,Music Pedagogy,2022,171.0
500912,Music Pedagogy,2023,215.0
500912,Music Pedagogy,2024,151.0
500913,Music Technology,2012,17.0
500913,Music Technology,2013,34.0
500913,Music Technology,2014,64.0
500913,Music Technology,2015,93.0
500913,Music Technology,2016,109.0
500913,Music Technology,2017,132.0
500913,Music Technology,2018,120.0
500913,Music Technology,2019,80.0
500913,Music Technology,2020,42.0
500913,Music Technology,2021,67.0
500913,Music Technology,2022,109.0
500913,Music Technology,2023,125.0
500913,Music Technology,2024,137.0
500914,Brass Instruments,2012,25.0
500914,Brass Instruments,2013,33.0
500914,Brass Instruments,2014,34.0
500914,Brass Instruments,2015,42.0
500914,Brass Instruments,2016,58.0
500914,Brass Instruments,2017,47.0
500914,Brass Instruments,2018,51.0
500914,Brass Instruments,2019,46.0
500914,Brass Instruments,2020,47.0
500914,Brass Instruments,2021,17.0
500914,Brass Instruments,2022,54.0
500914,Brass Instruments,2023,56.0
500914,Brass Instruments,2024,47.0
500915,Woodwind Instruments,2012,48.0
500915,Woodwind Instruments,2013,62.0
500915,Woodwind Instruments,2014,60.0
500915,Woodwind Instruments,2015,53.0
500915,Woodwind Instruments,2016,61.0
500915,Woodwind Instruments,2017,64.0
500915,Woodwind Instruments,2018,73.0
500915,Woodwind Instruments,2019,81.0
500915,Woodwind Instruments,2020,62.0
500915,Woodwind Instruments,2021,60.0
500915,Woodwind Instruments,2022,66.0
500915,Woodwind Instruments,2023,85.0
500915,Woodwind Instruments,2024,88.0
500916,Percussion Instruments,2012,7.0
500916,Percussion Instruments,2013,9.0
500916,Percussion Instruments,2014,17.0
500916,Percussion Instruments,2015,14.0
500916,Percussion Instruments,2016,13.0
500916,Percussion Instruments,2017,21.0
500916,Percussion Instruments,2018,16.0
500916,Percussion Instruments,2019,14.0
500916,Percussion Instruments,2020,16.0
500916,Percussion Instruments,2021,20.0
500916,Percussion Instruments,2022,12.0
500916,Percussion Instruments,2023,21.0
500916,Percussion Instruments,2024,15.0
500999,Other Music,2012,290.0
500999,Other Music,2013,272.0
500999,Other Music,2014,201.0
500999,Other Music,2015,182.0
500999,Other Music,2016,248.0
500999,Other Music,2017,258.0
500999,Other Music,2018,265.0
500999,Other Music,2019,226.0
500999,Other Music,2020,248.0
500999,Other Music,2021,192.0
500999,Other Music,2022,180.0
500999,Other Music,2023,173.0
500999,Other Music,2024,172.0
501001,"General Arts, Entertainment, & Media Management",2012,159.0
501001,"General Arts, Entertainment, & Media Management",2013,186.0
501001,"General Arts, Entertainment, & Media Management",2014,596.0
501001,"General Arts, Entertainment, & Media Management",2015,556.0
501001,"General Arts, Entertainment, & Media Management",2016,595.0
501001,"General Arts, Entertainment, & Media Management",2017,316.0
501001,"General Arts, Entertainment, & Media Management",2018,301.0
501001,"General Arts, Entertainment, & Media Management",2019,310.0
501001,"General Arts, Entertainment, & Media Management",2020,283.0
501001,"General Arts, Entertainment, & Media Management",2021,290.0
501001,"General Arts, Entertainment, & Media Management",2022,365.0
501001,"General Arts, Entertainment, & Media Management",2023,351.0
501001,"General Arts, Entertainment, & Media Management",2024,268.0
501002,Fine & Studio Arts Management,2012,470.0
501002,Fine & Studio Arts Management,2013,485.0
501002,Fine & Studio Arts Management,2014,455.0
501002,Fine & Studio Arts Management,2015,566.0
501002,Fine & Studio Arts Management,2016,633.0
501002,Fine & Studio Arts Management,2017,468.0
501002,Fine & Studio Arts Management,2018,593.0
501002,Fine & Studio Arts Management,2019,501.0
501002,Fine & Studio Arts Management,2020,439.0
501002,Fine & Studio Arts Management,2021,449.0
501002,Fine & Studio Arts Management,2022,356.0
501002,Fine & Studio Arts Management,2023,422.0
501002,Fine & Studio Arts Management,2024,365.0
501003,Music Management,2012,0.0
501003,Music Management,2013,0.0
501003,Music Management,2014,30.0
501003,Music Management,2015,35.0
501003,Music Management,2016,49.0
501003,Music Management,2017,66.0
501003,Music Management,2018,49.0
501003,Music Management,2019,57.0
501003,Music Management,2020,130.0
501003,Music Management,2021,136.0
501003,Music Management,2022,170.0
501003,Music Management,2023,173.0
501003,Music Management,2024,156.0
501004,Theatre Arts Management,2012,50.0
501004,Theatre Arts Management,2013,44.0
501004,Theatre Arts Management,2014,55.0
501004,Theatre Arts Management,2015,69.0
501004,Theatre Arts Management,2016,46.0
501004,Theatre Arts Management,2017,63.0
501004,Theatre Arts Management,2018,49.0
501004,Theatre Arts Management,2019,53.0
501004,Theatre Arts Management,2020,54.0
501004,Theatre Arts Management,2021,39.0
501004,Theatre Arts Management,2022,58.0
501004,Theatre Arts Management,2023,70.0
501004,Theatre Arts Management,2024,70.0
501099,"Other Arts, Entertainment, & Media Management",2012,1.0
501099,"Other Arts, Entertainment, & Media Management",2013,1.0
501099,"Other Arts, Entertainment, & Media Management",2014,1.0
501099,"Other Arts, Entertainment, & Media Management",2015,0.0
501099,"Other Arts, Entertainment, & Media Management",2016,6.0
501099,"Other Arts, Entertainment, & Media Management",2017,300.0
501099,"Other Arts, Entertainment, & Media Management",2018,229.0
501099,"Other Arts, Entertainment, & Media Management",2019,191.0
501099,"Other Arts, Entertainment, & Media Management",2020,249.0
501099,"Other Arts, Entertainment, & Media Management",2021,201.0
501099,"Other Arts, Entertainment, & Media Management",2022,161.0
501099,"Other Arts, Entertainment, & Media Management",2023,162.0
501099,"Other Arts, Entertainment, & Media Management",2024,146.0
501101,Community/Environmental/Socially-Engaged Art,2022,1.0
501101,Community/Environmental/Socially-Engaged Art,2023,0.0
501101,Community/Environmental/Socially-Engaged Art,2024,0.0
509999,Other Visual & Performing Arts,2012,479.0
509999,Other Visual & Performing Arts,2013,494.0
509999,Other Visual & Performing Arts,2014,328.0
509999,Other Visual & Performing Arts,2015,367.0
509999,Other Visual & Performing Arts,2016,310.0
509999,Other Visual & Performing Arts,2017,303.0
509999,Other Visual & Performing Arts,2018,231.0
509999,Other Visual & Performing Arts,2019,311.0
509999,Other Visual & Performing Arts,2020,291.0
509999,Other Visual & Performing Arts,2021,215.0
509999,Other Visual & Performing Arts,2022,298.0
509999,Other Visual & Performing Arts,2023,319.0
509999,Other Visual & Performing Arts,2024,206.0
510000,General Health Services,2012,644.0
510000,General Health Services,2013,654.0
510000,General Health Services,2014,655.0
510000,General Health Services,2015,595.0
510000,General Health Services,2016,547.0
510000,General Health Services,2017,673.0
510000,General Health Services,2018,644.0
510000,General Health Services,2019,759.0
510000,General Health Services,2020,890.0
510000,General Health Services,2021,956.0
510000,General Health Services,2022,939.0
510000,General Health Services,2023,861.0
510000,General Health Services,2024,902.0
510001,General Health & Wellness,2012,0.0
510001,General Health & Wellness,2013,2.0
510001,General Health & Wellness,2014,21.0
510001,General Health & Wellness,2015,63.0
510001,General Health & Wellness,2016,188.0
510001,General Health & Wellness,2017,248.0
510001,General Health & Wellness,2018,275.0
510001,General Health & Wellness,2019,352.0
510001,General Health & Wellness,2020,361.0
510001,General Health & Wellness,2021,377.0
510001,General Health & Wellness,2022,435.0
510001,General Health & Wellness,2023,348.0
510001,General Health & Wellness,2024,395.0
510201,General Communication Sciences & Disorders,2012,1844.0
510201,General Communication Sciences & Disorders,2013,1869.0
510201,General Communication Sciences & Disorders,2014,1898.0
510201,General Communication Sciences & Disorders,2015,1928.0
510201,General Communication Sciences & Disorders,2016,1870.0
510201,General Communication Sciences & Disorders,2017,1892.0
510201,General Communication Sciences & Disorders,2018,1740.0
510201,General Communication Sciences & Disorders,2019,1831.0
510201,General Communication Sciences & Disorders,2020,2057.0
510201,General Communication Sciences & Disorders,2021,1904.0
510201,General Communication Sciences & Disorders,2022,2088.0
510201,General Communication Sciences & Disorders,2023,2036.0
510201,General Communication Sciences & Disorders,2024,2034.0
510202,Audiology,2012,108.0
510202,Audiology,2013,118.0
510202,Audiology,2014,119.0
510202,Audiology,2015,126.0
510202,Audiology,2016,124.0
510202,Audiology,2017,127.0
510202,Audiology,2018,141.0
510202,Audiology,2019,133.0
510202,Audiology,2020,144.0
510202,Audiology,2021,143.0
510202,Audiology,2022,101.0
510202,Audiology,2023,139.0
510202,Audiology,2024,151.0
510203,Speech-Language Pathology,2012,2483.0
510203,Speech-Language Pathology,2013,2657.0
510203,Speech-Language Pathology,2014,2961.0
510203,Speech-Language Pathology,2015,3073.0
510203,Speech-Language Pathology,2016,3302.0
510203,Speech-Language Pathology,2017,3609.0
510203,Speech-Language Pathology,2018,3984.0
510203,Speech-Language Pathology,2019,3925.0
510203,Speech-Language Pathology,2020,4166.0
510203,Speech-Language Pathology,2021,4281.0
510203,Speech-Language Pathology,2022,4764.0
510203,Speech-Language Pathology,2023,5059.0
510203,Speech-Language Pathology,2024,5463.0
510204,Audiology & Speech-Language Pathology,2012,2562.0
510204,Audiology & Speech-Language Pathology,2013,2696.0
510204,Audiology & Speech-Language Pathology,2014,2649.0
510204,Audiology & Speech-Language Pathology,2015,2600.0
510204,Audiology & Speech-Language Pathology,2016,2703.0
510204,Audiology & Speech-Language Pathology,2017,2657.0
510204,Audiology & Speech-Language Pathology,2018,2682.0
510204,Audiology & Speech-Language Pathology,2019,2735.0
510204,Audiology & Speech-Language Pathology,2020,2850.0
510204,Audiology & Speech-Language Pathology,2021,2785.0
510204,Audiology & Speech-Language Pathology,2022,3036.0
510204,Audiology & Speech-Language Pathology,2023,2992.0
510204,Audiology & Speech-Language Pathology,2024,2893.0
510299,Other Communication Disorders Sciences & Services,2012,97.0
510299,Other Communication Disorders Sciences & Services,2013,119.0
510299,Other Communication Disorders Sciences & Services,2014,112.0
510299,Other Communication Disorders Sciences & Services,2015,93.0
510299,Other Communication Disorders Sciences & Services,2016,76.0
510299,Other Communication Disorders Sciences & Services,2017,105.0
510299,Other Communication Disorders Sciences & Services,2018,89.0
510299,Other Communication Disorders Sciences & Services,2019,85.0
510299,Other Communication Disorders Sciences & Services,2020,98.0
510299,Other Communication Disorders Sciences & Services,2021,98.0
510299,Other Communication Disorders Sciences & Services,2022,74.0
510299,Other Communication Disorders Sciences & Services,2023,80.0
510299,Other Communication Disorders Sciences & Services,2024,95.0
510501,General Dental Clinical Sciences,2012,279.0
510501,General Dental Clinical Sciences,2013,235.0
510501,General Dental Clinical Sciences,2014,347.0
510501,General Dental Clinical Sciences,2015,327.0
510501,General Dental Clinical Sciences,2016,350.0
510501,General Dental Clinical Sciences,2017,326.0
510501,General Dental Clinical Sciences,2018,306.0
510501,General Dental Clinical Sciences,2019,289.0
510501,General Dental Clinical Sciences,2020,293.0
510501,General Dental Clinical Sciences,2021,316.0
510501,General Dental Clinical Sciences,2022,294.0
510501,General Dental Clinical Sciences,2023,306.0
510501,General Dental Clinical Sciences,2024,278.0
510502,Advanced General Dentistry,2012,6.0
510502,Advanced General Dentistry,2013,8.0
510502,Advanced General Dentistry,2014,8.0
510502,Advanced General Dentistry,2015,7.0
510502,Advanced General Dentistry,2016,8.0
510502,Advanced General Dentistry,2017,26.0
510502,Advanced General Dentistry,2018,28.0
510502,Advanced General Dentistry,2019,24.0
510502,Advanced General Dentistry,2020,34.0
510502,Advanced General Dentistry,2021,47.0
510502,Advanced General Dentistry,2022,30.0
510502,Advanced General Dentistry,2023,33.0
510502,Advanced General Dentistry,2024,27.0
510503,Oral Biology & Maxillofacial Pathology,2012,74.0
510503,Oral Biology & Maxillofacial Pathology,2013,84.0
510503,Oral Biology & Maxillofacial Pathology,2014,92.0
510503,Oral Biology & Maxillofacial Pathology,2015,121.0
510503,Oral Biology & Maxillofacial Pathology,2016,127.0
510503,Oral Biology & Maxillofacial Pathology,2017,127.0
510503,Oral Biology & Maxillofacial Pathology,2018,120.0
510503,Oral Biology & Maxillofacial Pathology,2019,126.0
510503,Oral Biology & Maxillofacial Pathology,2020,98.0
510503,Oral Biology & Maxillofacial Pathology,2021,119.0
510503,Oral Biology & Maxillofacial Pathology,2022,104.0
510503,Oral Biology & Maxillofacial Pathology,2023,133.0
510503,Oral Biology & Maxillofacial Pathology,2024,155.0
510504,Dental Public Health & Education,2012,3.0
510504,Dental Public Health & Education,2013,10.0
510504,Dental Public Health & Education,2014,8.0
510504,Dental Public Health & Education,2015,4.0
510504,Dental Public Health & Education,2016,7.0
510504,Dental Public Health & Education,2017,8.0
510504,Dental Public Health & Education,2018,7.0
510504,Dental Public Health & Education,2019,14.0
510504,Dental Public Health & Education,2020,13.0
510504,Dental Public Health & Education,2021,9.0
510504,Dental Public Health & Education,2022,17.0
510504,Dental Public Health & Education,2023,22.0
510504,Dental Public Health & Education,2024,16.0
510505,Dental Materials,2012,3.0
510505,Dental Materials,2013,6.0
510505,Dental Materials,2014,0.0
510505,Dental Materials,2015,0.0
510505,Dental Materials,2016,0.0
510505,Dental Materials,2017,0.0
510505,Dental Materials,2018,0.0
510505,Dental Materials,2019,0.0
510505,Dental Materials,2020,0.0
510505,Dental Materials,2021,0.0
510505,Dental Materials,2022,1.0
510505,Dental Materials,2023,0.0
510505,Dental Materials,2024,0.0
510506,Endodontics,2012,27.0
510506,Endodontics,2013,31.0
510506,Endodontics,2014,30.0
510506,Endodontics,2015,25.0
510506,Endodontics,2016,28.0
510506,Endodontics,2017,37.0
510506,Endodontics,2018,35.0
510506,Endodontics,2019,35.0
510506,Endodontics,2020,32.0
510506,Endodontics,2021,36.0
510506,Endodontics,2022,34.0
510506,Endodontics,2023,36.0
510506,Endodontics,2024,36.0
510507,Maxillofacial Surgery,2012,0.0
510507,Maxillofacial Surgery,2013,0.0
510507,Maxillofacial Surgery,2014,2.0
510507,Maxillofacial Surgery,2015,0.0
510507,Maxillofacial Surgery,2016,0.0
510507,Maxillofacial Surgery,2017,0.0
510507,Maxillofacial Surgery,2018,1.0
510507,Maxillofacial Surgery,2019,0.0
510507,Maxillofacial Surgery,2020,2.0
510507,Maxillofacial Surgery,2021,2.0
510507,Maxillofacial Surgery,2022,2.0
510507,Maxillofacial Surgery,2023,3.0
510507,Maxillofacial Surgery,2024,1.0
510508,Orthodontics,2012,83.0
510508,Orthodontics,2013,83.0
510508,Orthodontics,2014,84.0
510508,Orthodontics,2015,81.0
510508,Orthodontics,2016,93.0
510508,Orthodontics,2017,84.0
510508,Orthodontics,2018,104.0
510508,Orthodontics,2019,103.0
510508,Orthodontics,2020,114.0
510508,Orthodontics,2021,127.0
510508,Orthodontics,2022,122.0
510508,Orthodontics,2023,127.0
510508,Orthodontics,2024,120.0
510509,Pediatric Dentistry,2012,22.0
510509,Pediatric Dentistry,2013,16.0
510509,Pediatric Dentistry,2014,26.0
510509,Pediatric Dentistry,2015,21.0
510509,Pediatric Dentistry,2016,23.0
510509,Pediatric Dentistry,2017,22.0
510509,Pediatric Dentistry,2018,27.0
510509,Pediatric Dentistry,2019,29.0
510509,Pediatric Dentistry,2020,24.0
510509,Pediatric Dentistry,2021,24.0
510509,Pediatric Dentistry,2022,27.0
510509,Pediatric Dentistry,2023,30.0
510509,Pediatric Dentistry,2024,30.0
510510,Periodontics,2012,45.0
510510,Periodontics,2013,40.0
510510,Periodontics,2014,36.0
510510,Periodontics,2015,36.0
510510,Periodontics,2016,25.0
510510,Periodontics,2017,37.0
510510,Periodontics,2018,31.0
510510,Periodontics,2019,32.0
510510,Periodontics,2020,40.0
510510,Periodontics,2021,37.0
510510,Periodontics,2022,50.0
510510,Periodontics,2023,34.0
510510,Periodontics,2024,35.0
510511,Prosthodontics,2012,34.0
510511,Prosthodontics,2013,27.0
510511,Prosthodontics,2014,27.0
510511,Prosthodontics,2015,22.0
510511,Prosthodontics,2016,29.0
510511,Prosthodontics,2017,21.0
510511,Prosthodontics,2018,26.0
510511,Prosthodontics,2019,25.0
510511,Prosthodontics,2020,29.0
510511,Prosthodontics,2021,26.0
510511,Prosthodontics,2022,31.0
510511,Prosthodontics,2023,21.0
510511,Prosthodontics,2024,20.0
510512,Digital Dentistry,2024,0.0
510599,Other Graduate Dentistry & Oral Sciences,2012,47.0
510599,Other Graduate Dentistry & Oral Sciences,2013,35.0
510599,Other Graduate Dentistry & Oral Sciences,2014,57.0
510599,Other Graduate Dentistry & Oral Sciences,2015,71.0
510599,Other Graduate Dentistry & Oral Sciences,2016,67.0
510599,Other Graduate Dentistry & Oral Sciences,2017,76.0
510599,Other Graduate Dentistry & Oral Sciences,2018,79.0
510599,Other Graduate Dentistry & Oral Sciences,2019,65.0
510599,Other Graduate Dentistry & Oral Sciences,2020,100.0
510599,Other Graduate Dentistry & Oral Sciences,2021,54.0
510599,Other Graduate Dentistry & Oral Sciences,2022,72.0
510599,Other Graduate Dentistry & Oral Sciences,2023,94.0
510599,Other Graduate Dentistry & Oral Sciences,2024,85.0
510601,Dental Assisting,2016,0.0
510601,Dental Assisting,2019,0.0
510601,Dental Assisting,2020,0.0
510601,Dental Assisting,2021,0.0
510601,Dental Assisting,2022,0.0
510601,Dental Assisting,2023,0.0
510601,Dental Assisting,2024,0.0
510602,Dental Hygiene,2012,72.0
510602,Dental Hygiene,2013,71.0
510602,Dental Hygiene,2014,82.0
510602,Dental Hygiene,2015,97.0
510602,Dental Hygiene,2016,95.0
510602,Dental Hygiene,2017,81.0
510602,Dental Hygiene,2018,92.0
510602,Dental Hygiene,2019,75.0
510602,Dental Hygiene,2020,87.0
510602,Dental Hygiene,2021,114.0
510602,Dental Hygiene,2022,106.0
510602,Dental Hygiene,2023,89.0
510602,Dental Hygiene,2024,104.0
510603,Dental Laboratory Technology,2012,10.0
510603,Dental Laboratory Technology,2013,20.0
510603,Dental Laboratory Technology,2014,13.0
510603,Dental Laboratory Technology,2015,17.0
510603,Dental Laboratory Technology,2016,0.0
510603,Dental Laboratory Technology,2017,0.0
510603,Dental Laboratory Technology,2018,0.0
510603,Dental Laboratory Technology,2019,0.0
510603,Dental Laboratory Technology,2020,0.0
510603,Dental Laboratory Technology,2021,0.0
510603,Dental Laboratory Technology,2022,0.0
510603,Dental Laboratory Technology,2023,0.0
510603,Dental Laboratory Technology,2024,0.0
510699,Other Dental Services & Allied Professions,2012,8.0
510699,Other Dental Services & Allied Professions,2013,5.0
510699,Other Dental Services & Allied Professions,2014,4.0
510699,Other Dental Services & Allied Professions,2015,8.0
510699,Other Dental Services & Allied Professions,2016,6.0
510699,Other Dental Services & Allied Professions,2017,8.0
510699,Other Dental Services & Allied Professions,2018,7.0
510699,Other Dental Services & Allied Professions,2019,6.0
510699,Other Dental Services & Allied Professions,2020,7.0
510699,Other Dental Services & Allied Professions,2021,7.0
510699,Other Dental Services & Allied Professions,2022,8.0
510699,Other Dental Services & Allied Professions,2023,6.0
510699,Other Dental Services & Allied Professions,2024,7.0
510701,Health Care Administration & Management,2012,6049.0
510701,Health Care Administration & Management,2013,6882.0
510701,Health Care Administration & Management,2014,7799.0
510701,Health Care Administration & Management,2015,8395.0
510701,Health Care Administration & Management,2016,9302.0
510701,Health Care Administration & Management,2017,9738.0
510701,Health Care Administration & Management,2018,10166.0
510701,Health Care Administration & Management,2019,10912.0
510701,Health Care Administration & Management,2020,11239.0
510701,Health Care Administration & Management,2021,13394.0
510701,Health Care Administration & Management,2022,13488.0
510701,Health Care Administration & Management,2023,13494.0
510701,Health Care Administration & Management,2024,12880.0
510702,Hospital & Health Care Facilities Management,2012,826.0
510702,Hospital & Health Care Facilities Management,2013,763.0
510702,Hospital & Health Care Facilities Management,2014,909.0
510702,Hospital & Health Care Facilities Management,2015,944.0
510702,Hospital & Health Care Facilities Management,2016,1179.0
510702,Hospital & Health Care Facilities Management,2017,1287.0
510702,Hospital & Health Care Facilities Management,2018,1399.0
510702,Hospital & Health Care Facilities Management,2019,1422.0
510702,Hospital & Health Care Facilities Management,2020,1317.0
510702,Hospital & Health Care Facilities Management,2021,1264.0
510702,Hospital & Health Care Facilities Management,2022,1188.0
510702,Hospital & Health Care Facilities Management,2023,1213.0
510702,Hospital & Health Care Facilities Management,2024,1042.0
510704,Health Unit Manager,2012,5.0
510704,Health Unit Manager,2013,2.0
510704,Health Unit Manager,2014,4.0
510704,Health Unit Manager,2015,1.0
510704,Health Unit Manager,2016,3.0
510704,Health Unit Manager,2017,4.0
510704,Health Unit Manager,2018,2.0
510704,Health Unit Manager,2019,4.0
510704,Health Unit Manager,2020,4.0
510704,Health Unit Manager,2021,2.0
510704,Health Unit Manager,2022,1.0
510704,Health Unit Manager,2023,0.0
510704,Health Unit Manager,2024,0.0
510705,Medical Office Management,2022,1.0
510705,Medical Office Management,2023,2.0
510705,Medical Office Management,2024,8.0
510706,Health Information & Medical Records Administration,2012,204.0
510706,Health Information & Medical Records Administration,2013,280.0
510706,Health Information & Medical Records Administration,2014,306.0
510706,Health Information & Medical Records Administration,2015,356.0
510706,Health Information & Medical Records Administration,2016,387.0
510706,Health Information & Medical Records Administration,2017,408.0
510706,Health Information & Medical Records Administration,2018,500.0
510706,Health Information & Medical Records Administration,2019,568.0
510706,Health Information & Medical Records Administration,2020,521.0
510706,Health Information & Medical Records Administration,2021,575.0
510706,Health Information & Medical Records Administration,2022,520.0
510706,Health Information & Medical Records Administration,2023,567.0
510706,Health Information & Medical Records Administration,2024,523.0
510707,Health Information & Medical Records Technology,2012,0.0
510707,Health Information & Medical Records Technology,2013,13.0
510707,Health Information & Medical Records Technology,2014,29.0
510707,Health Information & Medical Records Technology,2015,3.0
510707,Health Information & Medical Records Technology,2016,47.0
510707,Health Information & Medical Records Technology,2017,79.0
510707,Health Information & Medical Records Technology,2018,47.0
510707,Health Information & Medical Records Technology,2019,30.0
510707,Health Information & Medical Records Technology,2020,29.0
510707,Health Information & Medical Records Technology,2021,13.0
510707,Health Information & Medical Records Technology,2022,32.0
510707,Health Information & Medical Records Technology,2023,28.0
510707,Health Information & Medical Records Technology,2024,30.0
510711,Health Management & Clinical Assistant,2012,6.0
510711,Health Management & Clinical Assistant,2013,5.0
510711,Health Management & Clinical Assistant,2014,6.0
510711,Health Management & Clinical Assistant,2015,5.0
510711,Health Management & Clinical Assistant,2016,10.0
510711,Health Management & Clinical Assistant,2017,5.0
510711,Health Management & Clinical Assistant,2018,2.0
510711,Health Management & Clinical Assistant,2019,3.0
510711,Health Management & Clinical Assistant,2020,8.0
510711,Health Management & Clinical Assistant,2021,3.0
510711,Health Management & Clinical Assistant,2022,12.0
510711,Health Management & Clinical Assistant,2023,12.0
510711,Health Management & Clinical Assistant,2024,12.0
510714,Medical Insurance Specialist,2022,0.0
510718,Long Term Care Management,2012,10.0
510718,Long Term Care Management,2013,10.0
510718,Long Term Care Management,2014,11.0
510718,Long Term Care Management,2015,7.0
510718,Long Term Care Management,2016,13.0
510718,Long Term Care Management,2017,12.0
510718,Long Term Care Management,2018,10.0
510718,Long Term Care Management,2019,20.0
510718,Long Term Care Management,2020,43.0
510718,Long Term Care Management,2021,52.0
510718,Long Term Care Management,2022,11.0
510718,Long Term Care Management,2023,9.0
510718,Long Term Care Management,2024,17.0
510719,Clinical Research Coordinator,2012,67.0
510719,Clinical Research Coordinator,2013,121.0
510719,Clinical Research Coordinator,2014,62.0
510719,Clinical Research Coordinator,2015,83.0
510719,Clinical Research Coordinator,2016,97.0
510719,Clinical Research Coordinator,2017,89.0
510719,Clinical Research Coordinator,2018,93.0
510719,Clinical Research Coordinator,2019,165.0
510719,Clinical Research Coordinator,2020,189.0
510719,Clinical Research Coordinator,2021,180.0
510719,Clinical Research Coordinator,2022,170.0
510719,Clinical Research Coordinator,2023,179.0
510719,Clinical Research Coordinator,2024,132.0
510720,Regulatory Science/Affairs,2021,7.0
510720,Regulatory Science/Affairs,2022,20.0
510720,Regulatory Science/Affairs,2023,32.0
510720,Regulatory Science/Affairs,2024,47.0
510722,Healthcare Innovation,2020,0.0
510722,Healthcare Innovation,2021,40.0
510722,Healthcare Innovation,2022,57.0
510722,Healthcare Innovation,2023,59.0
510722,Healthcare Innovation,2024,93.0
510799,Other Health & Medical Administrative Services,2012,351.0
510799,Other Health & Medical Administrative Services,2013,311.0
510799,Other Health & Medical Administrative Services,2014,294.0
510799,Other Health & Medical Administrative Services,2015,272.0
510799,Other Health & Medical Administrative Services,2016,262.0
510799,Other Health & Medical Administrative Services,2017,215.0
510799,Other Health & Medical Administrative Services,2018,292.0
510799,Other Health & Medical Administrative Services,2019,311.0
510799,Other Health & Medical Administrative Services,2020,287.0
510799,Other Health & Medical Administrative Services,2021,206.0
510799,Other Health & Medical Administrative Services,2022,275.0
510799,Other Health & Medical Administrative Services,2023,216.0
510799,Other Health & Medical Administrative Services,2024,515.0
510801,Medical Assistant,2012,223.0
510801,Medical Assistant,2013,0.0
510801,Medical Assistant,2014,13.0
510801,Medical Assistant,2015,26.0
510801,Medical Assistant,2016,5.0
510801,Medical Assistant,2017,35.0
510801,Medical Assistant,2018,35.0
510801,Medical Assistant,2020,27.0
510801,Medical Assistant,2021,27.0
510801,Medical Assistant,2022,0.0
510801,Medical Assistant,2023,0.0
510801,Medical Assistant,2024,0.0
510803,Occupational Therapist Assistant,2018,30.0
510803,Occupational Therapist Assistant,2019,32.0
510806,Physical Therapy Technician,2022,0.0
510806,Physical Therapy Technician,2023,1.0
510806,Physical Therapy Technician,2024,0.0
510808,Veterinary Technician & Veterinary Assistant,2012,0.0
510808,Veterinary Technician & Veterinary Assistant,2013,0.0
510808,Veterinary Technician & Veterinary Assistant,2014,0.0
510808,Veterinary Technician & Veterinary Assistant,2015,0.0
510808,Veterinary Technician & Veterinary Assistant,2016,0.0
510808,Veterinary Technician & Veterinary Assistant,2017,0.0
510808,Veterinary Technician & Veterinary Assistant,2018,0.0
510808,Veterinary Technician & Veterinary Assistant,2019,0.0
510809,Anesthesiologist Assistant,2012,93.0
510809,Anesthesiologist Assistant,2013,107.0
510809,Anesthesiologist Assistant,2014,124.0
510809,Anesthesiologist Assistant,2015,133.0
510809,Anesthesiologist Assistant,2016,194.0
510809,Anesthesiologist Assistant,2017,205.0
510809,Anesthesiologist Assistant,2018,207.0
510809,Anesthesiologist Assistant,2019,225.0
510809,Anesthesiologist Assistant,2020,242.0
510809,Anesthesiologist Assistant,2021,245.0
510809,Anesthesiologist Assistant,2022,276.0
510809,Anesthesiologist Assistant,2023,294.0
510809,Anesthesiologist Assistant,2024,360.0
510811,Pathology Assistant,2012,57.0
510811,Pathology Assistant,2013,66.0
510811,Pathology Assistant,2014,67.0
510811,Pathology Assistant,2015,77.0
510811,Pathology Assistant,2016,75.0
510811,Pathology Assistant,2017,76.0
510811,Pathology Assistant,2018,77.0
510811,Pathology Assistant,2019,112.0
510811,Pathology Assistant,2020,134.0
510811,Pathology Assistant,2021,97.0
510811,Pathology Assistant,2022,157.0
510811,Pathology Assistant,2023,187.0
510811,Pathology Assistant,2024,153.0
510814,Radiologist Assistant,2012,6.0
510814,Radiologist Assistant,2013,5.0
510814,Radiologist Assistant,2014,10.0
510814,Radiologist Assistant,2015,8.0
510814,Radiologist Assistant,2016,3.0
510814,Radiologist Assistant,2017,5.0
510814,Radiologist Assistant,2018,4.0
510814,Radiologist Assistant,2019,0.0
510814,Radiologist Assistant,2020,3.0
510814,Radiologist Assistant,2021,3.0
510814,Radiologist Assistant,2022,14.0
510814,Radiologist Assistant,2023,16.0
510814,Radiologist Assistant,2024,13.0
510815,Lactation Consultant,2021,2.0
510815,Lactation Consultant,2022,6.0
510815,Lactation Consultant,2023,10.0
510815,Lactation Consultant,2024,0.0
510816,Speech-Language Pathology Assistant,2021,0.0
510816,Speech-Language Pathology Assistant,2022,46.0
510816,Speech-Language Pathology Assistant,2023,0.0
510816,Speech-Language Pathology Assistant,2024,0.0
510899,Other Allied Health & Medical Assisting Services,2012,102.0
510899,Other Allied Health & Medical Assisting Services,2013,144.0
510899,Other Allied Health & Medical Assisting Services,2014,156.0
510899,Other Allied Health & Medical Assisting Services,2015,184.0
510899,Other Allied Health & Medical Assisting Services,2016,185.0
510899,Other Allied Health & Medical Assisting Services,2017,148.0
510899,Other Allied Health & Medical Assisting Services,2018,136.0
510899,Other Allied Health & Medical Assisting Services,2019,106.0
510899,Other Allied Health & Medical Assisting Services,2020,84.0
510899,Other Allied Health & Medical Assisting Services,2021,87.0
510899,Other Allied Health & Medical Assisting Services,2022,76.0
510899,Other Allied Health & Medical Assisting Services,2023,53.0
510899,Other Allied Health & Medical Assisting Services,2024,12.0
510901,Cardiovascular Technologist,2012,1.0
510901,Cardiovascular Technologist,2013,1.0
510901,Cardiovascular Technologist,2014,0.0
510901,Cardiovascular Technologist,2015,2.0
510901,Cardiovascular Technologist,2016,0.0
510901,Cardiovascular Technologist,2017,3.0
510901,Cardiovascular Technologist,2018,23.0
510901,Cardiovascular Technologist,2019,28.0
510901,Cardiovascular Technologist,2020,27.0
510901,Cardiovascular Technologist,2021,28.0
510901,Cardiovascular Technologist,2022,31.0
510901,Cardiovascular Technologist,2023,31.0
510901,Cardiovascular Technologist,2024,31.0
510903,Electroneurodiagnostic Technician,2018,0.0
510904,Emergency Medical Technician (EMT Paramedic),2012,11.0
510904,Emergency Medical Technician (EMT Paramedic),2013,15.0
510904,Emergency Medical Technician (EMT Paramedic),2014,17.0
510904,Emergency Medical Technician (EMT Paramedic),2015,8.0
510904,Emergency Medical Technician (EMT Paramedic),2016,24.0
510904,Emergency Medical Technician (EMT Paramedic),2017,11.0
510904,Emergency Medical Technician (EMT Paramedic),2018,13.0
510904,Emergency Medical Technician (EMT Paramedic),2019,11.0
510904,Emergency Medical Technician (EMT Paramedic),2020,13.0
510904,Emergency Medical Technician (EMT Paramedic),2021,7.0
510904,Emergency Medical Technician (EMT Paramedic),2022,13.0
510904,Emergency Medical Technician (EMT Paramedic),2023,8.0
510904,Emergency Medical Technician (EMT Paramedic),2024,14.0
510905,Nuclear Medical Technologist,2015,0.0
510905,Nuclear Medical Technologist,2016,0.0
510905,Nuclear Medical Technologist,2017,5.0
510905,Nuclear Medical Technologist,2018,10.0
510905,Nuclear Medical Technologist,2019,16.0
510905,Nuclear Medical Technologist,2020,13.0
510905,Nuclear Medical Technologist,2021,17.0
510905,Nuclear Medical Technologist,2022,11.0
510905,Nuclear Medical Technologist,2023,8.0
510905,Nuclear Medical Technologist,2024,10.0
510906,Perfusion Technology,2012,48.0
510906,Perfusion Technology,2013,64.0
510906,Perfusion Technology,2014,62.0
510906,Perfusion Technology,2015,62.0
510906,Perfusion Technology,2016,59.0
510906,Perfusion Technology,2017,61.0
510906,Perfusion Technology,2018,74.0
510906,Perfusion Technology,2019,94.0
510906,Perfusion Technology,2020,110.0
510906,Perfusion Technology,2021,124.0
510906,Perfusion Technology,2022,131.0
510906,Perfusion Technology,2023,178.0
510906,Perfusion Technology,2024,151.0
510907,Radiation Therapist,2012,49.0
510907,Radiation Therapist,2013,58.0
510907,Radiation Therapist,2014,63.0
510907,Radiation Therapist,2015,39.0
510907,Radiation Therapist,2016,67.0
510907,Radiation Therapist,2017,73.0
510907,Radiation Therapist,2018,83.0
510907,Radiation Therapist,2019,88.0
510907,Radiation Therapist,2020,98.0
510907,Radiation Therapist,2021,93.0
510907,Radiation Therapist,2022,87.0
510907,Radiation Therapist,2023,90.0
510907,Radiation Therapist,2024,94.0
510908,Respiratory Care Therapist,2012,19.0
510908,Respiratory Care Therapist,2013,41.0
510908,Respiratory Care Therapist,2014,25.0
510908,Respiratory Care Therapist,2015,52.0
510908,Respiratory Care Therapist,2016,60.0
510908,Respiratory Care Therapist,2017,36.0
510908,Respiratory Care Therapist,2018,70.0
510908,Respiratory Care Therapist,2019,100.0
510908,Respiratory Care Therapist,2020,89.0
510908,Respiratory Care Therapist,2021,123.0
510908,Respiratory Care Therapist,2022,127.0
510908,Respiratory Care Therapist,2023,138.0
510908,Respiratory Care Therapist,2024,151.0
510909,Surgical Technologist,2013,12.0
510909,Surgical Technologist,2014,15.0
510909,Surgical Technologist,2015,32.0
510910,Diagnostic Medical Sonography & Ultrasound Technician,2012,12.0
510910,Diagnostic Medical Sonography & Ultrasound Technician,2013,6.0
510910,Diagnostic Medical Sonography & Ultrasound Technician,2014,9.0
510910,Diagnostic Medical Sonography & Ultrasound Technician,2015,8.0
510910,Diagnostic Medical Sonography & Ultrasound Technician,2016,7.0
510910,Diagnostic Medical Sonography & Ultrasound Technician,2017,9.0
510910,Diagnostic Medical Sonography & Ultrasound Technician,2018,9.0
510910,Diagnostic Medical Sonography & Ultrasound Technician,2019,6.0
510910,Diagnostic Medical Sonography & Ultrasound Technician,2020,7.0
510910,Diagnostic Medical Sonography & Ultrasound Technician,2021,10.0
510910,Diagnostic Medical Sonography & Ultrasound Technician,2022,3.0
510910,Diagnostic Medical Sonography & Ultrasound Technician,2023,3.0
510910,Diagnostic Medical Sonography & Ultrasound Technician,2024,11.0
510911,Radiographer,2012,66.0
510911,Radiographer,2013,61.0
510911,Radiographer,2014,49.0
510911,Radiographer,2015,69.0
510911,Radiographer,2016,56.0
510911,Radiographer,2017,89.0
510911,Radiographer,2018,85.0
510911,Radiographer,2019,92.0
510911,Radiographer,2020,80.0
510911,Radiographer,2021,105.0
510911,Radiographer,2022,109.0
510911,Radiographer,2023,124.0
510911,Radiographer,2024,145.0
510912,Physician Assistant,2012,5430.0
510912,Physician Assistant,2013,5985.0
510912,Physician Assistant,2014,6542.0
510912,Physician Assistant,2015,7025.0
510912,Physician Assistant,2016,7682.0
510912,Physician Assistant,2017,8021.0
510912,Physician Assistant,2018,8530.0
510912,Physician Assistant,2019,9194.0
510912,Physician Assistant,2020,9763.0
510912,Physician Assistant,2021,10394.0
510912,Physician Assistant,2022,11069.0
510912,Physician Assistant,2023,11542.0
510912,Physician Assistant,2024,12020.0
510913,Athletic Trainer,2012,529.0
510913,Athletic Trainer,2013,519.0
510913,Athletic Trainer,2014,560.0
510913,Athletic Trainer,2015,675.0
510913,Athletic Trainer,2016,717.0
510913,Athletic Trainer,2017,832.0
510913,Athletic Trainer,2018,1003.0
510913,Athletic Trainer,2019,1163.0
510913,Athletic Trainer,2020,1267.0
510913,Athletic Trainer,2021,1386.0
510913,Athletic Trainer,2022,1680.0
510913,Athletic Trainer,2023,1889.0
510913,Athletic Trainer,2024,2008.0
510916,Radiation Protection Technician,2012,27.0
510916,Radiation Protection Technician,2013,5.0
510916,Radiation Protection Technician,2014,8.0
510916,Radiation Protection Technician,2015,4.0
510916,Radiation Protection Technician,2016,8.0
510916,Radiation Protection Technician,2017,4.0
510916,Radiation Protection Technician,2018,6.0
510916,Radiation Protection Technician,2019,10.0
510916,Radiation Protection Technician,2020,1.0
510916,Radiation Protection Technician,2021,0.0
510916,Radiation Protection Technician,2022,0.0
510916,Radiation Protection Technician,2023,0.0
510916,Radiation Protection Technician,2024,0.0
510920,Magnetic Resonance Imaging (MRI) Technician,2017,5.0
510920,Magnetic Resonance Imaging (MRI) Technician,2018,6.0
510920,Magnetic Resonance Imaging (MRI) Technician,2019,2.0
510920,Magnetic Resonance Imaging (MRI) Technician,2020,4.0
510920,Magnetic Resonance Imaging (MRI) Technician,2021,5.0
510920,Magnetic Resonance Imaging (MRI) Technician,2022,5.0
510920,Magnetic Resonance Imaging (MRI) Technician,2023,4.0
510920,Magnetic Resonance Imaging (MRI) Technician,2024,2.0
510999,"Other Allied Health Diagnostic, Intervention, & Treatment Professions",2012,15.0
510999,"Other Allied Health Diagnostic, Intervention, & Treatment Professions",2013,28.0
510999,"Other Allied Health Diagnostic, Intervention, & Treatment Professions",2014,13.0
510999,"Other Allied Health Diagnostic, Intervention, & Treatment Professions",2015,33.0
510999,"Other Allied Health Diagnostic, Intervention, & Treatment Professions",2016,29.0
510999,"Other Allied Health Diagnostic, Intervention, & Treatment Professions",2017,25.0
510999,"Other Allied Health Diagnostic, Intervention, & Treatment Professions",2018,55.0
510999,"Other Allied Health Diagnostic, Intervention, & Treatment Professions",2019,78.0
510999,"Other Allied Health Diagnostic, Intervention, & Treatment Professions",2020,63.0
510999,"Other Allied Health Diagnostic, Intervention, & Treatment Professions",2021,36.0
510999,"Other Allied Health Diagnostic, Intervention, & Treatment Professions",2022,41.0
510999,"Other Allied Health Diagnostic, Intervention, & Treatment Professions",2023,37.0
510999,"Other Allied Health Diagnostic, Intervention, & Treatment Professions",2024,48.0
511001,Blood Bank Technology Specialist,2013,2.0
511001,Blood Bank Technology Specialist,2014,0.0
511001,Blood Bank Technology Specialist,2015,1.0
511001,Blood Bank Technology Specialist,2016,5.0
511001,Blood Bank Technology Specialist,2017,1.0
511001,Blood Bank Technology Specialist,2018,13.0
511001,Blood Bank Technology Specialist,2019,7.0
511001,Blood Bank Technology Specialist,2020,10.0
511001,Blood Bank Technology Specialist,2021,11.0
511001,Blood Bank Technology Specialist,2022,19.0
511001,Blood Bank Technology Specialist,2023,6.0
511001,Blood Bank Technology Specialist,2024,10.0
511002,Cytotechnologist,2012,6.0
511002,Cytotechnologist,2013,11.0
511002,Cytotechnologist,2014,8.0
511002,Cytotechnologist,2015,14.0
511002,Cytotechnologist,2016,12.0
511002,Cytotechnologist,2017,11.0
511002,Cytotechnologist,2018,11.0
511002,Cytotechnologist,2019,11.0
511002,Cytotechnologist,2020,7.0
511002,Cytotechnologist,2021,13.0
511002,Cytotechnologist,2022,16.0
511002,Cytotechnologist,2023,28.0
511002,Cytotechnologist,2024,54.0
511003,Hematology Technician,2012,4.0
511003,Hematology Technician,2013,7.0
511003,Hematology Technician,2014,9.0
511003,Hematology Technician,2015,10.0
511003,Hematology Technician,2016,12.0
511003,Hematology Technician,2017,5.0
511003,Hematology Technician,2018,5.0
511003,Hematology Technician,2019,7.0
511003,Hematology Technician,2020,5.0
511003,Hematology Technician,2021,5.0
511003,Hematology Technician,2022,8.0
511003,Hematology Technician,2023,6.0
511003,Hematology Technician,2024,8.0
511004,Clinical Laboratory Technician,2021,0.0
511004,Clinical Laboratory Technician,2022,0.0
511004,Clinical Laboratory Technician,2023,1.0
511004,Clinical Laboratory Technician,2024,3.0
511005,Clinical Laboratory Technologist,2012,154.0
511005,Clinical Laboratory Technologist,2013,188.0
511005,Clinical Laboratory Technologist,2014,180.0
511005,Clinical Laboratory Technologist,2015,189.0
511005,Clinical Laboratory Technologist,2016,216.0
511005,Clinical Laboratory Technologist,2017,279.0
511005,Clinical Laboratory Technologist,2018,267.0
511005,Clinical Laboratory Technologist,2019,261.0
511005,Clinical Laboratory Technologist,2020,252.0
511005,Clinical Laboratory Technologist,2021,307.0
511005,Clinical Laboratory Technologist,2022,366.0
511005,Clinical Laboratory Technologist,2023,396.0
511005,Clinical Laboratory Technologist,2024,377.0
511007,Histotechnologist,2012,3.0
511007,Histotechnologist,2013,5.0
511007,Histotechnologist,2014,4.0
511007,Histotechnologist,2015,5.0
511007,Histotechnologist,2016,5.0
511007,Histotechnologist,2017,3.0
511007,Histotechnologist,2018,5.0
511007,Histotechnologist,2019,3.0
511007,Histotechnologist,2020,8.0
511007,Histotechnologist,2021,5.0
511007,Histotechnologist,2022,7.0
511007,Histotechnologist,2023,15.0
511007,Histotechnologist,2024,11.0
511010,Cytogenetics Technologist,2014,0.0
511010,Cytogenetics Technologist,2015,0.0
511010,Cytogenetics Technologist,2016,4.0
511010,Cytogenetics Technologist,2017,11.0
511010,Cytogenetics Technologist,2018,14.0
511010,Cytogenetics Technologist,2019,24.0
511010,Cytogenetics Technologist,2020,11.0
511010,Cytogenetics Technologist,2021,12.0
511010,Cytogenetics Technologist,2022,12.0
511010,Cytogenetics Technologist,2023,14.0
511010,Cytogenetics Technologist,2024,12.0
511099,Other Clinical Laboratory & Allied Health Professions,2012,28.0
511099,Other Clinical Laboratory & Allied Health Professions,2013,42.0
511099,Other Clinical Laboratory & Allied Health Professions,2014,94.0
511099,Other Clinical Laboratory & Allied Health Professions,2015,114.0
511099,Other Clinical Laboratory & Allied Health Professions,2016,164.0
511099,Other Clinical Laboratory & Allied Health Professions,2017,156.0
511099,Other Clinical Laboratory & Allied Health Professions,2018,110.0
511099,Other Clinical Laboratory & Allied Health Professions,2019,121.0
511099,Other Clinical Laboratory & Allied Health Professions,2020,133.0
511099,Other Clinical Laboratory & Allied Health Professions,2021,136.0
511099,Other Clinical Laboratory & Allied Health Professions,2022,122.0
511099,Other Clinical Laboratory & Allied Health Professions,2023,101.0
511099,Other Clinical Laboratory & Allied Health Professions,2024,75.0
511102,Pre-Medical Studies,2012,59.0
511102,Pre-Medical Studies,2013,53.0
511102,Pre-Medical Studies,2014,30.0
511102,Pre-Medical Studies,2015,45.0
511102,Pre-Medical Studies,2016,39.0
511102,Pre-Medical Studies,2017,53.0
511102,Pre-Medical Studies,2018,63.0
511102,Pre-Medical Studies,2019,64.0
511102,Pre-Medical Studies,2020,53.0
511102,Pre-Medical Studies,2021,79.0
511102,Pre-Medical Studies,2022,54.0
511102,Pre-Medical Studies,2023,107.0
511102,Pre-Medical Studies,2024,148.0
511103,Pre-Pharmacy Studies,2012,0.0
511103,Pre-Pharmacy Studies,2013,10.0
511104,Pre-Veterinary Studies,2014,0.0
511104,Pre-Veterinary Studies,2015,0.0
511104,Pre-Veterinary Studies,2016,0.0
511104,Pre-Veterinary Studies,2017,0.0
511104,Pre-Veterinary Studies,2018,1.0
511104,Pre-Veterinary Studies,2019,0.0
511105,Pre-Nursing Studies,2018,0.0
511105,Pre-Nursing Studies,2019,0.0
511107,Pre-Occupational Therapy Studies,2019,9.0
511107,Pre-Occupational Therapy Studies,2020,11.0
511107,Pre-Occupational Therapy Studies,2021,15.0
511107,Pre-Occupational Therapy Studies,2023,1.0
511107,Pre-Occupational Therapy Studies,2024,0.0
511199,Other Health Preparatory Programs,2012,47.0
511199,Other Health Preparatory Programs,2013,86.0
511199,Other Health Preparatory Programs,2014,95.0
511199,Other Health Preparatory Programs,2015,100.0
511199,Other Health Preparatory Programs,2016,107.0
511199,Other Health Preparatory Programs,2017,137.0
511199,Other Health Preparatory Programs,2018,230.0
511199,Other Health Preparatory Programs,2019,228.0
511199,Other Health Preparatory Programs,2020,388.0
511199,Other Health Preparatory Programs,2021,376.0
511199,Other Health Preparatory Programs,2022,388.0
511199,Other Health Preparatory Programs,2023,297.0
511199,Other Health Preparatory Programs,2024,258.0
511401,Medical Scientist,2012,370.0
511401,Medical Scientist,2013,468.0
511401,Medical Scientist,2014,483.0
511401,Medical Scientist,2015,502.0
511401,Medical Scientist,2016,537.0
511401,Medical Scientist,2017,623.0
511401,Medical Scientist,2018,584.0
511401,Medical Scientist,2019,671.0
511401,Medical Scientist,2020,675.0
511401,Medical Scientist,2021,649.0
511401,Medical Scientist,2022,682.0
511401,Medical Scientist,2023,682.0
511401,Medical Scientist,2024,689.0
511402,Clinical And Translational Science,2020,3.0
511402,Clinical And Translational Science,2021,38.0
511402,Clinical And Translational Science,2022,30.0
511402,Clinical And Translational Science,2023,27.0
511402,Clinical And Translational Science,2024,43.0
511499,"Medical Clinical Sciences/Graduate Medical Studies, Other",2022,0.0
511499,"Medical Clinical Sciences/Graduate Medical Studies, Other",2023,16.0
511499,"Medical Clinical Sciences/Graduate Medical Studies, Other",2024,11.0
511501,Substance Abuse Counseling,2012,471.0
511501,Substance Abuse Counseling,2013,491.0
511501,Substance Abuse Counseling,2014,428.0
511501,Substance Abuse Counseling,2015,418.0
511501,Substance Abuse Counseling,2016,415.0
511501,Substance Abuse Counseling,2017,390.0
511501,Substance Abuse Counseling,2018,422.0
511501,Substance Abuse Counseling,2019,571.0
511501,Substance Abuse Counseling,2020,503.0
511501,Substance Abuse Counseling,2021,511.0
511501,Substance Abuse Counseling,2022,526.0
511501,Substance Abuse Counseling,2023,521.0
511501,Substance Abuse Counseling,2024,525.0
511502,Psychiatric Services Technician,2012,17.0
511502,Psychiatric Services Technician,2013,21.0
511502,Psychiatric Services Technician,2014,31.0
511502,Psychiatric Services Technician,2015,18.0
511502,Psychiatric Services Technician,2016,1.0
511502,Psychiatric Services Technician,2017,7.0
511502,Psychiatric Services Technician,2018,0.0
511502,Psychiatric Services Technician,2019,0.0
511502,Psychiatric Services Technician,2024,6.0
511503,Clinical Social Work,2012,485.0
511503,Clinical Social Work,2013,469.0
511503,Clinical Social Work,2014,698.0
511503,Clinical Social Work,2015,710.0
511503,Clinical Social Work,2016,721.0
511503,Clinical Social Work,2017,1098.0
511503,Clinical Social Work,2018,1250.0
511503,Clinical Social Work,2019,1381.0
511503,Clinical Social Work,2020,1527.0
511503,Clinical Social Work,2021,2051.0
511503,Clinical Social Work,2022,2329.0
511503,Clinical Social Work,2023,2462.0
511503,Clinical Social Work,2024,2402.0
511504,Community Health Services,2012,241.0
511504,Community Health Services,2013,236.0
511504,Community Health Services,2014,245.0
511504,Community Health Services,2015,219.0
511504,Community Health Services,2016,236.0
511504,Community Health Services,2017,197.0
511504,Community Health Services,2018,215.0
511504,Community Health Services,2019,200.0
511504,Community Health Services,2020,214.0
511504,Community Health Services,2021,285.0
511504,Community Health Services,2022,271.0
511504,Community Health Services,2023,325.0
511504,Community Health Services,2024,356.0
511505,Marriage & Family Therapy,2012,2469.0
511505,Marriage & Family Therapy,2013,2646.0
511505,Marriage & Family Therapy,2014,3028.0
511505,Marriage & Family Therapy,2015,3054.0
511505,Marriage & Family Therapy,2016,3136.0
511505,Marriage & Family Therapy,2017,3102.0
511505,Marriage & Family Therapy,2018,2912.0
511505,Marriage & Family Therapy,2019,2959.0
511505,Marriage & Family Therapy,2020,2955.0
511505,Marriage & Family Therapy,2021,2948.0
511505,Marriage & Family Therapy,2022,3270.0
511505,Marriage & Family Therapy,2023,3538.0
511505,Marriage & Family Therapy,2024,3976.0
511506,Clinical Pastoral Counseling,2012,53.0
511506,Clinical Pastoral Counseling,2013,67.0
511506,Clinical Pastoral Counseling,2014,95.0
511506,Clinical Pastoral Counseling,2015,157.0
511506,Clinical Pastoral Counseling,2016,117.0
511506,Clinical Pastoral Counseling,2017,129.0
511506,Clinical Pastoral Counseling,2018,109.0
511506,Clinical Pastoral Counseling,2019,150.0
511506,Clinical Pastoral Counseling,2020,196.0
511506,Clinical Pastoral Counseling,2021,233.0
511506,Clinical Pastoral Counseling,2022,175.0
511506,Clinical Pastoral Counseling,2023,160.0
511506,Clinical Pastoral Counseling,2024,164.0
511507,Psychoanalysis & Psychotherapy,2012,16.0
511507,Psychoanalysis & Psychotherapy,2013,21.0
511507,Psychoanalysis & Psychotherapy,2014,6.0
511507,Psychoanalysis & Psychotherapy,2015,11.0
511507,Psychoanalysis & Psychotherapy,2016,6.0
511507,Psychoanalysis & Psychotherapy,2017,9.0
511507,Psychoanalysis & Psychotherapy,2018,10.0
511507,Psychoanalysis & Psychotherapy,2019,5.0
511507,Psychoanalysis & Psychotherapy,2020,7.0
511507,Psychoanalysis & Psychotherapy,2021,9.0
511507,Psychoanalysis & Psychotherapy,2022,8.0
511507,Psychoanalysis & Psychotherapy,2023,1.0
511507,Psychoanalysis & Psychotherapy,2024,3.0
511508,Mental Health Counseling,2012,3096.0
511508,Mental Health Counseling,2013,3985.0
511508,Mental Health Counseling,2014,4940.0
511508,Mental Health Counseling,2015,5182.0
511508,Mental Health Counseling,2016,5252.0
511508,Mental Health Counseling,2017,5751.0
511508,Mental Health Counseling,2018,5774.0
511508,Mental Health Counseling,2019,5846.0
511508,Mental Health Counseling,2020,6272.0
511508,Mental Health Counseling,2021,6632.0
511508,Mental Health Counseling,2022,7576.0
511508,Mental Health Counseling,2023,8602.0
511508,Mental Health Counseling,2024,9776.0
511509,Genetic Counseling,2012,125.0
511509,Genetic Counseling,2013,130.0
511509,Genetic Counseling,2014,138.0
511509,Genetic Counseling,2015,138.0
511509,Genetic Counseling,2016,154.0
511509,Genetic Counseling,2017,147.0
511509,Genetic Counseling,2018,172.0
511509,Genetic Counseling,2019,193.0
511509,Genetic Counseling,2020,230.0
511509,Genetic Counseling,2021,286.0
511509,Genetic Counseling,2022,299.0
511509,Genetic Counseling,2023,360.0
511509,Genetic Counseling,2024,375.0
511513,Trauma Counseling,2021,1.0
511513,Trauma Counseling,2022,7.0
511513,Trauma Counseling,2023,13.0
511513,Trauma Counseling,2024,4.0
511599,"Other Mental, Social Health Services, & Allied Professions ",2012,117.0
511599,"Other Mental, Social Health Services, & Allied Professions ",2013,140.0
511599,"Other Mental, Social Health Services, & Allied Professions ",2014,136.0
511599,"Other Mental, Social Health Services, & Allied Professions ",2015,171.0
511599,"Other Mental, Social Health Services, & Allied Professions ",2016,216.0
511599,"Other Mental, Social Health Services, & Allied Professions ",2017,1697.0
511599,"Other Mental, Social Health Services, & Allied Professions ",2018,1701.0
511599,"Other Mental, Social Health Services, & Allied Professions ",2019,1746.0
511599,"Other Mental, Social Health Services, & Allied Professions ",2020,1578.0
511599,"Other Mental, Social Health Services, & Allied Professions ",2021,1561.0
511599,"Other Mental, Social Health Services, & Allied Professions ",2022,1533.0
511599,"Other Mental, Social Health Services, & Allied Professions ",2023,1292.0
511599,"Other Mental, Social Health Services, & Allied Professions ",2024,1290.0
511899,Other Ophthalmic & Optometric Support Services,2012,122.0
511899,Other Ophthalmic & Optometric Support Services,2013,37.0
511899,Other Ophthalmic & Optometric Support Services,2014,20.0
511899,Other Ophthalmic & Optometric Support Services,2015,22.0
511899,Other Ophthalmic & Optometric Support Services,2016,6.0
511899,Other Ophthalmic & Optometric Support Services,2017,26.0
511899,Other Ophthalmic & Optometric Support Services,2018,22.0
511899,Other Ophthalmic & Optometric Support Services,2019,15.0
511899,Other Ophthalmic & Optometric Support Services,2020,11.0
511899,Other Ophthalmic & Optometric Support Services,2021,4.0
511899,Other Ophthalmic & Optometric Support Services,2022,7.0
511899,Other Ophthalmic & Optometric Support Services,2023,7.0
511899,Other Ophthalmic & Optometric Support Services,2024,14.0
512001,Pharmacy,2012,23.0
512001,Pharmacy,2013,25.0
512001,Pharmacy,2014,2.0
512001,Pharmacy,2015,6.0
512001,Pharmacy,2016,7.0
512001,Pharmacy,2017,1.0
512001,Pharmacy,2018,3.0
512001,Pharmacy,2019,3.0
512001,Pharmacy,2020,4.0
512001,Pharmacy,2021,7.0
512001,Pharmacy,2022,8.0
512001,Pharmacy,2023,10.0
512001,Pharmacy,2024,27.0
512002,Pharmacy Administration & Pharmacy Policy,2012,411.0
512002,Pharmacy Administration & Pharmacy Policy,2013,393.0
512002,Pharmacy Administration & Pharmacy Policy,2014,361.0
512002,Pharmacy Administration & Pharmacy Policy,2015,324.0
512002,Pharmacy Administration & Pharmacy Policy,2016,398.0
512002,Pharmacy Administration & Pharmacy Policy,2017,314.0
512002,Pharmacy Administration & Pharmacy Policy,2018,483.0
512002,Pharmacy Administration & Pharmacy Policy,2019,281.0
512002,Pharmacy Administration & Pharmacy Policy,2020,226.0
512002,Pharmacy Administration & Pharmacy Policy,2021,175.0
512002,Pharmacy Administration & Pharmacy Policy,2022,208.0
512002,Pharmacy Administration & Pharmacy Policy,2023,152.0
512002,Pharmacy Administration & Pharmacy Policy,2024,105.0
512003,Pharmaceutics & Drug Design,2012,88.0
512003,Pharmaceutics & Drug Design,2013,111.0
512003,Pharmaceutics & Drug Design,2014,122.0
512003,Pharmaceutics & Drug Design,2015,115.0
512003,Pharmaceutics & Drug Design,2016,143.0
512003,Pharmaceutics & Drug Design,2017,143.0
512003,Pharmaceutics & Drug Design,2018,151.0
512003,Pharmaceutics & Drug Design,2019,128.0
512003,Pharmaceutics & Drug Design,2020,143.0
512003,Pharmaceutics & Drug Design,2021,159.0
512003,Pharmaceutics & Drug Design,2022,166.0
512003,Pharmaceutics & Drug Design,2023,177.0
512003,Pharmaceutics & Drug Design,2024,239.0
512004,Medicinal & Pharmaceutical Chemistry,2012,54.0
512004,Medicinal & Pharmaceutical Chemistry,2013,75.0
512004,Medicinal & Pharmaceutical Chemistry,2014,68.0
512004,Medicinal & Pharmaceutical Chemistry,2015,61.0
512004,Medicinal & Pharmaceutical Chemistry,2016,56.0
512004,Medicinal & Pharmaceutical Chemistry,2017,59.0
512004,Medicinal & Pharmaceutical Chemistry,2018,62.0
512004,Medicinal & Pharmaceutical Chemistry,2019,55.0
512004,Medicinal & Pharmaceutical Chemistry,2020,57.0
512004,Medicinal & Pharmaceutical Chemistry,2021,61.0
512004,Medicinal & Pharmaceutical Chemistry,2022,63.0
512004,Medicinal & Pharmaceutical Chemistry,2023,74.0
512004,Medicinal & Pharmaceutical Chemistry,2024,72.0
512005,Natural Products Chemistry & Pharmacognosy,2012,3.0
512005,Natural Products Chemistry & Pharmacognosy,2013,2.0
512005,Natural Products Chemistry & Pharmacognosy,2014,2.0
512005,Natural Products Chemistry & Pharmacognosy,2015,2.0
512005,Natural Products Chemistry & Pharmacognosy,2016,3.0
512005,Natural Products Chemistry & Pharmacognosy,2017,1.0
512005,Natural Products Chemistry & Pharmacognosy,2018,0.0
512005,Natural Products Chemistry & Pharmacognosy,2019,1.0
512005,Natural Products Chemistry & Pharmacognosy,2020,3.0
512005,Natural Products Chemistry & Pharmacognosy,2021,134.0
512005,Natural Products Chemistry & Pharmacognosy,2022,197.0
512005,Natural Products Chemistry & Pharmacognosy,2023,189.0
512005,Natural Products Chemistry & Pharmacognosy,2024,137.0
512006,Clinical & Industrial Drug Development,2012,143.0
512006,Clinical & Industrial Drug Development,2013,122.0
512006,Clinical & Industrial Drug Development,2014,136.0
512006,Clinical & Industrial Drug Development,2015,143.0
512006,Clinical & Industrial Drug Development,2016,132.0
512006,Clinical & Industrial Drug Development,2017,138.0
512006,Clinical & Industrial Drug Development,2018,130.0
512006,Clinical & Industrial Drug Development,2019,125.0
512006,Clinical & Industrial Drug Development,2020,185.0
512006,Clinical & Industrial Drug Development,2021,150.0
512006,Clinical & Industrial Drug Development,2022,153.0
512006,Clinical & Industrial Drug Development,2023,179.0
512006,Clinical & Industrial Drug Development,2024,166.0
512007,Pharmacoeconomics,2012,2.0
512007,Pharmacoeconomics,2013,0.0
512007,Pharmacoeconomics,2014,5.0
512007,Pharmacoeconomics,2015,10.0
512007,Pharmacoeconomics,2016,29.0
512007,Pharmacoeconomics,2017,49.0
512007,Pharmacoeconomics,2018,57.0
512007,Pharmacoeconomics,2019,65.0
512007,Pharmacoeconomics,2020,123.0
512007,Pharmacoeconomics,2021,138.0
512007,Pharmacoeconomics,2022,94.0
512007,Pharmacoeconomics,2023,101.0
512007,Pharmacoeconomics,2024,105.0
512008,"Clinical, Hospital, & Managed Care Pharmacy",2012,6.0
512008,"Clinical, Hospital, & Managed Care Pharmacy",2013,3.0
512008,"Clinical, Hospital, & Managed Care Pharmacy",2014,3.0
512008,"Clinical, Hospital, & Managed Care Pharmacy",2015,6.0
512008,"Clinical, Hospital, & Managed Care Pharmacy",2016,10.0
512008,"Clinical, Hospital, & Managed Care Pharmacy",2017,16.0
512008,"Clinical, Hospital, & Managed Care Pharmacy",2018,12.0
512008,"Clinical, Hospital, & Managed Care Pharmacy",2019,10.0
512008,"Clinical, Hospital, & Managed Care Pharmacy",2020,12.0
512008,"Clinical, Hospital, & Managed Care Pharmacy",2021,16.0
512008,"Clinical, Hospital, & Managed Care Pharmacy",2022,15.0
512008,"Clinical, Hospital, & Managed Care Pharmacy",2023,11.0
512008,"Clinical, Hospital, & Managed Care Pharmacy",2024,10.0
512009,"Industrial, Physical Pharmacy, & Cosmetic Sciences",2012,15.0
512009,"Industrial, Physical Pharmacy, & Cosmetic Sciences",2013,18.0
512009,"Industrial, Physical Pharmacy, & Cosmetic Sciences",2014,17.0
512009,"Industrial, Physical Pharmacy, & Cosmetic Sciences",2015,66.0
512009,"Industrial, Physical Pharmacy, & Cosmetic Sciences",2016,68.0
512009,"Industrial, Physical Pharmacy, & Cosmetic Sciences",2017,46.0
512009,"Industrial, Physical Pharmacy, & Cosmetic Sciences",2018,61.0
512009,"Industrial, Physical Pharmacy, & Cosmetic Sciences",2019,45.0
512009,"Industrial, Physical Pharmacy, & Cosmetic Sciences",2020,32.0
512009,"Industrial, Physical Pharmacy, & Cosmetic Sciences",2021,82.0
512009,"Industrial, Physical Pharmacy, & Cosmetic Sciences",2022,130.0
512009,"Industrial, Physical Pharmacy, & Cosmetic Sciences",2023,355.0
512009,"Industrial, Physical Pharmacy, & Cosmetic Sciences",2024,954.0
512010,Pharmaceutical Sciences,2012,119.0
512010,Pharmaceutical Sciences,2013,158.0
512010,Pharmaceutical Sciences,2014,210.0
512010,Pharmaceutical Sciences,2015,152.0
512010,Pharmaceutical Sciences,2016,158.0
512010,Pharmaceutical Sciences,2017,183.0
512010,Pharmaceutical Sciences,2018,254.0
512010,Pharmaceutical Sciences,2019,262.0
512010,Pharmaceutical Sciences,2020,257.0
512010,Pharmaceutical Sciences,2021,271.0
512010,Pharmaceutical Sciences,2022,251.0
512010,Pharmaceutical Sciences,2023,361.0
512010,Pharmaceutical Sciences,2024,487.0
512011,Pharmaceutical Marketing & Management,2012,2.0
512011,Pharmaceutical Marketing & Management,2013,18.0
512011,Pharmaceutical Marketing & Management,2014,22.0
512011,Pharmaceutical Marketing & Management,2015,19.0
512011,Pharmaceutical Marketing & Management,2016,19.0
512011,Pharmaceutical Marketing & Management,2017,22.0
512011,Pharmaceutical Marketing & Management,2018,12.0
512011,Pharmaceutical Marketing & Management,2019,33.0
512011,Pharmaceutical Marketing & Management,2020,21.0
512011,Pharmaceutical Marketing & Management,2021,18.0
512011,Pharmaceutical Marketing & Management,2022,19.0
512011,Pharmaceutical Marketing & Management,2023,19.0
512011,Pharmaceutical Marketing & Management,2024,28.0
512099,"Other Pharmacy, Pharmaceutical Sciences, & Administration",2012,303.0
512099,"Other Pharmacy, Pharmaceutical Sciences, & Administration",2013,338.0
512099,"Other Pharmacy, Pharmaceutical Sciences, & Administration",2014,327.0
512099,"Other Pharmacy, Pharmaceutical Sciences, & Administration",2015,235.0
512099,"Other Pharmacy, Pharmaceutical Sciences, & Administration",2016,258.0
512099,"Other Pharmacy, Pharmaceutical Sciences, & Administration",2017,246.0
512099,"Other Pharmacy, Pharmaceutical Sciences, & Administration",2018,237.0
512099,"Other Pharmacy, Pharmaceutical Sciences, & Administration",2019,227.0
512099,"Other Pharmacy, Pharmaceutical Sciences, & Administration",2020,224.0
512099,"Other Pharmacy, Pharmaceutical Sciences, & Administration",2021,232.0
512099,"Other Pharmacy, Pharmaceutical Sciences, & Administration",2022,300.0
512099,"Other Pharmacy, Pharmaceutical Sciences, & Administration",2023,367.0
512099,"Other Pharmacy, Pharmaceutical Sciences, & Administration",2024,364.0
512201,General Public Health,2012,7046.0
512201,General Public Health,2013,7741.0
512201,General Public Health,2014,8203.0
512201,General Public Health,2015,8620.0
512201,General Public Health,2016,9006.0
512201,General Public Health,2017,9534.0
512201,General Public Health,2018,10233.0
512201,General Public Health,2019,10684.0
512201,General Public Health,2020,10344.0
512201,General Public Health,2021,10873.0
512201,General Public Health,2022,11708.0
512201,General Public Health,2023,12307.0
512201,General Public Health,2024,11934.0
512202,Environmental Health,2012,541.0
512202,Environmental Health,2013,529.0
512202,Environmental Health,2014,551.0
512202,Environmental Health,2015,519.0
512202,Environmental Health,2016,546.0
512202,Environmental Health,2017,647.0
512202,Environmental Health,2018,635.0
512202,Environmental Health,2019,583.0
512202,Environmental Health,2020,641.0
512202,Environmental Health,2021,694.0
512202,Environmental Health,2022,683.0
512202,Environmental Health,2023,798.0
512202,Environmental Health,2024,706.0
512205,Health Physics,2012,79.0
512205,Health Physics,2013,95.0
512205,Health Physics,2014,122.0
512205,Health Physics,2015,158.0
512205,Health Physics,2016,100.0
512205,Health Physics,2017,105.0
512205,Health Physics,2018,133.0
512205,Health Physics,2019,115.0
512205,Health Physics,2020,150.0
512205,Health Physics,2021,159.0
512205,Health Physics,2022,149.0
512205,Health Physics,2023,163.0
512205,Health Physics,2024,201.0
512206,Occupational Health & Industrial Hygiene,2012,101.0
512206,Occupational Health & Industrial Hygiene,2013,75.0
512206,Occupational Health & Industrial Hygiene,2014,129.0
512206,Occupational Health & Industrial Hygiene,2015,75.0
512206,Occupational Health & Industrial Hygiene,2016,111.0
512206,Occupational Health & Industrial Hygiene,2017,85.0
512206,Occupational Health & Industrial Hygiene,2018,65.0
512206,Occupational Health & Industrial Hygiene,2019,111.0
512206,Occupational Health & Industrial Hygiene,2020,94.0
512206,Occupational Health & Industrial Hygiene,2021,90.0
512206,Occupational Health & Industrial Hygiene,2022,123.0
512206,Occupational Health & Industrial Hygiene,2023,117.0
512206,Occupational Health & Industrial Hygiene,2024,119.0
512207,Public Health Education & Promotion,2012,787.0
512207,Public Health Education & Promotion,2013,897.0
512207,Public Health Education & Promotion,2014,840.0
512207,Public Health Education & Promotion,2015,797.0
512207,Public Health Education & Promotion,2016,847.0
512207,Public Health Education & Promotion,2017,896.0
512207,Public Health Education & Promotion,2018,953.0
512207,Public Health Education & Promotion,2019,902.0
512207,Public Health Education & Promotion,2020,946.0
512207,Public Health Education & Promotion,2021,965.0
512207,Public Health Education & Promotion,2022,1004.0
512207,Public Health Education & Promotion,2023,953.0
512207,Public Health Education & Promotion,2024,747.0
512208,Community Health & Preventative Medicine,2012,123.0
512208,Community Health & Preventative Medicine,2013,178.0
512208,Community Health & Preventative Medicine,2014,189.0
512208,Community Health & Preventative Medicine,2015,191.0
512208,Community Health & Preventative Medicine,2016,207.0
512208,Community Health & Preventative Medicine,2017,242.0
512208,Community Health & Preventative Medicine,2018,258.0
512208,Community Health & Preventative Medicine,2019,252.0
512208,Community Health & Preventative Medicine,2020,300.0
512208,Community Health & Preventative Medicine,2021,273.0
512208,Community Health & Preventative Medicine,2022,277.0
512208,Community Health & Preventative Medicine,2023,336.0
512208,Community Health & Preventative Medicine,2024,320.0
512209,Maternal & Child Health,2012,115.0
512209,Maternal & Child Health,2013,149.0
512209,Maternal & Child Health,2014,163.0
512209,Maternal & Child Health,2015,154.0
512209,Maternal & Child Health,2016,117.0
512209,Maternal & Child Health,2017,137.0
512209,Maternal & Child Health,2018,104.0
512209,Maternal & Child Health,2019,92.0
512209,Maternal & Child Health,2020,66.0
512209,Maternal & Child Health,2021,46.0
512209,Maternal & Child Health,2022,66.0
512209,Maternal & Child Health,2023,96.0
512209,Maternal & Child Health,2024,52.0
512210,International Public Health,2012,405.0
512210,International Public Health,2013,453.0
512210,International Public Health,2014,502.0
512210,International Public Health,2015,469.0
512210,International Public Health,2016,518.0
512210,International Public Health,2017,540.0
512210,International Public Health,2018,490.0
512210,International Public Health,2019,564.0
512210,International Public Health,2020,574.0
512210,International Public Health,2021,477.0
512210,International Public Health,2022,456.0
512210,International Public Health,2023,516.0
512210,International Public Health,2024,419.0
512211,Health Services Administration,2012,736.0
512211,Health Services Administration,2013,545.0
512211,Health Services Administration,2014,647.0
512211,Health Services Administration,2015,758.0
512211,Health Services Administration,2016,798.0
512211,Health Services Administration,2017,905.0
512211,Health Services Administration,2018,1038.0
512211,Health Services Administration,2019,1193.0
512211,Health Services Administration,2020,1224.0
512211,Health Services Administration,2021,1359.0
512211,Health Services Administration,2022,1335.0
512211,Health Services Administration,2023,1279.0
512211,Health Services Administration,2024,1112.0
512212,Behavioral Aspects of Health,2012,4.0
512212,Behavioral Aspects of Health,2013,56.0
512212,Behavioral Aspects of Health,2014,120.0
512212,Behavioral Aspects of Health,2015,62.0
512212,Behavioral Aspects of Health,2016,70.0
512212,Behavioral Aspects of Health,2017,89.0
512212,Behavioral Aspects of Health,2018,68.0
512212,Behavioral Aspects of Health,2019,78.0
512212,Behavioral Aspects of Health,2020,149.0
512212,Behavioral Aspects of Health,2021,78.0
512212,Behavioral Aspects of Health,2022,76.0
512212,Behavioral Aspects of Health,2023,121.0
512212,Behavioral Aspects of Health,2024,120.0
512213,Patient Safety And Healthcare Quality,2020,55.0
512213,Patient Safety And Healthcare Quality,2021,43.0
512213,Patient Safety And Healthcare Quality,2022,62.0
512213,Patient Safety And Healthcare Quality,2023,28.0
512213,Patient Safety And Healthcare Quality,2024,45.0
512299,Other Public Health,2012,850.0
512299,Other Public Health,2013,466.0
512299,Other Public Health,2014,565.0
512299,Other Public Health,2015,538.0
512299,Other Public Health,2016,729.0
512299,Other Public Health,2017,897.0
512299,Other Public Health,2018,956.0
512299,Other Public Health,2019,1015.0
512299,Other Public Health,2020,986.0
512299,Other Public Health,2021,1076.0
512299,Other Public Health,2022,1097.0
512299,Other Public Health,2023,1150.0
512299,Other Public Health,2024,911.0
512300,"Rehabilitation And Therapeutic Professions, General",2021,0.0
512300,"Rehabilitation And Therapeutic Professions, General",2022,0.0
512300,"Rehabilitation And Therapeutic Professions, General",2023,7.0
512300,"Rehabilitation And Therapeutic Professions, General",2024,19.0
512301,Art Therapy,2012,426.0
512301,Art Therapy,2013,494.0
512301,Art Therapy,2014,453.0
512301,Art Therapy,2015,498.0
512301,Art Therapy,2016,547.0
512301,Art Therapy,2017,465.0
512301,Art Therapy,2018,462.0
512301,Art Therapy,2019,456.0
512301,Art Therapy,2020,432.0
512301,Art Therapy,2021,454.0
512301,Art Therapy,2022,511.0
512301,Art Therapy,2023,464.0
512301,Art Therapy,2024,514.0
512302,Dance Therapy,2012,23.0
512302,Dance Therapy,2013,55.0
512302,Dance Therapy,2014,68.0
512302,Dance Therapy,2015,37.0
512302,Dance Therapy,2016,36.0
512302,Dance Therapy,2017,38.0
512302,Dance Therapy,2018,60.0
512302,Dance Therapy,2019,35.0
512302,Dance Therapy,2020,38.0
512302,Dance Therapy,2021,47.0
512302,Dance Therapy,2022,32.0
512302,Dance Therapy,2023,34.0
512302,Dance Therapy,2024,44.0
512305,Music Therapy,2012,80.0
512305,Music Therapy,2013,120.0
512305,Music Therapy,2014,115.0
512305,Music Therapy,2015,130.0
512305,Music Therapy,2016,137.0
512305,Music Therapy,2017,115.0
512305,Music Therapy,2018,137.0
512305,Music Therapy,2019,149.0
512305,Music Therapy,2020,160.0
512305,Music Therapy,2021,143.0
512305,Music Therapy,2022,165.0
512305,Music Therapy,2023,174.0
512305,Music Therapy,2024,154.0
512306,Occupational Therapy,2012,4851.0
512306,Occupational Therapy,2013,5244.0
512306,Occupational Therapy,2014,5410.0
512306,Occupational Therapy,2015,5824.0
512306,Occupational Therapy,2016,6191.0
512306,Occupational Therapy,2017,6622.0
512306,Occupational Therapy,2018,6887.0
512306,Occupational Therapy,2019,7051.0
512306,Occupational Therapy,2020,6640.0
512306,Occupational Therapy,2021,7040.0
512306,Occupational Therapy,2022,6912.0
512306,Occupational Therapy,2023,6059.0
512306,Occupational Therapy,2024,5737.0
512307,Orthotist,2012,52.0
512307,Orthotist,2013,86.0
512307,Orthotist,2014,115.0
512307,Orthotist,2015,162.0
512307,Orthotist,2016,202.0
512307,Orthotist,2017,216.0
512307,Orthotist,2018,238.0
512307,Orthotist,2019,205.0
512307,Orthotist,2020,221.0
512307,Orthotist,2021,214.0
512307,Orthotist,2022,212.0
512307,Orthotist,2023,250.0
512307,Orthotist,2024,233.0
512308,Physical Therapy,2012,430.0
512308,Physical Therapy,2013,244.0
512308,Physical Therapy,2014,194.0
512308,Physical Therapy,2015,150.0
512308,Physical Therapy,2016,96.0
512308,Physical Therapy,2017,120.0
512308,Physical Therapy,2018,59.0
512308,Physical Therapy,2019,54.0
512308,Physical Therapy,2020,31.0
512308,Physical Therapy,2021,41.0
512308,Physical Therapy,2022,42.0
512308,Physical Therapy,2023,38.0
512308,Physical Therapy,2024,37.0
512309,Therapeutic Recreation Therapy,2012,60.0
512309,Therapeutic Recreation Therapy,2013,34.0
512309,Therapeutic Recreation Therapy,2014,49.0
512309,Therapeutic Recreation Therapy,2015,57.0
512309,Therapeutic Recreation Therapy,2016,56.0
512309,Therapeutic Recreation Therapy,2017,54.0
512309,Therapeutic Recreation Therapy,2018,64.0
512309,Therapeutic Recreation Therapy,2019,41.0
512309,Therapeutic Recreation Therapy,2020,51.0
512309,Therapeutic Recreation Therapy,2021,49.0
512309,Therapeutic Recreation Therapy,2022,49.0
512309,Therapeutic Recreation Therapy,2023,43.0
512309,Therapeutic Recreation Therapy,2024,58.0
512310,Vocational Rehabilitation Counseling,2012,1078.0
512310,Vocational Rehabilitation Counseling,2013,1121.0
512310,Vocational Rehabilitation Counseling,2014,1044.0
512310,Vocational Rehabilitation Counseling,2015,1039.0
512310,Vocational Rehabilitation Counseling,2016,860.0
512310,Vocational Rehabilitation Counseling,2017,849.0
512310,Vocational Rehabilitation Counseling,2018,949.0
512310,Vocational Rehabilitation Counseling,2019,853.0
512310,Vocational Rehabilitation Counseling,2020,846.0
512310,Vocational Rehabilitation Counseling,2021,713.0
512310,Vocational Rehabilitation Counseling,2022,738.0
512310,Vocational Rehabilitation Counseling,2023,676.0
512310,Vocational Rehabilitation Counseling,2024,700.0
512311,Kinesiotherapy,2012,11.0
512311,Kinesiotherapy,2013,7.0
512311,Kinesiotherapy,2014,20.0
512311,Kinesiotherapy,2015,12.0
512311,Kinesiotherapy,2016,25.0
512311,Kinesiotherapy,2017,20.0
512311,Kinesiotherapy,2018,44.0
512311,Kinesiotherapy,2019,24.0
512311,Kinesiotherapy,2020,18.0
512311,Kinesiotherapy,2021,20.0
512311,Kinesiotherapy,2022,44.0
512311,Kinesiotherapy,2023,28.0
512311,Kinesiotherapy,2024,34.0
512312,Augmentative Technology & Rehabilitation Engineering,2014,10.0
512312,Augmentative Technology & Rehabilitation Engineering,2015,24.0
512312,Augmentative Technology & Rehabilitation Engineering,2016,34.0
512312,Augmentative Technology & Rehabilitation Engineering,2017,51.0
512312,Augmentative Technology & Rehabilitation Engineering,2018,67.0
512312,Augmentative Technology & Rehabilitation Engineering,2019,58.0
512312,Augmentative Technology & Rehabilitation Engineering,2020,60.0
512312,Augmentative Technology & Rehabilitation Engineering,2021,66.0
512312,Augmentative Technology & Rehabilitation Engineering,2022,77.0
512312,Augmentative Technology & Rehabilitation Engineering,2023,98.0
512312,Augmentative Technology & Rehabilitation Engineering,2024,71.0
512313,Animal-Assisted Therapy,2013,5.0
512313,Animal-Assisted Therapy,2014,8.0
512313,Animal-Assisted Therapy,2015,2.0
512313,Animal-Assisted Therapy,2016,6.0
512313,Animal-Assisted Therapy,2017,0.0
512313,Animal-Assisted Therapy,2018,0.0
512313,Animal-Assisted Therapy,2019,0.0
512313,Animal-Assisted Therapy,2020,0.0
512313,Animal-Assisted Therapy,2021,0.0
512313,Animal-Assisted Therapy,2022,0.0
512313,Animal-Assisted Therapy,2023,0.0
512313,Animal-Assisted Therapy,2024,0.0
512314,Rehabilitation Science,2012,108.0
512314,Rehabilitation Science,2013,128.0
512314,Rehabilitation Science,2014,114.0
512314,Rehabilitation Science,2015,123.0
512314,Rehabilitation Science,2016,151.0
512314,Rehabilitation Science,2017,121.0
512314,Rehabilitation Science,2018,152.0
512314,Rehabilitation Science,2019,90.0
512314,Rehabilitation Science,2020,130.0
512314,Rehabilitation Science,2021,91.0
512314,Rehabilitation Science,2022,89.0
512314,Rehabilitation Science,2023,64.0
512314,Rehabilitation Science,2024,35.0
512317,Play Therapy/Therapist,2024,0.0
512399,Other Rehabilitation & Therapeutic Professions,2012,337.0
512399,Other Rehabilitation & Therapeutic Professions,2013,268.0
512399,Other Rehabilitation & Therapeutic Professions,2014,351.0
512399,Other Rehabilitation & Therapeutic Professions,2015,283.0
512399,Other Rehabilitation & Therapeutic Professions,2016,318.0
512399,Other Rehabilitation & Therapeutic Professions,2017,264.0
512399,Other Rehabilitation & Therapeutic Professions,2018,275.0
512399,Other Rehabilitation & Therapeutic Professions,2019,263.0
512399,Other Rehabilitation & Therapeutic Professions,2020,217.0
512399,Other Rehabilitation & Therapeutic Professions,2021,274.0
512399,Other Rehabilitation & Therapeutic Professions,2022,198.0
512399,Other Rehabilitation & Therapeutic Professions,2023,193.0
512399,Other Rehabilitation & Therapeutic Professions,2024,165.0
512501,General Veterinary Sciences,2012,198.0
512501,General Veterinary Sciences,2013,215.0
512501,General Veterinary Sciences,2014,179.0
512501,General Veterinary Sciences,2015,173.0
512501,General Veterinary Sciences,2016,189.0
512501,General Veterinary Sciences,2017,187.0
512501,General Veterinary Sciences,2018,178.0
512501,General Veterinary Sciences,2019,161.0
512504,Veterinary Microbiology & Immunobiology,2012,2.0
512504,Veterinary Microbiology & Immunobiology,2013,6.0
512504,Veterinary Microbiology & Immunobiology,2014,4.0
512504,Veterinary Microbiology & Immunobiology,2015,3.0
512504,Veterinary Microbiology & Immunobiology,2016,3.0
512504,Veterinary Microbiology & Immunobiology,2017,2.0
512504,Veterinary Microbiology & Immunobiology,2018,3.0
512504,Veterinary Microbiology & Immunobiology,2019,2.0
512505,Veterinary Pathology & Pathobiology,2012,1.0
512505,Veterinary Pathology & Pathobiology,2013,2.0
512505,Veterinary Pathology & Pathobiology,2014,7.0
512505,Veterinary Pathology & Pathobiology,2015,3.0
512505,Veterinary Pathology & Pathobiology,2016,12.0
512505,Veterinary Pathology & Pathobiology,2017,15.0
512505,Veterinary Pathology & Pathobiology,2018,14.0
512505,Veterinary Pathology & Pathobiology,2019,20.0
512507,Large Animal & Equine Surgery & Medicine,2012,2.0
512507,Large Animal & Equine Surgery & Medicine,2013,4.0
512507,Large Animal & Equine Surgery & Medicine,2014,1.0
512507,Large Animal & Equine Surgery & Medicine,2015,1.0
512507,Large Animal & Equine Surgery & Medicine,2016,2.0
512507,Large Animal & Equine Surgery & Medicine,2017,1.0
512507,Large Animal & Equine Surgery & Medicine,2018,1.0
512507,Large Animal & Equine Surgery & Medicine,2019,0.0
512508,Small Animal Surgery & Medicine,2012,3.0
512508,Small Animal Surgery & Medicine,2013,2.0
512508,Small Animal Surgery & Medicine,2014,4.0
512508,Small Animal Surgery & Medicine,2015,3.0
512508,Small Animal Surgery & Medicine,2016,2.0
512508,Small Animal Surgery & Medicine,2017,5.0
512508,Small Animal Surgery & Medicine,2018,5.0
512508,Small Animal Surgery & Medicine,2019,11.0
512509,Comparative & Laboratory Animal Medicine,2012,24.0
512509,Comparative & Laboratory Animal Medicine,2013,25.0
512509,Comparative & Laboratory Animal Medicine,2014,36.0
512509,Comparative & Laboratory Animal Medicine,2015,41.0
512509,Comparative & Laboratory Animal Medicine,2016,37.0
512509,Comparative & Laboratory Animal Medicine,2017,39.0
512509,Comparative & Laboratory Animal Medicine,2018,44.0
512509,Comparative & Laboratory Animal Medicine,2019,31.0
512510,"Veterinary Preventative Medicine, Epidemiology, & Public Health",2012,2.0
512510,"Veterinary Preventative Medicine, Epidemiology, & Public Health",2013,11.0
512510,"Veterinary Preventative Medicine, Epidemiology, & Public Health",2014,10.0
512510,"Veterinary Preventative Medicine, Epidemiology, & Public Health",2015,10.0
512510,"Veterinary Preventative Medicine, Epidemiology, & Public Health",2016,7.0
512510,"Veterinary Preventative Medicine, Epidemiology, & Public Health",2017,5.0
512510,"Veterinary Preventative Medicine, Epidemiology, & Public Health",2018,18.0
512510,"Veterinary Preventative Medicine, Epidemiology, & Public Health",2019,11.0
512511,Veterinary Infectious Disease,2017,11.0
512511,Veterinary Infectious Disease,2018,15.0
512511,Veterinary Infectious Disease,2019,20.0
512703,Medical Illustrator,2012,31.0
512703,Medical Illustrator,2013,43.0
512703,Medical Illustrator,2014,33.0
512703,Medical Illustrator,2015,37.0
512703,Medical Illustrator,2016,28.0
512703,Medical Illustrator,2017,29.0
512703,Medical Illustrator,2018,38.0
512703,Medical Illustrator,2019,40.0
512703,Medical Illustrator,2020,35.0
512703,Medical Illustrator,2021,37.0
512703,Medical Illustrator,2022,41.0
512703,Medical Illustrator,2023,43.0
512703,Medical Illustrator,2024,47.0
512706,Medical Informatics,2012,225.0
512706,Medical Informatics,2013,368.0
512706,Medical Informatics,2014,457.0
512706,Medical Informatics,2015,549.0
512706,Medical Informatics,2016,667.0
512706,Medical Informatics,2017,941.0
512706,Medical Informatics,2018,1079.0
512706,Medical Informatics,2019,1156.0
512706,Medical Informatics,2020,1393.0
512706,Medical Informatics,2021,1469.0
512706,Medical Informatics,2022,1603.0
512706,Medical Informatics,2023,2090.0
512706,Medical Informatics,2024,2517.0
512799,Other Medical Illustration & Informatics,2015,4.0
512799,Other Medical Illustration & Informatics,2016,2.0
512799,Other Medical Illustration & Informatics,2017,28.0
512799,Other Medical Illustration & Informatics,2018,38.0
512799,Other Medical Illustration & Informatics,2019,39.0
512799,Other Medical Illustration & Informatics,2020,0.0
512799,Other Medical Illustration & Informatics,2021,1.0
512799,Other Medical Illustration & Informatics,2022,0.0
512799,Other Medical Illustration & Informatics,2023,1.0
512799,Other Medical Illustration & Informatics,2024,1.0
513101,Dietetics,2012,400.0
513101,Dietetics,2013,465.0
513101,Dietetics,2014,528.0
513101,Dietetics,2015,476.0
513101,Dietetics,2016,472.0
513101,Dietetics,2017,491.0
513101,Dietetics,2018,497.0
513101,Dietetics,2019,516.0
513101,Dietetics,2020,521.0
513101,Dietetics,2021,669.0
513101,Dietetics,2022,665.0
513101,Dietetics,2023,846.0
513101,Dietetics,2024,960.0
513102,Clinical Nutritionist,2012,126.0
513102,Clinical Nutritionist,2013,201.0
513102,Clinical Nutritionist,2014,286.0
513102,Clinical Nutritionist,2015,403.0
513102,Clinical Nutritionist,2016,453.0
513102,Clinical Nutritionist,2017,548.0
513102,Clinical Nutritionist,2018,599.0
513102,Clinical Nutritionist,2019,757.0
513102,Clinical Nutritionist,2020,735.0
513102,Clinical Nutritionist,2021,826.0
513102,Clinical Nutritionist,2022,907.0
513102,Clinical Nutritionist,2023,853.0
513102,Clinical Nutritionist,2024,711.0
513103,Dietetic Technician,2013,25.0
513103,Dietetic Technician,2014,0.0
513103,Dietetic Technician,2015,0.0
513103,Dietetic Technician,2016,0.0
513103,Dietetic Technician,2017,0.0
513103,Dietetic Technician,2018,0.0
513103,Dietetic Technician,2019,0.0
513103,Dietetic Technician,2020,0.0
513103,Dietetic Technician,2021,0.0
513103,Dietetic Technician,2022,0.0
513103,Dietetic Technician,2023,0.0
513103,Dietetic Technician,2024,0.0
513199,Others Dietetics & Clinical Nutrition Services,2012,21.0
513199,Others Dietetics & Clinical Nutrition Services,2013,23.0
513199,Others Dietetics & Clinical Nutrition Services,2014,89.0
513199,Others Dietetics & Clinical Nutrition Services,2015,66.0
513199,Others Dietetics & Clinical Nutrition Services,2016,88.0
513199,Others Dietetics & Clinical Nutrition Services,2017,112.0
513199,Others Dietetics & Clinical Nutrition Services,2018,135.0
513199,Others Dietetics & Clinical Nutrition Services,2019,173.0
513199,Others Dietetics & Clinical Nutrition Services,2020,213.0
513199,Others Dietetics & Clinical Nutrition Services,2021,199.0
513199,Others Dietetics & Clinical Nutrition Services,2022,221.0
513199,Others Dietetics & Clinical Nutrition Services,2023,188.0
513199,Others Dietetics & Clinical Nutrition Services,2024,229.0
513201,Bioethics & Medical Ethics,2012,228.0
513201,Bioethics & Medical Ethics,2013,247.0
513201,Bioethics & Medical Ethics,2014,232.0
513201,Bioethics & Medical Ethics,2015,244.0
513201,Bioethics & Medical Ethics,2016,279.0
513201,Bioethics & Medical Ethics,2017,322.0
513201,Bioethics & Medical Ethics,2018,369.0
513201,Bioethics & Medical Ethics,2019,398.0
513201,Bioethics & Medical Ethics,2020,397.0
513201,Bioethics & Medical Ethics,2021,401.0
513201,Bioethics & Medical Ethics,2022,419.0
513201,Bioethics & Medical Ethics,2023,443.0
513201,Bioethics & Medical Ethics,2024,432.0
513202,Health Professions Education,2020,0.0
513202,Health Professions Education,2021,10.0
513202,Health Professions Education,2022,14.0
513202,Health Professions Education,2023,17.0
513202,Health Professions Education,2024,30.0
513203,Nursing Education,2020,2948.0
513203,Nursing Education,2021,3649.0
513203,Nursing Education,2022,3416.0
513203,Nursing Education,2023,3411.0
513203,Nursing Education,2024,3449.0
513204,Medical/Health Humanities,2020,36.0
513204,Medical/Health Humanities,2021,49.0
513204,Medical/Health Humanities,2022,42.0
513204,Medical/Health Humanities,2023,39.0
513204,Medical/Health Humanities,2024,38.0
513299,"Health Professions Education, Ethics, And Humanities, Other",2020,12.0
513299,"Health Professions Education, Ethics, And Humanities, Other",2021,0.0
513299,"Health Professions Education, Ethics, And Humanities, Other",2022,0.0
513299,"Health Professions Education, Ethics, And Humanities, Other",2023,0.0
513299,"Health Professions Education, Ethics, And Humanities, Other",2024,0.0
513300,General Alternative & Complementary Medicine & Medical Systems,2012,13.0
513300,General Alternative & Complementary Medicine & Medical Systems,2013,36.0
513300,General Alternative & Complementary Medicine & Medical Systems,2014,22.0
513300,General Alternative & Complementary Medicine & Medical Systems,2015,20.0
513300,General Alternative & Complementary Medicine & Medical Systems,2016,57.0
513300,General Alternative & Complementary Medicine & Medical Systems,2017,4.0
513300,General Alternative & Complementary Medicine & Medical Systems,2018,12.0
513300,General Alternative & Complementary Medicine & Medical Systems,2019,17.0
513300,General Alternative & Complementary Medicine & Medical Systems,2020,35.0
513300,General Alternative & Complementary Medicine & Medical Systems,2021,27.0
513300,General Alternative & Complementary Medicine & Medical Systems,2022,32.0
513300,General Alternative & Complementary Medicine & Medical Systems,2023,40.0
513300,General Alternative & Complementary Medicine & Medical Systems,2024,34.0
513301,Acupuncture & Oriental Medicine,2012,1291.0
513301,Acupuncture & Oriental Medicine,2013,1340.0
513301,Acupuncture & Oriental Medicine,2014,1393.0
513301,Acupuncture & Oriental Medicine,2015,1415.0
513301,Acupuncture & Oriental Medicine,2016,1376.0
513301,Acupuncture & Oriental Medicine,2017,1296.0
513301,Acupuncture & Oriental Medicine,2018,1272.0
513301,Acupuncture & Oriental Medicine,2019,1302.0
513301,Acupuncture & Oriental Medicine,2020,1004.0
513301,Acupuncture & Oriental Medicine,2021,1087.0
513301,Acupuncture & Oriental Medicine,2022,1153.0
513301,Acupuncture & Oriental Medicine,2023,1074.0
513301,Acupuncture & Oriental Medicine,2024,878.0
513302,Traditional Chinese Medicine & Chinese Herbology,2012,198.0
513302,Traditional Chinese Medicine & Chinese Herbology,2013,241.0
513302,Traditional Chinese Medicine & Chinese Herbology,2014,165.0
513302,Traditional Chinese Medicine & Chinese Herbology,2015,192.0
513302,Traditional Chinese Medicine & Chinese Herbology,2016,181.0
513302,Traditional Chinese Medicine & Chinese Herbology,2017,166.0
513302,Traditional Chinese Medicine & Chinese Herbology,2018,164.0
513302,Traditional Chinese Medicine & Chinese Herbology,2019,135.0
513302,Traditional Chinese Medicine & Chinese Herbology,2020,103.0
513302,Traditional Chinese Medicine & Chinese Herbology,2021,97.0
513302,Traditional Chinese Medicine & Chinese Herbology,2022,72.0
513302,Traditional Chinese Medicine & Chinese Herbology,2023,75.0
513302,Traditional Chinese Medicine & Chinese Herbology,2024,70.0
513303,Naturopathic Medicine,2016,0.0
513303,Naturopathic Medicine,2017,32.0
513303,Naturopathic Medicine,2018,22.0
513303,Naturopathic Medicine,2019,22.0
513303,Naturopathic Medicine,2020,18.0
513303,Naturopathic Medicine,2021,16.0
513303,Naturopathic Medicine,2022,14.0
513303,Naturopathic Medicine,2023,12.0
513303,Naturopathic Medicine,2024,10.0
513305,Ayurvedic Medicine,2013,0.0
513305,Ayurvedic Medicine,2014,0.0
513305,Ayurvedic Medicine,2015,1.0
513305,Ayurvedic Medicine,2016,6.0
513305,Ayurvedic Medicine,2017,8.0
513305,Ayurvedic Medicine,2018,21.0
513305,Ayurvedic Medicine,2019,12.0
513305,Ayurvedic Medicine,2020,21.0
513305,Ayurvedic Medicine,2021,37.0
513305,Ayurvedic Medicine,2022,64.0
513305,Ayurvedic Medicine,2023,59.0
513305,Ayurvedic Medicine,2024,87.0
513306,Holistic Health,2012,4.0
513306,Holistic Health,2013,27.0
513306,Holistic Health,2014,30.0
513306,Holistic Health,2015,39.0
513306,Holistic Health,2016,40.0
513306,Holistic Health,2017,39.0
513306,Holistic Health,2018,35.0
513306,Holistic Health,2019,28.0
513306,Holistic Health,2020,18.0
513306,Holistic Health,2021,11.0
513306,Holistic Health,2022,14.0
513306,Holistic Health,2023,25.0
513306,Holistic Health,2024,28.0
513399,Other Alternative & Complimentary Medicine & Medical Systems,2012,20.0
513399,Other Alternative & Complimentary Medicine & Medical Systems,2013,21.0
513399,Other Alternative & Complimentary Medicine & Medical Systems,2014,18.0
513399,Other Alternative & Complimentary Medicine & Medical Systems,2015,12.0
513399,Other Alternative & Complimentary Medicine & Medical Systems,2016,17.0
513399,Other Alternative & Complimentary Medicine & Medical Systems,2017,17.0
513399,Other Alternative & Complimentary Medicine & Medical Systems,2018,29.0
513399,Other Alternative & Complimentary Medicine & Medical Systems,2019,6.0
513399,Other Alternative & Complimentary Medicine & Medical Systems,2020,12.0
513399,Other Alternative & Complimentary Medicine & Medical Systems,2021,11.0
513399,Other Alternative & Complimentary Medicine & Medical Systems,2022,10.0
513399,Other Alternative & Complimentary Medicine & Medical Systems,2023,15.0
513399,Other Alternative & Complimentary Medicine & Medical Systems,2024,5.0
513401,Direct Entry Midwifery,2012,6.0
513401,Direct Entry Midwifery,2013,8.0
513401,Direct Entry Midwifery,2014,14.0
513401,Direct Entry Midwifery,2015,13.0
513401,Direct Entry Midwifery,2016,23.0
513401,Direct Entry Midwifery,2017,23.0
513401,Direct Entry Midwifery,2018,15.0
513401,Direct Entry Midwifery,2019,18.0
513401,Direct Entry Midwifery,2020,12.0
513401,Direct Entry Midwifery,2021,15.0
513401,Direct Entry Midwifery,2022,5.0
513401,Direct Entry Midwifery,2023,14.0
513401,Direct Entry Midwifery,2024,5.0
513499,Other Alternative & Complimentary Medical Support Services,2013,0.0
513499,Other Alternative & Complimentary Medical Support Services,2014,0.0
513499,Other Alternative & Complimentary Medical Support Services,2015,0.0
513499,Other Alternative & Complimentary Medical Support Services,2016,30.0
513499,Other Alternative & Complimentary Medical Support Services,2017,40.0
513499,Other Alternative & Complimentary Medical Support Services,2018,69.0
513499,Other Alternative & Complimentary Medical Support Services,2019,67.0
513499,Other Alternative & Complimentary Medical Support Services,2020,56.0
513499,Other Alternative & Complimentary Medical Support Services,2021,53.0
513499,Other Alternative & Complimentary Medical Support Services,2022,19.0
513499,Other Alternative & Complimentary Medical Support Services,2023,25.0
513499,Other Alternative & Complimentary Medical Support Services,2024,29.0
513601,Movement Therapy & Movement Education,2012,16.0
513601,Movement Therapy & Movement Education,2013,23.0
513601,Movement Therapy & Movement Education,2014,22.0
513601,Movement Therapy & Movement Education,2015,28.0
513601,Movement Therapy & Movement Education,2016,29.0
513601,Movement Therapy & Movement Education,2017,26.0
513601,Movement Therapy & Movement Education,2018,28.0
513601,Movement Therapy & Movement Education,2019,23.0
513601,Movement Therapy & Movement Education,2020,19.0
513601,Movement Therapy & Movement Education,2021,12.0
513601,Movement Therapy & Movement Education,2022,11.0
513601,Movement Therapy & Movement Education,2023,14.0
513601,Movement Therapy & Movement Education,2024,16.0
513602,Yoga Teacher Training,2014,0.0
513602,Yoga Teacher Training,2015,9.0
513602,Yoga Teacher Training,2016,51.0
513602,Yoga Teacher Training,2017,27.0
513602,Yoga Teacher Training,2018,24.0
513602,Yoga Teacher Training,2019,32.0
513602,Yoga Teacher Training,2020,26.0
513602,Yoga Teacher Training,2021,30.0
513602,Yoga Teacher Training,2022,27.0
513602,Yoga Teacher Training,2023,42.0
513602,Yoga Teacher Training,2024,35.0
513701,Aromatherapy,2020,0.0
513701,Aromatherapy,2021,0.0
513701,Aromatherapy,2022,0.0
513701,Aromatherapy,2023,15.0
513701,Aromatherapy,2024,8.0
513702,Herbalism,2012,22.0
513702,Herbalism,2013,17.0
513702,Herbalism,2014,16.0
513702,Herbalism,2015,24.0
513702,Herbalism,2016,16.0
513702,Herbalism,2017,18.0
513702,Herbalism,2018,9.0
513702,Herbalism,2019,15.0
513702,Herbalism,2020,20.0
513702,Herbalism,2021,13.0
513702,Herbalism,2022,30.0
513702,Herbalism,2023,21.0
513702,Herbalism,2024,28.0
513801,Registered Nursing,2012,11703.0
513801,Registered Nursing,2013,12998.0
513801,Registered Nursing,2014,14158.0
513801,Registered Nursing,2015,15349.0
513801,Registered Nursing,2016,15215.0
513801,Registered Nursing,2017,16070.0
513801,Registered Nursing,2018,16692.0
513801,Registered Nursing,2019,17491.0
513801,Registered Nursing,2020,18126.0
513801,Registered Nursing,2021,18773.0
513801,Registered Nursing,2022,19942.0
513801,Registered Nursing,2023,20308.0
513801,Registered Nursing,2024,20091.0
513802,Nursing Administration,2012,2391.0
513802,Nursing Administration,2013,2881.0
513802,Nursing Administration,2014,4566.0
513802,Nursing Administration,2015,4871.0
513802,Nursing Administration,2016,5263.0
513802,Nursing Administration,2017,6390.0
513802,Nursing Administration,2018,7167.0
513802,Nursing Administration,2019,7493.0
513802,Nursing Administration,2020,6780.0
513802,Nursing Administration,2021,8411.0
513802,Nursing Administration,2022,7308.0
513802,Nursing Administration,2023,6525.0
513802,Nursing Administration,2024,6133.0
513803,Adult Health Nurse,2012,853.0
513803,Adult Health Nurse,2013,1072.0
513803,Adult Health Nurse,2014,1092.0
513803,Adult Health Nurse,2015,1261.0
513803,Adult Health Nurse,2016,1532.0
513803,Adult Health Nurse,2017,1586.0
513803,Adult Health Nurse,2018,1430.0
513803,Adult Health Nurse,2019,1296.0
513803,Adult Health Nurse,2020,1374.0
513803,Adult Health Nurse,2021,1456.0
513803,Adult Health Nurse,2022,1397.0
513803,Adult Health Nurse,2023,1656.0
513803,Adult Health Nurse,2024,1814.0
513804,Nurse Anesthetist,2012,1731.0
513804,Nurse Anesthetist,2013,1800.0
513804,Nurse Anesthetist,2014,1705.0
513804,Nurse Anesthetist,2015,1607.0
513804,Nurse Anesthetist,2016,1603.0
513804,Nurse Anesthetist,2017,1536.0
513804,Nurse Anesthetist,2018,1379.0
513804,Nurse Anesthetist,2019,1427.0
513804,Nurse Anesthetist,2020,1015.0
513804,Nurse Anesthetist,2021,878.0
513804,Nurse Anesthetist,2022,657.0
513804,Nurse Anesthetist,2023,522.0
513804,Nurse Anesthetist,2024,362.0
513805,Family Practice Nurse,2012,3665.0
513805,Family Practice Nurse,2013,4494.0
513805,Family Practice Nurse,2014,5462.0
513805,Family Practice Nurse,2015,7072.0
513805,Family Practice Nurse,2016,9655.0
513805,Family Practice Nurse,2017,11033.0
513805,Family Practice Nurse,2018,12871.0
513805,Family Practice Nurse,2019,13773.0
513805,Family Practice Nurse,2020,14915.0
513805,Family Practice Nurse,2021,14286.0
513805,Family Practice Nurse,2022,14527.0
513805,Family Practice Nurse,2023,13197.0
513805,Family Practice Nurse,2024,12710.0
513806,Child Health & Neonatal Nurse,2012,215.0
513806,Child Health & Neonatal Nurse,2013,226.0
513806,Child Health & Neonatal Nurse,2014,241.0
513806,Child Health & Neonatal Nurse,2015,249.0
513806,Child Health & Neonatal Nurse,2016,230.0
513806,Child Health & Neonatal Nurse,2017,216.0
513806,Child Health & Neonatal Nurse,2018,188.0
513806,Child Health & Neonatal Nurse,2019,184.0
513806,Child Health & Neonatal Nurse,2020,140.0
513806,Child Health & Neonatal Nurse,2021,146.0
513806,Child Health & Neonatal Nurse,2022,151.0
513806,Child Health & Neonatal Nurse,2023,105.0
513806,Child Health & Neonatal Nurse,2024,125.0
513807,Nurse Midwife,2012,216.0
513807,Nurse Midwife,2013,301.0
513807,Nurse Midwife,2014,328.0
513807,Nurse Midwife,2015,303.0
513807,Nurse Midwife,2016,341.0
513807,Nurse Midwife,2017,399.0
513807,Nurse Midwife,2018,438.0
513807,Nurse Midwife,2019,451.0
513807,Nurse Midwife,2020,455.0
513807,Nurse Midwife,2021,438.0
513807,Nurse Midwife,2022,479.0
513807,Nurse Midwife,2023,464.0
513807,Nurse Midwife,2024,481.0
513808,Nursing School,2012,2007.0
513808,Nursing School,2013,2069.0
513808,Nursing School,2014,2200.0
513808,Nursing School,2015,2127.0
513808,Nursing School,2016,2103.0
513808,Nursing School,2017,1845.0
513808,Nursing School,2018,1649.0
513808,Nursing School,2019,1652.0
513808,Nursing School,2020,1583.0
513808,Nursing School,2021,1421.0
513808,Nursing School,2022,1417.0
513808,Nursing School,2023,1279.0
513808,Nursing School,2024,1095.0
513809,Pediatric Nurse,2012,262.0
513809,Pediatric Nurse,2013,283.0
513809,Pediatric Nurse,2014,296.0
513809,Pediatric Nurse,2015,327.0
513809,Pediatric Nurse,2016,336.0
513809,Pediatric Nurse,2017,389.0
513809,Pediatric Nurse,2018,419.0
513809,Pediatric Nurse,2019,454.0
513809,Pediatric Nurse,2020,449.0
513809,Pediatric Nurse,2021,455.0
513809,Pediatric Nurse,2022,433.0
513809,Pediatric Nurse,2023,415.0
513809,Pediatric Nurse,2024,353.0
513810,Psychiatric Nurse,2012,220.0
513810,Psychiatric Nurse,2013,292.0
513810,Psychiatric Nurse,2014,335.0
513810,Psychiatric Nurse,2015,252.0
513810,Psychiatric Nurse,2016,317.0
513810,Psychiatric Nurse,2017,344.0
513810,Psychiatric Nurse,2018,382.0
513810,Psychiatric Nurse,2019,563.0
513810,Psychiatric Nurse,2020,745.0
513810,Psychiatric Nurse,2021,907.0
513810,Psychiatric Nurse,2022,1108.0
513810,Psychiatric Nurse,2023,1323.0
513810,Psychiatric Nurse,2024,1779.0
513811,Public Health Nurse,2012,206.0
513811,Public Health Nurse,2013,260.0
513811,Public Health Nurse,2014,159.0
513811,Public Health Nurse,2015,201.0
513811,Public Health Nurse,2016,227.0
513811,Public Health Nurse,2017,294.0
513811,Public Health Nurse,2018,279.0
513811,Public Health Nurse,2019,261.0
513811,Public Health Nurse,2020,248.0
513811,Public Health Nurse,2021,232.0
513811,Public Health Nurse,2022,283.0
513811,Public Health Nurse,2023,243.0
513811,Public Health Nurse,2024,204.0
513812,Perioperative & Surgical Nurse,2012,40.0
513812,Perioperative & Surgical Nurse,2013,32.0
513812,Perioperative & Surgical Nurse,2014,86.0
513812,Perioperative & Surgical Nurse,2015,100.0
513812,Perioperative & Surgical Nurse,2016,141.0
513812,Perioperative & Surgical Nurse,2017,164.0
513812,Perioperative & Surgical Nurse,2018,146.0
513812,Perioperative & Surgical Nurse,2019,182.0
513812,Perioperative & Surgical Nurse,2020,228.0
513812,Perioperative & Surgical Nurse,2021,246.0
513812,Perioperative & Surgical Nurse,2022,189.0
513812,Perioperative & Surgical Nurse,2023,131.0
513812,Perioperative & Surgical Nurse,2024,109.0
513813,Clinical Nurse Specialist,2012,263.0
513813,Clinical Nurse Specialist,2013,256.0
513813,Clinical Nurse Specialist,2014,347.0
513813,Clinical Nurse Specialist,2015,359.0
513813,Clinical Nurse Specialist,2016,426.0
513813,Clinical Nurse Specialist,2017,469.0
513813,Clinical Nurse Specialist,2018,391.0
513813,Clinical Nurse Specialist,2019,380.0
513813,Clinical Nurse Specialist,2020,335.0
513813,Clinical Nurse Specialist,2021,368.0
513813,Clinical Nurse Specialist,2022,307.0
513813,Clinical Nurse Specialist,2023,224.0
513813,Clinical Nurse Specialist,2024,252.0
513814,Critical Care Nursing,2012,145.0
513814,Critical Care Nursing,2013,234.0
513814,Critical Care Nursing,2014,251.0
513814,Critical Care Nursing,2015,273.0
513814,Critical Care Nursing,2016,282.0
513814,Critical Care Nursing,2017,323.0
513814,Critical Care Nursing,2018,435.0
513814,Critical Care Nursing,2019,518.0
513814,Critical Care Nursing,2020,468.0
513814,Critical Care Nursing,2021,583.0
513814,Critical Care Nursing,2022,557.0
513814,Critical Care Nursing,2023,459.0
513814,Critical Care Nursing,2024,431.0
513815,Occupational & Environmental Health Nursing,2012,7.0
513815,Occupational & Environmental Health Nursing,2013,33.0
513815,Occupational & Environmental Health Nursing,2014,19.0
513815,Occupational & Environmental Health Nursing,2015,27.0
513815,Occupational & Environmental Health Nursing,2016,22.0
513815,Occupational & Environmental Health Nursing,2017,46.0
513815,Occupational & Environmental Health Nursing,2018,36.0
513815,Occupational & Environmental Health Nursing,2019,31.0
513815,Occupational & Environmental Health Nursing,2020,29.0
513815,Occupational & Environmental Health Nursing,2021,29.0
513815,Occupational & Environmental Health Nursing,2022,10.0
513815,Occupational & Environmental Health Nursing,2023,19.0
513815,Occupational & Environmental Health Nursing,2024,8.0
513816,Emergency Room Nursing,2012,27.0
513816,Emergency Room Nursing,2013,16.0
513816,Emergency Room Nursing,2014,26.0
513816,Emergency Room Nursing,2015,20.0
513816,Emergency Room Nursing,2016,20.0
513816,Emergency Room Nursing,2017,18.0
513816,Emergency Room Nursing,2018,22.0
513816,Emergency Room Nursing,2019,20.0
513816,Emergency Room Nursing,2020,30.0
513816,Emergency Room Nursing,2021,31.0
513816,Emergency Room Nursing,2022,48.0
513816,Emergency Room Nursing,2023,45.0
513816,Emergency Room Nursing,2024,24.0
513817,Nurse Education,2012,841.0
513817,Nurse Education,2013,977.0
513817,Nurse Education,2014,1847.0
513817,Nurse Education,2015,1661.0
513817,Nurse Education,2016,1773.0
513817,Nurse Education,2017,1685.0
513817,Nurse Education,2018,1766.0
513817,Nurse Education,2019,1542.0
513818,Nursing Practice,2012,323.0
513818,Nursing Practice,2013,358.0
513818,Nursing Practice,2014,236.0
513818,Nursing Practice,2015,248.0
513818,Nursing Practice,2016,285.0
513818,Nursing Practice,2017,297.0
513818,Nursing Practice,2018,308.0
513818,Nursing Practice,2019,461.0
513818,Nursing Practice,2020,748.0
513818,Nursing Practice,2021,336.0
513818,Nursing Practice,2022,362.0
513818,Nursing Practice,2023,453.0
513818,Nursing Practice,2024,527.0
513819,Palliative Care Nursing,2012,12.0
513819,Palliative Care Nursing,2013,15.0
513819,Palliative Care Nursing,2014,9.0
513819,Palliative Care Nursing,2015,4.0
513819,Palliative Care Nursing,2016,7.0
513819,Palliative Care Nursing,2017,4.0
513819,Palliative Care Nursing,2018,5.0
513819,Palliative Care Nursing,2019,6.0
513819,Palliative Care Nursing,2020,0.0
513819,Palliative Care Nursing,2021,0.0
513819,Palliative Care Nursing,2022,0.0
513819,Palliative Care Nursing,2023,0.0
513819,Palliative Care Nursing,2024,0.0
513820,Clinical Nurse Leader,2012,256.0
513820,Clinical Nurse Leader,2013,292.0
513820,Clinical Nurse Leader,2014,336.0
513820,Clinical Nurse Leader,2015,326.0
513820,Clinical Nurse Leader,2016,328.0
513820,Clinical Nurse Leader,2017,417.0
513820,Clinical Nurse Leader,2018,418.0
513820,Clinical Nurse Leader,2019,502.0
513820,Clinical Nurse Leader,2020,377.0
513820,Clinical Nurse Leader,2021,408.0
513820,Clinical Nurse Leader,2022,431.0
513820,Clinical Nurse Leader,2023,432.0
513820,Clinical Nurse Leader,2024,413.0
513821,Geriatric Nurse,2012,114.0
513821,Geriatric Nurse,2013,180.0
513821,Geriatric Nurse,2014,254.0
513821,Geriatric Nurse,2015,303.0
513821,Geriatric Nurse,2016,299.0
513821,Geriatric Nurse,2017,378.0
513821,Geriatric Nurse,2018,302.0
513821,Geriatric Nurse,2019,410.0
513821,Geriatric Nurse,2020,599.0
513821,Geriatric Nurse,2021,454.0
513821,Geriatric Nurse,2022,525.0
513821,Geriatric Nurse,2023,443.0
513821,Geriatric Nurse,2024,446.0
513822,Women's Health Nurse,2012,153.0
513822,Women's Health Nurse,2013,146.0
513822,Women's Health Nurse,2014,164.0
513822,Women's Health Nurse,2015,206.0
513822,Women's Health Nurse,2016,162.0
513822,Women's Health Nurse,2017,222.0
513822,Women's Health Nurse,2018,184.0
513822,Women's Health Nurse,2019,194.0
513822,Women's Health Nurse,2020,229.0
513822,Women's Health Nurse,2021,240.0
513822,Women's Health Nurse,2022,252.0
513822,Women's Health Nurse,2023,264.0
513822,Women's Health Nurse,2024,300.0
513824,Forensic Nursing,2020,6.0
513824,Forensic Nursing,2021,12.0
513824,Forensic Nursing,2022,23.0
513824,Forensic Nursing,2023,17.0
513824,Forensic Nursing,2024,19.0
513899,"Other Registered Nursing, Nursing Administration, Nursing Research, & Clinical Nursing",2012,1159.0
513899,"Other Registered Nursing, Nursing Administration, Nursing Research, & Clinical Nursing",2013,966.0
513899,"Other Registered Nursing, Nursing Administration, Nursing Research, & Clinical Nursing",2014,1175.0
513899,"Other Registered Nursing, Nursing Administration, Nursing Research, & Clinical Nursing",2015,1386.0
513899,"Other Registered Nursing, Nursing Administration, Nursing Research, & Clinical Nursing",2016,1442.0
513899,"Other Registered Nursing, Nursing Administration, Nursing Research, & Clinical Nursing",2017,1438.0
513899,"Other Registered Nursing, Nursing Administration, Nursing Research, & Clinical Nursing",2018,1512.0
513899,"Other Registered Nursing, Nursing Administration, Nursing Research, & Clinical Nursing",2019,1922.0
513899,"Other Registered Nursing, Nursing Administration, Nursing Research, & Clinical Nursing",2020,1543.0
513899,"Other Registered Nursing, Nursing Administration, Nursing Research, & Clinical Nursing",2021,1498.0
513899,"Other Registered Nursing, Nursing Administration, Nursing Research, & Clinical Nursing",2022,1319.0
513899,"Other Registered Nursing, Nursing Administration, Nursing Research, & Clinical Nursing",2023,1331.0
513899,"Other Registered Nursing, Nursing Administration, Nursing Research, & Clinical Nursing",2024,1213.0
513901,Licensed Practical & Vocational Nurse Training,2013,0.0
513999,"Other Practical Nursing, Vocational Nursing, & Nursing Assistants",2012,47.0
513999,"Other Practical Nursing, Vocational Nursing, & Nursing Assistants",2013,41.0
513999,"Other Practical Nursing, Vocational Nursing, & Nursing Assistants",2014,23.0
513999,"Other Practical Nursing, Vocational Nursing, & Nursing Assistants",2015,10.0
513999,"Other Practical Nursing, Vocational Nursing, & Nursing Assistants",2016,0.0
513999,"Other Practical Nursing, Vocational Nursing, & Nursing Assistants",2017,0.0
513999,"Other Practical Nursing, Vocational Nursing, & Nursing Assistants",2018,0.0
513999,"Other Practical Nursing, Vocational Nursing, & Nursing Assistants",2019,0.0
513999,"Other Practical Nursing, Vocational Nursing, & Nursing Assistants",2020,0.0
513999,"Other Practical Nursing, Vocational Nursing, & Nursing Assistants",2021,0.0
513999,"Other Practical Nursing, Vocational Nursing, & Nursing Assistants",2022,0.0
519999,Other Health Professions & Related Clinical Sciences,2012,728.0
519999,Other Health Professions & Related Clinical Sciences,2013,835.0
519999,Other Health Professions & Related Clinical Sciences,2014,740.0
519999,Other Health Professions & Related Clinical Sciences,2015,789.0
519999,Other Health Professions & Related Clinical Sciences,2016,821.0
519999,Other Health Professions & Related Clinical Sciences,2017,850.0
519999,Other Health Professions & Related Clinical Sciences,2018,944.0
519999,Other Health Professions & Related Clinical Sciences,2019,1049.0
519999,Other Health Professions & Related Clinical Sciences,2020,1043.0
519999,Other Health Professions & Related Clinical Sciences,2021,989.0
519999,Other Health Professions & Related Clinical Sciences,2022,994.0
519999,Other Health Professions & Related Clinical Sciences,2023,943.0
519999,Other Health Professions & Related Clinical Sciences,2024,954.0
520101,General Business,2012,11672.0
520101,General Business,2013,11175.0
520101,General Business,2014,10444.0
520101,General Business,2015,9205.0
520101,General Business,2016,8892.0
520101,General Business,2017,8816.0
520101,General Business,2018,9617.0
520101,General Business,2019,9486.0
520101,General Business,2020,8782.0
520101,General Business,2021,8488.0
520101,General Business,2022,9320.0
520101,General Business,2023,9096.0
520101,General Business,2024,8023.0
520201,General Business Administration & Management,2012,101611.0
520201,General Business Administration & Management,2013,103473.0
520201,General Business Administration & Management,2014,108942.0
520201,General Business Administration & Management,2015,106889.0
520201,General Business Administration & Management,2016,107212.0
520201,General Business Administration & Management,2017,105886.0
520201,General Business Administration & Management,2018,107831.0
520201,General Business Administration & Management,2019,110756.0
520201,General Business Administration & Management,2020,104189.0
520201,General Business Administration & Management,2021,105796.0
520201,General Business Administration & Management,2022,106562.0
520201,General Business Administration & Management,2023,105058.0
520201,General Business Administration & Management,2024,97150.0
520202,"Purchasing, Procurement, Acquisitions, & Contracts Management",2012,548.0
520202,"Purchasing, Procurement, Acquisitions, & Contracts Management",2013,587.0
520202,"Purchasing, Procurement, Acquisitions, & Contracts Management",2014,582.0
520202,"Purchasing, Procurement, Acquisitions, & Contracts Management",2015,529.0
520202,"Purchasing, Procurement, Acquisitions, & Contracts Management",2016,459.0
520202,"Purchasing, Procurement, Acquisitions, & Contracts Management",2017,401.0
520202,"Purchasing, Procurement, Acquisitions, & Contracts Management",2018,426.0
520202,"Purchasing, Procurement, Acquisitions, & Contracts Management",2019,376.0
520202,"Purchasing, Procurement, Acquisitions, & Contracts Management",2020,286.0
520202,"Purchasing, Procurement, Acquisitions, & Contracts Management",2021,326.0
520202,"Purchasing, Procurement, Acquisitions, & Contracts Management",2022,231.0
520202,"Purchasing, Procurement, Acquisitions, & Contracts Management",2023,255.0
520202,"Purchasing, Procurement, Acquisitions, & Contracts Management",2024,296.0
520203,"Logistics, Materials, & Supply Chain Management",2012,603.0
520203,"Logistics, Materials, & Supply Chain Management",2013,706.0
520203,"Logistics, Materials, & Supply Chain Management",2014,828.0
520203,"Logistics, Materials, & Supply Chain Management",2015,824.0
520203,"Logistics, Materials, & Supply Chain Management",2016,841.0
520203,"Logistics, Materials, & Supply Chain Management",2017,897.0
520203,"Logistics, Materials, & Supply Chain Management",2018,1002.0
520203,"Logistics, Materials, & Supply Chain Management",2019,972.0
520203,"Logistics, Materials, & Supply Chain Management",2020,1086.0
520203,"Logistics, Materials, & Supply Chain Management",2021,1183.0
520203,"Logistics, Materials, & Supply Chain Management",2022,1206.0
520203,"Logistics, Materials, & Supply Chain Management",2023,1226.0
520203,"Logistics, Materials, & Supply Chain Management",2024,1223.0
520204,Office Management & Supervision,2012,375.0
520204,Office Management & Supervision,2013,217.0
520204,Office Management & Supervision,2014,2.0
520204,Office Management & Supervision,2015,2.0
520204,Office Management & Supervision,2016,53.0
520204,Office Management & Supervision,2017,60.0
520204,Office Management & Supervision,2018,75.0
520204,Office Management & Supervision,2019,84.0
520204,Office Management & Supervision,2020,60.0
520204,Office Management & Supervision,2021,84.0
520204,Office Management & Supervision,2022,58.0
520204,Office Management & Supervision,2023,54.0
520204,Office Management & Supervision,2024,60.0
520205,Operations Management & Supervision,2012,939.0
520205,Operations Management & Supervision,2013,813.0
520205,Operations Management & Supervision,2014,900.0
520205,Operations Management & Supervision,2015,920.0
520205,Operations Management & Supervision,2016,896.0
520205,Operations Management & Supervision,2017,711.0
520205,Operations Management & Supervision,2018,643.0
520205,Operations Management & Supervision,2019,514.0
520205,Operations Management & Supervision,2020,388.0
520205,Operations Management & Supervision,2021,523.0
520205,Operations Management & Supervision,2022,364.0
520205,Operations Management & Supervision,2023,392.0
520205,Operations Management & Supervision,2024,608.0
520206,"Non-Profit, Public, & Organizational Management",2012,1540.0
520206,"Non-Profit, Public, & Organizational Management",2013,1888.0
520206,"Non-Profit, Public, & Organizational Management",2014,1815.0
520206,"Non-Profit, Public, & Organizational Management",2015,1636.0
520206,"Non-Profit, Public, & Organizational Management",2016,1747.0
520206,"Non-Profit, Public, & Organizational Management",2017,1777.0
520206,"Non-Profit, Public, & Organizational Management",2018,1862.0
520206,"Non-Profit, Public, & Organizational Management",2019,1937.0
520206,"Non-Profit, Public, & Organizational Management",2020,1902.0
520206,"Non-Profit, Public, & Organizational Management",2021,1779.0
520206,"Non-Profit, Public, & Organizational Management",2022,1604.0
520206,"Non-Profit, Public, & Organizational Management",2023,1406.0
520206,"Non-Profit, Public, & Organizational Management",2024,1297.0
520207,Customer Service Management,2012,2.0
520207,Customer Service Management,2013,2.0
520207,Customer Service Management,2014,1.0
520207,Customer Service Management,2015,5.0
520207,Customer Service Management,2016,5.0
520207,Customer Service Management,2017,9.0
520207,Customer Service Management,2018,2.0
520207,Customer Service Management,2019,2.0
520207,Customer Service Management,2020,2.0
520207,Customer Service Management,2021,0.0
520207,Customer Service Management,2022,0.0
520207,Customer Service Management,2023,0.0
520207,Customer Service Management,2024,18.0
520208,E-Commerce,2012,213.0
520208,E-Commerce,2013,146.0
520208,E-Commerce,2014,190.0
520208,E-Commerce,2015,158.0
520208,E-Commerce,2016,135.0
520208,E-Commerce,2017,67.0
520208,E-Commerce,2018,51.0
520208,E-Commerce,2019,31.0
520208,E-Commerce,2020,22.0
520208,E-Commerce,2021,21.0
520208,E-Commerce,2022,80.0
520208,E-Commerce,2023,70.0
520208,E-Commerce,2024,58.0
520209,Transportation Management,2012,46.0
520209,Transportation Management,2013,111.0
520209,Transportation Management,2014,121.0
520209,Transportation Management,2015,124.0
520209,Transportation Management,2016,120.0
520209,Transportation Management,2017,149.0
520209,Transportation Management,2018,147.0
520209,Transportation Management,2019,130.0
520209,Transportation Management,2020,119.0
520209,Transportation Management,2021,116.0
520209,Transportation Management,2022,129.0
520209,Transportation Management,2023,136.0
520209,Transportation Management,2024,101.0
520210,Research & Development Management,2012,26.0
520210,Research & Development Management,2013,33.0
520210,Research & Development Management,2014,47.0
520210,Research & Development Management,2015,49.0
520210,Research & Development Management,2016,151.0
520210,Research & Development Management,2017,189.0
520210,Research & Development Management,2018,164.0
520210,Research & Development Management,2019,159.0
520210,Research & Development Management,2020,162.0
520210,Research & Development Management,2021,187.0
520210,Research & Development Management,2022,214.0
520210,Research & Development Management,2023,225.0
520210,Research & Development Management,2024,210.0
520211,Project Management,2012,634.0
520211,Project Management,2013,710.0
520211,Project Management,2014,1221.0
520211,Project Management,2015,1071.0
520211,Project Management,2016,1225.0
520211,Project Management,2017,1025.0
520211,Project Management,2018,1249.0
520211,Project Management,2019,1231.0
520211,Project Management,2020,1360.0
520211,Project Management,2021,1583.0
520211,Project Management,2022,1491.0
520211,Project Management,2023,1470.0
520211,Project Management,2024,1405.0
520212,Retail Management,2014,10.0
520212,Retail Management,2015,51.0
520212,Retail Management,2016,62.0
520212,Retail Management,2017,68.0
520212,Retail Management,2018,97.0
520212,Retail Management,2019,101.0
520212,Retail Management,2020,96.0
520212,Retail Management,2021,104.0
520212,Retail Management,2022,96.0
520212,Retail Management,2023,72.0
520212,Retail Management,2024,81.0
520213,Organizational Leadership,2012,1645.0
520213,Organizational Leadership,2013,2071.0
520213,Organizational Leadership,2014,2902.0
520213,Organizational Leadership,2015,3552.0
520213,Organizational Leadership,2016,4270.0
520213,Organizational Leadership,2017,5257.0
520213,Organizational Leadership,2018,5740.0
520213,Organizational Leadership,2019,6280.0
520213,Organizational Leadership,2020,6433.0
520213,Organizational Leadership,2021,7089.0
520213,Organizational Leadership,2022,6873.0
520213,Organizational Leadership,2023,6786.0
520213,Organizational Leadership,2024,6770.0
520215,Risk Management,2023,0.0
520215,Risk Management,2024,3.0
520216,Science/Technology Management,2020,93.0
520216,Science/Technology Management,2021,185.0
520216,Science/Technology Management,2022,143.0
520216,Science/Technology Management,2023,102.0
520216,Science/Technology Management,2024,97.0
520299,"Other Business Administration, Management, & Operations",2012,4948.0
520299,"Other Business Administration, Management, & Operations",2013,5420.0
520299,"Other Business Administration, Management, & Operations",2014,6057.0
520299,"Other Business Administration, Management, & Operations",2015,5523.0
520299,"Other Business Administration, Management, & Operations",2016,5645.0
520299,"Other Business Administration, Management, & Operations",2017,5808.0
520299,"Other Business Administration, Management, & Operations",2018,5837.0
520299,"Other Business Administration, Management, & Operations",2019,5615.0
520299,"Other Business Administration, Management, & Operations",2020,5132.0
520299,"Other Business Administration, Management, & Operations",2021,3867.0
520299,"Other Business Administration, Management, & Operations",2022,3866.0
520299,"Other Business Administration, Management, & Operations",2023,3620.0
520299,"Other Business Administration, Management, & Operations",2024,3392.0
520301,Accounting,2012,15560.0
520301,Accounting,2013,16739.0
520301,Accounting,2014,18506.0
520301,Accounting,2015,19456.0
520301,Accounting,2016,19894.0
520301,Accounting,2017,19706.0
520301,Accounting,2018,19871.0
520301,Accounting,2019,19244.0
520301,Accounting,2020,17582.0
520301,Accounting,2021,16746.0
520301,Accounting,2022,15668.0
520301,Accounting,2023,14622.0
520301,Accounting,2024,12504.0
520302,Accounting Technology & Bookkeeping,2012,0.0
520302,Accounting Technology & Bookkeeping,2020,1.0
520303,Auditing,2012,30.0
520303,Auditing,2013,135.0
520303,Auditing,2014,66.0
520303,Auditing,2015,78.0
520303,Auditing,2016,87.0
520303,Auditing,2017,78.0
520303,Auditing,2018,126.0
520303,Auditing,2019,114.0
520303,Auditing,2020,101.0
520303,Auditing,2021,78.0
520303,Auditing,2022,76.0
520303,Auditing,2023,59.0
520303,Auditing,2024,54.0
520304,Accounting & Finance,2012,493.0
520304,Accounting & Finance,2013,1533.0
520304,Accounting & Finance,2014,1259.0
520304,Accounting & Finance,2015,1054.0
520304,Accounting & Finance,2016,930.0
520304,Accounting & Finance,2017,948.0
520304,Accounting & Finance,2018,870.0
520304,Accounting & Finance,2019,779.0
520304,Accounting & Finance,2020,729.0
520304,Accounting & Finance,2021,696.0
520304,Accounting & Finance,2022,717.0
520304,Accounting & Finance,2023,600.0
520304,Accounting & Finance,2024,541.0
520305,Accounting & Business Management,2012,299.0
520305,Accounting & Business Management,2013,264.0
520305,Accounting & Business Management,2014,291.0
520305,Accounting & Business Management,2015,242.0
520305,Accounting & Business Management,2016,361.0
520305,Accounting & Business Management,2017,440.0
520305,Accounting & Business Management,2018,407.0
520305,Accounting & Business Management,2019,447.0
520305,Accounting & Business Management,2020,388.0
520305,Accounting & Business Management,2021,367.0
520305,Accounting & Business Management,2022,415.0
520305,Accounting & Business Management,2023,357.0
520305,Accounting & Business Management,2024,289.0
520399,Other Accounting & Related Services,2012,357.0
520399,Other Accounting & Related Services,2013,217.0
520399,Other Accounting & Related Services,2014,266.0
520399,Other Accounting & Related Services,2015,255.0
520399,Other Accounting & Related Services,2016,240.0
520399,Other Accounting & Related Services,2017,179.0
520399,Other Accounting & Related Services,2018,208.0
520399,Other Accounting & Related Services,2019,186.0
520399,Other Accounting & Related Services,2020,226.0
520399,Other Accounting & Related Services,2021,300.0
520399,Other Accounting & Related Services,2022,279.0
520399,Other Accounting & Related Services,2023,250.0
520399,Other Accounting & Related Services,2024,97.0
520401,General Administrative Assistant & Secretarial Science,2012,0.0
520401,General Administrative Assistant & Secretarial Science,2013,0.0
520401,General Administrative Assistant & Secretarial Science,2014,0.0
520401,General Administrative Assistant & Secretarial Science,2015,0.0
520401,General Administrative Assistant & Secretarial Science,2018,1.0
520402,Executive Assistant,2016,1.0
520407,"Business, Office Automation, Technology, & Data Entry",2016,4.0
520409,"Parts, Warehousing, & Inventory Management Operations",2012,5.0
520409,"Parts, Warehousing, & Inventory Management Operations",2013,6.0
520499,Other Business Operations Support & Secretarial Services,2012,71.0
520499,Other Business Operations Support & Secretarial Services,2013,53.0
520499,Other Business Operations Support & Secretarial Services,2014,49.0
520499,Other Business Operations Support & Secretarial Services,2015,34.0
520499,Other Business Operations Support & Secretarial Services,2016,0.0
520499,Other Business Operations Support & Secretarial Services,2017,15.0
520499,Other Business Operations Support & Secretarial Services,2018,0.0
520499,Other Business Operations Support & Secretarial Services,2019,0.0
520501,Business & Corporate Communications,2012,170.0
520501,Business & Corporate Communications,2013,134.0
520501,Business & Corporate Communications,2014,123.0
520501,Business & Corporate Communications,2015,86.0
520501,Business & Corporate Communications,2016,101.0
520501,Business & Corporate Communications,2017,85.0
520501,Business & Corporate Communications,2018,72.0
520501,Business & Corporate Communications,2019,72.0
520501,Business & Corporate Communications,2020,43.0
520501,Business & Corporate Communications,2021,59.0
520501,Business & Corporate Communications,2022,52.0
520501,Business & Corporate Communications,2023,92.0
520501,Business & Corporate Communications,2024,90.0
520599,"Business/Corporate Communications, Other",2021,0.0
520599,"Business/Corporate Communications, Other",2022,0.0
520599,"Business/Corporate Communications, Other",2023,3.0
520599,"Business/Corporate Communications, Other",2024,12.0
520601,Business & Managerial Economics,2012,399.0
520601,Business & Managerial Economics,2013,399.0
520601,Business & Managerial Economics,2014,323.0
520601,Business & Managerial Economics,2015,326.0
520601,Business & Managerial Economics,2016,306.0
520601,Business & Managerial Economics,2017,315.0
520601,Business & Managerial Economics,2018,253.0
520601,Business & Managerial Economics,2019,214.0
520601,Business & Managerial Economics,2020,172.0
520601,Business & Managerial Economics,2021,105.0
520601,Business & Managerial Economics,2022,71.0
520601,Business & Managerial Economics,2023,56.0
520601,Business & Managerial Economics,2024,37.0
520701,Entrepreneurial Studies,2012,830.0
520701,Entrepreneurial Studies,2013,857.0
520701,Entrepreneurial Studies,2014,817.0
520701,Entrepreneurial Studies,2015,847.0
520701,Entrepreneurial Studies,2016,946.0
520701,Entrepreneurial Studies,2017,782.0
520701,Entrepreneurial Studies,2018,783.0
520701,Entrepreneurial Studies,2019,929.0
520701,Entrepreneurial Studies,2020,935.0
520701,Entrepreneurial Studies,2021,869.0
520701,Entrepreneurial Studies,2022,896.0
520701,Entrepreneurial Studies,2023,1015.0
520701,Entrepreneurial Studies,2024,1031.0
520703,Small Business Administration & Management,2012,21.0
520703,Small Business Administration & Management,2013,20.0
520703,Small Business Administration & Management,2014,20.0
520703,Small Business Administration & Management,2015,20.0
520703,Small Business Administration & Management,2016,17.0
520703,Small Business Administration & Management,2017,27.0
520703,Small Business Administration & Management,2018,9.0
520703,Small Business Administration & Management,2019,16.0
520703,Small Business Administration & Management,2020,5.0
520703,Small Business Administration & Management,2021,5.0
520703,Small Business Administration & Management,2022,2.0
520703,Small Business Administration & Management,2023,0.0
520703,Small Business Administration & Management,2024,0.0
520704,Social Entrepreneurship,2020,0.0
520704,Social Entrepreneurship,2021,4.0
520704,Social Entrepreneurship,2022,7.0
520704,Social Entrepreneurship,2023,6.0
520704,Social Entrepreneurship,2024,3.0
520799,Other Small Business & Entrepreneurial Operations,2012,54.0
520799,Other Small Business & Entrepreneurial Operations,2013,36.0
520799,Other Small Business & Entrepreneurial Operations,2014,13.0
520799,Other Small Business & Entrepreneurial Operations,2015,42.0
520799,Other Small Business & Entrepreneurial Operations,2016,71.0
520799,Other Small Business & Entrepreneurial Operations,2017,94.0
520799,Other Small Business & Entrepreneurial Operations,2018,92.0
520799,Other Small Business & Entrepreneurial Operations,2019,226.0
520799,Other Small Business & Entrepreneurial Operations,2020,224.0
520799,Other Small Business & Entrepreneurial Operations,2021,204.0
520799,Other Small Business & Entrepreneurial Operations,2022,166.0
520799,Other Small Business & Entrepreneurial Operations,2023,107.0
520799,Other Small Business & Entrepreneurial Operations,2024,103.0
520801,General Finance,2012,6273.0
520801,General Finance,2013,6697.0
520801,General Finance,2014,7139.0
520801,General Finance,2015,7244.0
520801,General Finance,2016,7235.0
520801,General Finance,2017,6602.0
520801,General Finance,2018,5912.0
520801,General Finance,2019,5163.0
520801,General Finance,2020,4977.0
520801,General Finance,2021,4166.0
520801,General Finance,2022,4292.0
520801,General Finance,2023,3796.0
520801,General Finance,2024,3153.0
520803,Banking & Financial Support Services,2012,126.0
520803,Banking & Financial Support Services,2013,102.0
520803,Banking & Financial Support Services,2014,49.0
520803,Banking & Financial Support Services,2015,45.0
520803,Banking & Financial Support Services,2016,42.0
520803,Banking & Financial Support Services,2017,63.0
520803,Banking & Financial Support Services,2018,34.0
520803,Banking & Financial Support Services,2019,19.0
520803,Banking & Financial Support Services,2020,13.0
520803,Banking & Financial Support Services,2021,5.0
520803,Banking & Financial Support Services,2022,9.0
520803,Banking & Financial Support Services,2023,8.0
520803,Banking & Financial Support Services,2024,14.0
520804,Financial Planning & Services,2012,286.0
520804,Financial Planning & Services,2013,302.0
520804,Financial Planning & Services,2014,345.0
520804,Financial Planning & Services,2015,312.0
520804,Financial Planning & Services,2016,306.0
520804,Financial Planning & Services,2017,283.0
520804,Financial Planning & Services,2018,267.0
520804,Financial Planning & Services,2019,202.0
520804,Financial Planning & Services,2020,187.0
520804,Financial Planning & Services,2021,179.0
520804,Financial Planning & Services,2022,198.0
520804,Financial Planning & Services,2023,183.0
520804,Financial Planning & Services,2024,234.0
520806,International Finance,2012,34.0
520806,International Finance,2013,31.0
520806,International Finance,2014,40.0
520806,International Finance,2015,48.0
520806,International Finance,2016,34.0
520806,International Finance,2017,39.0
520806,International Finance,2018,30.0
520806,International Finance,2019,13.0
520806,International Finance,2020,19.0
520806,International Finance,2021,21.0
520806,International Finance,2022,23.0
520806,International Finance,2023,10.0
520806,International Finance,2024,2.0
520807,Investments & Securities,2012,194.0
520807,Investments & Securities,2013,254.0
520807,Investments & Securities,2014,224.0
520807,Investments & Securities,2015,195.0
520807,Investments & Securities,2016,202.0
520807,Investments & Securities,2017,152.0
520807,Investments & Securities,2018,150.0
520807,Investments & Securities,2019,58.0
520807,Investments & Securities,2020,53.0
520807,Investments & Securities,2021,47.0
520807,Investments & Securities,2022,57.0
520807,Investments & Securities,2023,36.0
520807,Investments & Securities,2024,19.0
520808,Public Finance,2012,0.0
520808,Public Finance,2013,0.0
520808,Public Finance,2014,0.0
520808,Public Finance,2015,2.0
520808,Public Finance,2016,14.0
520808,Public Finance,2017,25.0
520808,Public Finance,2018,14.0
520808,Public Finance,2019,15.0
520808,Public Finance,2020,10.0
520808,Public Finance,2021,20.0
520808,Public Finance,2022,17.0
520808,Public Finance,2023,6.0
520808,Public Finance,2024,20.0
520810,Financial Risk Management,2020,1.0
520810,Financial Risk Management,2021,1.0
520810,Financial Risk Management,2022,0.0
520810,Financial Risk Management,2023,2.0
520810,Financial Risk Management,2024,0.0
520899,Other Finance & Financial Management Services,2012,195.0
520899,Other Finance & Financial Management Services,2013,187.0
520899,Other Finance & Financial Management Services,2014,287.0
520899,Other Finance & Financial Management Services,2015,93.0
520899,Other Finance & Financial Management Services,2016,132.0
520899,Other Finance & Financial Management Services,2017,137.0
520899,Other Finance & Financial Management Services,2018,128.0
520899,Other Finance & Financial Management Services,2019,109.0
520899,Other Finance & Financial Management Services,2020,93.0
520899,Other Finance & Financial Management Services,2021,105.0
520899,Other Finance & Financial Management Services,2022,136.0
520899,Other Finance & Financial Management Services,2023,132.0
520899,Other Finance & Financial Management Services,2024,109.0
520901,General Hospitality Management,2012,430.0
520901,General Hospitality Management,2013,468.0
520901,General Hospitality Management,2014,469.0
520901,General Hospitality Management,2015,571.0
520901,General Hospitality Management,2016,487.0
520901,General Hospitality Management,2017,472.0
520901,General Hospitality Management,2018,545.0
520901,General Hospitality Management,2019,594.0
520901,General Hospitality Management,2020,674.0
520901,General Hospitality Management,2021,701.0
520901,General Hospitality Management,2022,886.0
520901,General Hospitality Management,2023,834.0
520901,General Hospitality Management,2024,784.0
520903,Tourism & Travel Services Management,2012,172.0
520903,Tourism & Travel Services Management,2013,108.0
520903,Tourism & Travel Services Management,2014,130.0
520903,Tourism & Travel Services Management,2015,130.0
520903,Tourism & Travel Services Management,2016,85.0
520903,Tourism & Travel Services Management,2017,102.0
520903,Tourism & Travel Services Management,2018,108.0
520903,Tourism & Travel Services Management,2019,112.0
520903,Tourism & Travel Services Management,2020,77.0
520903,Tourism & Travel Services Management,2021,81.0
520903,Tourism & Travel Services Management,2022,87.0
520903,Tourism & Travel Services Management,2023,64.0
520903,Tourism & Travel Services Management,2024,54.0
520904,Hotel Administration & Management,2012,108.0
520904,Hotel Administration & Management,2013,127.0
520904,Hotel Administration & Management,2014,180.0
520904,Hotel Administration & Management,2015,144.0
520904,Hotel Administration & Management,2016,137.0
520904,Hotel Administration & Management,2017,99.0
520904,Hotel Administration & Management,2018,106.0
520904,Hotel Administration & Management,2019,117.0
520904,Hotel Administration & Management,2020,80.0
520904,Hotel Administration & Management,2021,98.0
520904,Hotel Administration & Management,2022,128.0
520904,Hotel Administration & Management,2023,144.0
520904,Hotel Administration & Management,2024,125.0
520905,Restaurant & Food Services Management,2013,2.0
520905,Restaurant & Food Services Management,2014,0.0
520905,Restaurant & Food Services Management,2015,0.0
520905,Restaurant & Food Services Management,2016,0.0
520905,Restaurant & Food Services Management,2017,0.0
520905,Restaurant & Food Services Management,2018,1.0
520905,Restaurant & Food Services Management,2019,1.0
520905,Restaurant & Food Services Management,2020,15.0
520905,Restaurant & Food Services Management,2021,64.0
520905,Restaurant & Food Services Management,2022,58.0
520905,Restaurant & Food Services Management,2023,61.0
520905,Restaurant & Food Services Management,2024,51.0
520906,Resort Management,2015,0.0
520906,Resort Management,2016,0.0
520906,Resort Management,2017,0.0
520906,Resort Management,2018,0.0
520906,Resort Management,2019,0.0
520906,Resort Management,2020,0.0
520906,Resort Management,2021,0.0
520907,Meeting & Event Planning,2015,1.0
520907,Meeting & Event Planning,2016,1.0
520907,Meeting & Event Planning,2017,2.0
520907,Meeting & Event Planning,2018,6.0
520907,Meeting & Event Planning,2019,6.0
520907,Meeting & Event Planning,2020,4.0
520907,Meeting & Event Planning,2021,30.0
520907,Meeting & Event Planning,2022,90.0
520907,Meeting & Event Planning,2023,76.0
520907,Meeting & Event Planning,2024,71.0
520908,Casino Management,2019,1.0
520908,Casino Management,2020,0.0
520908,Casino Management,2021,0.0
520908,Casino Management,2022,0.0
520910,Brewery/Brewpub Operations/Management,2022,0.0
520910,Brewery/Brewpub Operations/Management,2023,0.0
520910,Brewery/Brewpub Operations/Management,2024,3.0
520999,Other Hospitality Administration & Management,2012,127.0
520999,Other Hospitality Administration & Management,2013,153.0
520999,Other Hospitality Administration & Management,2014,69.0
520999,Other Hospitality Administration & Management,2015,63.0
520999,Other Hospitality Administration & Management,2016,64.0
520999,Other Hospitality Administration & Management,2017,70.0
520999,Other Hospitality Administration & Management,2018,72.0
520999,Other Hospitality Administration & Management,2019,65.0
520999,Other Hospitality Administration & Management,2020,65.0
520999,Other Hospitality Administration & Management,2021,58.0
520999,Other Hospitality Administration & Management,2022,48.0
520999,Other Hospitality Administration & Management,2023,47.0
520999,Other Hospitality Administration & Management,2024,34.0
521001,General Human Resources Management & Personnel Administration,2012,3324.0
521001,General Human Resources Management & Personnel Administration,2013,4400.0
521001,General Human Resources Management & Personnel Administration,2014,4722.0
521001,General Human Resources Management & Personnel Administration,2015,4652.0
521001,General Human Resources Management & Personnel Administration,2016,4887.0
521001,General Human Resources Management & Personnel Administration,2017,4758.0
521001,General Human Resources Management & Personnel Administration,2018,5025.0
521001,General Human Resources Management & Personnel Administration,2019,5132.0
521001,General Human Resources Management & Personnel Administration,2020,5416.0
521001,General Human Resources Management & Personnel Administration,2021,6010.0
521001,General Human Resources Management & Personnel Administration,2022,5746.0
521001,General Human Resources Management & Personnel Administration,2023,5341.0
521001,General Human Resources Management & Personnel Administration,2024,5218.0
521002,Labor & Industrial Relations,2012,747.0
521002,Labor & Industrial Relations,2013,806.0
521002,Labor & Industrial Relations,2014,822.0
521002,Labor & Industrial Relations,2015,823.0
521002,Labor & Industrial Relations,2016,766.0
521002,Labor & Industrial Relations,2017,699.0
521002,Labor & Industrial Relations,2018,745.0
521002,Labor & Industrial Relations,2019,663.0
521002,Labor & Industrial Relations,2020,653.0
521002,Labor & Industrial Relations,2021,606.0
521002,Labor & Industrial Relations,2022,551.0
521002,Labor & Industrial Relations,2023,504.0
521002,Labor & Industrial Relations,2024,446.0
521003,Organizational Behavior Studies,2012,2626.0
521003,Organizational Behavior Studies,2013,2419.0
521003,Organizational Behavior Studies,2014,2329.0
521003,Organizational Behavior Studies,2015,2086.0
521003,Organizational Behavior Studies,2016,1830.0
521003,Organizational Behavior Studies,2017,1611.0
521003,Organizational Behavior Studies,2018,1386.0
521003,Organizational Behavior Studies,2019,1103.0
521003,Organizational Behavior Studies,2020,1067.0
521003,Organizational Behavior Studies,2021,1186.0
521003,Organizational Behavior Studies,2022,972.0
521003,Organizational Behavior Studies,2023,885.0
521003,Organizational Behavior Studies,2024,914.0
521004,Labor Studies,2012,22.0
521004,Labor Studies,2013,25.0
521004,Labor Studies,2014,25.0
521004,Labor Studies,2015,20.0
521004,Labor Studies,2016,20.0
521004,Labor Studies,2017,20.0
521004,Labor Studies,2018,17.0
521004,Labor Studies,2019,22.0
521004,Labor Studies,2020,41.0
521004,Labor Studies,2021,52.0
521004,Labor Studies,2022,47.0
521004,Labor Studies,2023,37.0
521004,Labor Studies,2024,52.0
521005,Human Resource Development,2012,1062.0
521005,Human Resource Development,2013,1137.0
521005,Human Resource Development,2014,1225.0
521005,Human Resource Development,2015,1070.0
521005,Human Resource Development,2016,975.0
521005,Human Resource Development,2017,1042.0
521005,Human Resource Development,2018,979.0
521005,Human Resource Development,2019,972.0
521005,Human Resource Development,2020,987.0
521005,Human Resource Development,2021,1079.0
521005,Human Resource Development,2022,1078.0
521005,Human Resource Development,2023,880.0
521005,Human Resource Development,2024,819.0
521006,Executive/Career Coaching,2021,12.0
521006,Executive/Career Coaching,2022,28.0
521006,Executive/Career Coaching,2023,27.0
521006,Executive/Career Coaching,2024,29.0
521099,Other Human Resources Management & Services,2012,1551.0
521099,Other Human Resources Management & Services,2013,1490.0
521099,Other Human Resources Management & Services,2014,1226.0
521099,Other Human Resources Management & Services,2015,1166.0
521099,Other Human Resources Management & Services,2016,1031.0
521099,Other Human Resources Management & Services,2017,1156.0
521099,Other Human Resources Management & Services,2018,1145.0
521099,Other Human Resources Management & Services,2019,1051.0
521099,Other Human Resources Management & Services,2020,948.0
521099,Other Human Resources Management & Services,2021,805.0
521099,Other Human Resources Management & Services,2022,703.0
521099,Other Human Resources Management & Services,2023,627.0
521099,Other Human Resources Management & Services,2024,570.0
521101,"International Business, Trade, & Commerce",2012,2970.0
521101,"International Business, Trade, & Commerce",2013,2486.0
521101,"International Business, Trade, & Commerce",2014,2542.0
521101,"International Business, Trade, & Commerce",2015,2126.0
521101,"International Business, Trade, & Commerce",2016,2004.0
521101,"International Business, Trade, & Commerce",2017,1927.0
521101,"International Business, Trade, & Commerce",2018,2044.0
521101,"International Business, Trade, & Commerce",2019,2170.0
521101,"International Business, Trade, & Commerce",2020,2219.0
521101,"International Business, Trade, & Commerce",2021,1723.0
521101,"International Business, Trade, & Commerce",2022,1432.0
521101,"International Business, Trade, & Commerce",2023,1479.0
521101,"International Business, Trade, & Commerce",2024,1249.0
521201,General Management Information Systems,2012,2165.0
521201,General Management Information Systems,2013,2709.0
521201,General Management Information Systems,2014,2996.0
521201,General Management Information Systems,2015,2636.0
521201,General Management Information Systems,2016,2348.0
521201,General Management Information Systems,2017,2214.0
521201,General Management Information Systems,2018,1847.0
521201,General Management Information Systems,2019,1756.0
521201,General Management Information Systems,2020,1679.0
521201,General Management Information Systems,2021,1507.0
521201,General Management Information Systems,2022,1205.0
521201,General Management Information Systems,2023,1209.0
521201,General Management Information Systems,2024,1162.0
521206,Information Resources Management,2012,444.0
521206,Information Resources Management,2013,545.0
521206,Information Resources Management,2014,632.0
521206,Information Resources Management,2015,835.0
521206,Information Resources Management,2016,1382.0
521206,Information Resources Management,2017,1287.0
521206,Information Resources Management,2018,671.0
521206,Information Resources Management,2019,703.0
521206,Information Resources Management,2020,798.0
521206,Information Resources Management,2021,791.0
521206,Information Resources Management,2022,688.0
521206,Information Resources Management,2023,750.0
521206,Information Resources Management,2024,916.0
521207,Knowledge Management,2012,60.0
521207,Knowledge Management,2013,85.0
521207,Knowledge Management,2014,53.0
521207,Knowledge Management,2015,73.0
521207,Knowledge Management,2016,87.0
521207,Knowledge Management,2017,232.0
521207,Knowledge Management,2018,201.0
521207,Knowledge Management,2019,163.0
521207,Knowledge Management,2020,64.0
521207,Knowledge Management,2021,66.0
521207,Knowledge Management,2022,53.0
521207,Knowledge Management,2023,62.0
521207,Knowledge Management,2024,59.0
521299,Other Management Information Systems & Services,2012,130.0
521299,Other Management Information Systems & Services,2013,168.0
521299,Other Management Information Systems & Services,2014,19.0
521299,Other Management Information Systems & Services,2015,142.0
521299,Other Management Information Systems & Services,2016,160.0
521299,Other Management Information Systems & Services,2017,216.0
521299,Other Management Information Systems & Services,2018,164.0
521299,Other Management Information Systems & Services,2019,155.0
521299,Other Management Information Systems & Services,2020,127.0
521299,Other Management Information Systems & Services,2021,17.0
521299,Other Management Information Systems & Services,2022,14.0
521299,Other Management Information Systems & Services,2023,42.0
521299,Other Management Information Systems & Services,2024,27.0
521301,Management Science,2012,1252.0
521301,Management Science,2013,1611.0
521301,Management Science,2014,1666.0
521301,Management Science,2015,2523.0
521301,Management Science,2016,2840.0
521301,Management Science,2017,3581.0
521301,Management Science,2018,4730.0
521301,Management Science,2019,5254.0
521301,Management Science,2020,12047.0
521301,Management Science,2021,15708.0
521301,Management Science,2022,17084.0
521301,Management Science,2023,21994.0
521301,Management Science,2024,23761.0
521302,Business Statistics,2012,66.0
521302,Business Statistics,2013,41.0
521302,Business Statistics,2014,119.0
521302,Business Statistics,2015,236.0
521302,Business Statistics,2016,511.0
521302,Business Statistics,2017,728.0
521302,Business Statistics,2018,1159.0
521302,Business Statistics,2019,1809.0
521302,Business Statistics,2020,1961.0
521302,Business Statistics,2021,2958.0
521302,Business Statistics,2022,3143.0
521302,Business Statistics,2023,3554.0
521302,Business Statistics,2024,3993.0
521304,Actuarial Science,2012,355.0
521304,Actuarial Science,2013,330.0
521304,Actuarial Science,2014,378.0
521304,Actuarial Science,2015,409.0
521304,Actuarial Science,2016,444.0
521304,Actuarial Science,2017,475.0
521304,Actuarial Science,2018,550.0
521304,Actuarial Science,2019,432.0
521304,Actuarial Science,2020,435.0
521304,Actuarial Science,2021,429.0
521304,Actuarial Science,2022,361.0
521304,Actuarial Science,2023,278.0
521304,Actuarial Science,2024,232.0
521399,Other Management Sciences & Quantitative Methods,2012,226.0
521399,Other Management Sciences & Quantitative Methods,2013,218.0
521399,Other Management Sciences & Quantitative Methods,2014,613.0
521399,Other Management Sciences & Quantitative Methods,2015,704.0
521399,Other Management Sciences & Quantitative Methods,2016,1171.0
521399,Other Management Sciences & Quantitative Methods,2017,1682.0
521399,Other Management Sciences & Quantitative Methods,2018,2917.0
521399,Other Management Sciences & Quantitative Methods,2019,5088.0
521399,Other Management Sciences & Quantitative Methods,2020,8648.0
521399,Other Management Sciences & Quantitative Methods,2021,10204.0
521399,Other Management Sciences & Quantitative Methods,2022,13189.0
521399,Other Management Sciences & Quantitative Methods,2023,15331.0
521399,Other Management Sciences & Quantitative Methods,2024,16905.0
521401,General Marketing & Marketing Management,2012,1952.0
521401,General Marketing & Marketing Management,2013,2329.0
521401,General Marketing & Marketing Management,2014,2561.0
521401,General Marketing & Marketing Management,2015,2516.0
521401,General Marketing & Marketing Management,2016,2308.0
521401,General Marketing & Marketing Management,2017,2467.0
521401,General Marketing & Marketing Management,2018,2182.0
521401,General Marketing & Marketing Management,2019,2129.0
521401,General Marketing & Marketing Management,2020,2267.0
521401,General Marketing & Marketing Management,2021,2560.0
521401,General Marketing & Marketing Management,2022,2468.0
521401,General Marketing & Marketing Management,2023,2226.0
521401,General Marketing & Marketing Management,2024,1929.0
521402,Marketing Research,2012,107.0
521402,Marketing Research,2013,96.0
521402,Marketing Research,2014,117.0
521402,Marketing Research,2015,96.0
521402,Marketing Research,2016,96.0
521402,Marketing Research,2017,174.0
521402,Marketing Research,2018,140.0
521402,Marketing Research,2019,129.0
521402,Marketing Research,2020,177.0
521402,Marketing Research,2021,138.0
521402,Marketing Research,2022,193.0
521402,Marketing Research,2023,132.0
521402,Marketing Research,2024,66.0
521403,International Marketing,2012,104.0
521403,International Marketing,2013,100.0
521403,International Marketing,2014,118.0
521403,International Marketing,2015,111.0
521403,International Marketing,2016,363.0
521403,International Marketing,2017,382.0
521403,International Marketing,2018,504.0
521403,International Marketing,2019,319.0
521403,International Marketing,2020,305.0
521403,International Marketing,2021,295.0
521403,International Marketing,2022,239.0
521403,International Marketing,2023,243.0
521403,International Marketing,2024,288.0
521404,Digital Marketing,2020,0.0
521404,Digital Marketing,2021,11.0
521404,Digital Marketing,2022,89.0
521404,Digital Marketing,2023,145.0
521404,Digital Marketing,2024,357.0
521499,Other Marketing,2012,168.0
521499,Other Marketing,2013,193.0
521499,Other Marketing,2014,223.0
521499,Other Marketing,2015,224.0
521499,Other Marketing,2016,260.0
521499,Other Marketing,2017,228.0
521499,Other Marketing,2018,330.0
521499,Other Marketing,2019,362.0
521499,Other Marketing,2020,326.0
521499,Other Marketing,2021,297.0
521499,Other Marketing,2022,357.0
521499,Other Marketing,2023,321.0
521499,Other Marketing,2024,299.0
521501,Real Estate,2012,786.0
521501,Real Estate,2013,740.0
521501,Real Estate,2014,797.0
521501,Real Estate,2015,866.0
521501,Real Estate,2016,924.0
521501,Real Estate,2017,1011.0
521501,Real Estate,2018,1074.0
521501,Real Estate,2019,1121.0
521501,Real Estate,2020,1084.0
521501,Real Estate,2021,1106.0
521501,Real Estate,2022,1140.0
521501,Real Estate,2023,1130.0
521501,Real Estate,2024,1079.0
521601,Taxation,2012,1856.0
521601,Taxation,2013,1852.0
521601,Taxation,2014,1837.0
521601,Taxation,2015,1639.0
521601,Taxation,2016,1627.0
521601,Taxation,2017,1598.0
521601,Taxation,2018,1659.0
521601,Taxation,2019,1553.0
521601,Taxation,2020,1415.0
521601,Taxation,2021,1297.0
521601,Taxation,2022,1083.0
521601,Taxation,2023,968.0
521601,Taxation,2024,850.0
521701,Insurance,2012,110.0
521701,Insurance,2013,84.0
521701,Insurance,2014,94.0
521701,Insurance,2015,86.0
521701,Insurance,2016,152.0
521701,Insurance,2017,114.0
521701,Insurance,2018,115.0
521701,Insurance,2019,116.0
521701,Insurance,2020,84.0
521701,Insurance,2021,90.0
521701,Insurance,2022,92.0
521701,Insurance,2023,85.0
521701,Insurance,2024,48.0
521801,"General Sales, Distribution, & Marketing Operations",2012,211.0
521801,"General Sales, Distribution, & Marketing Operations",2013,230.0
521801,"General Sales, Distribution, & Marketing Operations",2014,352.0
521801,"General Sales, Distribution, & Marketing Operations",2015,324.0
521801,"General Sales, Distribution, & Marketing Operations",2016,466.0
521801,"General Sales, Distribution, & Marketing Operations",2017,435.0
521801,"General Sales, Distribution, & Marketing Operations",2018,557.0
521801,"General Sales, Distribution, & Marketing Operations",2019,574.0
521801,"General Sales, Distribution, & Marketing Operations",2020,549.0
521801,"General Sales, Distribution, & Marketing Operations",2021,469.0
521801,"General Sales, Distribution, & Marketing Operations",2022,473.0
521801,"General Sales, Distribution, & Marketing Operations",2023,609.0
521801,"General Sales, Distribution, & Marketing Operations",2024,503.0
521802,Merchandising & Buying Operations,2012,27.0
521802,Merchandising & Buying Operations,2013,18.0
521802,Merchandising & Buying Operations,2014,23.0
521802,Merchandising & Buying Operations,2015,18.0
521802,Merchandising & Buying Operations,2016,9.0
521802,Merchandising & Buying Operations,2017,10.0
521802,Merchandising & Buying Operations,2018,7.0
521802,Merchandising & Buying Operations,2019,10.0
521802,Merchandising & Buying Operations,2020,13.0
521802,Merchandising & Buying Operations,2021,11.0
521802,Merchandising & Buying Operations,2022,15.0
521802,Merchandising & Buying Operations,2023,19.0
521802,Merchandising & Buying Operations,2024,0.0
521803,Retailing & Retail Operations,2012,4.0
521803,Retailing & Retail Operations,2013,5.0
521803,Retailing & Retail Operations,2014,3.0
521803,Retailing & Retail Operations,2015,5.0
521803,Retailing & Retail Operations,2016,2.0
521803,Retailing & Retail Operations,2017,4.0
521803,Retailing & Retail Operations,2018,3.0
521803,Retailing & Retail Operations,2019,0.0
521803,Retailing & Retail Operations,2020,1.0
521803,Retailing & Retail Operations,2021,1.0
521803,Retailing & Retail Operations,2022,0.0
521803,Retailing & Retail Operations,2023,0.0
521803,Retailing & Retail Operations,2024,1.0
521804,Selling Skills & Sales Operations,2020,5.0
521804,Selling Skills & Sales Operations,2021,0.0
521804,Selling Skills & Sales Operations,2022,0.0
521804,Selling Skills & Sales Operations,2023,0.0
521804,Selling Skills & Sales Operations,2024,1.0
521899,"Other General Merchandising, Sales, & Related Marketing Operations",2012,0.0
521899,"Other General Merchandising, Sales, & Related Marketing Operations",2013,9.0
521899,"Other General Merchandising, Sales, & Related Marketing Operations",2014,7.0
521899,"Other General Merchandising, Sales, & Related Marketing Operations",2015,1.0
521899,"Other General Merchandising, Sales, & Related Marketing Operations",2016,4.0
521899,"Other General Merchandising, Sales, & Related Marketing Operations",2017,2.0
521899,"Other General Merchandising, Sales, & Related Marketing Operations",2018,3.0
521899,"Other General Merchandising, Sales, & Related Marketing Operations",2019,6.0
521899,"Other General Merchandising, Sales, & Related Marketing Operations",2020,2.0
521899,"Other General Merchandising, Sales, & Related Marketing Operations",2021,4.0
521899,"Other General Merchandising, Sales, & Related Marketing Operations",2022,1.0
521899,"Other General Merchandising, Sales, & Related Marketing Operations",2023,0.0
521899,"Other General Merchandising, Sales, & Related Marketing Operations",2024,0.0
521902,Fashion Merchandising,2012,6.0
521902,Fashion Merchandising,2013,8.0
521902,Fashion Merchandising,2014,17.0
521902,Fashion Merchandising,2015,13.0
521902,Fashion Merchandising,2016,9.0
521902,Fashion Merchandising,2017,41.0
521902,Fashion Merchandising,2018,67.0
521902,Fashion Merchandising,2019,89.0
521902,Fashion Merchandising,2020,63.0
521902,Fashion Merchandising,2021,37.0
521902,Fashion Merchandising,2022,41.0
521902,Fashion Merchandising,2023,35.0
521902,Fashion Merchandising,2024,27.0
521904,Apparel & Accessories Marketing Operations,2012,8.0
521904,Apparel & Accessories Marketing Operations,2013,15.0
521904,Apparel & Accessories Marketing Operations,2014,7.0
521904,Apparel & Accessories Marketing Operations,2015,12.0
521904,Apparel & Accessories Marketing Operations,2016,27.0
521904,Apparel & Accessories Marketing Operations,2017,37.0
521904,Apparel & Accessories Marketing Operations,2018,50.0
521904,Apparel & Accessories Marketing Operations,2019,54.0
521904,Apparel & Accessories Marketing Operations,2020,44.0
521904,Apparel & Accessories Marketing Operations,2021,44.0
521904,Apparel & Accessories Marketing Operations,2022,29.0
521904,Apparel & Accessories Marketing Operations,2023,32.0
521904,Apparel & Accessories Marketing Operations,2024,30.0
521909,Special Products Marketing Operations,2012,13.0
521909,Special Products Marketing Operations,2013,14.0
521909,Special Products Marketing Operations,2014,15.0
521909,Special Products Marketing Operations,2015,22.0
521909,Special Products Marketing Operations,2016,11.0
521909,Special Products Marketing Operations,2017,9.0
521909,Special Products Marketing Operations,2018,14.0
521909,Special Products Marketing Operations,2019,20.0
521909,Special Products Marketing Operations,2020,20.0
521909,Special Products Marketing Operations,2021,22.0
521909,Special Products Marketing Operations,2022,17.0
521909,Special Products Marketing Operations,2023,29.0
521909,Special Products Marketing Operations,2024,14.0
521999,"Other Specialized Merchandising, Sales, & Marketing Operations",2012,36.0
521999,"Other Specialized Merchandising, Sales, & Marketing Operations",2013,55.0
521999,"Other Specialized Merchandising, Sales, & Marketing Operations",2014,57.0
521999,"Other Specialized Merchandising, Sales, & Marketing Operations",2015,45.0
521999,"Other Specialized Merchandising, Sales, & Marketing Operations",2016,63.0
521999,"Other Specialized Merchandising, Sales, & Marketing Operations",2017,40.0
521999,"Other Specialized Merchandising, Sales, & Marketing Operations",2018,52.0
521999,"Other Specialized Merchandising, Sales, & Marketing Operations",2019,57.0
521999,"Other Specialized Merchandising, Sales, & Marketing Operations",2020,42.0
521999,"Other Specialized Merchandising, Sales, & Marketing Operations",2021,50.0
521999,"Other Specialized Merchandising, Sales, & Marketing Operations",2022,84.0
521999,"Other Specialized Merchandising, Sales, & Marketing Operations",2023,74.0
521999,"Other Specialized Merchandising, Sales, & Marketing Operations",2024,66.0
522001,Construction Management,2012,262.0
522001,Construction Management,2013,269.0
522001,Construction Management,2014,269.0
522001,Construction Management,2015,291.0
522001,Construction Management,2016,307.0
522001,Construction Management,2017,330.0
522001,Construction Management,2018,425.0
522001,Construction Management,2019,388.0
522001,Construction Management,2020,311.0
522001,Construction Management,2021,335.0
522001,Construction Management,2022,368.0
522001,Construction Management,2023,299.0
522001,Construction Management,2024,310.0
522101,Telecommunications Management,2012,3.0
522101,Telecommunications Management,2013,0.0
522101,Telecommunications Management,2014,3.0
522101,Telecommunications Management,2015,1.0
522101,Telecommunications Management,2016,3.0
522101,Telecommunications Management,2017,7.0
522101,Telecommunications Management,2018,24.0
522101,Telecommunications Management,2019,36.0
522101,Telecommunications Management,2020,18.0
522101,Telecommunications Management,2021,16.0
522101,Telecommunications Management,2022,6.0
522101,Telecommunications Management,2023,17.0
522101,Telecommunications Management,2024,16.0
529999,"Other Business, Management, Marketing, & Related Support Services",2012,1220.0
529999,"Other Business, Management, Marketing, & Related Support Services",2013,1268.0
529999,"Other Business, Management, Marketing, & Related Support Services",2014,1105.0
529999,"Other Business, Management, Marketing, & Related Support Services",2015,1136.0
529999,"Other Business, Management, Marketing, & Related Support Services",2016,1232.0
529999,"Other Business, Management, Marketing, & Related Support Services",2017,1108.0
529999,"Other Business, Management, Marketing, & Related Support Services",2018,1026.0
529999,"Other Business, Management, Marketing, & Related Support Services",2019,1103.0
529999,"Other Business, Management, Marketing, & Related Support Services",2020,921.0
529999,"Other Business, Management, Marketing, & Related Support Services",2021,933.0
529999,"Other Business, Management, Marketing, & Related Support Services",2022,929.0
529999,"Other Business, Management, Marketing, & Related Support Services",2023,1200.0
529999,"Other Business, Management, Marketing, & Related Support Services",2024,946.0
540101,General History,2012,3583.0
540101,General History,2013,3504.0
540101,General History,2014,3338.0
540101,General History,2015,3240.0
540101,General History,2016,3109.0
540101,General History,2017,3075.0
540101,General History,2018,2933.0
540101,General History,2019,3036.0
540101,General History,2020,2886.0
540101,General History,2021,3158.0
540101,General History,2022,3130.0
540101,General History,2023,3168.0
540101,General History,2024,3009.0
540102,U.S. History,2012,53.0
540102,U.S. History,2013,100.0
540102,U.S. History,2014,76.0
540102,U.S. History,2015,56.0
540102,U.S. History,2016,42.0
540102,U.S. History,2017,51.0
540102,U.S. History,2018,57.0
540102,U.S. History,2019,56.0
540102,U.S. History,2020,59.0
540102,U.S. History,2021,73.0
540102,U.S. History,2022,70.0
540102,U.S. History,2023,122.0
540102,U.S. History,2024,229.0
540103,European History,2012,5.0
540103,European History,2013,0.0
540103,European History,2014,0.0
540103,European History,2015,1.0
540103,European History,2016,0.0
540103,European History,2017,2.0
540103,European History,2018,0.0
540103,European History,2019,0.0
540103,European History,2020,1.0
540103,European History,2021,1.0
540103,European History,2022,0.0
540103,European History,2023,0.0
540103,European History,2024,1.0
540104,History & Philosophy of Science & Technology,2012,37.0
540104,History & Philosophy of Science & Technology,2013,33.0
540104,History & Philosophy of Science & Technology,2014,28.0
540104,History & Philosophy of Science & Technology,2015,26.0
540104,History & Philosophy of Science & Technology,2016,35.0
540104,History & Philosophy of Science & Technology,2017,32.0
540104,History & Philosophy of Science & Technology,2018,30.0
540104,History & Philosophy of Science & Technology,2019,35.0
540104,History & Philosophy of Science & Technology,2020,30.0
540104,History & Philosophy of Science & Technology,2021,28.0
540104,History & Philosophy of Science & Technology,2022,37.0
540104,History & Philosophy of Science & Technology,2023,27.0
540104,History & Philosophy of Science & Technology,2024,35.0
540105,Public Applied History,2012,182.0
540105,Public Applied History,2013,171.0
540105,Public Applied History,2014,141.0
540105,Public Applied History,2015,161.0
540105,Public Applied History,2016,67.0
540105,Public Applied History,2017,88.0
540105,Public Applied History,2018,93.0
540105,Public Applied History,2019,74.0
540105,Public Applied History,2020,67.0
540105,Public Applied History,2021,63.0
540105,Public Applied History,2022,80.0
540105,Public Applied History,2023,81.0
540105,Public Applied History,2024,109.0
540108,Military History,2012,171.0
540108,Military History,2013,155.0
540108,Military History,2014,207.0
540108,Military History,2015,146.0
540108,Military History,2016,148.0
540108,Military History,2017,138.0
540108,Military History,2018,108.0
540108,Military History,2019,125.0
540108,Military History,2020,93.0
540108,Military History,2021,78.0
540108,Military History,2022,86.0
540108,Military History,2023,73.0
540108,Military History,2024,121.0
540199,Other History,2012,150.0
540199,Other History,2013,154.0
540199,Other History,2014,176.0
540199,Other History,2015,99.0
540199,Other History,2016,85.0
540199,Other History,2017,81.0
540199,Other History,2018,71.0
540199,Other History,2019,76.0
540199,Other History,2020,66.0
540199,Other History,2021,108.0
540199,Other History,2022,128.0
540199,Other History,2023,155.0
540199,Other History,2024,138.0
